"seq","date","direction","round","job_or_campaign","machine","ms","tflops","pct_of_asm","e2e","accepted","ruler","content","platform_note","source","stage","machine_short","improved","kind","gain"
"1","2026-09-10/11","fwd+bwd","Pre-optimization baseline: upstream main turbo:TRITON (c1325c7e #481)","Primus 0910__fa_opt bench","A0 heliosr-1b114-c07-1 (VR throttle 1100 MHz, ~0.94-1.07 GHz under load)","58.424 (same run: flex 31.508, sdpa FLASH 96.581)","131.7 (self-reported by the bench, fwd+bwd 7.697e12)","—","","baseline","Primus bench_attention.py","main as is: the Triton backend must be selected explicitly (default dispatch lands on CK, and bwd reports invalid argument)","Measured while already under the VR throttle (earliest throttle record 09-10 22:38, written up as a report on 09-11); re-measured the same way on 09-13: turbo 60.209 ms","Primus repo output/0910__fa_opt/attn_bench_gfx1250.log (directory name 0910, file time 2026-09-11 06:29 UTC); output/0913__opt_plan__claude/phase1/RESULTS.md §1; phase0/PLATFORM-ESCALATION.md","Stage 1 · Triton baseline and tuning","A0-T","0","baseline",""
"2","2026-09-11","fwd+bwd","op-evolve Phase1 E2 seed: aiter Triton MHA + 2 knobs","op-evolve phase1","A0 heliosr-1b114-c07-1 (VR throttle 1100 MHz, ~0.94-1.07 GHz under load)","34.111 → 24.347","total: 225.6 → 316.1","—","","retracted","E2_bench.py (image extended-v2, aiter 0.1.14.post1)","fwd num_stages 1→2 + bwd num_warps 4→2","Re-measured on 09-13 with the current aiter main: 31.207 ms (upstream aiter had changed the bwd config); 24.347 is void","op-evolve repo output/0911__fa_gfx1250_phase1/E2.md:143,239 (file time 2026-09-11 08:25 UTC); output/0913__opt_plan__claude/phase0/PHASE0-STATUS.md:148; phase1/BAKEOFF.md §4","Stage 1 · Triton baseline and tuning","A0-T","0","retracted",""
"3","2026-09-13","fwd+bwd","R0 turbo factory default","0913 manual (A0)","A0 heliosr-1b114-c07-1 (VR throttle 1100 MHz, ~0.94-1.07 GHz under load)","10.673 / 48.969 / 59.642","total: 129.0","—","","baseline","tools/gfx1250/tune_attention.py: median of CUDA events, iters 20, 256 MiB L2 flush every rep, four-tensor SQNR gate; TF/s=fwd+bwd 7.697e12/total","In-tree Triton factory-default config (a single config num_stages=1,num_warps=4, copied as is from CDNA); same-session flex 31.337 ms","Image amdprimus/amdprimus:gfx1250-20260910; torch 2.11.0+rocm7.14","output/0913__opt_plan__claude/phase1/BAKEOFF.md:21","Stage 1 · Triton baseline and tuning","A0-T","0","baseline",""
"4","2026-09-13","fwd","R1 fwd num_stages 1→2","0913 manual (A0)","A0 heliosr-1b114-c07-1 (VR throttle 1100 MHz, ~0.94-1.07 GHz under load)","fwd 10.781 → 4.227 (total ~52.8)","total: ~146","—","","accepted","tools/gfx1250/tune_attention.py: median of CUDA events, iters 20, 256 MiB L2 flush every rep, four-tensor SQNR gate; TF/s=fwd+bwd 7.697e12/total","Forward software pipelining, fwd 2.42-2.55×, SQNR bitwise unchanged","","output/0913__opt_plan__claude/phase1/RESULTS.md §3","Stage 1 · Triton baseline and tuning","A0-T","1","new-default","fwd 10.781 -> 4.227 ms (2.55x); total 59.642 -> ~52.8 ms, 129.0 -> ~146 TF/s (total) vs R0"
"5","2026-09-13","bwd","R2 bwd num_warps 4→2 (f8c45dee)","0913 manual (A0)","A0 heliosr-1b114-c07-1 (VR throttle 1100 MHz, ~0.94-1.07 GHz under load)","4.227 / 31.477 / 35.704 (bake-off re-measurement 36.405)","total: 215.6 (211.4)","—","","accepted","tools/gfx1250/tune_attention.py: median of CUDA events, iters 20, 256 MiB L2 flush every rep, four-tensor SQNR gate; TF/s=fwd+bwd 7.697e12/total","bwd 1.54×; waves_per_eu 2/4 falls off a performance cliff (54.9/104.4 ms); bwd num_stages>1 is worse","config-only, bitwise deterministic over 1000 reps","output/0913__opt_plan__claude/phase1/RESULTS.md §3; commit f8c45dee","Stage 1 · Triton baseline and tuning","A0-T","1","new-default","bwd 48.537 -> 31.5 ms (1.54x, f8c45dee); total ~52.8 -> 35.704 ms, ~146 -> 215.6 TF/s (total) vs R1"
"6","2026-09-13","bwd","R3 dkdv source edits ×3","0913 manual (A0)","A0 heliosr-1b114-c07-1 (VR throttle 1100 MHz, ~0.94-1.07 GHz under load)","mask-skip bwd 31.5 → 34.4","","—","","rejected","tools/gfx1250/tune_attention.py: median of CUDA events, iters 20, 256 MiB L2 flush every rep, four-tensor SQNR gate; TF/s=fwd+bwd 7.697e12/total","Skip the causal mask on off-diagonal blocks / tighten lo / fold log_p_scale; the register-pressure hypothesis was disproven (nw2/4/8 spill=0)","","output/0913__opt_plan__claude/phase1/RESULTS.md §7","Stage 1 · Triton baseline and tuning","A0-T","0","rejected",""
"7","2026-09-13","fwd+bwd","R4 Round-0 bake-off","0913 manual (A0)","A0 heliosr-1b114-c07-1 (VR throttle 1100 MHz, ~0.94-1.07 GHz under load)","aiter+2 knobs 31.207 / flex 31.337 / aiter factory default 34.565 / turbo champion 36.405 / turbo factory default 59.642","total: 246.6 / 245.6 / 222.7 / 211.4 / 129.0","—","","conclusion: switch to the aiter fused-bwd structure","tools/gfx1250/tune_attention.py: median of CUDA events, iters 20, 256 MiB L2 flush every rep, four-tensor SQNR gate; TF/s=fwd+bwd 7.697e12/total","Same session, same reference, same gate; the in-tree implementation loses on bwd (32.252 vs 27.888)","","output/0913__opt_plan__claude/phase1/BAKEOFF.md §1","Stage 1 · Triton baseline and tuning","A0-T","0","info",""
"8","2026-09-13","bwd","R5 LSE-ABI decoupling (5eba2cf4) + asymmetric tile sweep","0913 manual (A0)","A0 heliosr-1b114-c07-1 (VR throttle 1100 MHz, ~0.94-1.07 GHz under load)","bwd 64×64 32.447 (32×128 51.563, 16×256 237.886)","","—","","decoupling kept; asymmetric tiles disproven","tools/gfx1250/tune_attention.py: median of CUDA events, iters 20, 256 MiB L2 flush every rep, four-tensor SQNR gate; TF/s=fwd+bwd 7.697e12/total","dkdv indexes LSE_ABI_BLOCK by row; the four tensors are bitwise identical","","output/0913__opt_plan__claude/phase2/DECISIONS.md D1-D2","Stage 1 · Triton baseline and tuning","A0-T","0","null",""
"9","2026-09-13","bwd","R6 pure aiter fused bwd: N1/M2 128→256","0913 manual (A0)","A0 heliosr-1b114-c07-1 (VR throttle 1100 MHz, ~0.94-1.07 GHz under load)","total 25.283 (bwd 22.031)","total: 304.4","—","","intermediate step (reference upper bound)","tools/gfx1250/tune_attention.py: median of CUDA events, iters 20, 256 MiB L2 flush every rep, four-tensor SQNR gate; TF/s=fwd+bwd 7.697e12/total","The first sweep was void because the wrapper's module-level import binding kept the override from taking effect; after the fix, N1/M2=256 gives bwd 1.26×","","output/0913__opt_plan__claude/phase2/DECISIONS.md D3,D7,D8","Stage 1 · Triton baseline and tuning","A0-T","0","info",""
"10","2026-09-13","bwd","R7 pure aiter: BLK_SLICE_FACTOR 2→1","0913 manual (A0)","A0 heliosr-1b114-c07-1 (VR throttle 1100 MHz, ~0.94-1.07 GHz under load)","bwd 18.416 / total 21.672","total: 355.1","—","","reference upper bound (not merged in-tree)","tools/gfx1250/tune_attention.py: median of CUDA events, iters 20, 256 MiB L2 flush every rep, four-tensor SQNR gate; TF/s=fwd+bwd 7.697e12/total","BSF 2→1 gives another 1.20×; the neighbors N1=512/BSF=4/nw2/nw8/wpe2 are all worse","","output/0913__opt_plan__claude/phase2/DECISIONS.md D9","Stage 1 · Triton baseline and tuning","A0-T","0","info",""
"11","2026-09-13","bwd","R8 vendor the aiter fused bwd in-tree (1cb2e183)","0913 manual (A0)","A0 heliosr-1b114-c07-1 (VR throttle 1100 MHz, ~0.94-1.07 GHz under load)","4.148 / 20.201 / 24.349","total: 316.1","—","","accepted","tools/gfx1250/tune_attention.py: median of CUDA events, iters 20, 256 MiB L2 flush every rep, four-tensor SQNR gate; TF/s=fwd+bwd 7.697e12/total","vendor aiter mha_onekernel_bwd (pin ffa945f9), config hard-coded, driven by turbo's own fwd","","commit 1cb2e183; session 541e7bc3","Stage 1 · Triton baseline and tuning","A0-T","1","accepted","total 36.405 -> 24.349 ms, 211.4 -> 316.1 TF/s (1.50x, derived) vs R2 (bake-off re-measure)"
"12","2026-09-13","bwd","R9 shape gate (03a76f61 → 8dd2fd32) = end of Day-1","0913 manual (A0)","A0 heliosr-1b114-c07-1 (VR throttle 1100 MHz, ~0.94-1.07 GHz under load)","24.435","total: 315.0","—","","accepted","tools/gfx1250/tune_attention.py: median of CUDA events, iters 20, 256 MiB L2 flush every rep, four-tensor SQNR gate; TF/s=fwd+bwd 7.697e12/total","Gate the fused bwd on parallel workload + choose the tile by seqlen; 51 gfx1250 tests pass (0 run on main); 2.44× vs factory default, 1.28× vs flex","","output/0913__opt_plan__claude/PROGRESS.md results table; commit 8dd2fd32","Stage 1 · Triton baseline and tuning","A0-T","1","new-default","prod flat (24.349 -> 24.435 ms, 315.0 TF/s); fused bwd made the default path, b4 s1024 hq32 1.87x vs two-kernel path (8dd2fd32)"
"13","2026-09-13","fwd","T3 check of the 0.9 ms forward gap","0913 manual (A0)","A0 heliosr-1b114-c07-1 (VR throttle 1100 MHz, ~0.94-1.07 GHz under load)","Cold measurement: turbo 4.164 vs aiter 3.262; warm back-to-back pipeline: 4.219 vs 4.035","","—","","closed (the two measurement methods disagree; the gap is not established)","tools/gfx1250/tune_attention.py: median of CUDA events, iters 20, 256 MiB L2 flush every rep, four-tensor SQNR gate; TF/s=fwd+bwd 7.697e12/total","Do not vendor the aiter forward","","output/0913__opt_plan__claude/PROGRESS.md:174","Stage 1 · Triton baseline and tuning","A0-T","0","info",""
"14","2026-09-13","bwd","T4 vendored vs pure aiter 1.85 ms gap","0913 manual (A0)","A0 heliosr-1b114-c07-1 (VR throttle 1100 MHz, ~0.94-1.07 GHz under load)","19.727 vs 18.063 (bwd)","","—","","open → confirmed as waves_per_eu on B0 on 09-14","tools/gfx1250/tune_attention.py: median of CUDA events, iters 20, 256 MiB L2 flush every rep, four-tensor SQNR gate; TF/s=fwd+bwd 7.697e12/total","Ruled out gather/config/layout/sliding_window; candidate: waves_per_eu","","output/0913__opt_plan__claude/PROGRESS.md:132-135","Stage 1 · Triton baseline and tuning","A0-T","0","info",""
"15","2026-09-13","e2e","First e2e run end to end (32L)","0913 manual (A0)","A0 heliosr-1b114-c07-1 (VR throttle 1100 MHz, ~0.94-1.07 GHz under load)","","","","133.7 s/step, 245 tps (flex 244; 215 tps with activation checkpoint full)","—","e2e Llama-3.1-8B BF16, MBS=GBS=4, seq 8192, single card, compile off, AC none; torchtitan v0.2.2 (73a0e6979; 0914__campaign/RESULTS.md:65 records it as 0.1.0, a typo); rocBLAS (TORCH_BLAS_PREFER_HIPBLASLT=0)","First completed step on this node; GEMM goes through rocBLAS at 27.4 TF/s; converters: [] kept turbo attention out of the e2e (both arms were in fact most likely flex); the whole attention path is 35.7 ms×32 = 1.14 s, under 1% of a step (~0.85%)","Misdiagnosed that day as 'missing gfx1250 Tensile library', corrected on 09-14/09-15; 5th wedge at ~13:19 (found at 13:30; counted cumulatively since 09-04)","output/0913__opt_plan__claude/phase1/RESULTS.md §10-11; output/0914__campaign/HANDOFF.md §4; output/0913__opt_plan__claude/phase1/RESULTS.md:266; Primus third_party/torchtitan submodule reflog (09-10 03:54 checkout 73a0e6979 = v0.2.2)","Stage 1 · Triton baseline and tuning","A0-T","0","baseline",""
"16","2026-09-14","fwd+bwd","B0 reproduction: upstream main @c1325c7e","0914__repro__c07 (named c07, actually measured on B0)","B0 ctheliosp-1b112-a37-1 (4 cards, 2133-2244 MHz under load)","5.226 / 25.025 / 30.258","total: 254.4","—","","control","tools/gfx1250/tune_attention.py: median of CUDA events, iters 20, 256 MiB L2 flush every rep, four-tensor SQNR gate; TF/s=fwd+bwd 7.697e12/total","The A0 Day-1 ladder rerun on a full-clock machine: seven rows sped up 1.88-2.12×, same ranking, SQNR matches bitwise; this is the A0-VR→B0 cross-card ratio (the report takes the median of five like-for-like rows, 1.93×), not A0's own throttle cost (A0 itself before vs after the firmware reflash: op 1.24-1.67×, order o1; e2e 1.44×, not clean, see seq 198); the ~1.65× estimated from clocks on 09-13 is not the same quantity and is not void","GPU0 degraded (120 MES timeouts), only GPU1-3 used","output/0914__repro__c07/FINAL-TABLE.md; output/0914__repro__c07/RESULTS.md:126-130","Stage 2 · ASM integration","B0-14","0","re-measure",""
"17","2026-09-14","fwd+bwd","B0 reproduction: turbo factory default @1cb2e183 (B0 baseline)","0914__repro__c07 (named c07, actually measured on B0)","B0 ctheliosp-1b112-a37-1 (4 cards, 2133-2244 MHz under load)","5.179 / 22.942 / 28.121","total: 273.7","—","","baseline","tools/gfx1250/tune_attention.py: median of CUDA events, iters 20, 256 MiB L2 flush every rep, four-tensor SQNR gate; TF/s=fwd+bwd 7.697e12/total","The A0 Day-1 ladder rerun on a full-clock machine: seven rows sped up 1.88-2.12×, same ranking, SQNR matches bitwise; this is the A0-VR→B0 cross-card ratio (the report takes the median of five like-for-like rows, 1.93×), not A0's own throttle cost (A0 itself before vs after the firmware reflash: op 1.24-1.67×, order o1; e2e 1.44×, not clean, see seq 198); the ~1.65× estimated from clocks on 09-13 is not the same quantity and is not void","GPU0 degraded (120 MES timeouts), only GPU1-3 used","output/0914__repro__c07/FINAL-TABLE.md; output/0914__repro__c07/RESULTS.md:126-130","Stage 2 · ASM integration","B0-14","0","baseline",""
"18","2026-09-14","fwd+bwd","B0 reproduction: Day-1 config tuning","0914__repro__c07 (named c07, actually measured on B0)","B0 ctheliosp-1b112-a37-1 (4 cards, 2133-2244 MHz under load)","2.738 / 16.195 / 18.916","total: 406.9","—","","reproduced","tools/gfx1250/tune_attention.py: median of CUDA events, iters 20, 256 MiB L2 flush every rep, four-tensor SQNR gate; TF/s=fwd+bwd 7.697e12/total","The A0 Day-1 ladder rerun on a full-clock machine: seven rows sped up 1.88-2.12×, same ranking, SQNR matches bitwise; this is the A0-VR→B0 cross-card ratio (the report takes the median of five like-for-like rows, 1.93×), not A0's own throttle cost (A0 itself before vs after the firmware reflash: op 1.24-1.67×, order o1; e2e 1.44×, not clean, see seq 198); the ~1.65× estimated from clocks on 09-13 is not the same quantity and is not void","GPU0 degraded (120 MES timeouts), only GPU1-3 used","output/0914__repro__c07/FINAL-TABLE.md; output/0914__repro__c07/RESULTS.md:126-130","Stage 2 · ASM integration","B0-14","0","re-measure",""
"19","2026-09-14","fwd+bwd","B0 reproduction: aiter factory default","0914__repro__c07 (named c07, actually measured on B0)","B0 ctheliosp-1b112-a37-1 (4 cards, 2133-2244 MHz under load)","3.366 / 13.838 / 17.204","total: 447.4","—","","control (marked for re-measurement in 0915)","tools/gfx1250/tune_attention.py: median of CUDA events, iters 20, 256 MiB L2 flush every rep, four-tensor SQNR gate; TF/s=fwd+bwd 7.697e12/total","The A0 Day-1 ladder rerun on a full-clock machine: seven rows sped up 1.88-2.12×, same ranking, SQNR matches bitwise; this is the A0-VR→B0 cross-card ratio (the report takes the median of five like-for-like rows, 1.93×), not A0's own throttle cost (A0 itself before vs after the firmware reflash: op 1.24-1.67×, order o1; e2e 1.44×, not clean, see seq 198); the ~1.65× estimated from clocks on 09-13 is not the same quantity and is not void","GPU0 degraded (120 MES timeouts), only GPU1-3 used","output/0914__repro__c07/FINAL-TABLE.md; output/0914__repro__c07/RESULTS.md:126-130","Stage 2 · ASM integration","B0-14","0","re-measure",""
"20","2026-09-14","fwd+bwd","B0 reproduction: torch flex anchor","0914__repro__c07 (named c07, actually measured on B0)","B0 ctheliosp-1b112-a37-1 (4 cards, 2133-2244 MHz under load)","3.771 / 11.536 / 15.307","total: 502.8","—","","control","tools/gfx1250/tune_attention.py: median of CUDA events, iters 20, 256 MiB L2 flush every rep, four-tensor SQNR gate; TF/s=fwd+bwd 7.697e12/total","The A0 Day-1 ladder rerun on a full-clock machine: seven rows sped up 1.88-2.12×, same ranking, SQNR matches bitwise; this is the A0-VR→B0 cross-card ratio (the report takes the median of five like-for-like rows, 1.93×), not A0's own throttle cost (A0 itself before vs after the firmware reflash: op 1.24-1.67×, order o1; e2e 1.44×, not clean, see seq 198); the ~1.65× estimated from clocks on 09-13 is not the same quantity and is not void","GPU0 degraded (120 MES timeouts), only GPU1-3 used","output/0914__repro__c07/FINAL-TABLE.md; output/0914__repro__c07/RESULTS.md:126-130","Stage 2 · ASM integration","B0-14","0","re-measure",""
"21","2026-09-14","fwd+bwd","B0 reproduction: in-tree vendored fused bwd (Day-1 champion)","0914__repro__c07 (named c07, actually measured on B0)","B0 ctheliosp-1b112-a37-1 (4 cards, 2133-2244 MHz under load)","2.734 / 10.270 / 12.994","total: 592.3 (bwd on the 7-GEMM issued basis: 748.4)","—","","reproduced","tools/gfx1250/tune_attention.py: median of CUDA events, iters 20, 256 MiB L2 flush every rep, four-tensor SQNR gate; TF/s=fwd+bwd 7.697e12/total","The A0 Day-1 ladder rerun on a full-clock machine: seven rows sped up 1.88-2.12×, same ranking, SQNR matches bitwise; this is the A0-VR→B0 cross-card ratio (the report takes the median of five like-for-like rows, 1.93×), not A0's own throttle cost (A0 itself before vs after the firmware reflash: op 1.24-1.67×, order o1; e2e 1.44×, not clean, see seq 198); the ~1.65× estimated from clocks on 09-13 is not the same quantity and is not void","GPU0 degraded (120 MES timeouts), only GPU1-3 used","output/0914__repro__c07/FINAL-TABLE.md; output/0914__repro__c07/RESULTS.md:126-130","Stage 2 · ASM integration","B0-14","0","re-measure",""
"22","2026-09-14","fwd+bwd","B0 reproduction: pure-aiter tuned upper bound","0914__repro__c07 (named c07, actually measured on B0)","B0 ctheliosp-1b112-a37-1 (4 cards, 2133-2244 MHz under load)","2.095 / 9.174 / 11.269","total: 683.0","—","","reference upper bound","tools/gfx1250/tune_attention.py: median of CUDA events, iters 20, 256 MiB L2 flush every rep, four-tensor SQNR gate; TF/s=fwd+bwd 7.697e12/total","The A0 Day-1 ladder rerun on a full-clock machine: seven rows sped up 1.88-2.12×, same ranking, SQNR matches bitwise; this is the A0-VR→B0 cross-card ratio (the report takes the median of five like-for-like rows, 1.93×), not A0's own throttle cost (A0 itself before vs after the firmware reflash: op 1.24-1.67×, order o1; e2e 1.44×, not clean, see seq 198); the ~1.65× estimated from clocks on 09-13 is not the same quantity and is not void","GPU0 degraded (120 MES timeouts), only GPU1-3 used","output/0914__repro__c07/FINAL-TABLE.md; output/0914__repro__c07/RESULTS.md:126-130","Stage 2 · ASM integration","B0-14","0","re-measure",""
"23","2026-09-14","fwd+bwd","B0 step1 (566e7798)","0914__campaign manual (B0)","B0 ctheliosp-1b112-a37-1 (4 cards, 2133-2244 MHz under load)","2.579 / 9.867 / 12.412","total: 620.5","fwd 54.7% (with ASM fwd 1.410 as the denominator, derived)","","accepted (+4.28%)","Median of three runs in an exclusive window","Fused bwd with waves_per_eu unset + fwd num_warps=2; fixed harness _ZERO_MEANS_UNSET","The 0915 xlsx changed it to 12.454 per the ledger median","output/0914__campaign/RESULTS.md:8-24","Stage 2 · ASM integration","B0-14","1","new-default","total 13.000 -> 12.412 ms, 592.0 -> 620.5 TF/s (+4.28%) vs previous champion (B0 exclusive window, median of 3)"
"24","2026-09-14","bwd","B0 rejected group (num_warps/num_stages/BLOCK/fwd ns=4, etc.)","0914__campaign manual (B0)","B0 ctheliosp-1b112-a37-1 (4 cards, 2133-2244 MHz under load)","See the What changed column","","—","","rejected","tune_attention.py sweep","fused bwd nw2 46.98 / nw8 24.13 / nw16 23.54 ms; ns2 12.55; BLOCK_M1/N2=16 12.86; fwd ns4 SQNR failed","warps=8 lowers VGPR use, but the spills outweigh the gain","output/0914__campaign/RESULTS.md:26-37","Stage 2 · ASM integration","B0-14","0","rejected",""
"25","2026-09-14","fwd","B0 step2: T7 aiter ASM fwd wired in (0e5cb743)","0914__campaign manual (B0)","B0 ctheliosp-1b112-a37-1 (4 cards, 2133-2244 MHz under load)","1.410 / 9.786 / 11.198","total: 687.3 (fwd 1559.8 derived)","fwd = ASM","","accepted (-10.1%)","GPU0 exclusive window, alternated 3 times","attention_asm_fwd_impl.py calls aiter's precompiled fmha_fwd_with_sink_asm (.co), fwd 1.82×; beats the pure-aiter tuned upper bound of 11.269","All four cards under load; bitwise deterministic over 200 runs","output/0914__campaign/RESULTS.md:101-131; commit 0e5cb743","Stage 2 · ASM integration","B0-14 GPU0","1","new-default","fwd 2.607 -> 1.410 ms (1.82x); total 12.406 -> 11.147 ms (-10.1%) vs step1 champion, same alternating window"
"26","2026-09-14","bwd","B0 step3: in-thread transpose (a009599b) = 09-14 champion","0914__campaign manual (B0)","B0 ctheliosp-1b112-a37-1 (4 cards, 2133-2244 MHz under load)","All four cards under load 1.406 / 8.893 / 10.299; GPU1 quiet 1.396 / 8.840 / 10.235","total: 747.3 → 752.0 (bwd 622.0 derived)","fwd = ASM","","accepted (bwd -9.7%)","itt_shipped.jsonl alternating ON/OFF; final_champion n=1","TRITON_HIP_USE_IN_THREAD_TRANSPOSE=1 (found by op-evolve r1); 2.75× vs factory default, 1.50× vs flex","The quiet re-measurement differs from full load by 0.6%","output/0914__campaign/HANDOFF.md §1, §15; commit a009599b","Stage 2 · ASM integration","B0-14 GPU1","1","new-default","total 11.198 -> 10.299 ms under four-card load, 687.3 -> 747.3 TF/s (total, +8.7%, derived) vs step2; quiet GPU1 re-check 10.235 ms / 752.0 TF/s; bwd -9.7% (ITT on/off); 2.75x vs factory"
"27","2026-09-14","bwd","B0 Triton job r0 (setup baseline)","gfx1250-attn-llama31-8b-bwd-20260914-015415 (B0, Triton bwd)","B0-14 GPU1 (ctheliosp-1b112-a37-1, 2133-2244 MHz under load)","10.017","548.9 (bwd 5.498e12)","—","","baseline","op-evolve benchmark.py: median of 51 calls, palindromic per-call interleaving, ASM beat in the same process; ranked on prod; TF/s per op_flops.py","In-tree vendored fused Triton bwd; beat = flex bwd 11.6818 ms (470.7 TF/s), target 1.5× beat","","output/0914__campaign/op-evolve-artifacts/gfx1250-attn-llama31-8b-bwd-20260914-015415/job_context/state.yaml, progress.md","Stage 2 · ASM integration","B0-14 GPU1","0","baseline",""
"28","2026-09-14","bwd","B0 Triton job r1","gfx1250-attn-llama31-8b-bwd-20260914-015415 (B0, Triton bwd)","B0-14 GPU1 (ctheliosp-1b112-a37-1, 2133-2244 MHz under load)","8.6832","bwd: 633.2","—","","accepted (gain 1.1529)","op-evolve benchmark.py: median of 51 calls, palindromic per-call interleaving, ASM beat in the same process; ranked on prod; TF/s per op_flops.py","waves_per_eu 1→0 (-4.2%) + TRITON_HIP_USE_IN_THREAD_TRANSPOSE (-5.9%), combined -13.2%","validation did not reach the 1.5× target","output/0914__campaign/op-evolve-artifacts/gfx1250-attn-llama31-8b-bwd-20260914-015415/job_context/state.yaml, progress.md","Stage 2 · ASM integration","B0-14 GPU1","1","accepted","bwd 10.017 -> 8.683 ms, 548.9 -> 633.2 TF/s (+15.4%, derived; job gain 1.153) vs r0"
"29","2026-09-14","bwd","B0 Triton job r2","gfx1250-attn-llama31-8b-bwd-20260914-015415 (B0, Triton bwd)","B0-14 GPU1 (ctheliosp-1b112-a37-1, 2133-2244 MHz under load)","9.2938","bwd: 591.6","—","","failed (gain 0.9344, FastError; act.yaml vs_champion 0.9345)","op-evolve benchmark.py: median of 51 calls, palindromic per-call interleaving, ASM beat in the same process; ranked on prod; TF/s per op_flops.py","Fold sm_scale into exp2 (spill 266→307), hoist the offsets; proposed 'read vgpr_spill_count first, then spend the timing budget'","","output/0914__campaign/op-evolve-artifacts/gfx1250-attn-llama31-8b-bwd-20260914-015415/job_context/state.yaml, progress.md","Stage 2 · ASM integration","B0-14 GPU1","0","failed",""
"30","2026-09-14","bwd","B0 Triton job r3","gfx1250-attn-llama31-8b-bwd-20260914-015415 (B0, Triton bwd)","B0-14 GPU1 (ctheliosp-1b112-a37-1, 2133-2244 MHz under load)","","","—","","abandoned (no candidate produced)","op-evolve benchmark.py: median of 51 calls, palindromic per-call interleaving, ASM beat in the same process; ranked on prod; TF/s per op_flops.py","The launch/tile surface was judged closed (raising BLOCK_N2: +106%/+180%, etc.)","","output/0914__campaign/op-evolve-artifacts/gfx1250-attn-llama31-8b-bwd-20260914-015415/job_context/state.yaml, progress.md","Stage 2 · ASM integration","B0-14 GPU1","0","failed",""
"31","2026-09-14","bwd","B0 Triton job r4","gfx1250-attn-llama31-8b-bwd-20260914-015415 (B0, Triton bwd)","B0-14 GPU1 (ctheliosp-1b112-a37-1, 2133-2244 MHz under load)","9.3794","bwd: 586.2","—","","rejected (0.9252)","op-evolve benchmark.py: median of 51 calls, palindromic per-call interleaving, ASM beat in the same process; ranked on prod; TF/s per op_flops.py","tl.range/tl.assume; loop_unroll_factor=2 spill 266→3678, killed by the spill gate","User interrupted at 09:44 UTC, the job stopped at r4; best_round=1","output/0914__campaign/op-evolve-artifacts/gfx1250-attn-llama31-8b-bwd-20260914-015415/job_context/state.yaml, progress.md","Stage 2 · ASM integration","B0-14 GPU1","0","rejected",""
"32","2026-09-14","e2e","B0 e2e: flex eager baseline","0914__campaign e2e","B0-14 GPU3 (ctheliosp-1b112-a37-1, 2133-2244 MHz under load)","","","","13.70 s/step, 2,392 tps","baseline","e2e Llama-3.1-8B BF16, MBS=GBS=4, seq 8192, single card, compile off, AC none; torchtitan 0.2.2; median of the last 8 of 20 steps","hipBLASLt image library 113 TF/s (naive Triton GEMM 1190 TF/s; 10.5× slower)","","output/0914__campaign/RESULTS.md §10","Stage 2 · ASM integration","B0-14 GPU3","0","baseline",""
"33","2026-09-14","e2e","B0 e2e: flex + torch.compile (default inductor)","0914__campaign e2e","B0-14 GPU3 (ctheliosp-1b112-a37-1, 2133-2244 MHz under load)","","","","14.28 s/step, 2,294 tps (-4%)","rejected","e2e Llama-3.1-8B BF16, MBS=GBS=4, seq 8192, single card, compile off, AC none","inductor still goes through aten.mm","","output/0914__campaign/RESULTS.md §10","Stage 2 · ASM integration","B0-14 GPU3","0","rejected",""
"34","2026-09-14","e2e","B0 e2e: compile + forced Triton GEMM","0914__campaign e2e","B0-14 GPU3 (ctheliosp-1b112-a37-1, 2133-2244 MHz under load)","","","","3.41 s/step, 9,602 tps (4.01×)","accepted (platform-level recommendation)","e2e Llama-3.1-8B BF16, MBS=GBS=4, seq 8192, single card, compile off, AC none","TORCHINDUCTOR_MAX_AUTOTUNE_GEMM=1 + GEMM_BACKENDS=TRITON bypasses hipBLASLt","compile wedges the card on A0, so it was not carried over","output/0914__campaign/RESULTS.md:132-146","Stage 2 · ASM integration","B0-14 GPU3","1","gemm-fix","e2e 2,392 -> 9,602 tok/s (4.01x) vs B0 flex eager baseline"
"35","2026-09-14","e2e","B0 e2e: turbo attention (retracted)","0914__campaign e2e","B0-14 (ctheliosp-1b112-a37-1, 2133-2244 MHz under load)","","","","2.48 s/step, 13,204 tps; three arms: asm 13,928 / noasm 13,926 / flex 9,543 (1.459×)","retracted","e2e Llama-3.1-8B BF16, MBS=GBS=4, seq 8192, single card, compile off, AC none","The image package shadowed the checkout + converters: [], so attention was actually flex and ASM fwd was never called in training; 1.459× is not an attention gain","asm/noasm differ by 0.01% = the e2e noise floor","output/0914__campaign/RESULTS.md:200-212,277-298; HANDOFF.md §4","Stage 2 · ASM integration","B0-14","0","retracted",""
"36","2026-09-15","fwd+bwd","A0 reproduces the B0 champion (ASM fwd + fused bwd)","0915 manual (A0)","A0 heliosr-1b114-c07-1 (VR throttle 1100 MHz, ~0.94-1.07 GHz under load)","Factory default 10.651/45.134/55.785 → champion 1.552/17.735/19.285","total: 138.0 → 399.1","fwd = ASM","","reproduced (2.893×; B0 2.748×)","tools/gfx1250/tune_attention.py: median of CUDA events, iters 20, 256 MiB L2 flush every rep, four-tensor SQNR gate; TF/s=fwd+bwd 7.697e12/total","Repo fast-forwarded to 3742d591; SQNR matches B0 to 9 significant digits","","output/0915__repro__c07/RESULTS.md:191-213","Stage 2 · ASM integration","A0-T","0","re-measure",""
"37","2026-09-15","fwd","A0 ASM fwd switch (PRIMUS_TURBO_ATTN_DISABLE_ASM_FWD)","0915 manual (A0)","A0 heliosr-1b114-c07-1 (VR throttle 1100 MHz, ~0.94-1.07 GHz under load)","fwd 4.253 (Triton) → 1.549 (ASM)","fwd 1419.8 (derived)","fwd = ASM","","accepted (prerequisite)","tools/gfx1250/tune_attention.py: median of CUDA events, iters 20, 256 MiB L2 flush every rep, four-tensor SQNR gate; TF/s=fwd+bwd 7.697e12/total","ASM fwd alone is worth 2.74×; the SQNR fingerprint 53.6197→53.6697 confirms the kernel was swapped","","output/0915__opt/RESULTS.md:28-43","Stage 2 · ASM integration","A0-T","0","re-measure",""
"38","2026-09-15","fwd+bwd","A0 ladder: forced Triton fwd + fused bwd","0915 manual (A0)","A0 heliosr-1b114-c07-1 (VR throttle 1100 MHz, ~0.94-1.07 GHz under load)","4.166 / 17.835 / 22.001","total: 349.8","—","","control","tools/gfx1250/tune_attention.py: median of CUDA events, iters 20, 256 MiB L2 flush every rep, four-tensor SQNR gate; TF/s=fwd+bwd 7.697e12/total","Rank 0 control (before the incident)","","output/0915__opt/RESULTS.md ladder","Stage 2 · ASM integration","A0-T","0","re-measure",""
"39","2026-09-15","bwd","A0 T2: aiter ASM bwd wired in (hand-written launcher, opt-in)","0915 manual (A0)","A0 heliosr-1b114-c07-1 (VR throttle 1100 MHz, ~0.94-1.07 GHz under load)","1.572 / 10.160 / 11.726","total: 656.4 (retracted)","bwd = ASM","ASM bwd on vs off: at 32L, turning it on was actually 6.78% slower (1,858 vs 1,984 tps, n=1; first attributed to VRAM pressure, an attribution later retracted: it falls within the multimodal e2e noise); 8L tps -0.28% (n=9, 0.15× sem, not significant)","accepted at op level, off by default","tools/gfx1250/tune_attention.py: median of CUDA events, iters 20, 256 MiB L2 flush every rep, four-tensor SQNR gate; TF/s=fwd+bwd 7.697e12/total","Found that under GQA, aiter's gfx1250 ASM bwd writes dk/dv out of bounds per q head → dkdv_heads=q + host reduction; eligibility gate seqlen≥2048","10.160 ms/541 TF/s is a bogus autograd-shim number (hip=/scratch= not passed), retracted on 09-24; the real ASM bwd bar is 7.6766 ms; that day modprobe -r took the whole machine offline → AC-cycle","output/0915__opt/RESULTS.md:9-24; baselines.md §5; output/0915__opt/E2E-AB.md:101,182,232","Stage 2 · ASM integration","A0-T","0","retracted",""
"40","2026-09-15","e2e","A0 e2e working end to end: TurboAttention accepts enable_gqa","0915 manual (A0)","A0 heliosr-1b114-c07-1 (VR throttle 1100 MHz, ~0.94-1.07 GHz under load)","","","","32L 244 tps (rocBLAS)","accepted","e2e Llama-3.1-8B BF16, MBS=GBS=4, seq 8192, single card, compile off, AC none","Fixed the TypeError and turned on the converter, so for the first time the e2e really uses turbo attention","","output/0915__opt/RESULTS.md:143-165","Stage 2 · ASM integration","A0-T","0","info",""
"41","2026-09-15","e2e","A0 e2e: HIPBLASLT_TENSILE_LIBPATH path fix","0915 manual (A0)","A0 heliosr-1b114-c07-1 (VR throttle 1100 MHz, ~0.94-1.07 GHz under load)","","","","32L 134 s → 17 s/step, 244 → 2,027 tps (8.3×, 3 steps, n=1)","accepted","e2e Llama-3.1-8B BF16, MBS=GBS=4, seq 8192, single card, compile off, AC none","Point it at the image's library/gfx1250 subdirectory; GEMM 27.64 → 68.74 TF/s; same-day 32L 20-step baseline 1,984 tps (ASM bwd off)","","output/0915__opt/BLAS-FINDING.md:27-58; E2E-AB.md:38","Stage 2 · ASM integration","A0-T","1","gemm-fix","e2e 32L 244 -> 2,027 tok/s (8.3x, 3 steps, n=1) vs rocBLAS path; GEMM 27.64 -> 68.74 TF/s"
"42","2026-09-15","e2e","A0 nkfix v1 (dgrad B→N-major)","0915 manual (A0)","A0 heliosr-1b114-c07-1 (VR throttle 1100 MHz, ~0.94-1.07 GHz under load)","","","","8L 5.35 s → 2.82 s/step, 6,128 → 11,604 tps (1.894×, n=9)","accepted (runtime patch)","e2e Llama-3.1-8B BF16, MBS=GBS=4, seq 8192, single card, compile off, AC none","Traced it to hipBLASLt lacking pure-bf16 tuned libraries for the NN/wgrad layouts → falls back to the MT32x16x32 GEMV tile; TorchDispatchMode rewrites aten::mm; variance 3.91%→0.42%","nk4 back-to-back runs: MES ring full, card wedged","output/0915__opt/GEMM-NN-FINDING.md:268-327","Stage 2 · ASM integration","A0-T","1","gemm-fix","e2e 8L 6,128 -> 11,604 tok/s (1.894x, n=9) vs hipBLASLt without nkfix"
"43","2026-09-16","e2e","A0 nkfix v2 (rule 2: a.contiguous())","0916 manual (A0)","A0 heliosr-1b114-c07-1 (VR throttle 1100 MHz, ~0.94-1.07 GHz under load)","","","","8L 11,539 tps (0.994× v1)","rejected (0 hits)","e2e Llama-3.1-8B BF16, MBS=GBS=4, seq 8192, single card, compile off, AC none","wgrad's B is contiguous, so rule 1 claims it first","","output/0915__opt/PROFILE-POST-NKFIX.md:63-85","Stage 2 · ASM integration","A0-T","0","rejected",""
"44","2026-09-16","e2e","A0 nkfix v3 (wgrad A contiguous + B N-major)","0916 manual (A0)","A0 heliosr-1b114-c07-1 (VR throttle 1100 MHz, ~0.94-1.07 GHz under load)","","","","8L 867 ms/step, 37,746 tps (6.16×, n=5)","accepted","e2e Llama-3.1-8B BF16, MBS=GBS=4, seq 8192, single card, compile off, AC none","GEMM 2434 → 306 ms/step","Originally reported as 38,043/6.21× (including a NaN run), corrected on 0917","output/0915__opt/GEMM-WGRAD-FINDING.md; output/PROGRESS-REPORT-0917.html","Stage 2 · ASM integration","A0-T","1","gemm-fix","e2e 8L 11,604 -> 37,746 tok/s (3.25x, derived; 6.16x vs pre-nkfix 6,128) vs nkfix v1"
"45","2026-09-16","e2e","A0 ASM bwd e2e A/B redone (after the GEMM fix)","0916 manual (A0)","A0 heliosr-1b114-c07-1 (VR throttle 1100 MHz, ~0.94-1.07 GHz under load)","","","","8L ON 42,534 / OFF 37,734 tps (+12.72%)","effect holds, still off by default","e2e Llama-3.1-8B BF16, MBS=GBS=4, seq 8192, single card, compile off, AC none","attention's share of a step 3.3% → 20.8%","Originally reported as +14.40% (43,127/37,697), which included NaN runs; corrected on 0917","output/0915__opt/BOTTLENECK-SHIFT.md; output/PROGRESS-REPORT-0917.html","Stage 2 · ASM integration","A0-T","1","e2e-gain","e2e 8L 37,734 -> 42,534 tok/s (+12.72%) ASM bwd on vs off (opt-in, default still off)"
"46","2026-09-16","bwd","A0 Triton two-kernel bwd config sweep (proxy s4096)","0916 manual (A0)","A0 heliosr-1b114-c07-1 (VR throttle 1100 MHz, ~0.94-1.07 GHz under load)","bwd 9.10 → 7.47 (-17.8%); ASM 2.740","","36.7% (derived)","","route closed","proxy llama31-8b-s4096 (1/4 FLOP)","33-point sweep, winner num_warps=2,wpe=1,ns=1; still 2.73× slower than ASM","","output/0915__opt/TWOKERNEL-SWEEP.md","Stage 2 · ASM integration","A0-T","0","info",""
"47","2026-09-16","fwd","A0 Triton fwd config sweep (proxy s4096)","0916 manual (A0)","A0 heliosr-1b114-c07-1 (VR throttle 1100 MHz, ~0.94-1.07 GHz under load)","fwd 1.424 → 1.371 (-3.73%)","","—","","default unchanged (worth only 0.15% e2e)","proxy s4096, bwd fixed to ASM","73-point sweep","Candidate num_warps=8,wpe=0,ns=2 wedged the card (AC-cycle)","output/0915__opt/FWD-SWEEP.md","Stage 2 · ASM integration","A0-T","0","rejected",""
"48","2026-09-16","e2e","A0 nkfix transpose cache","0916 manual (A0)","A0 heliosr-1b114-c07-1 (VR throttle 1100 MHz, ~0.94-1.07 GHz under load)","","","","Gain upper bound 1.6%","rejected","e2e Llama-3.1-8B BF16, MBS=GBS=4, seq 8192, single card, compile off, AC none","The dgrad weight copy (12.5 ms/step) can be cached; the wgrad one (137.2 ms/step) cannot","","output/0915__opt/BOTTLENECK-SHIFT.md:151-182","Stage 2 · ASM integration","A0-T","0","rejected",""
"49","2026-09-16","e2e","A0 nkfix rule 3: wgrad goes through the FlyDSL WMMA GEMM (8L)","0916 manual (A0)","A0 heliosr-1b114-c07-1 (VR throttle 1100 MHz, ~0.94-1.07 GHz under load)","","","","8L 707 ms/step, 46,374 vs 42,445 tps (+9.26%; 7.57× relative to 6,128)","effect holds, off by default","e2e Llama-3.1-8B BF16, MBS=GBS=4, seq 8192, single card, compile off, AC none","A colleague's FlyDSL gfx1250 GEMM consumes the transposed view directly; table built offline (subprocess + hard timeout + SQNR gate)","The first version's in-training autotune wedged the card; 8L 49,878 came from a NaN run and is void","output/0915__opt/NAN-FINDING.md:34-41; FLYDSL-AB.md","Stage 2 · ASM integration","A0-T","1","gemm-fix","e2e 8L 42,445 -> 46,374 tok/s (+9.26%) vs rule 1+2 arm; 7.57x vs 6,128 (default off)"
"50","2026-09-16","e2e","A0 nkfix rule 3 (32L production config)","0916 manual (A0)","A0 heliosr-1b114-c07-1 (VR throttle 1100 MHz, ~0.94-1.07 GHz under load)","","","","32L ~2.33 s/step, 14,050 vs 12,340 tps (+13.9%; 7.08× relative to 1,984, n=1)","effect holds, off by default","e2e Llama-3.1-8B BF16, MBS=GBS=4, seq 8192, single card, compile off, AC none","rule1+3+ASM vs same-session rule1+2+ASM","NaN appears in 21% of nkfix runs (p=0.004), unresolved; 32L 11,608/5.85× was a NaN run and is void; AC power cycles deduplicated per SUMMARY d.1.4: 5 in total on 09-15, 9 in total on 09-16 (the 5 recorded in DAY-0916-SUMMARY are only the stretch after 09-16 08:20)","output/0915__opt/RESULT-32L.md; output/0915__opt/DAY-0916-SUMMARY.md §IV; session b596bddb, 11052787; 1007__summary d.1.4","Stage 2 · ASM integration","A0-T","1","gemm-fix","e2e 32L 12,340 -> 14,050 tok/s (+13.9%, n=1) vs same-session rule1+2+ASM; 7.08x vs 1,984 (default off)"
"51","2026-09-17","fwd+bwd","Backend strategy review (BACKEND-STRATEGY)","0917 review","A0 (GPU not used)","","","","","decision document","","The champion at the time was aiter ASM fwd+bwd; Triton structural upper bound 16.7-18.2 ms; the document recommended not porting FlyDSL, and the user decided the same day to pivot to FlyDSL attention","","output/0915__opt/BACKEND-STRATEGY.md; session 11052787","Stage 2 · ASM integration","A0 (CPU)","0","info",""
"52","2026-09-17","fwd","Stage1: aiter FlyDSL m32x8 fwd vs ASM fwd","0917 FlyDSL port (A0)","A0 (1100 MHz; 967 MHz in the measurement window)","FlyDSL 2.3732 / ASM 1.5691","fwd: 926.7 / 1401.6 (derived)","66.1%","","project rationale falsified (continued with lowered expectations)","bin/stage1_fwd_ab.py, ABAB n=20, 256 MiB flush","flydsl 0.3.2 runs with zero shims (0.2.4 does not)","","output/0917__flydsl/STAGE1-FWD.md; commit 530dd77e","Stage 3 · FlyDSL port","A0-T","0","baseline",""
"53","2026-09-17","bwd","Stage3 bring-up: odo/dv/dkdv/dq single-tile kernels","0917 FlyDSL port (A0)","A0 heliosr-1b114-c07-1 (VR throttle 1100 MHz, ~0.94-1.07 GHz under load)","","","—","","correctness passed","NaN pre-fill + SQNR vs torch","6 probes cleared the unknowns (WMMA layout 150.34 dB, tr16 semantics, etc.); odo/dkdv/dq at 141-159 dB on the first run","","output/0917__flydsl/kernels/README.md","Stage 3 · FlyDSL port","A0-T","0","info",""
"54","2026-09-17","bwd","dkdv_loop first timing","0917 FlyDSL port (A0)","A0 heliosr-1b114-c07-1 (VR throttle 1100 MHz, ~0.94-1.07 GHz under load)","S=4096 single head 1.475","useful 5.8 (custom convention)","'1/93' retracted","","not a candidate","kernels/dkdv_timing.py","A single-head grid cannot fill the card; the same kernel actually reaches 57.2 TF/s at the prod shape","","output/0917__flydsl/DKDV-FIRST-TIMING.md; HANDOFF-0917.md §2","Stage 3 · FlyDSL port","A0-T","0","retracted",""
"55","2026-09-17","bwd","A0 bwd job r0 (setup baseline)","gfx1250-flydsl-attn-bwd-20260917-115934 (A0 numbering)","A0 heliosr-1b114-c07-1 (VR throttle 1100 MHz, ~0.94-1.07 GHz under load)","prod 96.053 (proxy 9.431, fast 1.7665)","bwd: 57.241 (proxy 36.442, fast 3.042)","7.9% (setup same-session beat 7.6134 ms / 722.2)","","baseline","op-evolve benchmark.py: median of 51 calls, palindromic per-call interleaving, ASM beat in the same process; ranked by prod; TF/s from op_flops.py","k_delta_bshd + k_dkdv + k_dq, a single wave32 per WG, GQA reduced in registers, no atomics, deterministic","beat_margin 0%","OE artifacts/gfx1250-flydsl-attn-bwd-20260917-115934.a0-stale-0930/job_context/history/review/op_setup_v000.md","Stage 3 · FlyDSL port","A0-T","0","baseline",""
"56","2026-09-17","bwd","A0 bwd job r1 first attempt (interrupted)","gfx1250-flydsl-attn-bwd-20260917-115934 (A0 numbering)","A0 heliosr-1b114-c07-1 (VR throttle 1100 MHz, ~0.94-1.07 GHz under load)","armA prod 58.272","bwd: armA 94.4 (cur 57.4, beat 722.7)","13.1%","","not judged (interrupted by the machine handover)","op-evolve benchmark.py: median of 51 calls, palindromic per-call interleaving, ASM beat in the same process; ranked by prod; TF/s from op_flops.py","armA causal tile skipping; armB 32-deep contraction","13:17 machine handed over, job killed","OE artifacts/gfx1250-flydsl-attn-bwd-20260917-115934/rounds/001/_scratch/benchAB.json","Stage 3 · FlyDSL port","A0-T","0","failed",""
"57","2026-09-21","bwd","A0 bwd job r1 (fast)","gfx1250-flydsl-attn-bwd-20260917-115934 (A0 numbering)","A0 heliosr-1b114-c07-1 (VR throttle 1100 MHz, ~0.94-1.07 GHz under load)","59.363 (derived)","bwd: prod 92.62 (proxy 41.41, fast 3.57)","12.9% (same-session beat 718.71)","","accepted (gain 1.342)","op-evolve benchmark.py: median of 51 calls, palindromic per-call interleaving, ASM beat in the same process; ranked by prod; TF/s from op_flops.py","g01 causal tile skipping (bitwise identical to the baseline)","sclk 1055-1100","OE artifacts/gfx1250-flydsl-attn-bwd-20260917-115934/job_context/state.yaml + rounds/001/1-opt/act.yaml","Stage 4 · bwd op-evolve (A0)","A0-T","1","accepted","prod 57.24 -> 92.62 TF/s (1.62x, derived; same-session 1.680x) vs r0"
"58","2026-09-21","bwd","A0 bwd job r2 (fast)","gfx1250-flydsl-attn-bwd-20260917-115934 (A0 numbering)","A0 heliosr-1b114-c07-1 (VR throttle 1100 MHz, ~0.94-1.07 GHz under load)","38.387 (derived)","bwd: prod 143.23 (proxy 90.61, fast 7.26)","19.9% (same-session beat 718.91)","","accepted (gain 1.9208)","op-evolve benchmark.py: median of 51 calls, palindromic per-call interleaving, ASM beat in the same process; ranked by prod; TF/s from op_flops.py","g07 32-deep contraction + buffer descriptor num_records set to the real byte extent (fixes an out-of-bounds read) + g06 BLOCK_KV 16→32","","OE artifacts/gfx1250-flydsl-attn-bwd-20260917-115934/job_context/state.yaml + rounds/002/1-opt/act.yaml","Stage 4 · bwd op-evolve (A0)","A0-T","1","accepted","prod 92.62 -> 143.23 TF/s (1.55x, derived; same-session 1.546x) vs r1"
"59","2026-09-21/22","bwd","A0 bwd job r3 (fast)","gfx1250-flydsl-attn-bwd-20260917-115934 (A0 numbering)","A0 heliosr-1b114-c07-1 (VR throttle 1100 MHz, ~0.94-1.07 GHz under load)","26.501 (derived)","bwd: prod 207.47 (proxy 109.53, fast 6.45)","29.4% (same-session beat 704.69)","","accepted (gain 1.2971)","op-evolve benchmark.py: median of 51 calls, palindromic per-call interleaving, ASM beat in the same process; ranked by prod; TF/s from op_flops.py","g10/g13 k_dq BLOCK_Q 16→32→64 + g11 direct bf16 store (VGPR 457→826, 0 spill)","Two wedges on 09-21 (~14:12, 16:01:54); closed out by hand on 09-22 after the AC power cycle","OE artifacts/gfx1250-flydsl-attn-bwd-20260917-115934/job_context/state.yaml + rounds/003/1-opt/act.yaml","Stage 4 · bwd op-evolve (A0)","A0-T","1","accepted","prod 143.23 -> 207.47 TF/s (1.45x, derived; same-session 1.459x) vs r2"
"60","2026-09-22","bwd","A0 bwd job r4 (fast)","gfx1250-flydsl-attn-bwd-20260917-115934 (A0 numbering)","A0 heliosr-1b114-c07-1 (VR throttle 1100 MHz, ~0.94-1.07 GHz under load)","16.612 (derived)","bwd: prod 330.98 (proxy 184.87, fast 11.45)","46.3% (same-session beat 715.53)","","accepted (gain 1.5121)","op-evolve benchmark.py: median of 51 calls, palindromic per-call interleaving, ASM beat in the same process; ranked by prod; TF/s from op_flops.py","g09 drops the k_dkdv Q/dO staging and writes LDS directly + g16 LDS padding (X_ROW_B 256→272 B, S_ROW_B 64→80 B) eliminates 64-way bank conflicts","Largest single-round gain: 1.51×","OE artifacts/gfx1250-flydsl-attn-bwd-20260917-115934/job_context/state.yaml + rounds/004/1-opt/act.yaml","Stage 4 · bwd op-evolve (A0)","A0-T","1","accepted","prod 207.47 -> 330.98 TF/s (1.60x, derived; same-session 1.576x) vs r3"
"61","2026-09-22","bwd","A0 bwd job r5 (fast)","gfx1250-flydsl-attn-bwd-20260917-115934 (A0 numbering)","A0 heliosr-1b114-c07-1 (VR throttle 1100 MHz, ~0.94-1.07 GHz under load)","16.392 (derived)","bwd: prod 335.42 (proxy 199.79, fast 15.41)","46.8% (same-session beat 716.32)","","accepted (gain 1.1539)","op-evolve benchmark.py: median of 51 calls, palindromic per-call interleaving, ASM beat in the same process; ranked by prod; TF/s from op_flops.py","g12 drops the k_dq K staging + g17 launch via flyc.compile() (host 0.2688→0.0313 ms)","The gain comes mainly from fast; prod is actually ~+1.3% (act vs_champion 1.0132)","OE artifacts/gfx1250-flydsl-attn-bwd-20260917-115934/job_context/state.yaml + rounds/005/1-opt/act.yaml","Stage 4 · bwd op-evolve (A0)","A0-T","1","accepted","prod 331.07 -> 335.42 TF/s (+1.3%, same-session 1.0132) vs r4; job gain 1.154 mostly from fast"
"62","2026-09-22","bwd","A0 bwd job r6 (fast)","gfx1250-flydsl-attn-bwd-20260917-115934 (A0 numbering)","A0 heliosr-1b114-c07-1 (VR throttle 1100 MHz, ~0.94-1.07 GHz under load)","15.519 (derived)","bwd: prod 354.29 (proxy 208.73, fast 15.61)","49.5% (same-session beat 716.19)","","accepted (gain 1.0489)","op-evolve benchmark.py: median of 51 calls, palindromic per-call interleaving, ASM beat in the same process; ranked by prod; TF/s from op_flops.py","g19/g20 split into mask-free/masked segments + g03 grid axis swap","","OE artifacts/gfx1250-flydsl-attn-bwd-20260917-115934/job_context/state.yaml + rounds/006/1-opt/act.yaml","Stage 4 · bwd op-evolve (A0)","A0-T","1","accepted","prod 335.42 -> 354.29 TF/s (same-session +5.4%, 1.0541) vs r5"
"63","2026-09-22","bwd","A0 bwd job r7 (fast)","gfx1250-flydsl-attn-bwd-20260917-115934 (A0 numbering)","A0 heliosr-1b114-c07-1 (VR throttle 1100 MHz, ~0.94-1.07 GHz under load)","14.366 (derived)","bwd: prod 382.73 (proxy 219, fast 17.92)","53.4% (same-session beat 716.9)","","accepted (gain 1.0928)","op-evolve benchmark.py: median of 51 calls, palindromic per-call interleaving, ASM beat in the same process; ranked by prod; TF/s from op_flops.py","g21 k_dkdv cross-iteration prefetch of Q/dO (removing it in r19: -17.27%)","","OE artifacts/gfx1250-flydsl-attn-bwd-20260917-115934/job_context/state.yaml + rounds/007/1-opt/act.yaml","Stage 4 · bwd op-evolve (A0)","A0-T","1","accepted","prod 354.29 -> 382.73 TF/s (same-session +8.3%, 1.0826) vs r6"
"64","2026-09-22","bwd","A0 bwd job r8 (fast)","gfx1250-flydsl-attn-bwd-20260917-115934 (A0 numbering)","A0 heliosr-1b114-c07-1 (VR throttle 1100 MHz, ~0.94-1.07 GHz under load)","12.804 (derived)","bwd: prod 429.41 (proxy 235.81, fast 15)","60.9% (same-session beat 704.61)","","accepted (gain 1.0297)","op-evolve benchmark.py: median of 51 calls, palindromic per-call interleaving, ASM beat in the same process; ranked by prod; TF/s from op_flops.py","g23/g24 remove the single-wave fx.barrier() (dropping the backend's conservative s_wait_loadcnt_dscnt 0x0)","14:26 wedge + closed out by hand after the AC power cycle; same code before vs after the AC cycle 382.73→404.06 (+5.6%), not comparable across sessions","OE artifacts/gfx1250-flydsl-attn-bwd-20260917-115934/job_context/state.yaml + rounds/008/1-opt/act.yaml","Stage 4 · bwd op-evolve (A0)","A0-T","1","accepted","prod 404.06 (r7 re-measured after AC) -> 429.41 TF/s (same-session +6.3%, 1.0627) vs r7"
"65","2026-09-22/23","bwd","A0 bwd job r9 (fast)","gfx1250-flydsl-attn-bwd-20260917-115934 (A0 numbering)","A0 heliosr-1b114-c07-1 (VR throttle 1100 MHz, ~0.94-1.07 GHz under load)","11.432 (derived)","bwd: prod 480.96 (proxy 284.65, fast 20.09)","66.8% (same-session beat 720.32)","","accepted (gain 1.1187)","op-evolve benchmark.py: median of 51 calls, palindromic per-call interleaving, ASM beat in the same process; ranked by prod; TF/s from op_flops.py","g25 carried-state merge (VGPR 956→740) + g26 k_dq prefetch (k_dq 5.17→3.99 ms)","09-22 16:01 wedge in d_final; the AC power cycle truncated 255 git objects → push-every-round rule","OE artifacts/gfx1250-flydsl-attn-bwd-20260917-115934/job_context/state.yaml + rounds/009/1-opt/act.yaml","Stage 4 · bwd op-evolve (A0)","A0-T","1","accepted","prod 429.41 -> 480.96 TF/s (same-session +11.3%, 1.1128) vs r8"
"66","2026-09-23","bwd","A0 bwd job r10 (fast)","gfx1250-flydsl-attn-bwd-20260917-115934 (A0 numbering)","A0 heliosr-1b114-c07-1 (VR throttle 1100 MHz, ~0.94-1.07 GHz under load)","12.769 (derived)","bwd: prod 430.61 (proxy 250.38, fast 19.32)","59.8% (same-session beat 719.48)","","rejected (gain 0.9586)","op-evolve benchmark.py: median of 51 calls, palindromic per-call interleaving, ASM beat in the same process; ranked by prod; TF/s from op_flops.py","Instruction-level scheduling: g27 LSE/delta moved into the prefetch, g28 2× unroll, g32 half prefetch","","OE artifacts/gfx1250-flydsl-attn-bwd-20260917-115934/job_context/state.yaml + rounds/010/1-opt/act.yaml","Stage 4 · bwd op-evolve (A0)","A0-T","0","rejected",""
"67","2026-09-23","bwd","A0 bwd job r11 (fast)","gfx1250-flydsl-attn-bwd-20260917-115934 (A0 numbering)","A0 heliosr-1b114-c07-1 (VR throttle 1100 MHz, ~0.94-1.07 GHz under load)","13.084 (derived)","bwd: prod 420.23 (proxy 248.23, fast 18.07)","58.4% (same-session beat 719.72)","","rejected (gain 0.9291)","op-evolve benchmark.py: median of 51 calls, palindromic per-call interleaving, ASM beat in the same process; ranked by prod; TF/s from op_flops.py","s_set_vgpr_msb bank-tax family (g36/g37)","09-23 09:21 4th wedge within the job (class B)","OE artifacts/gfx1250-flydsl-attn-bwd-20260917-115934/job_context/state.yaml + rounds/011/1-opt/act.yaml","Stage 4 · bwd op-evolve (A0)","A0-T","0","rejected",""
"68","2026-09-23","bwd","A0 bwd job r12 (fast)","gfx1250-flydsl-attn-bwd-20260917-115934 (A0 numbering)","A0 heliosr-1b114-c07-1 (VR throttle 1100 MHz, ~0.94-1.07 GHz under load)","11.015 (derived)","bwd: prod 499.15 (proxy 324.55, fast 19.85)","69.9% (same-session beat 713.71)","","accepted (gain 1.0907)","op-evolve benchmark.py: median of 51 calls, palindromic per-call interleaving, ASM beat in the same process; ranked by prod; TF/s from op_flops.py","g40 k_dq longest-first dispatch (+4.91% prod) + g39 LDS segment separation (null)","max_rounds 12 used up, raised to 40","OE artifacts/gfx1250-flydsl-attn-bwd-20260917-115934/job_context/state.yaml + rounds/012/1-opt/act.yaml","Stage 4 · bwd op-evolve (A0)","A0-T","1","accepted","prod 480.96 -> 499.15 TF/s (same-session +5.3%, 1.0530) vs r9"
"69","2026-09-23","bwd","A0 bwd job r13 (fast)","gfx1250-flydsl-attn-bwd-20260917-115934 (A0 numbering)","A0 heliosr-1b114-c07-1 (VR throttle 1100 MHz, ~0.94-1.07 GHz under load)","11.054 (derived)","bwd: prod 497.39 (proxy 417.15, fast 34.38)","70.0% (same-session beat 710.78)","","accepted (gain 1.3704)","op-evolve benchmark.py: median of 51 calls, palindromic per-call interleaving, ASM beat in the same process; ranked by prod; TF/s from op_flops.py","g42 k_dkdv deterministic split-K along the q axis (fp32 partials + fixed-order sum) + g43 XCD reordering (null); prod takes nsp=1 and is unchanged","","OE artifacts/gfx1250-flydsl-attn-bwd-20260917-115934/job_context/state.yaml + rounds/013/1-opt/act.yaml","Stage 4 · bwd op-evolve (A0)","A0-T","1","accepted","prod flat (same-session 1.0040; 499.15 -> 497.39 TF/s); job gain 1.370 from fast 1.773x / proxy 1.334x vs r12"
"70","2026-09-23","bwd","A0 bwd job r14 attempt 1 (killed by a wedge)","gfx1250-flydsl-attn-bwd-20260917-115934 (A0 numbering)","A0 heliosr-1b114-c07-1 (VR throttle 1100 MHz, ~0.94-1.07 GHz under load)","","","","","aborted","op-evolve benchmark.py: median of 51 calls, palindromic per-call interleaving, ASM beat in the same process; ranked by prod; TF/s from op_flops.py","An out-of-bounds read in one of the five variants set off a fault storm (IH ring overflow) → MES unrecoverable","13:35 wedge → AC-cycle","output/0923__flydsl/hint.md h22","Stage 4 · bwd op-evolve (A0)","A0-T","0","failed",""
"71","2026-09-23","bwd","A0 bwd job r14 (fast)","gfx1250-flydsl-attn-bwd-20260917-115934 (A0 numbering)","A0 heliosr-1b114-c07-1 (VR throttle 1100 MHz, ~0.94-1.07 GHz under load)","11.015 (derived)","bwd: prod 499.14 (proxy 440.81, fast 43.15)","69.5% (same-session beat 718.12)","","accepted (gain 1.111)","op-evolve benchmark.py: median of 51 calls, palindromic per-call interleaving, ASM beat in the same process; ranked by prod; TF/s from op_flops.py","g44 nsp rule (wgs*nsp≥2048, capped at 16) + g45 k_redsp fixed-order reduction kernel","First attempt wedged at 13:35 (class C fault storm); afterwards dmesg_restrict set to 0","OE artifacts/gfx1250-flydsl-attn-bwd-20260917-115934/job_context/state.yaml + rounds/014/1-opt/act.yaml","Stage 4 · bwd op-evolve (A0)","A0-T","1","accepted","prod flat (same-session 1.0019; 497.39 -> 499.14 TF/s); job gain 1.111 from fast 1.288x / proxy 1.043x vs r13"
"72","2026-09-24","bwd","A0 bwd job r15 (fast)","gfx1250-flydsl-attn-bwd-20260917-115934 (A0 numbering)","A0 heliosr-1b114-c07-1 (VR throttle 1100 MHz, ~0.94-1.07 GHz under load)","11.572 (derived)","bwd: prod 475.14 (proxy 415.89, fast 41.86)","66.5% (same-session beat 714.42)","","failed (gain 1.0035; was once promoted to champion, rolled back by 20baa45e)","op-evolve benchmark.py: median of 51 calls, palindromic per-call interleaving, ASM beat in the same process; ranked by prod; TF/s from op_flops.py","g46 hand-written tiered waits (abandoned) + g47 sched_group_barrier (prod 0.9688)","With gain 1.0035 (three-shape arithmetic mean + min_gain 0) it had already been promoted to champion at the time; the framework separately recorded failed because of FastError; 20baa45e rolled it back by hand to r14 (best_round and the champions of all three shapes set back to 14); after the rollback, state.yaml records accepted:false / outcome failed","OE artifacts/gfx1250-flydsl-attn-bwd-20260917-115934/job_context/state.yaml + rounds/015/1-opt/act.yaml; commit 20baa45e","Stage 4 · bwd op-evolve (A0)","A0-T","0","rolled-back",""
"73","2026-09-24","bwd","A0 bwd job r16 (fast)","gfx1250-flydsl-attn-bwd-20260917-115934 (A0 numbering)","A0 heliosr-1b114-c07-1 (VR throttle 1100 MHz, ~0.94-1.07 GHz under load)","10.952 (derived)","bwd: prod 502.03 (proxy 434.6, fast 41.6)","69.8% (same-session beat 719.14)","","accepted (gain 1.005)","op-evolve benchmark.py: median of 51 calls, palindromic per-call interleaving, ASM beat in the same process; ranked by prod; TF/s from op_flops.py","g51 folds LSE/delta into the g21 prefetch + sched_barrier(0)","","OE artifacts/gfx1250-flydsl-attn-bwd-20260917-115934/job_context/state.yaml + rounds/016/1-opt/act.yaml","Stage 4 · bwd op-evolve (A0)","A0-T","1","accepted","prod 499.14 -> 502.03 TF/s (same-session +0.66%, 1.0066) vs r14"
"74","2026-09-24","bwd","A0 bwd job r17 (deep)","gfx1250-flydsl-attn-bwd-20260917-115934 (A0 numbering)","A0 heliosr-1b114-c07-1 (VR throttle 1100 MHz, ~0.94-1.07 GHz under load)","10.828 (derived)","bwd: prod 507.79 (proxy 448.77, fast 56.45)","70.6% (same-session beat 719.14)","","accepted (gain 1.159)","op-evolve benchmark.py: median of 51 calls, palindromic per-call interleaving, ASM beat in the same process; ranked by prod; TF/s from op_flops.py","deep: ATT measurement; g52 k_dq nsp_q split-K (only when the grid is underfilled)","PC sampling faulted at prod (card survived) → disabled","OE artifacts/gfx1250-flydsl-attn-bwd-20260917-115934/job_context/state.yaml + rounds/017/1-opt/act.yaml","Stage 4 · bwd op-evolve (A0)","A0-T","1","accepted","prod 502.03 -> 507.79 TF/s (same-session +0.61%, 1.0061); job gain 1.159 mostly fast (1.451x) vs r16"
"75","2026-09-24","bwd","A0 bwd job r18 (fast)","gfx1250-flydsl-attn-bwd-20260917-115934 (A0 numbering)","A0 heliosr-1b114-c07-1 (VR throttle 1100 MHz, ~0.94-1.07 GHz under load)","11.709 (derived)","bwd: prod 469.56 (proxy 404.85, fast 52.22)","65.3% (same-session beat 719.49)","","rejected (gain 0.9308)","op-evolve benchmark.py: median of 51 calls, palindromic per-call interleaving, ASM beat in the same process; ranked by prod; TF/s from op_flops.py","g56 switches LSE/delta to global_load_async_to_lds_b32 (-6.84%)","08:58 wedge in validation running multiple shapes in a single process → one shape per process","OE artifacts/gfx1250-flydsl-attn-bwd-20260917-115934/job_context/state.yaml + rounds/018/1-opt/act.yaml","Stage 4 · bwd op-evolve (A0)","A0-T","0","rejected",""
"76","2026-09-24","bwd","A0 bwd job r19 (fast)","gfx1250-flydsl-attn-bwd-20260917-115934 (A0 numbering)","A0 heliosr-1b114-c07-1 (VR throttle 1100 MHz, ~0.94-1.07 GHz under load)","10.881 (derived)","bwd: prod 505.29 (proxy 439.83, fast 53.11)","70.2% (same-session beat 719.5)","","rejected (gain 0.9939)","op-evolve benchmark.py: median of 51 calls, palindromic per-call interleaving, ASM beat in the same process; ranked by prod; TF/s from op_flops.py","g59 WMMA A reuse (null); g60 removing the g21 prefetch -17.27%","","OE artifacts/gfx1250-flydsl-attn-bwd-20260917-115934/job_context/state.yaml + rounds/019/1-opt/act.yaml","Stage 4 · bwd op-evolve (A0)","A0-T","0","rejected",""
"77","2026-09-24","bwd","A0 bwd job r20 (fast)","gfx1250-flydsl-attn-bwd-20260917-115934 (A0 numbering)","A0 heliosr-1b114-c07-1 (VR throttle 1100 MHz, ~0.94-1.07 GHz under load)","10.751 (derived)","bwd: prod 511.42 (proxy 435.93, fast 55.07)","71.4% (same-session beat 715.94)","","accepted (gain 1.0016)","op-evolve benchmark.py: median of 51 calls, palindromic per-call interleaving, ASM beat in the same process; ranked by prod; TF/s from op_flops.py","g62 k_dkdv Q/dO prefetch depth 1→2 (+1.65%) + g61 chain splitting (null); VGPR 904","bwd champion of the A0 throttled period; gain 1.0016 passed only thanks to min_gain 0; r22 same-session re-measurement 516.87; a shape-key rename forked the champions (h35)","OE artifacts/gfx1250-flydsl-attn-bwd-20260917-115934/job_context/state.yaml + rounds/020/1-opt/act.yaml","Stage 4 · bwd op-evolve (A0)","A0-T","1","accepted","prod 507.79 -> 511.42 TF/s (same-session +2.0%, 1.0200) vs r17; job gain only 1.0016"
"78","2026-09-24","bwd","A0 bwd job r21 (fast)","gfx1250-flydsl-attn-bwd-20260917-115934 (A0 numbering)","A0 heliosr-1b114-c07-1 (VR throttle 1100 MHz, ~0.94-1.07 GHz under load)","13.342 (derived)","bwd: prod 412.1 (proxy 365.71, fast 53.3)","57.8% (same-session beat 713.09)","","failed (gain 0.8721)","op-evolve benchmark.py: median of 51 calls, palindromic per-call interleaving, ASM beat in the same process; ranked by prod; TF/s from op_flops.py","g63 k_dq prefetch 1→2 -19.33%; g66 scattering the k_dq loads -21.93%","","OE artifacts/gfx1250-flydsl-attn-bwd-20260917-115934/job_context/state.yaml + rounds/021/1-opt/act.yaml","Stage 4 · bwd op-evolve (A0)","A0-T","0","failed",""
"79","2026-09-24","bwd","A0 bwd job r22 (fast)","gfx1250-flydsl-attn-bwd-20260917-115934 (A0 numbering)","A0 heliosr-1b114-c07-1 (VR throttle 1100 MHz, ~0.94-1.07 GHz under load)","15.200 (derived)","bwd: prod 361.73 (proxy 327.77, fast 51.22)","50.3% (same-session beat 719.14)","","failed (gain 0.7881)","op-evolve benchmark.py: median of 51 calls, palindromic per-call interleaving, ASM beat in the same process; ranked by prod; TF/s from op_flops.py","g68 sched_group_barrier scattering the k_dkdv prefetch loads -30.0%; g67 fence 0.892","","OE artifacts/gfx1250-flydsl-attn-bwd-20260917-115934/job_context/state.yaml + rounds/022/1-opt/act.yaml","Stage 4 · bwd op-evolve (A0)","A0-T","0","failed",""
"80","2026-09-24/25","bwd","A0 bwd job r23 (fast)","gfx1250-flydsl-attn-bwd-20260917-115934 (A0 numbering)","A0 heliosr-1b114-c07-1 (VR throttle 1100 MHz, ~0.94-1.07 GHz under load)","10.943 (derived)","bwd: prod 502.44 (proxy 438.65, fast 48.93)","70.1% (same-session beat 716.48)","","rejected (gain 0.9515)","op-evolve benchmark.py: median of 51 calls, palindromic per-call interleaving, ASM beat in the same process; ranked by prod; TF/s from op_flops.py","g71 removing g62's second prefetch stage again -1.74% (proves that g62 is a real mechanism)","Measured 09-25; closed out by hand on A0 on 09-30 as REJECTED","OE artifacts/gfx1250-flydsl-attn-bwd-20260917-115934/job_context/state.yaml + rounds/023/1-opt/act.yaml","Stage 4 · bwd op-evolve (A0)","A0-T","0","rejected",""
"81","2026-09-24","bwd","ASM bwd bar census (10.160 ms retracted)","0924 bar-census (A0)","A0 heliosr-1b114-c07-1 (VR throttle 1100 MHz, ~0.94-1.07 GHz under load)","ASM 7.6766 (n=224 raw; 7.6769 n=146 dedup)","bwd: ~716","100%","","—","op-evolve beat/impl.py census","10.160/541 is a bogus number from the 09-15 autograd shim; the FlyDSL champion is actually 0.70-0.72×; gap = 7 vs 5 GEMM structural factor 1.386× × scheduling factor 1.00-1.01","","output/0924__flydsl/DAY-SUMMARY.md; baselines.md §0,§5","Stage 4 · bwd op-evolve (A0)","A0-T","0","re-measure",""
"82","2026-09-25","bwd","09-25 G0 atomic scope probe","bwd hand exploration (outside the job, A0)","A0 heliosr-1b114-c07-1 (VR throttle 1100 MHz, ~0.94-1.07 GHz under load)","","","","","informational","same session, one process per shape","BufferAtomicAdd is SCOPE_CU; UniversalAtomicAdd(Agent) gives SCOPE_DEV","09-25: dq contract relaxed to run-to-run ≥70 dB (dk/dv still required to be bitwise identical over 200 runs)","output/0925__flydsl/g0-scope","Stage 4 · bwd op-evolve (A0)","A0-T","0","info",""
"83","2026-09-25","bwd","09-25 G1a 1-wave barrier restored","bwd hand exploration (outside the job, A0)","A0 heliosr-1b114-c07-1 (VR throttle 1100 MHz, ~0.94-1.07 GHz under load)","","","","","informational (free)","same session, one process per shape","VGPR 904 unchanged, hot loop body -5 instructions; rocdl.s_waitcnt raises an error on gfx1250","09-25: dq contract relaxed to run-to-run ≥70 dB (dk/dv still required to be bitwise identical over 200 runs)","commit c25f9e8c","Stage 4 · bwd op-evolve (A0)","A0-T","0","info",""
"84","2026-09-25","bwd","09-25 G1b/G2 4-wave BLOCK_KV=128 skeleton","bwd hand exploration (outside the job, A0)","A0 heliosr-1b114-c07-1 (VR throttle 1100 MHz, ~0.94-1.07 GHz under load)","w4 16.3145 / champion 10.8373 / beat 7.7007","bwd: 337.02 / 507.34 / 713.99","47.2%","","rejected (0.664×, direction shelved)","same session, one process per shape","UT 15/15, SQNR identical to the champion; s_barrier 0→8","09-25: dq contract relaxed to run-to-run ≥70 dB (dk/dv still required to be bitwise identical over 200 runs)","output/0925__flydsl/g1b-4wave/meas/prod.out; commit 3c2e9d37","Stage 4 · bwd op-evolve (A0)","A0-T","0","rejected",""
"85","2026-09-25","bwd","09-25 TDM screen","bwd hand exploration (outside the job, A0)","A0 heliosr-1b114-c07-1 (VR throttle 1100 MHz, ~0.94-1.07 GHz under load)","","","","","rejected (dual-use staging, not a candidate)","same session, one process per shape","TDM can be lowered but cannot remove the buffer_load","09-25: dq contract relaxed to run-to-run ≥70 dB (dk/dv still required to be bitwise identical over 200 runs)","output/0925__flydsl/tdm-plan/PLAN.md","Stage 4 · bwd op-evolve (A0)","A0-T","0","rejected",""
"86","2026-09-25","bwd","09-25 S1 cover experiment","bwd hand exploration (outside the job, A0)","A0 heliosr-1b114-c07-1 (VR throttle 1100 MHz, ~0.94-1.07 GHz under load)","","bwd: 335.96 vs 337.59","","","null (0.995×)","same session, one process per shape","Moving the prefetch to after barrier-2: cover +36%, no effect","09-25: dq contract relaxed to run-to-run ≥70 dB (dk/dv still required to be bitwise identical over 200 runs)","commit 5cea047c","Stage 4 · bwd op-evolve (A0)","A0-T","0","null",""
"87","2026-09-25","bwd","09-25 barrier-free probe (timing-only)","bwd hand exploration (outside the job, A0)","A0 heliosr-1b114-c07-1 (VR throttle 1100 MHz, ~0.94-1.07 GHz under load)","","bwd: 495.56 vs 342.10 (champion 521.86)","","","probe","same session, one process per shape","Even with free barriers, the 4-wave ceiling still only reaches 0.950× of the champion","09-25: dq contract relaxed to run-to-run ≥70 dB (dk/dv still required to be bitwise identical over 200 runs)","commit 93c6c93d","Stage 4 · bwd op-evolve (A0)","A0-T","0","info",""
"88","2026-09-25","bwd","09-25 S2 split barrier gap","bwd hand exploration (outside the job, A0)","A0 heliosr-1b114-c07-1 (VR throttle 1100 MHz, ~0.94-1.07 GHz under load)","","bwd: 332.74 vs 337.56","","","null (0.986)","same session, one process per shape","gap 1→233 had no effect; all 4 barrier mechanisms falsified, cause unknown","09-25: dq contract relaxed to run-to-run ≥70 dB (dk/dv still required to be bitwise identical over 200 runs)","commit 56cab2b0","Stage 4 · bwd op-evolve (A0)","A0-T","0","null",""
"89","2026-09-27","bwd","BARRIER-CENSUS + FUSED5 design (compile-only)","0927 CPU study (A0)","A0 (CPU)","","","","","design (not measured)","compile-only","dQ fp32 SCOPE_DEV atomics fused into k_dkdv: VGPR 936, 0 spill; estimated at 0.970× of the bar (E_atom=0)","","output/0927__flydsl/bwd/FUSED5.md","Stage 4 · bwd op-evolve (A0)","A0 (CPU)","0","info",""
"90","2026-09-23","fwd","Stage2 sweep-1: n_block 64→128/256","0923 manual runs (A0)","A0 heliosr-1b114-c07-1 (VR throttle 1100 MHz, ~0.94-1.07 GHz under load)","as-shipped 2.400 / 7.741 / 23.753","fwd: 930.7 / 288.5 / 94.0 (FLOP≈2.233e12, old convention)","65.7% (as-shipped point)","","rejected (L10 ruled dead)","same-session rotation, n=20","VGPR 2×584>1024 overflow","The first harness version did not pass n_block, so it was a no-op experiment; re-measured after the fix","output/0923__flydsl/STAGE2-FWD-SWEEP.md:9-38","Stage 5 · fwd op-evolve (A0)","A0-T","0","rejected",""
"91","2026-09-23","fwd","Stage2 sweep-2: (BLOCK_M, n_block) varied jointly","0923 manual runs (A0)","A0 heliosr-1b114-c07-1 (VR throttle 1100 MHz, ~0.94-1.07 GHz under load)","as-shipped 2.364 (others 2.666-24.799)","fwd: 944.8 (old convention)","","","rejected (L11 closed)","same-session rotation","The as-shipped point is a local optimum","","output/0923__flydsl/STAGE2-FWD-SWEEP.md:55-77","Stage 5 · fwd op-evolve (A0)","A0-T","0","rejected",""
"92","2026-09-23","fwd","Stage2 sweep-3: wave count + O_VARIANT","0923 manual runs (A0)","A0 heliosr-1b114-c07-1 (VR throttle 1100 MHz, ~0.94-1.07 GHz under load)","v3 2.356 / v1 2.313 (ASM 1.557)","fwd: 947.8 / 965.8 (old convention)","66.1% (v3)","","v1 recommended (not reproduced on 09-25, not merged)","n=101 re-measurement","4-wave is a roadblock in the aiter code (the V1 loader fails to compile; the V2/V3 managers hard-throw on num_waves!=8)","","output/0923__flydsl/STAGE2-FWD-SWEEP.md:86-137","Stage 5 · fwd op-evolve (A0)","A0-T","0","null",""
"93","2026-09-24","fwd","fwd bar anchoring","0924 bar-census (A0)","A0 (sclk 1011→989)","FlyDSL 2.4005 / ASM 1.5724","fwd: 916.16 / 1398.67","65.5%","","—","n=51","The 1.5266× gap is entirely efficiency (block-causal extra work 0.78%)","","output/0924__flydsl/bar-census/fwd_anchor.json","Stage 5 · fwd op-evolve (A0)","A0-T","0","re-measure",""
"94","2026-09-25","fwd","flydsl 0.3.2 vs 0.3.4.1 A/B","0925 manual runs (A0)","A0 heliosr-1b114-c07-1 (VR throttle 1100 MHz, ~0.94-1.07 GHz under load)","fly 2.332-2.343 / ASM 1.539-1.553","fwd: 938.5-942.9","65.7-66.6%","","adopted 0.3.4.1 (neutral)","fwdab.py same-process ABBA×3, n=52","After the API-audit cleanup, the fwd kernel / bwd champion ISA is byte-identical","FlyDSL 0.3.2 → 0.3.4.1 (used by fwd); bwd still pinned to 0.3.2","output/0925__flydsl/fwd341/ab_prod.log; commit 0febef39","Stage 5 · fwd op-evolve (A0)","A0-T","0","null",""
"95","2026-09-25","fwd","A0 fwd job r0 (baseline)","gfx1250-flydsl-attn-fwd-20260925-114644 (A0)","A0 heliosr-1b114-c07-1 (VR throttle 1100 MHz, ~0.94-1.07 GHz under load)","2.352 (derived)","fwd: prod 935.04 (proxy 549.77, fast 47.32; taken from r1's same-session incumbent)","66.9% (same-session beat 1397.3)","","baseline","op-evolve benchmark.py: median of 51 calls, palindromic per-call interleaving, ASM beat in the same process; ranked by prod; TF/s from op_flops.py","vendored aiter FlyDSL fwd (op0341, flydsl 0.3.4.1); setup produced no speed reading","","OE artifacts/gfx1250-flydsl-attn-fwd-20260925-114644/job_context/state.yaml","Stage 5 · fwd op-evolve (A0)","A0-T","0","baseline",""
"96","2026-09-25","fwd","A0 fwd job r1 (fast)","gfx1250-flydsl-attn-fwd-20260925-114644 (A0)","A0 heliosr-1b114-c07-1 (VR throttle 1100 MHz, ~0.94-1.07 GHz under load)","2.166 (derived)","fwd: prod 1015.37 (proxy 813.38, fast 44.2)","72.7% (same-session beat 1397.3)","","rejected (gain 1.1665)","op-evolve benchmark.py: median of 51 calls, palindromic per-call interleaving, ASM beat in the same process; ranked by prod; TF/s from op_flops.py","g01 longest-first causal q-tile scheduling (prod +8.6%, proxy 1.48×); O_VARIANT v1 not reproduced","Rejected only because of two framework bugs: the 50 dB precision gate (the baseline itself scores 49.82-49.99) and fast band 0.993","OE artifacts/gfx1250-flydsl-attn-fwd-20260925-114644/rounds/001/1-opt/act.yaml + state.yaml","Stage 5 · fwd op-evolve (A0)","A0-T","0","rejected",""
"97","2026-09-25","fwd","A0 fwd job r2 (fast)","gfx1250-flydsl-attn-fwd-20260925-114644 (A0)","A0 heliosr-1b114-c07-1 (VR throttle 1100 MHz, ~0.94-1.07 GHz under load)","2.160 (derived)","fwd: prod 1017.97 (proxy 778.51, fast 44.53)","73.0% (same-session beat 1395.1)","","accepted (gain 1.1476)","op-evolve benchmark.py: median of 51 calls, palindromic per-call interleaving, ASM beat in the same process; ranked by prod; TF/s from op_flops.py","h20 resubmitted r1's longest-first (byte-identical); arm B with ENABLE_DEFER_RESCALE=False lost","First new champion; commit d64933d4","OE artifacts/gfx1250-flydsl-attn-fwd-20260925-114644/rounds/002/1-opt/act.yaml + state.yaml","Stage 5 · fwd op-evolve (A0)","A0-T","1","accepted","prod 935.04 -> 1017.97 TF/s (+8.9%; same-session 1.089) vs r0"
"98","2026-09-25","fwd","A0 fwd job r3 (fast)","gfx1250-flydsl-attn-fwd-20260925-114644 (A0)","A0 heliosr-1b114-c07-1 (VR throttle 1100 MHz, ~0.94-1.07 GHz under load)","2.170 (derived)","fwd: prod 1013.6 (proxy 778.18, fast 36.33)","72.5% (same-session beat 1397.6)","","rejected (gain 0.9993)","op-evolve benchmark.py: median of 51 calls, palindromic per-call interleaving, ASM beat in the same process; ranked by prod; TF/s from op_flops.py","g07 s_prefetch_inst (null) + g08 s_setprio (null); exp2-removal probe: softmax exp accounts for 13.4% of prod","Palindrome slot bias inflated proxy by 15%; switched to 3-session rotation","OE artifacts/gfx1250-flydsl-attn-fwd-20260925-114644/rounds/003/1-opt/act.yaml + state.yaml","Stage 5 · fwd op-evolve (A0)","A0-T","0","rejected",""
"99","2026-09-25/09-27","fwd","A0 fwd job r4 (fast)","gfx1250-flydsl-attn-fwd-20260925-114644 (A0)","A0 heliosr-1b114-c07-1 (VR throttle 1100 MHz, ~0.94-1.07 GHz under load)","2.032 (derived)","fwd: prod 1082.09 (proxy 862.75, fast 47.32)","77.4% (same-session beat 1398.93)","","accepted (gain 1.0734)","op-evolve benchmark.py: median of 51 calls, palindromic per-call interleaving, ASM beat in the same process; ranked by prod; TF/s from op_flops.py","g09 exp argument via v_pk_fma_f32 + g10 row-sum via v_pk_add_f32 (superadditive +6.3%, VGPR 456, 0 spill)","Interrupted by the machine handover on 09-25, rerun on 09-27; commit 53ca89c9","OE artifacts/gfx1250-flydsl-attn-fwd-20260925-114644/rounds/004/1-opt/act.yaml + state.yaml","Stage 5 · fwd op-evolve (A0)","A0-T","1","accepted","prod 1017.97 -> 1082.09 TF/s (+6.3%; same-session 1.063) vs r2"
"100","2026-09-27","fwd","A0 fwd job r5 (deep)","gfx1250-flydsl-attn-fwd-20260925-114644 (A0)","A0 heliosr-1b114-c07-1 (VR throttle 1100 MHz, ~0.94-1.07 GHz under load)","2.409 (derived)","fwd: prod 912.99 (proxy 674.46, fast 30.2)","65.4% (same-session beat 1396.77)","","rejected (gain 0.8352)","op-evolve benchmark.py: median of 51 calls, palindromic per-call interleaving, ASM beat in the same process; ranked by prod; TF/s from op_flops.py","deep: g13 QK(i+1)/softmax(i) software pipelining (512 VGPR, 0 spill) prod -15.2%, cycles +20.3%","Static ISA metrics failed again","OE artifacts/gfx1250-flydsl-attn-fwd-20260925-114644/rounds/005/1-opt/act.yaml + state.yaml","Stage 5 · fwd op-evolve (A0)","A0-T","0","rejected",""
"101","2026-09-27","fwd","A0 fwd job r6 (fast)","gfx1250-flydsl-attn-fwd-20260925-114644 (A0)","A0 heliosr-1b114-c07-1 (VR throttle 1100 MHz, ~0.94-1.07 GHz under load)","2.064 (derived)","fwd: prod 1065.79 (proxy 794.55, fast 38.6)","76.1% (same-session beat 1400.4)","","rejected (gain 0.9984)","op-evolve benchmark.py: median of 51 calls, palindromic per-call interleaving, ASM beat in the same process; ranked by prod; TF/s per op_flops.py","g14 per-lane partial row-sum (permlanex16 16→10) -1.9%; found a post-ASM I$ penalty (I$ miss 0→808)","","OE artifacts/gfx1250-flydsl-attn-fwd-20260925-114644/rounds/006/1-opt/act.yaml + state.yaml","Stage 5 · fwd op-evolve (A0)","A0-T","0","rejected",""
"102","2026-09-27","fwd","A0 fwd job r7 (fast)","gfx1250-flydsl-attn-fwd-20260925-114644 (A0)","A0 heliosr-1b114-c07-1 (VR throttle 1100 MHz, ~0.94-1.07 GHz under load)","2.104 (derived)","fwd: prod 1045.27 (proxy 794.93, fast 39.23)","74.7% (same-session beat 1398.49)","","rejected (gain 0.9808)","op-evolve benchmark.py: median of 51 calls, palindromic per-call interleaving, ASM beat in the same process; ranked by prod; TF/s per op_flops.py","h24 prototype with one barrier every 2 tiles -3.5%/-6%; ceiling for removing the barrier +4.5-5.2%; L20 branch-free rescale -8.3%","","OE artifacts/gfx1250-flydsl-attn-fwd-20260925-114644/rounds/007/1-opt/act.yaml + state.yaml","Stage 5 · fwd op-evolve (A0)","A0-T","0","rejected",""
"103","2026-09-27","fwd","A0 fwd job r8 (fast)","gfx1250-flydsl-attn-fwd-20260925-114644 (A0)","A0 heliosr-1b114-c07-1 (VR throttle 1100 MHz, ~0.94-1.07 GHz under load)","2.012 (derived)","fwd: prod 1093.1 (proxy 766.9, fast 35.84)","77.8% (same-session beat 1405.76)","","rejected (gain 0.9746)","op-evolve benchmark.py: median of 51 calls, palindromic per-call interleaving, ASM beat in the same process; ranked by prod; TF/s per op_flops.py","g20 nodelay (amdgpu-enable-delay-alu=False) prod +0.6-0.7%; rejected on proxy 0.956 when measured together with the beat","post-beat measurement-order artifact → h28/h29","OE artifacts/gfx1250-flydsl-attn-fwd-20260925-114644/rounds/008/1-opt/act.yaml + state.yaml","Stage 5 · fwd op-evolve (A0)","A0-T","0","rejected",""
"104","2026-09-27","fwd","A0 fwd job r9 (fast)","gfx1250-flydsl-attn-fwd-20260925-114644 (A0)","A0 heliosr-1b114-c07-1 (VR throttle 1100 MHz, ~0.94-1.07 GHz under load)","2.072 (derived)","fwd: prod 1061.58 (proxy 816.36, fast 40.97)","75.2% (same-session beat 1411.89)","","rejected (gain 0.9779)","op-evolve benchmark.py: median of 51 calls, palindromic per-call interleaving, ASM beat in the same process; ranked by prod; TF/s per op_flops.py; no-beat ruler (h28)","nodelay+lock_simd submitted together (lock_simd -3.5%)","first round on the no-beat ruler (h28); from r9 on, fast/proxy absolute values read high and cannot be compared with r1-r8","OE artifacts/gfx1250-flydsl-attn-fwd-20260925-114644/rounds/009/1-opt/act.yaml + state.yaml","Stage 5 · fwd op-evolve (A0)","A0-T","0","rejected",""
"105","2026-09-27","fwd","A0 fwd job r10 (deep)","gfx1250-flydsl-attn-fwd-20260925-114644 (A0)","A0 heliosr-1b114-c07-1 (VR throttle 1100 MHz, ~0.94-1.07 GHz under load)","2.001 (derived)","fwd: prod 1099.24 (proxy 928.11, fast 54.61)","77.6% (same-session beat 1416.18)","","rejected (gain 1.0022)","op-evolve benchmark.py: median of 51 calls, palindromic per-call interleaving, ASM beat in the same process; ranked by prod; TF/s per op_flops.py; no-beat ruler (h28)","deep: nodelay alone prod +0.83% (4/4)","rejected on the three-shape mean 1.0022 < 1.007 plus the hard-coded GATE_DB=50 → gain_weights prod1/proxy0.25/fast0, GATE_DB 49","OE artifacts/gfx1250-flydsl-attn-fwd-20260925-114644/rounds/010/1-opt/act.yaml + state.yaml","Stage 5 · fwd op-evolve (A0)","A0-T","0","rejected",""
"106","2026-09-27","fwd","A0 fwd job r11 (fast)","gfx1250-flydsl-attn-fwd-20260925-114644 (A0)","A0 heliosr-1b114-c07-1 (VR throttle 1100 MHz, ~0.94-1.07 GHz under load)","1.979 (derived)","fwd: prod 1111.15 (proxy 932.86, fast 65.43)","78.9% (same-session beat 1407.8; 79.4% vs the 09-24 bar 1398.67)","","accepted (gain 1.0074)","op-evolve benchmark.py: median of 51 calls, palindromic per-call interleaving, ASM beat in the same process; ranked by prod; TF/s per op_flops.py; no-beat ruler (h28); gain_weights","h29 nodelay + g30 shape-gated R=1 (BLOCK_M=128, enabled when the grid is underfilled; fast 55.2→65.4 > ASM 64.5)","fwd champion of the A0 throttled period; commit e5d57d49","OE artifacts/gfx1250-flydsl-attn-fwd-20260925-114644/rounds/011/1-opt/act.yaml + state.yaml","Stage 5 · fwd op-evolve (A0)","A0-T","1","accepted","prod 1082.09 -> 1111.15 TF/s (cross-session +2.7%, derived; same-session +0.83%) vs r4; +18.8% vs r0"
"107","2026-09-27","fwd","A0 fwd job r12 (fast)","gfx1250-flydsl-attn-fwd-20260925-114644 (A0)","A0 heliosr-1b114-c07-1 (VR throttle 1100 MHz, ~0.94-1.07 GHz under load)","1.979 (derived)","fwd: prod 1111.36 (proxy 932.52, fast 65.04)","79.0% (same-session beat 1406.75)","","rejected (gain 1.0002)","op-evolve benchmark.py: median of 51 calls, palindromic per-call interleaving, ASM beat in the same process; ranked by prod; TF/s per op_flops.py; no-beat ruler (h28); gain_weights","g31 2-way split-KV on the R=1 path (fast 0.987), closed","rejected, but champions in state records prod=12 (1111.36, on par with r11), best_round=11","OE artifacts/gfx1250-flydsl-attn-fwd-20260925-114644/rounds/012/1-opt/act.yaml + state.yaml","Stage 5 · fwd op-evolve (A0)","A0-T","0","rejected",""
"108","2026-09-27","fwd","A0 fwd job r13 (fast)","gfx1250-flydsl-attn-fwd-20260925-114644 (A0)","A0 heliosr-1b114-c07-1 (VR throttle 1100 MHz, ~0.94-1.07 GHz under load)","","","","","interrupted","op-evolve benchmark.py: median of 51 calls, palindromic per-call interleaving, ASM beat in the same process; ranked by prod; TF/s per op_flops.py","started at 15:19; aborted in the opt stage at 15:21 when the machine was handed over","fwd moved to B0","OE artifacts/gfx1250-flydsl-attn-fwd-20260925-114644/rounds/013/timing.yaml","Stage 5 · fwd op-evolve (A0)","A0-T","0","failed",""
"109","2026-09-27","fwd","compile-only prototypes h21-h26","0927 CPU research (A0)","A0 (CPU)","","","","","prototype (not a round)","compile-only","h21 L6 pipelining 508 VGPR / h22 softmax arithmetic / h23 TDM depth 3 / h24 halved barriers / h25 q-tile pairing; once run on the card, h21(r5), h22(r6/r7), h24(r7/r8) were all slower","","output/0927__flydsl/HINT-DRAFT.md","Stage 5 · fwd op-evolve (A0)","A0 (CPU)","0","info",""
"110","2026-09-27","fwd","ASM structure study (DESIGN/PROTO P2)","0927 CPU research (A0)","A0 (CPU)","","","","","design (not run on the card, not reviewed)","cycle model + compile-only","per 256 WMMA: ASM 3197 vs r11 4020 cycles; P2 (4 wave, BLOCK_M=128, split barrier) 800 VGPR 0 spill, predicted +8-20%","aborted when the machine was handed over","output/0927__flydsl/asm-structure/DESIGN.md","Stage 5 · fwd op-evolve (A0)","A0 (CPU)","0","info",""
"111","2026-09-27","fwd","B0 fwd job r5 (deep)","gfx1250-flydsl-attn-fwd-b0-20260927 (B0, cloned from A0 fwd r4)","B0-28 GPU0 (ctheliosp-1b112-a37-1, op level ~2.15 GHz; ~1.34-1.39 GHz during training after nkfix)","","","","","failed","op-evolve benchmark.py per-call interleaving (old ruler, FlyDSL/ASM ratio reads ~25% low)","planner reviewer 401 (no codex account on B0)","reviewer switched to claude","output/0927__b0/fwd/progress.md; OE artifacts/gfx1250-flydsl-attn-fwd-b0-20260927/job_context/state.yaml","Stage 6 · B0 4-card campaign","B0-28 GPU0","0","failed",""
"112","2026-09-27","fwd","B0 fwd job r6 (fast)","gfx1250-flydsl-attn-fwd-b0-20260927 (B0, cloned from A0 fwd r4)","B0-28 GPU0 (ctheliosp-1b112-a37-1, op level ~2.15 GHz; ~1.34-1.39 GHz during training after nkfix)","1.443","fwd: 1524.1 (proxy 1583.6, fast 97.4)","84.8% (interleaved; r4 80.2%)","","accepted (+5.7%; blocked re-check +4.6%)","op-evolve benchmark.py per-call interleaving (old ruler, FlyDSL/ASM ratio reads ~25% low)","speculative softmax (r5.i2.g14, SPEC_STALE_MAX): skips row-max/rescale, falls back to exact softmax via ballot; 256 adversarial cases pass","later judged a net loss on real data; turned off in r16","output/0927__b0/fwd/progress.md; OE artifacts/gfx1250-flydsl-attn-fwd-b0-20260927/job_context/state.yaml","Stage 6 · B0 4-card campaign","B0-28 GPU0","1","accepted","prod 1441.7 -> 1524.1 TF/s (+5.7% interleaved; +4.6% blocked re-check) vs r4 on B0 (randn)"
"113","2026-09-27","fwd","B0 fwd job r7 (fast)","gfx1250-flydsl-attn-fwd-b0-20260927 (B0, cloned from A0 fwd r4)","B0-28 GPU0 (ctheliosp-1b112-a37-1, op level ~2.15 GHz; ~1.34-1.39 GHz during training after nkfix)","1.453","fwd: 1513.7","84.7%","","rejected (1.003 < 1.007)","op-evolve benchmark.py per-call interleaving (old ruler, FlyDSL/ASM ratio reads ~25% low)","g18 no speculation on masked tiles: proxy +1.6%, prod flat; the LO/HI prefetch order is a first-order term","","output/0927__b0/fwd/progress.md; OE artifacts/gfx1250-flydsl-attn-fwd-b0-20260927/job_context/state.yaml","Stage 6 · B0 4-card campaign","B0-28 GPU0","0","rejected",""
"114","2026-09-27","fwd","B0 fwd job r8 (fast)","gfx1250-flydsl-attn-fwd-b0-20260927 (B0, cloned from A0 fwd r4)","B0-28 GPU0 (ctheliosp-1b112-a37-1, op level ~2.15 GHz; ~1.34-1.39 GHz during training after nkfix)","1.457","fwd: 1509.8 (fast 139.3)","84.3%","","rejected","op-evolve benchmark.py per-call interleaving (old ruler, FlyDSL/ASM ratio reads ~25% low)","m16x8 small-grid gate fast +29%, rejected because of proxy noise (98.7% < 0.993 band)","band changed to 0.98; at 09-27 15:43 the container was deleted by someone else and the job stopped","output/0927__b0/fwd/progress.md; OE artifacts/gfx1250-flydsl-attn-fwd-b0-20260927/job_context/state.yaml","Stage 6 · B0 4-card campaign","B0-28 GPU0","0","rejected",""
"115","2026-09-28","fwd","B0 fwd job r9 (fast)","gfx1250-flydsl-attn-fwd-b0-20260927 (B0, cloned from A0 fwd r4)","B0-28 GPU2 (ctheliosp-1b112-a37-1, op level ~2.15 GHz; ~1.34-1.39 GHz during training after nkfix)","1.466","fwd: 1500.6 (proxy 1587.2, fast 139.3)","85.7%","","rejected (0.9984, blocked by the best-ever record of an unpublished arm)","op-evolve benchmark.py per-call interleaving (old ruler, FlyDSL/ASM ratio reads ~25% low)","BG = m16x8 gate + g18: vs r6, prod +0.42%, fast +27.5%","09-28 GPU1 wedge, fwd moved to GPU2","output/0927__b0/fwd/progress.md; OE artifacts/gfx1250-flydsl-attn-fwd-b0-20260927/job_context/state.yaml","Stage 6 · B0 4-card campaign","B0-28 GPU2","0","rejected",""
"116","2026-09-28","fwd","B0 fwd r10 refactor (h39)","gfx1250-flydsl-attn-fwd-b0-20260927 (B0, cloned from A0 fwd r4)","B0-28 GPU2 (ctheliosp-1b112-a37-1, op level ~2.15 GHz; ~1.34-1.39 GHz during training after nkfix)","","","","","promoted (op/current = r9 BG)","—","refactor cleared champions and adopted BG","","output/0927__b0/fwd/progress.md; OE artifacts/gfx1250-flydsl-attn-fwd-b0-20260927/job_context/state.yaml","Stage 6 · B0 4-card campaign","B0-28 GPU2","1","promoted","r9 BG vs r6: fast +27.5%, prod +0.42% (flat), interleaved ruler"
"117","2026-09-28","fwd","B0 fwd ruler audit (interleaved→blocked)","gfx1250-flydsl-attn-fwd-b0-20260927 (B0, cloned from A0 fwd r4)","B0-28 GPU0 (ctheliosp-1b112-a37-1, op level ~2.15 GHz; ~1.34-1.39 GHz during training after nkfix)","","","","","—","blocked timing (lead 4 + block 9, palindromic, 256 MiB flush), randn","r6 vs r4 actual gain +4.6% (not +5.7%); L12 occ2 dead (-0.4% prod, -7% proxy); bnegg +0.6%","ruler/REPORT.md records the blocked harness as installed at ~03:40 UTC, but r10's act was already timed with blocked 9 + lead 4 at 03:16 UTC (fwd/rounds/010/act.md); the round is authoritative; absolute ms of the old and new rulers are not comparable; the audit claims r6/ASM steady state 1.035 (contradicts the job's blocked 96.5%, unresolved)","output/0927__b0/fwd/progress.md; OE artifacts/gfx1250-flydsl-attn-fwd-b0-20260927/job_context/state.yaml","Stage 6 · B0 4-card campaign","B0-28 GPU0","0","info",""
"118","2026-09-28","fwd","B0 fwd job r10 (deep)","gfx1250-flydsl-attn-fwd-b0-20260927 (B0, cloned from A0 fwd r4)","B0-28 GPU2 (ctheliosp-1b112-a37-1, op level ~2.15 GHz; ~1.34-1.39 GHz during training after nkfix)","1.474","fwd: 1491.8 (proxy 1618.2, fast 143.8)","95.8% (blocked beat 1557.2)","","rejected (0.9972)","op-evolve benchmark.py blocked timing (h40/h41), randn","g24 = L12 occ2 4-wave prod-gated -0.7%","from here on, the jump in % of ASM to ~96% is a ruler change, not kernel progress","output/0927__b0/fwd/progress.md; OE artifacts/gfx1250-flydsl-attn-fwd-b0-20260927/job_context/state.yaml","Stage 6 · B0 4-card campaign","B0-28 GPU2","0","rejected",""
"119","2026-09-28","fwd","B0 fwd job r11 (fast)","gfx1250-flydsl-attn-fwd-b0-20260927 (B0, cloned from A0 fwd r4)","B0-28 GPU2 (ctheliosp-1b112-a37-1, op level ~2.15 GHz; ~1.34-1.39 GHz during training after nkfix)","1.466","fwd: 1500.65 (proxy 1597.98, fast 155.54)","96.4% (fast 99.7%)","","accepted (geomean 1.0271)","op-evolve benchmark.py blocked timing (h40/h41), randn","r9.i1.g20: underfilled grids use the 2-wave m32x2 kernel (affects fast only)","","output/0927__b0/fwd/progress.md; OE artifacts/gfx1250-flydsl-attn-fwd-b0-20260927/job_context/state.yaml","Stage 6 · B0 4-card campaign","B0-28 GPU2","1","accepted","fast +8.4% (1.0841), prod flat at 1500.65 TF/s (0.9992); geomean 1.0271 vs r10 champion (r9 BG)"
"120","2026-09-28","fwd","B0 fwd job r12 (fast)","gfx1250-flydsl-attn-fwd-b0-20260927 (B0, cloned from A0 fwd r4)","B0-28 GPU2 (ctheliosp-1b112-a37-1, op level ~2.15 GHz; ~1.34-1.39 GHz during training after nkfix)","1.464","fwd: 1502.6","96.8%","","rejected (0.9925)","op-evolve benchmark.py blocked timing (h40/h41), randn","g47/g48 host-path latency savings: null under blocked timing","","output/0927__b0/fwd/progress.md; OE artifacts/gfx1250-flydsl-attn-fwd-b0-20260927/job_context/state.yaml","Stage 6 · B0 4-card campaign","B0-28 GPU2","0","rejected",""
"121","2026-09-28","fwd","B0 fwd job r13 (fast)","gfx1250-flydsl-attn-fwd-b0-20260927 (B0, cloned from A0 fwd r4)","B0-28 GPU2 (ctheliosp-1b112-a37-1, op level ~2.15 GHz; ~1.34-1.39 GHz during training after nkfix)","1.463","fwd: 1502.81 (proxy 1606.33, fast 162.27)","96.5% (fast 105.5%, proxy 101.5%)","","accepted (geomean 1.0181)","op-evolve benchmark.py blocked timing (h40/h41), randn","g51: small-grid kernel 2→4 wave + d split, output bitwise identical","best on randn; with speculation","output/0927__b0/fwd/progress.md; OE artifacts/gfx1250-flydsl-attn-fwd-b0-20260927/job_context/state.yaml","Stage 6 · B0 4-card campaign","B0-28 GPU2","1","accepted","fast +5.6% (1.0564) to 105.5% of ASM; prod flat at 1502.81 TF/s (1.0003); geomean 1.0181 vs r11"
"122","2026-09-28","fwd","B0 fwd job r14 (fast)","gfx1250-flydsl-attn-fwd-b0-20260927 (B0, cloned from A0 fwd r4)","B0-28 GPU2 (ctheliosp-1b112-a37-1, op level ~2.15 GHz; ~1.34-1.39 GHz during training after nkfix)","1.457","fwd: 1509.65 (proxy 1535.20)","96.7%","","rejected (0.9832)","op-evolve benchmark.py blocked timing (h40/h41), randn","g54: 2-WG cluster TDM multicast of K/V on m32x8, proxy -5.4%","other people's processes on GPU0/GPU3","output/0927__b0/fwd/progress.md; OE artifacts/gfx1250-flydsl-attn-fwd-b0-20260927/job_context/state.yaml","Stage 6 · B0 4-card campaign","B0-28 GPU2","0","rejected",""
"123","2026-09-28","fwd","B0 fwd job r15 (deep)","gfx1250-flydsl-attn-fwd-b0-20260927 (B0, cloned from A0 fwd r4)","B0-28 GPU2 (ctheliosp-1b112-a37-1, op level ~2.15 GHz; ~1.34-1.39 GHz during training after nkfix)","1.454","fwd: 1512.45","96.9%","","rejected (1.0000)","op-evolve benchmark.py blocked timing (h40/h41), randn","g59 per-lane partial row-sum + a single peer fold in the epilogue: null","","output/0927__b0/fwd/progress.md; OE artifacts/gfx1250-flydsl-attn-fwd-b0-20260927/job_context/state.yaml","Stage 6 · B0 4-card campaign","B0-28 GPU2","0","rejected",""
"124","2026-09-28","fwd","B0 fwd r16 refactor (h44): r13ns = B0 fwd champion","gfx1250-flydsl-attn-fwd-b0-20260927 (B0, cloned from A0 fwd r4)","B0-28 GPU2 (ctheliosp-1b112-a37-1, op level ~2.15 GHz; ~1.34-1.39 GHz during training after nkfix)","randn ~1.52","fwd: randn ~1443-1455","randn ~93%; with real data + GEMM bursts, r13ns/ASM time ratio 1.25-1.29","","promoted","op-evolve benchmark.py blocked timing (h40/h41), randn + real dumps","adopted r13ns (SPEC_STALE_MAX=False): randn 4.8% slower (by design), 12-23% faster on real data / at the training clock","commit df9aa3e8; from r16 on, randn readings are ~4% lower than at r13, so before and after are not directly comparable","output/0927__b0/fwd/progress.md; OE artifacts/gfx1250-flydsl-attn-fwd-b0-20260927/job_context/state.yaml","Stage 6 · B0 4-card campaign","B0-28 GPU2","1","promoted","r13 -> r13ns: real dumps 8-15% faster, real data + GEMM burst 12-23% faster (randn -4.8% by design); e2e fwd 50-61 -> 48-49 ms/step"
"125","2026-09-28","fwd","B0 fwd job r16 opt (fast)","gfx1250-flydsl-attn-fwd-b0-20260927 (B0, cloned from A0 fwd r4)","B0-28 GPU2 (ctheliosp-1b112-a37-1, op level ~2.15 GHz; ~1.34-1.39 GHz during training after nkfix)","1.518","fwd: 1448.85 (randn)","93.1%","","rejected (1.0018)","op-evolve benchmark.py blocked timing (h40/h41), randn","g61 per-row independent deferred-rescale on m32x8: null; found the JIT cache trap","","output/0927__b0/fwd/progress.md; OE artifacts/gfx1250-flydsl-attn-fwd-b0-20260927/job_context/state.yaml","Stage 6 · B0 4-card campaign","B0-28 GPU2","0","rejected",""
"126","2026-09-28","fwd","B0 fwd job r17 (fast)","gfx1250-flydsl-attn-fwd-b0-20260927 (B0, cloned from A0 fwd r4)","B0-28 GPU2 (ctheliosp-1b112-a37-1, op level ~2.15 GHz; ~1.34-1.39 GHz during training after nkfix)","1.510","fwd: 1456.90","93.8%","","rejected (1.0032)","op-evolve benchmark.py blocked timing (h40/h41), randn, fresh JIT cache per process","g63 row sum moved onto the matrix pipeline (ones WMMA)","4 consecutive rounds without improvement → h47 switched to the real-data ruler","output/0927__b0/fwd/progress.md; OE artifacts/gfx1250-flydsl-attn-fwd-b0-20260927/job_context/state.yaml","Stage 6 · B0 4-card campaign","B0-28 GPU2","0","rejected",""
"127","2026-09-28","fwd","B0 fwd job r18 (fast)","gfx1250-flydsl-attn-fwd-b0-20260927 (B0, cloned from A0 fwd r4)","B0-28 GPU2 (ctheliosp-1b112-a37-1, op level ~2.15 GHz; ~1.34-1.39 GHz during training after nkfix)","1.498","fwd: 1467.80","94.8%","","rejected (1.0027)","op-evolve benchmark.py blocked timing (h40/h41), randn + real dumps (h47)","g64 row-sum restructuring: randn +0.9%, real dumps +0.2% (within the A/A band)","first round to report both rulers side by side","output/0927__b0/fwd/progress.md; OE artifacts/gfx1250-flydsl-attn-fwd-b0-20260927/job_context/state.yaml","Stage 6 · B0 4-card campaign","B0-28 GPU2","0","rejected",""
"128","2026-09-28","fwd","B0 fwd job r19 (fast)","gfx1250-flydsl-attn-fwd-b0-20260927 (B0, cloned from A0 fwd r4)","B0-28 GPU2 (ctheliosp-1b112-a37-1, op level ~2.15 GHz; ~1.34-1.39 GHz during training after nkfix)","1.500","fwd: 1466.61","94.4%","","rejected (0.9998, blocked by r18's best-ever; h48 not executed)","op-evolve benchmark.py blocked timing (h40/h41), randn + real dumps + GEMM bursts","g67: g64 + RESCALE_THRESHOLD 8→24; real data + bursts +1.5% (18/18), randn +1.7%","","output/0927__b0/fwd/progress.md; OE artifacts/gfx1250-flydsl-attn-fwd-b0-20260927/job_context/state.yaml","Stage 6 · B0 4-card campaign","B0-28 GPU2","0","rejected",""
"129","2026-09-28","fwd","B0 fwd job r20 (deep)","gfx1250-flydsl-attn-fwd-b0-20260927 (B0, cloned from A0 fwd r4)","B0-28 GPU2 (ctheliosp-1b112-a37-1, op level ~2.15 GHz; ~1.34-1.39 GHz during training after nkfix)","","","","","interrupted","op-evolve benchmark.py blocked timing (h40/h41), randn","act's adv_m32x8.py computed an fp32 hipBLASLt reference GEMM on the card → GPU2 page fault (no MES hang), hard stop by the operator","h50: fp32 references on the card are forbidden","output/0927__b0/fwd/progress.md; OE artifacts/gfx1250-flydsl-attn-fwd-b0-20260927/job_context/state.yaml","Stage 6 · B0 4-card campaign","B0-28 GPU2","0","failed",""
"130","2026-09-27/28","fwd","B0 lab2 sweep (L22/L23/L24/L4/L5)","B0 lab","B0-28 GPU2 (ctheliosp-1b112-a37-1, op level ~2.15 GHz; ~1.34-1.39 GHz during training after nkfix)","15 arms vs r4: no win (itilp -6.6%)","","","","rejected","interleaved ruler","","","output/0927__b0/lab2/MEASURE.md","Stage 6 · B0 4-card campaign","B0-28 GPU2","0","rejected",""
"131","2026-09-27/28","fwd","B0 lab2-L12 (4-wave × 2 WG/CU)","B0 lab","B0-28 GPU2 (ctheliosp-1b112-a37-1, op level ~2.15 GHz; ~1.34-1.39 GHz during training after nkfix)","reported prod +6.18-6.42%","","","","retracted (-0.4% under blocked timing)","interleaved → blocked","","","output/0927__b0/lab2-L12/VERIFY.md; ruler/REPORT.md","Stage 6 · B0 4-card campaign","B0-28 GPU2","0","retracted",""
"132","2026-09-27/28","fwd","B0 lab3-L21 (fixed running max, bnegg)","B0 lab","B0-28 GPU3 (ctheliosp-1b112-a37-1, op level ~2.15 GHz; ~1.34-1.39 GHz during training after nkfix)","reported +6.3%","","","","retracted (null, ~+0.3%)","the champion was measured as a mix of the two tiers r4/r6","","","output/0927__b0/lab3-L21/VERIFY.md","Stage 6 · B0 4-card campaign","B0-28 GPU3","0","retracted",""
"133","2026-09-27/28","fwd","B0 profile: r6 with speculation off (nospec)","B0 lab","B0-28 GPU0 (ctheliosp-1b112-a37-1, op level ~2.15 GHz; ~1.34-1.39 GHz during training after nkfix)","with real inputs at the training clock 1.59-1.60 vs r6 1.83-2.08 ms (13-23% faster); randn 5% slower","","","","lead → nospec lab","","","","output/0927__b0/profile/REPORT.md","Stage 6 · B0 4-card campaign","B0-28 GPU0","0","info",""
"134","2026-09-27/28","fwd","B0 fwd-nospec lab (r13ns)","B0 lab","B0-28 GPU0 (ctheliosp-1b112-a37-1, op level ~2.15 GHz; ~1.34-1.39 GHz during training after nkfix)","r13ns/r13: randn 1.048; real dumps 0.846-0.919; real data + GEMM bursts 0.774-0.880; e2e fly/asm 1.0454→1.0403","","","","win → h44/h45","three conditions","","","output/0927__b0/fwd-nospec/REPORT.md","Stage 6 · B0 4-card campaign","B0-28 GPU0","0","info",""
"135","2026-09-27","bwd","B0 bwd job r24 (fast)","gfx1250-flydsl-attn-bwd-20260917-115934 (B0 numbering r24-r32, clashing with A0 r24-r27)","B0-28 GPU1 (ctheliosp-1b112-a37-1, op level ~2.15 GHz; ~1.34-1.39 GHz during training after nkfix)","8.607","bwd: 638.8 (proxy 578.1, fast 93.5)","75.0% (interleaved beat 852.0)","","rejected (0.9665)","op-evolve benchmark.py per-call interleaving (old ruler, FlyDSL/ASM ratio reads ~25% low)","h60 unroll -4.5%; X1 4-wave 0.804×, X2 0.872×, dead; h33 defects a/b/c only in the round tree","B0 starting point r20 ~0.74-0.76× of ASM","output/0927__b0/bwd/progress.md; output/0927__b0/bwd/rounds/024/","Stage 6 · B0 4-card campaign","B0-28 GPU1","0","rejected",""
"136","2026-09-27/28","bwd","B0 bwd job r25 (deep)","gfx1250-flydsl-attn-bwd-20260917-115934 (B0 numbering r24-r32, clashing with A0 r24-r27)","B0-28 GPU1→GPU3 (ctheliosp-1b112-a37-1, op level ~2.15 GHz; ~1.34-1.39 GHz during training after nkfix)","8.931","bwd: 615.6","74.4%","","rejected (prod 0.9656)","op-evolve benchmark.py per-call interleaving (old ruler, FlyDSL/ASM ratio reads ~25% low)","g77 reverse scan for L2 phase-align -3.4% (blocked re-measurement -1.9%)","after the day-1 stop, act was rerun on GPU3","output/0927__b0/bwd/progress.md; output/0927__b0/bwd/rounds/025/","Stage 6 · B0 4-card campaign","B0-28 GPU1→GPU3","0","rejected",""
"137","2026-09-28","bwd","B0 bwd job r26 (fast)","gfx1250-flydsl-attn-bwd-20260917-115934 (B0 numbering r24-r32, clashing with A0 r24-r27)","B0-28 GPU3 (ctheliosp-1b112-a37-1, op level ~2.15 GHz; ~1.34-1.39 GHz during training after nkfix)","8.591","bwd: 640.0","76.5%","","rejected (1.0036)","op-evolve benchmark.py per-call interleaving (old ruler, FlyDSL/ASM ratio reads ~25% low)","armA (g62 + h33 clamp) null","","output/0927__b0/bwd/progress.md; output/0927__b0/bwd/rounds/026/","Stage 6 · B0 4-card campaign","B0-28 GPU3","0","rejected",""
"138","2026-09-28","bwd","B0 bwd ruler audit","gfx1250-flydsl-attn-bwd-20260917-115934 (B0 numbering r24-r32, clashing with A0 r24-r27)","B0-28 GPU0 (ctheliosp-1b112-a37-1, op level ~2.15 GHz; ~1.34-1.39 GHz during training after nkfix)","","","blocked beat/current 0.7878","","—","blocked timing (lead 4 + block 9, palindromic, 256 MiB flush), randn","FlyDSL vs ASM interleaving bias ~3.4%; r19 is 1.7% faster than r20 on prod (h67); r25 confirmed 1.9% slower","ruler/bwd/REPORT.md records the blocked harness as installed at ~05:00 UTC (h66), but r27 in progress.md (~04:00-05:10) already reports a blocked beat of 817.8; the two records disagree","output/0927__b0/bwd/progress.md; output/0927__b0/ruler/bwd/REPORT.md","Stage 6 · B0 4-card campaign","B0-28 GPU0","0","info",""
"139","2026-09-28","bwd","B0 bwd job r27 (fast)","gfx1250-flydsl-attn-bwd-20260917-115934 (B0 numbering r24-r32, clashing with A0 r24-r27)","B0-28 GPU3 (ctheliosp-1b112-a37-1, op level ~2.15 GHz; ~1.34-1.39 GHz during training after nkfix)","8.573","bwd: 641.3","78.4% (blocked beat 817.8)","","rejected (0.9929)","op-evolve benchmark.py blocked timing (h40/h41), randn","geomean 1.007× beat (fast at 1.66× masked prod/proxy at ~0.78×) → the job wrongly judged target_met and ended on its own","h69: validation changed to require proxy and prod each ≥ beat","output/0927__b0/bwd/progress.md","Stage 6 · B0 4-card campaign","B0-28 GPU3","0","rejected",""
"140","2026-09-28","bwd","B0 bwd r28 refactor (h68): r19h","gfx1250-flydsl-attn-bwd-20260917-115934 (B0 numbering r24-r32, clashing with A0 r24-r27)","B0-28 GPU3 (ctheliosp-1b112-a37-1, op level ~2.15 GHz; ~1.34-1.39 GHz during training after nkfix)","8.583 (r28, same session)","bwd: 640.6","~78%","","promoted","op-evolve benchmark.py blocked timing (h40/h41), randn","r19 + h33's three clamps (out-of-bounds prefetches 1,580→0, VGPR 904→724)","min_gain 0→0.007","output/0927__b0/bwd/progress.md","Stage 6 · B0 4-card campaign","B0-28 GPU3","1","promoted","r20 -> r19h: prod time -1.7% (lab-bwd-r19, blocked); VGPR 904 -> 724; job reading 640.6 TF/s"
"141","2026-09-28","bwd","B0 bwd job r28 opt (fast)","gfx1250-flydsl-attn-bwd-20260917-115934 (B0 numbering r24-r32, clashing with A0 r24-r27)","B0-28 GPU3 (ctheliosp-1b112-a37-1, op level ~2.15 GHz; ~1.34-1.39 GHz during training after nkfix)","8.629","bwd: 637.2","78.0% (beat 816.8)","","rejected (0.9967)","op-evolve benchmark.py blocked timing (h40/h41), randn","g88 kv-tile body called in pairs: null","","output/0927__b0/bwd/progress.md; output/0927__b0/bwd/rounds/028/","Stage 6 · B0 4-card campaign","B0-28 GPU3","0","rejected",""
"142","2026-09-28","bwd","B0 bwd job r29 (fast) = B0 bwd champion","gfx1250-flydsl-attn-bwd-20260917-115934 (B0 numbering r24-r32, clashing with A0 r24-r27)","B0-28 GPU3 (ctheliosp-1b112-a37-1, op level ~2.15 GHz; ~1.34-1.39 GHz during training after nkfix)","8.375","bwd: 656.5 (proxy 603.8, fast 98.6)","80.4% (beat 817.0)","","accepted (prod +2.7%, geomean 1.018)","op-evolve benchmark.py blocked timing (h40/h41), randn","h70 u2n: k_dq full-kv loop unrolled ×2, removing the back-edge rotation of 65 v_mov_b64 (k_dq 3.185→2.990 ms) + g86 dK/dV epilogue through an LDS ring","commit 9aa21d96","output/0927__b0/bwd/progress.md; output/0927__b0/bwd/rounds/029/","Stage 6 · B0 4-card campaign","B0-28 GPU3","1","accepted","prod 639.0 -> 656.5 TF/s (+2.7% same session), proxy +2.8%, geomean 1.018 vs r19h"
"143","2026-09-28","bwd","B0 bwd job r30 (deep)","gfx1250-flydsl-attn-bwd-20260917-115934 (B0 numbering r24-r32, clashing with A0 r24-r27)","B0-28 GPU3 (ctheliosp-1b112-a37-1, op level ~2.15 GHz; ~1.34-1.39 GHz during training after nkfix)","8.377","bwd: 656.4","80.0% (beat 820.7)","","rejected (1.0033)","op-evolve benchmark.py blocked timing (h40/h41), randn","g89 k_dqg dQ epilogue through LDS: null","","output/0927__b0/bwd/progress.md; output/0927__b0/bwd/rounds/030/","Stage 6 · B0 4-card campaign","B0-28 GPU3","0","rejected",""
"144","2026-09-28","bwd","B0 bwd job r31 (fast)","gfx1250-flydsl-attn-bwd-20260917-115934 (B0 numbering r24-r32, clashing with A0 r24-r27)","B0-28 GPU3 (ctheliosp-1b112-a37-1, op level ~2.15 GHz; ~1.34-1.39 GHz during training after nkfix)","8.419","bwd: 653.1","79.8%","","rejected (0.9915)","op-evolve benchmark.py blocked timing (h40/h41), randn","g91 constant hoisting -0.6%, g92 -3.3%","","output/0927__b0/bwd/progress.md; output/0927__b0/bwd/rounds/031/","Stage 6 · B0 4-card campaign","B0-28 GPU3","0","rejected",""
"145","2026-09-28","bwd","B0 bwd job r32 (fast)","gfx1250-flydsl-attn-bwd-20260917-115934 (B0 numbering r24-r32, clashing with A0 r24-r27)","B0-28 GPU3 (ctheliosp-1b112-a37-1, op level ~2.15 GHz; ~1.34-1.39 GHz during training after nkfix)","8.641","bwd: 636.3","77.8%","","rejected (0.9861)","op-evolve benchmark.py blocked timing (h40/h41), randn","g95 register-resident dV/dK pipelining","at 12:45 UTC both loops stopped; handed over to A0 (5188c9da)","output/0927__b0/bwd/progress.md; output/0927__b0/bwd/rounds/032/","Stage 6 · B0 4-card campaign","B0-28 GPU3","0","rejected",""
"146","2026-09-27/28","bwd","B0 lab-bwd-r19 (r19h)","B0 lab","B0-28 GPU3 (ctheliosp-1b112-a37-1, op level ~2.15 GHz; ~1.34-1.39 GHz during training after nkfix)","r19h vs r20: prod -1.72% (faster), k_dkdv VGPR 904→724","","","","win → h68","blocked / kbench","r19: 1,580 out-of-bounds prefetches over 9 UT shapes; r19h: 0","","output/0927__b0/lab-bwd-r19/REPORT.md","Stage 6 · B0 4-card campaign","B0-28 GPU3","0","info",""
"147","2026-09-27/28","bwd","B0 lab-kdq round 1 (u2n)","B0 lab","B0-28 GPU3→GPU0 (ctheliosp-1b112-a37-1, op level ~2.15 GHz; ~1.34-1.39 GHz during training after nkfix)","k_dq 3.185→2.990 ms (-6.1%), whole op 8.580→8.317 (-3.06%)","","","","win → h70","blocked / kbench","2 wave/SIMD k_dq 41% slower, closed; ku2 +6.5%","","output/0927__b0/lab-kdq/REPORT.md","Stage 6 · B0 4-card campaign","B0-28 GPU3→GPU0","0","info",""
"148","2026-09-27/28","bwd","B0 lab-kdq round 2 (training operating point)","B0 lab","B0-28 GPU0 (ctheliosp-1b112-a37-1, op level ~2.15 GHz; ~1.34-1.39 GHz during training after nkfix)","r29 vs r19h whole op -3.2% (sclk 1272-1352); all 9 follow-up arms null/loss","","","","no new champion","blocked / kbench","h73","","output/0927__b0/lab-kdq/REPORT.md second round","Stage 6 · B0 4-card campaign","B0-28 GPU0","0","null",""
"149","2026-09-27/28","bwd","B0 lab3 FUSED5 (fused dQ fp32 atomics)","B0 lab","B0-28 GPU3 (ctheliosp-1b112-a37-1, op level ~2.15 GHz; ~1.34-1.39 GHz during training after nkfix)","whole op 21.9 ms = 0.39× of the champion's 8.57 ms","","","","dead (h64)","blocked / kbench","atomic throughput 15.6 TB/s; 4-wave +30-33%","","output/0927__b0/bwd-hint.md h64","Stage 6 · B0 4-card campaign","B0-28 GPU3","0","rejected",""
"150","2026-09-28","e2e","B0 e2e before the fix (no nkfix)","0927__b0 e2e","B0-28 GPU0 (ctheliosp-1b112-a37-1, op level ~2.15 GHz; ~1.34-1.39 GHz during training after nkfix)","","","","ASM 17,049 ms, low-tier median 1,922 tps (high tier 2,016-2,022); fly r6+r20 17,120 / 1,914 (1.0045); turbo 17,655 / 1,856","—","e2e Llama-3.1-8B BF16, MBS=GBS=4, seq 8192, single card, compile off, AC none, 32L, same-process per-step alternation ABBA/BAAB, no nkfix (before the fix: backward GEMMs land on MT32x16x32)","GEMM takes 96% (backward GEMMs land on MT32x16x32)","","output/0927__b0/e2e/RESULT.md §0","Stage 6 · B0 4-card campaign","B0-28 GPU0","0","baseline",""
"151","2026-09-28","e2e","B0 e2e nkfix_b0 (n5/n6/n7)","0927__b0 e2e","B0-28 GPU0 (ctheliosp-1b112-a37-1, ~2.15 GHz at op level; ~1.34-1.39 GHz in training after nkfix)","","","","ASM 1,582/1,576 ms, 20,718/20,792 tps; fly r6+r20 1,658/1,654, 19,762/19,809 (1.0475/1.0500); turbo 2,250 / 14,563","accepted (the ASM arm's tps is 10.3× the pre-fix high tier of 2,016-2,022, and 10.8× the low-tier median of 1,922; GEMM per step 15.6-16.5 s→0.83-0.86 s, ~18-20×)","e2e Llama-3.1-8B BF16, MBS=GBS=4, seq 8192, single card, compile off, AC none, 32L, same-process per-step alternation ABBA/BAAB, nkfix (NKFIX_CHECK=1)","nkfix ported and rewritten + transpose_triton; all 997 GEMMs go through MT256x256x128","mean training sclk ~1,820→1,390 MHz (whole-board power limit ~2.13 kW), attention kernels 10-16% slower; 8 runs, 0 NaN","output/0927__b0/gemm/REPORT.md §0; output/0927__b0/e2e/RESULT.md §0; output/0927__b0/profile/REPORT.md:11,21","Stage 6 · B0 4-card campaign","B0-28 GPU0","1","gemm-fix","e2e ASM arm 2,016-2,022 -> 20,718 tok/s (10.3x; 10.8x vs low-band 1,922) vs pre-fix; fly 1,914 -> 19,762"
"152","2026-09-28","fwd+bwd","B0 in-training attention profile (e0e42ad7)","0927__b0 profile","B0-28 GPU0 (ctheliosp-1b112-a37-1, ~2.15 GHz at op level; ~1.34-1.39 GHz in training after nkfix)","per layer in training (after nkfix): fly fwd 1.57-1.84 / ASM fwd 1.21-1.23; k_dkdv 5.95-5.99 + k_dq 3.30-3.35 / ASM bwd main kernel 7.00-7.09","","","fly (fwd r6 + bwd r20) is 87 ms per step slower than ASM: fwd +19.9, bwd +71.0, ASM GQA summation -3.9 ms","info → h44 (nospec) / lab-kdq (u2n)","kineto trace + hwmon clock sampling (attention at 1250-1690 MHz in training); op-level replay (real dumps, GEMM bursts)","two factors, clock × data: FlyDSL fwd is 0.84× of ASM at 2350 MHz and 1.20× at ~1300 MHz, while ASM does not change with the clock; real score standard deviation 21-53, r6's speculation falls back in 13-25% of tile steps (randn 0%); with real inputs + post-GEMM clocks, op-level fly/asm is 1.45-1.67; the bwd gap is mainly in k_dq (3.33 ms/layer)","the profile called k_dq latency/memory bound and clock-insensitive; lab-kdq corrected this to issue bound, ~1.36× clock-sensitive at 1272-1352 MHz, which does not reconcile with k_dq being only +2% slower in training","output/0927__b0/profile/REPORT.md §0,§3; output/0927__b0/lab-kdq/REPORT.md; commit e0e42ad7","Stage 6 · B0 4-card campaign","B0-28 GPU0","0","info",""
"153","2026-09-28","e2e","B0 e2e r13 (speculative) + r20","0927__b0 e2e","B0-28 GPU0 (ctheliosp-1b112-a37-1, ~2.15 GHz at op level; ~1.34-1.39 GHz in training after nkfix)","","","","fly 19,822/19,887 vs ASM 20,721/20,794 (1.0454/1.0447)","—","e2e Llama-3.1-8B BF16, MBS=GBS=4, seq 8192, single card, compile off, AC none, 32L, same-process per-step alternation ABBA/BAAB, nkfix (NKFIX_CHECK=1)","fly fwd grows from step to step, 50→61 ms","","output/0927__b0/fwd-nospec/REPORT.md §3","Stage 6 · B0 4-card campaign","B0-28 GPU0","1","e2e-gain","e2e fly/asm 1.0475/1.0500 -> 1.0454/1.0447 (fwd r6 -> r13), same-process ratio"
"154","2026-09-28","e2e","B0 e2e r13ns + r20","0927__b0 e2e","B0-28 GPU0 (ctheliosp-1b112-a37-1, ~2.15 GHz at op level; ~1.34-1.39 GHz in training after nkfix)","","","","fly 1,644/1,642 ms, 19,929/19,951 tps vs ASM 1,578, 20,761/20,760 (1.0403/1.0408)","—","e2e Llama-3.1-8B BF16, MBS=GBS=4, seq 8192, single card, compile off, AC none, 32L, same-process per-step alternation ABBA/BAAB, nkfix (NKFIX_CHECK=1)","fwd 48.4-49.3 vs 38.8-39.3 ms/step","","output/0927__b0/e2e/RESULT-final.md §0","Stage 6 · B0 4-card campaign","B0-28 GPU0","1","e2e-gain","e2e fly/asm 1.0454/1.0447 -> 1.0403/1.0408 (fwd r13 -> r13ns), same-process ratio"
"155","2026-09-28","e2e","B0 e2e final version: fwd r16(r13ns) + bwd r29","0927__b0 e2e","B0-28 GPU0 (ctheliosp-1b112-a37-1, ~2.15 GHz at op level; ~1.34-1.39 GHz in training after nkfix)","","","","fly 1,631/1,633 ms, 20,091/20,070 tps vs ASM 1,579/1,583, 20,747/20,697 (1.0323/1.0328)","B0 best","e2e Llama-3.1-8B BF16, MBS=GBS=4, seq 8192, single card, compile off, AC none, 32L, same-process per-step alternation ABBA/BAAB, nkfix (NKFIX_CHECK=1)","the gain comes entirely from bwd (-15 ms/step); the remaining gap is ~52 ms in bwd and ~10 ms/step in fwd","sclk 1342/1371 MHz; commit 64d59269","output/0927__b0/e2e/RESULT-final.md §0","Stage 6 · B0 4-card campaign","B0-28 GPU0","1","e2e-gain","e2e fly/asm 1.0403/1.0408 -> 1.0323/1.0328 (bwd r20 -> r29, -15 ms/step); fly 20,091/20,070 tok/s"
"156","2026-09-28","fwd","A0 reproduction of the B0 fwd champion (void)","0928__a0_repro","A0 heliosr-1b114-c07-1 (VR throttle 1100 MHz, ~0.94-1.07 GHz under load)","r13ns 2.023 / ASM 1.564 (base 2.395, r6 1.919)","fwd: r13ns 1087 (derived)","77.3% (r13ns/ASM 1.293)","","void","blocked timing (lead 4 + block 9, palindromic, 256 MiB flush), randn","r6 vs base +23-25%, consistent with B0; r13ns 5.4% slower than r13 (randn)","the last measurement at 1100 MHz; voided after the 09-30 re-measurement","output/0928__a0_repro/REPORT.md §1","Stage 7 · A0 re-measure across the reflash","A0-T","0","retracted",""
"157","2026-09-28","bwd","A0 reproduction of the B0 bwd champion (void)","0928__a0_repro","A0 heliosr-1b114-c07-1 (VR throttle 1100 MHz, ~0.94-1.07 GHz under load)","r20 10.600 / r19h 10.826 / r29 11.010 / ASM 7.654","bwd: r29 499 (derived)","r20 72.2%, r29 69.5%","","void","blocked timing (lead 4 + block 9, palindromic, 256 MiB flush), randn","the bwd gains seen on B0 go the opposite way on A0 (r19h -2.2%, r29 -3.9%)","this conclusion disappeared after the 09-30 re-measurement","output/0928__a0_repro/REPORT.md §1","Stage 7 · A0 re-measure across the reflash","A0-T","0","retracted",""
"158","2026-09-28","e2e","A0 e2e 3 arms / 2×2 decomposition (void)","0928__a0_repro","A0 heliosr-1b114-c07-1 (VR throttle 1100 MHz, ~0.94-1.07 GHz under load)","","","","32L asm/old/new 1947 / 2070 / 2071 ms; 24L ASM 1483.4 / r16+r20 1569.9 ms","void","e2e Llama-3.1-8B BF16, MBS=GBS=4, seq 8192, single card, compile off, AC none, nkfix","new/old 0.9987; best combination fwd r16 + bwd r20","5 training processes across two boots: in boot 1, p3a normal, p3b NaN, p4a-32L wedged at 11:55; in boot 2, p4a-24L normal, p4b-24L wedged at 12:32:50 on step 1 (each of the two wedges took one AC power cycle); suspected cause: the fwd tree's _env.py repointing to the host hipBLASLt (unproven), which later became one of the grounds for h85's rule of using only the image's hipBLASLt","output/0928__a0_repro/REPORT.md §2,§5.3; output/1002__oe/incident/WEDGE-1002.md:13","Stage 7 · A0 re-measure across the reflash","A0-T","0","retracted",""
"159","2026-09-29","—","A0 firmware reflash / driver change (admin)","platform event","A0","","","","","—","","VBIOS 113-M4500001-630A→700E, SMU 125.7.1→125.12.0, amdgpu-dkms 7.1.1-2397345→7.1.0-2411946; sclk DPM 500/1100→500/2356/2400, fclk 1100→1250/1900","at 09-28 19:39 UTC another user removed 7.1.1-2397345 and at 19:40 installed 7.1.0-2410994 (reinstalled 21:40-21:42) → PSP ID_LOAD_TOC failed (0x11), probe -62, the card could not initialize, unchanged after an AC power cycle at 09-29 06:40; at 09-29 16:09 switched to -2411826, at 21:28 to -2411946 (reinstalled at 21:41 and 22:13); VBIOS flashed to 700E sometime after 09-29 06:25; ~10 reboots during 19:08-22:19; the VR warning is still printed, but DPM no longer caps the clock","output/0928__a0_repro/REPORT.md §6.3; session 2dafe0d2","Stage 7 · A0 re-measure across the reflash","A0-R","0","platform",""
"160","2026-09-30","fwd","A0 same-ruler re-measurement after the reflash (fwd)","0928__a0_repro §6","A0 (after the 09-29 firmware reflash: VBIOS 700E / SMU 125.12.0 / dkms 7.1.0-2411946, op level 1.74-2.03 GHz)","r13ns 1.353/1.356; ASM 1.257/1.253 (base 1.414, r6 1.292)","fwd: 1626/1622; ASM 1750/1755","92.9% (r13ns/ASM 1.076/1.082)","","new baseline","blocked timing (lead 4 + block 9, palindromic, 256 MiB flush), randn","same code, same ruler: speedups of FlyDSL fwd 1.47-1.50× (both orders o1/o2, mean ~1.48×) and ASM fwd 1.23-1.24×","sclk 1757-1928 MHz; commit 9b8f7397","output/0928__a0_repro/REPORT.md §6.1","Stage 7 · A0 re-measure across the reflash","A0-R","0","platform",""
"161","2026-09-30","bwd","A0 same-ruler re-measurement after the reflash (bwd)","0928__a0_repro §6","A0 (after the 09-29 firmware reflash: VBIOS 700E / SMU 125.12.0 / dkms 7.1.0-2411946, op level 1.74-2.03 GHz)","r20 6.571 / r19h 6.575 / r29 6.583; ASM 5.503","bwd: r29 835; ASM 999","83.6% (r29)","","new baseline","blocked timing (lead 4 + block 9, palindromic, 256 MiB flush), randn","speedups of FlyDSL bwd 1.67× and ASM bwd 1.39×; r20/r19h/r29 differ by <0.3%","sclk 1872-2031 MHz","output/0928__a0_repro/REPORT.md §6.2","Stage 7 · A0 re-measure across the reflash","A0-R","0","platform",""
"162","2026-09-30","fwd+bwd","roofline microbenchmarks","0930__roofline","A0 (after the 09-29 firmware reflash: VBIOS 700E / SMU 125.12.0 / dkms 7.1.0-2411946, op level 1.74-2.03 GHz)","","","","","info","in-kernel s_get_shader_cycles + PMC","W=8 cycle/WMMA; LDS 256 B/clk/CU/segment; WMMA↔DS switch ~29 cycles; full-load WMMA ~1.66-1.75 GHz; HBM ~18.5 TB/s","","output/0930__roofline/REPORT.md","Stage 7 · A0 re-measure across the reflash","A0-R","0","info",""
"163","2026-09-30","fwd","M8 fwd ablation (r13ns)","0930__roofline","A0 (after the 09-29 firmware reflash: VBIOS 700E / SMU 125.12.0 / dkms 7.1.0-2411946, op level 1.74-2.03 GHz)","base 1.377 / ASM 1.264 (PMC harness)","","","","info","speed-of-light ablation (output wrong, timing only)","skeleton overhead 28%, softmax 19% (exp only 2%), barrier 5%, causal imbalance 4%","","output/0930__roofline/REPORT.md:162-206","Stage 7 · A0 re-measure across the reflash","A0-R","0","info",""
"164","2026-09-30","bwd","P1 profiler matrix","0930__bwd","A0 (after the 09-29 firmware reflash: VBIOS 700E / SMU 125.12.0 / dkms 7.1.0-2411946, op level 1.74-2.03 GHz)","","","","","info","rocprofv3 ATT / PMC","under the new firmware ATT works for both FlyDSL JIT and the ASM .co; kernel-trace still has 0 rows; PC sampling is still unavailable","","output/0930__bwd/probe/P1-RESULTS.md","Stage 7 · A0 re-measure across the reflash","A0-R","0","info",""
"165","2026-09-30","bwd","base r29","0930 bwd hand campaign (A0)","A0 (after the 09-29 firmware reflash: VBIOS 700E / SMU 125.12.0 / dkms 7.1.0-2411946, op level 1.74-2.03 GHz)","6.579 / ASM 5.502","bwd: 835.7","83.6%","","baseline","blocked timing (lead 4 + block 9, palindromic, 256 MiB flush), randn; same-process r29 + r29_aa + ASM, threshold 0.5%","starting point (B0 champion code)","A/A 0.01%","output/0930__bwd/PROGRESS.md","Stage 8 · bwd hand campaign","A0-R","0","baseline",""
"166","2026-09-30","bwd","a01 dqg_u2off (c1)","0930 bwd hand campaign (A0)","A0 (after the 09-29 firmware reflash: VBIOS 700E / SMU 125.12.0 / dkms 7.1.0-2411946, op level 1.74-2.03 GHz)","6.504 / r29 6.559 / ASM 5.476","bwd: 845","84.2%","","accepted (-0.85%, tentative base c1)","blocked timing (lead 4 + block 9, palindromic, 256 MiB flush), randn; same-process r29 + r29_aa + ASM, threshold 0.5%","DQ_U2=False: on A0's new firmware, unrolling k_dq ×2 is a net loss","reverse-order re-check -0.80%","output/0930__bwd/PROGRESS.md","Stage 8 · bwd hand campaign","A0-R","1","hand-champion","bwd 6.559 -> 6.504 ms (-0.85% same process; reverse -0.80%), 835.7 -> 845 TF/s vs r29"
"167","2026-09-30","bwd","a02 dkdv_ku2","0930 bwd hand campaign (A0)","A0 (after the 09-29 firmware reflash: VBIOS 700E / SMU 125.12.0 / dkms 7.1.0-2411946, op level 1.74-2.03 GHz)","7.099 / r29 6.563","","77.3%","","rejected (+8.17%)","blocked timing (lead 4 + block 9, palindromic, 256 MiB flush), randn; same-process r29 + r29_aa + ASM, threshold 0.5%","KV_U2=True; ATT: s_wait_loadcnt stall 0.50M→1.73M","","output/0930__bwd/PROGRESS.md","Stage 8 · bwd hand campaign","A0-R","0","rejected",""
"168","2026-09-30","bwd","a03 ablations A1-A5","0930 bwd hand campaign (A0)","A0 (after the 09-29 firmware reflash: VBIOS 700E / SMU 125.12.0 / dkms 7.1.0-2411946, op level 1.74-2.03 GHz)","A2 5.370","","A2 >100%","","info","blocked timing (lead 4 + block 9, palindromic, 256 MiB flush), randn; same-process r29 + r29_aa + ASM, threshold 0.5%","A2 (k_dkdv Q/dO global loads removed) -18.5% (faster than ASM) → main lever; A5 (+16 WMMA per iteration) +4.0%","output wrong, ceiling only","output/0930__bwd/PROGRESS.md","Stage 8 · bwd hand campaign","A0-R","0","info",""
"169","2026-09-30","bwd","a04 lse_late / divfree / trorder / trorder_b","0930 bwd hand campaign (A0)","A0 (after the 09-29 firmware reflash: VBIOS 700E / SMU 125.12.0 / dkms 7.1.0-2411946, op level 1.74-2.03 GHz)","trorder 6.530 / r29 6.588","","84.3%","","trorder accepted, divfree held for stacking","blocked timing (lead 4 + block 9, palindromic, 256 MiB flush), randn; same-process r29 + r29_aa + ASM, threshold 0.5%","last DS segment split into 4 interleaved zones (-0.89%); lse_late +4.06%","bitwise identical","output/0930__bwd/PROGRESS.md","Stage 8 · bwd hand campaign","A0-R","0","info",""
"170","2026-09-30","bwd","a05 tailpf / soffset / streams / flip","0930 bwd hand campaign (A0)","A0 (after the 09-29 firmware reflash: VBIOS 700E / SMU 125.12.0 / dkms 7.1.0-2411946, op level 1.74-2.03 GHz)","tailpf 6.382 / r29 6.602","","86.2%","","tailpf, streams, soffset accepted (held for stacking)","blocked timing (lead 4 + block 9, palindromic, 256 MiB flush), randn; same-process r29 + r29_aa + ASM, threshold 0.5%","tailpf -3.33%, streams -0.89%, soffset -0.65%, flip -0.46%","","output/0930__bwd/PROGRESS.md","Stage 8 · bwd hand campaign","A0-R","0","info",""
"171","2026-09-30","bwd","a06 dkdv_tdm (3-stage TDM ring, no read-back into registers)","0930 bwd hand campaign (A0)","A0 (after the 09-29 firmware reflash: VBIOS 700E / SMU 125.12.0 / dkms 7.1.0-2411946, op level 1.74-2.03 GHz)","6.628 / c1 6.517","","82.7%","","rejected (+1.7% vs c1)","blocked timing (lead 4 + block 9, palindromic, 256 MiB flush), randn; same-process r29 + r29_aa + ASM, threshold 0.5%","the loadcnt waits disappear, but the ds_load reading back from the ring stalls on dscnt","bitwise identical","output/0930__bwd/PROGRESS.md","Stage 8 · bwd hand campaign","A0-R","0","rejected",""
"172","2026-09-30","bwd","a07 TDM_DEPTH=2","0930 bwd hand campaign (A0)","A0 (after the 09-29 firmware reflash: VBIOS 700E / SMU 125.12.0 / dkms 7.1.0-2411946, op level 1.74-2.03 GHz)","tdm2 6.503 / c1 6.493","","","","rejected (flat)","blocked timing (lead 4 + block 9, palindromic, 256 MiB flush), randn; same-process r29 + r29_aa + ASM, threshold 0.5%","","","output/0930__bwd/PROGRESS.md","Stage 8 · bwd hand campaign","A0-R","0","rejected",""
"173","2026-09-30","bwd","a08 abl_l2","0930 bwd hand campaign (A0)","A0 (after the 09-29 firmware reflash: VBIOS 700E / SMU 125.12.0 / dkms 7.1.0-2411946, op level 1.74-2.03 GHz)","6.508 / r29 6.574","","","","info","blocked timing (lead 4 + block 9, palindromic, 256 MiB flush), randn; same-process r29 + r29_aa + ASM, threshold 0.5%","pinning the source address to tile 0 gives only -1.0%: L2 bandwidth is not the limit; A2's gain comes from 'the B operand is already in registers'","","output/0930__bwd/PROGRESS.md","Stage 8 · bwd hand campaign","A0-R","0","info",""
"174","2026-09-30","bwd","a09 s1 = tailpf + trorder + streams","0930 bwd hand campaign (A0)","A0 (after the 09-29 firmware reflash: VBIOS 700E / SMU 125.12.0 / dkms 7.1.0-2411946, op level 1.74-2.03 GHz)","6.329 (reverse order 6.323) / r29 6.575","bwd: 869","86.9%","","accepted (-3.74%)","blocked timing (lead 4 + block 9, palindromic, 256 MiB flush), randn; same-process r29 + r29_aa + ASM, threshold 0.5%","patches merged","bitwise identical; commit 7f42a5da","output/0930__bwd/PROGRESS.md","Stage 8 · bwd hand campaign","A0-R","1","hand-champion","bwd 6.504 -> 6.329 ms, 845 -> 869 TF/s; -3.74% vs r29 same process (re-check vs c1 6.526 -> 6.323, -3.1%, derived)"
"175","2026-09-30","bwd","a10 s2 = s1 + mem_soffset_q","0930 bwd hand campaign (A0)","A0 (after the 09-29 firmware reflash: VBIOS 700E / SMU 125.12.0 / dkms 7.1.0-2411946, op level 1.74-2.03 GHz)","6.304 / r29 6.586","bwd: 872","87.4%","","accepted (-4.28%)","blocked timing (lead 4 + block 9, palindromic, 256 MiB flush), randn; same-process r29 + r29_aa + ASM, threshold 0.5%","k_dqg loads switched to voffset+soffset+immediate offset (VGPR 1016/1024)","","output/0930__bwd/PROGRESS.md","Stage 8 · bwd hand campaign","A0-R","1","hand-champion","bwd 6.339 -> 6.304 ms (-0.56% vs s1 same process), 869 -> 872 TF/s; -4.28% vs r29"
"176","2026-09-30","bwd","a11 dkdv_tdm3","0930 bwd hand campaign (A0)","A0 (after the 09-29 firmware reflash: VBIOS 700E / SMU 125.12.0 / dkms 7.1.0-2411946, op level 1.74-2.03 GHz)","5.856 / c1 6.541 / r29 6.592","bwd: 939","94.0%","","accepted (-11.17%)","blocked timing (lead 4 + block 9, palindromic, 256 MiB flush), randn; same-process r29 + r29_aa + ASM, threshold 0.5%","3-stage TDM ring + the next iteration's B operands read into registers early (WMMA↔DS switches 7→2)","commit 12bbd6c9","output/0930__bwd/PROGRESS.md","Stage 8 · bwd hand campaign","A0-R","0","info",""
"177","2026-09-30","bwd","a12 s3 = tdm3 + dqg_ts + side stream","0930 bwd hand campaign (A0)","A0 (after the 09-29 firmware reflash: VBIOS 700E / SMU 125.12.0 / dkms 7.1.0-2411946, op level 1.74-2.03 GHz)","5.769 (re-check 5.766) / r29 6.582","bwd: 953","95.4%","","accepted (-12.34%)","blocked timing (lead 4 + block 9, palindromic, 256 MiB flush), randn; same-process r29 + r29_aa + ASM, threshold 0.5%","PMC k_dkdv 6.06e6 cyc, k_dqg 3.29e6 (concurrent)","commit 4080e84a","output/0930__bwd/PROGRESS.md","Stage 8 · bwd hand campaign","A0-R","1","hand-champion","bwd 6.303 -> 5.769 ms (-8.5% vs s2 same process, derived), 872 -> 953 TF/s; -12.34% vs r29"
"178","2026-09-30","bwd","a13 w4f (4-wave fused dQ, 5 GEMMs)","0930 bwd hand campaign (A0)","A0 (after the 09-29 firmware reflash: VBIOS 700E / SMU 125.12.0 / dkms 7.1.0-2411946, op level 1.74-2.03 GHz)","15.857 / s3 5.754","bwd: 347","34.6%","","rejected (+141.6%)","blocked timing (lead 4 + block 9, palindromic, 256 MiB flush), randn; same-process r29 + r29_aa + ASM, threshold 0.5%","split barrier + fp32 SCOPE_DEV dQ atomics; correct (dq 52.56 dB); s_wait_tensorcnt before the signal accounts for 59%","","output/0930__bwd/PROGRESS.md","Stage 8 · bwd hand campaign","A0-R","0","rejected",""
"179","2026-09-30","bwd","a14 s3_df / s3_trim / s3_dqtrim","0930 bwd hand campaign (A0)","A0 (after the 09-29 firmware reflash: VBIOS 700E / SMU 125.12.0 / dkms 7.1.0-2411946, op level 1.74-2.03 GHz)","s3_trim 5.508 / s3_df 5.598 / s3_dqtrim 5.673","bwd: 998 (s3_trim)","99.8% (s3_trim)","","s3_trim, s3_df accepted","blocked timing (lead 4 + block 9, palindromic, 256 MiB flush), randn; same-process r29 + r29_aa + ASM, threshold 0.5%","DS segment-address VALU 20→2, v_nop 23→9; hot-loop SALU 105→60","bitwise identical","output/0930__bwd/PROGRESS.md","Stage 8 · bwd hand campaign","A0-R","0","info",""
"180","2026-09-30","bwd","a15 w4f variants (relax / noatom / relax_noatom)","0930 bwd hand campaign (A0)","A0 (after the 09-29 firmware reflash: VBIOS 700E / SMU 125.12.0 / dkms 7.1.0-2411946, op level 1.74-2.03 GHz)","relax 9.529 / noatom 4.341 / relax_noatom 4.241","bwd: relax_noatom 1296","relax_noatom 129.6% (output wrong)","","info","blocked timing (lead 4 + block 9, palindromic, 256 MiB flush), randn; same-process r29 + r29_aa + ASM, threshold 0.5%","the 5-GEMM structure's potential is ~4.2 ms; dQ atomic writes eat ~5.3 ms","","output/0930__bwd/PROGRESS.md","Stage 8 · bwd hand campaign","A0-R","0","info",""
"181","2026-09-30","bwd","a16 s4 = s3_trim + s3_df + s3_dqtrim","0930 bwd hand campaign (A0)","A0 (after the 09-29 firmware reflash: VBIOS 700E / SMU 125.12.0 / dkms 7.1.0-2411946, op level 1.74-2.03 GHz)","5.532 (re-measured 5.494) / ASM 5.517","bwd: 994","99.7% (99.8%)","","accepted (-16.04%)","blocked timing (lead 4 + block 9, palindromic, 256 MiB flush), randn; same-process r29 + r29_aa + ASM, threshold 0.5%","three-way merge; the combination proof passed","commit 552dfb4d","output/0930__bwd/PROGRESS.md","Stage 8 · bwd hand campaign","A0-R","1","hand-champion","bwd 5.768 -> 5.532 ms (-4.1% vs s3 same process, derived; -0.5% vs s3_trim), 953 -> 994 TF/s; -16.04% vs r29"
"182","2026-09-30","bwd","a17 w4f round 2 (r2a/r2b/r2ab)","0930 bwd hand campaign (A0)","A0 (after the 09-29 firmware reflash: VBIOS 700E / SMU 125.12.0 / dkms 7.1.0-2411946, op level 1.74-2.03 GHz)","r2a 9.272 / r2b 9.821 / r2ab 9.397","","","","rejected","blocked timing (lead 4 + block 9, palindromic, 256 MiB flush), randn; same-process r29 + r29_aa + ASM, threshold 0.5%","LSE/delta through the TDM ring -2.6%; XCD localization +3.2%","","output/0930__bwd/PROGRESS.md","Stage 8 · bwd hand campaign","A0-R","0","rejected",""
"183","2026-09-30","bwd","a18 w4f_r3 (dq workspace in ASM fragment order)","0930 bwd hand campaign (A0)","A0 (after the 09-29 firmware reflash: VBIOS 700E / SMU 125.12.0 / dkms 7.1.0-2411946, op level 1.74-2.03 GHz)","6.630 / r2a 9.269","bwd: 829","82.7%","","rejected (-28.5% vs r2a)","blocked timing (lead 4 + block 9, palindromic, 256 MiB flush), randn; same-process r29 + r29_aa + ASM, threshold 0.5%","each atomic write fills a whole aligned 128 B line","","output/0930__bwd/PROGRESS.md","Stage 8 · bwd hand campaign","A0-R","0","rejected",""
"184","2026-09-30","bwd","a19 s5 = dqg_tdm","0930 bwd hand campaign (A0)","A0 (after the 09-29 firmware reflash: VBIOS 700E / SMU 125.12.0 / dkms 7.1.0-2411946, op level 1.74-2.03 GHz)","5.338 (re-check 5.339) / s4 5.453 / ASM 5.505","bwd: 1030","103.1% (proxy 112.8%)","","accepted (-18.85%, new champion s5)","blocked timing (lead 4 + block 9, palindromic, 256 MiB flush), randn; same-process r29 + r29_aa + ASM, threshold 0.5%","k_dqg also switched to the 3-stage TDM ring + register prefetch (VGPR 1020→878); the 1-wave path beats ASM for the first time","lab_validate: 200 prod runs bitwise identical; commit a94ccebe","output/0930__bwd/PROGRESS.md","Stage 8 · bwd hand campaign","A0-R","1","hand-champion","bwd 5.453 -> 5.338 ms (-2.1% vs s4 same process), 994 -> 1030 TF/s, 103.1% of ASM"
"185","2026-09-30","bwd","a20 w4f round 4 (r4a/r4b/r4c/r4ac/r4abc)","0930 bwd hand campaign (A0)","A0 (after the 09-29 firmware reflash: VBIOS 700E / SMU 125.12.0 / dkms 7.1.0-2411946, op level 1.74-2.03 GHz)","r4b 6.509 / s5 5.323 / ASM 5.501","bwd: 845","84.5%","","rejected (w4f paused)","blocked timing (lead 4 + block 9, palindromic, 256 MiB flush), randn; same-process r29 + r29_aa + ASM, threshold 0.5%","r4b, dscnt 0x12 before the signal + LSE TDM moved later: -2.4%; r4a, reverse q scan: +5.4%","commit 7cd15aef","output/0930__bwd/PROGRESS.md","Stage 8 · bwd hand campaign","A0-R","0","rejected",""
"186","2026-09-30","bwd","a21 s6 = s5_vtrim (current bwd champion)","0930 bwd hand campaign (A0)","A0 (after the 09-29 firmware reflash: VBIOS 700E / SMU 125.12.0 / dkms 7.1.0-2411946, op level 1.74-2.03 GHz)","5.300 (reverse-order re-check 5.295) / ASM 5.500 (5.497)","bwd: 1037-1038","103.8%","","accepted (-19.5% vs r29)","blocked timing (lead 4 + block 9, palindromic, 256 MiB flush), randn; same-process r29 + r29_aa + ASM, threshold 0.5%","dqg_vtrim's VALU trimming ported to the TDM k_dqg: hot-loop VALU 290→194","dq differs from s5 at 81 dB (packed order), SQNR 52.5 dB unchanged; commit 7cd15aef; randn only","output/0930__bwd/PROGRESS.md","Stage 8 · bwd hand campaign","A0-R","1","hand-champion","bwd 5.347 -> 5.300 ms (-0.88% vs s5; reverse -0.77%), 1030 -> 1037-1038 TF/s, 103.8% of ASM; -19.5% vs r29"
"187","2026-09-30","fwd+bwd","port-1: fwd r16 + bwd r29 ported to flydsl 0.2.4","product branch dev/lhz/llama31_attn_opt (off origin/main 8cda13c7)","A0 (after the 09-29 firmware reflash: VBIOS 700E / SMU 125.12.0 / dkms 7.1.0-2411946, op level 1.74-2.03 GHz)","fwd 1.292 / ASM 1.187; bwd 6.618 / ASM 5.360","fwd 1702 / bwd 831 (derived)","fwd 91.9% (1.088×); bwd 81.0% (1.235×)","","pushed, PR not opened","product bench, blocked, randn, ASM in the same process","c36cc124 gfx950 gate >=→==; 5658a443 new kernel package + 0.2.4 compatibility layer; e05b67fd FLYDSL backend routing; 5a8446b5 tests; geomean over 36 shapes vs Triton: causal fwd 4.13× / bwd 3.37×","0.2.4 encodes the address of the async LDS→global O store wrongly → switched to buffer_store, at a cost of fwd ~1.3%, bwd ~1.8%","output/0930__port/PR_BODY.md; git log dev/lhz/llama31_attn_opt","Stage 9 · A0 e2e and product port","A0-R","1","port","product branch Triton -> FlyDSL: 36-shape geomean causal fwd 4.13x, bwd 3.37x; prod fwd 91.9%, bwd 81.0% of ASM"
"188","2026-09-30","fwd+bwd","port-2: API stability cleanup (1f74e662, 58d5d798)","product branch dev/lhz/llama31_attn_opt (off origin/main 8cda13c7)","A0 (after the 09-29 firmware reflash: VBIOS 700E / SMU 125.12.0 / dkms 7.1.0-2411946, op level 1.74-2.03 GHz)","fwd 1.283 / bwd 6.620","","","","pushed","same as above","removed private-field writes and reads, deleted ~1,700 lines of dead code, kept the raw boundary marked UNSTABLE(gfx1250); ISA of the 11 kernels unchanged; 60 UTs pass","","output/0930__port/API_AUDIT_SUMMARY.md; session fdc2534d","Stage 9 · A0 e2e and product port","A0-R","0","info",""
"189","2026-10-02","bwd","s6 ported to flydsl 0.3.4.1 (bwd_s6_0341)","10-02 e2e kit","A0 (CPU compile-only)","","","","","used for e2e","compile-only ISA diff","under 0.3.2 and 0.3.4.1, the final ISA / LLVM IR / gpu.binary of the 4 kernels are byte-identical","","output/1002__e2e/E2E-PLAN.md:72-88; commit fd6dce02","Stage 9 · A0 e2e and product port","A0 (CPU)","0","info",""
"190","2026-10-02","fwd+bwd","randn baseline re-measurement under the new driver (base1002)","10-02 manual (A0)","A0 (VBIOS 700E, driver 7.1.0-2412954)","bwd s6 5.295 / r29 6.567 / ASM 5.513; fwd r13ns 1.362 / ASM 1.262","bwd: s6 1038; fwd: r13ns 1615 (derived)","bwd s6 104.1%; fwd 92.7% (time ratio 1.079)","","—","blocked timing (lead 4 + block 9, palindromic, 256 MiB flush), randn","after the driver change to 7.1.0-2412954 the randn conclusions are unchanged","driver changed on 10-01; the previous boot ended at 10-01 20:41 with a reboot on a fatal CPU L3 BERT error (twice on 09-28 as well); on 10-02 GPU RAS reported one batch of pcie_pl correctable errors at each of 07:58:50 and 08:09:46 (57+58 entries)","output/1002__e2e/E2E-PLAN.md §1,§7; output/0930__bwd/runs/base1002_{bwd,fwd}_prod.log; output/0928__a0_repro/REPORT.md §5.3","Stage 9 · A0 e2e and product port","A0-D","0","re-measure",""
"191","2026-10-02","fwd+bwd","real training data op A/B (realab)","10-02 manual (A0)","A0 (VBIOS 700E, driver 7.1.0-2412954)","blk: fwd r16 1.308 / ASM 1.209; bwd s6 5.324 / ASM 5.475. gb: fwd 1.535 / 1.137; bwd 5.743 / 5.530","","blk: fwd 92.5% (time ratio 1.081), bwd 102.9% (0.972); gb: fwd 74.1% (1.349), bwd 96.3% (1.038)","","—","real q/k/v of 6 layers dumped at B0 step 43; blk = job ruler; gb = a burst of 10 bf16 GEMMs before each timing (training operating point ~1.28 GHz)","at the training operating point ASM barely changes, while FlyDSL slows down in both directions; s6/r29 gb 0.774","driver 7.1.0-2412954 (changed on 10-01); commit 9108fd7c","output/1002__e2e/RESULT-realab.md","Stage 9 · A0 e2e and product port","A0-D","0","info",""
"192","2026-10-02","e2e","A0 e2e 3 arms: fly(r16+s6) / flyr29 / asm","10-02 manual (A0)","A0 (VBIOS 700E, driver 7.1.0-2412954)","","","bwd ~4 ms faster per step (adjacent pairs 4.50/4.56, i.e. the 4.5 in the main text; difference of the two arms' medians 3.8-4.4, which the RESULT-e2e.md table rounds to 3.9-4.3), fwd 9.2 ms slower (vs ASM)","fly 1349.4/1349.9 ms (0.9990/0.9985× ASM, 24,283/24,275 tps); ASM 1350.6 ms / 24,262 tps; flyr29 1389.6/1388.5 (1.0269/1.0273)","A0 e2e best","e2e Llama-3.1-8B BF16, MBS=GBS=4, seq 8192, single card, compile off, AC none, 32L, nkfix (NKFIX_CHECK=1), 2 processes × 92 steps, 3 arms alternating","s6 saves ~53 ms of attention bwd per step vs r29 (consistent with the op-level prediction)","median training sclk ~1.50 GHz; 0 non-finite, 0 BLAS rewrites; commit 5497446d; total attention for fly is ~4.3-5.2 ms more per step (adjacent pairs +4.89/+4.27; two-arm medians +4.6/+5.2), yet the step is 0.7-2.0 ms faster (adjacent pairs 1.4/2.0; two-arm medians 1.2/0.7); in both processes Δstep-ΔFA is -6.3 ms, exceeding the 5 ms threshold of E2E-PLAN §4 criterion 2 (all three pairwise comparisons exceed it; s6 vs r29: attention -53.0 ms, while the step is only 37.0-39.1 ms faster); RESULT-e2e.md neither discusses nor breaks this down","output/1002__e2e/RESULT-e2e.md; e2e/runs/TABLE.1002_095504.md; e2e/runs/analysis.1002_095504.txt §2; E2E-PLAN.md §4","Stage 9 · A0 e2e and product port","A0-D","1","e2e-gain","e2e fly/asm 1.0269/1.0273 (bwd r29) -> 0.9990/0.9985 (bwd s6); fly 24,283/24,275 vs ASM 24,262 tok/s"
"193","2026-09-30","bwd","A0 bwd job r24 (deep, A0 numbering)","gfx1250-flydsl-attn-bwd-20260917-115934 (A0 numbering r24-r27)","A0 (after the 09-29 firmware reflash: VBIOS 700E / SMU 125.12.0 / dkms 7.1.0-2411946, op level 1.74-2.03 GHz)","5.295 (derived)","bwd: prod 1038.34 (proxy 999.04, fast 85.64)","104.0% (same-session beat 998.67)","","accepted (gain 1.4263)","op-evolve benchmark.py blocked timing (h40/h41), randn; fast uses min (from r25 on)","refactor h75 adopts the hand-campaign champion s6; deep: ATT ran end to end in a deep round for the first time and identified the power limit (all-zero operands: -34% time); candidate g77 DQT_VT_KEEP (register allocation change only) null on prod/proxy","the acceptance at 1.4263× was a false positive from fast-median noise (prod 0.9986) → fast switched to min scoring + gain_weights prod1/proxy0.25/fast0 (D7/h83); commit 4d61867f","OE artifacts/gfx1250-flydsl-attn-bwd-20260917-115934/job_context/state.yaml + rounds/024/","Stage 10 · A0 bwd job r24-r27 and the 10-02 wedge","A0-R","0","null",""
"194","2026-09-30","bwd","A0 bwd job r25 (fast, A0 numbering)","gfx1250-flydsl-attn-bwd-20260917-115934 (A0 numbering r24-r27)","A0 (after the 09-29 firmware reflash: VBIOS 700E / SMU 125.12.0 / dkms 7.1.0-2411946, op level 1.74-2.03 GHz)","5.292 (derived)","bwd: prod 1039.02 (proxy 1002.18, fast 94.41)","103.9% (same-session beat 1000.26)","","rejected (gain 1.0033)","op-evolve benchmark.py blocked timing (h40/h41), randn; fast uses min (from r25 on)","g75 DQT_DSADDR (prod -0.19%); g73 packed bf16 dQ atomics ruled dead in the CPU numerical pre-screen","weighted gain 1.0033 < 1.007; stopped at 14:34 UTC before r26 and handed the machine over; commit 070c8895; rejected, yet the champions in state record prod/proxy=25, fast=24, best_round=24","OE artifacts/gfx1250-flydsl-attn-bwd-20260917-115934/job_context/state.yaml + rounds/025/","Stage 10 · A0 bwd job r24-r27 and the 10-02 wedge","A0-R","0","rejected",""
"195","2026-10-02","bwd","A0 bwd job r26 (fast, A0 numbering)","gfx1250-flydsl-attn-bwd-20260917-115934 (A0 numbering r24-r27)","A0 (VBIOS 700E, driver 7.1.0-2412954)","6.486 (derived)","bwd: prod 847.73 (proxy 730.2, fast 87.58)","84.7% (same-session beat 1000.45)","","failed (gain 0.7955)","op-evolve benchmark.py blocked timing (h40/h41), randn; fast uses min (from r25 on)","workspace switched to the fused w4f_r4b (5-GEMM + fp32 SCOPE_DEV dQ atomics); g79 F=2 widening ruled dead at the compile gate (VGPR 1024, spill 616); noatom ceiling 4.23 ms, dQ atomic pool 2.24 ms (34.7%)","rejected, and recorded as failed because of a FastError (the g80 idea was not written to facts/dead_ends); all four arms pinned at the 2500 W cap","OE artifacts/gfx1250-flydsl-attn-bwd-20260917-115934/job_context/state.yaml + rounds/026/","Stage 10 · A0 bwd job r24-r27 and the 10-02 wedge","A0-D","0","failed",""
"196","2026-10-02","fwd+bwd","gb ruler design + fwd job restored from the B0 backup (neither went live)","10-02 CPU preparation (A0)","A0 (VBIOS 700E, driver 7.1.0-2412954; CPU-side preparation only, card not used)","","","","","prepared, not live (needs user approval)","gb = 10 bf16 32768×4096×14336 GEMMs before each timing; proxy/prod scored on the gb median, fast still uses blk","same-day A0 time ratios blk/gb/e2e: bwd s6/r29 0.806/0.774/0.754, r29/ASM 1.206/1.341/1.290, s6/ASM 0.972/1.038/0.974, fwd r16/ASM 1.081/1.349/1.263 (for three of them gb is closer to training; s6/ASM is the exception, where gb is ~6% pessimistic); fwd job unpacked from the 0928 backup: best_round 16 (r13ns), r20's act to be redone on A0, h48 to run at the start of r21","the fwd yaml on A0 has no gain_weights (acceptance is still the three-shape arithmetic mean); in the same period the bwd job was resumed by another session at 10:21:42 (r26); commit 5696ae53","output/1002__oe/RULER.md §0,§1; output/1002__oe/FWDJOB.md §0","Stage 10 · A0 bwd job r24-r27 and the 10-02 wedge","A0 (CPU)","0","info",""
"197","2026-10-02","bwd","A0 bwd job r27 (fast, A0 numbering; not completed)","gfx1250-flydsl-attn-bwd-20260917-115934 (A0 numbering r24-r27)","A0 (VBIOS 700E, driver 7.1.0-2412954)","current prod 4.9894 (single reading under a rocprofv3 wrapper, not comparable)","","","","not completed (card wedged)","op-evolve benchmark.py blocked timing (h40/h41), randn","to read VGPR usage, the opt agent ran two variants that had never been on the card, A_g74 and B_g82, directly at prod shapes (WEDGE-1002.md and the title of commit 1ee0dd59 record them as w4f, which is a misrecord; per the source in rounds/027/_scratch/arms, both are verbatim copies of s6 with cluster multicast added: A_g74 makes 4 adjacent KV bands share Q/dO tiles in k_dkdv, B_g82 makes the 4 q heads of the same GQA group share K/V tiles in k_dqg), and used the host hipBLASLt library","11:40:59 UTC MES unrecoverable wedge → AC power cycle; added h85 (toy→prod, VGPR reads always compile-only, use only the image's hipBLASLt); commit 1ee0dd59","output/1002__oe/incident/WEDGE-1002.md; OE artifacts/gfx1250-flydsl-attn-bwd-20260917-115934/rounds/027/_scratch/arms/{A_g74,B_g82}/PROVENANCE.md, kernels.py","Stage 10 · A0 bwd job r24-r27 and the 10-02 wedge","A0-D","0","failed",""
"198","2026-10-05","e2e","product-branch tutorial e2e (l8b_branch_1005b)","docs/gfx1250_llama31_8b_e2e (dev/lhz/llama31_attn_opt)","A0 (VBIOS 700E, driver 7.1.0-2412954), sclk max 2.36 GHz","","","","1,361.9 ms/step, 24,061 tps (rerun at the committed version: 1,360 / 24,099); without transpose_triton.py: 1,689 / 19,406; all three numbers are NKFIX_CHECK=0, whereas the 10-02 ASM 1,350.6 ms is NKFIX_CHECK=1, so they cannot be compared directly: converting at +33 ms/step, ASM is ~1,318 ms and the branch ~3% slower (estimated, not measured)","current product configuration","e2e Llama-3.1-8B BF16, MBS=GBS=4, seq 8192, single card, compile off, AC none, 32L, nkfix (NKFIX_CHECK=0), 20 steps (wall-clock 53 s)","branch fwd r16 + bwd r29 (flydsl 0.2.4) + nkfix + the image's hipBLASLt; Dockerfile, launch scripts, Primus hook patch","the tutorial says that, with the same method before and after the firmware change, ASM attention + nkfix e2e went 1,947→1,351 ms (1.44×), but this is not purely a platform difference: 1,947 comes from the voided 09-28 a0_p3a (after the same-process FlyDSL arm was loaded, the fwd tree's _env.py repointed HIPBLASLT_TENSILE_LIBPATH to the host library), and between the two runs the driver also changed from 7.1.1-2397345 to 7.1.0-2412954; commits 7e88d891/28e09a01/b8c543a9","wt-llama31/docs/gfx1250_llama31_8b_e2e/README.md §0,§3.2,§7; output/0928__a0_repro/REPORT.md §2,§5.3; output/0927__b0/gemm/REPORT.md:83","Stage 11 · Tutorial","A0-D","0","info",""
