"Correlation_Id","Dispatch_Id","Agent_Id","Queue_Id","Process_Id","Thread_Id","Grid_Size","Kernel_Id","Kernel_Name","Workgroup_Size","LDS_Block_Size","Scratch_Size","VGPR_Count","Accum_VGPR_Count","SGPR_Count","Counter_Name","Counter_Value","Start_Timestamp","End_Timestamp"
1,1,"Agent 2",1,89278,89278,524288,4,"void at::native::(anonymous namespace)::distribution_elementwise_grid_stride_kernel<float, 4, at::native::templates::cuda::normal_and_transform<float, float, at::CUDAGeneratorImpl*, at::native::templates::cuda::normal_kernel<at::CUDAGeneratorImpl*>(at::TensorBase const&, double, double, at::CUDAGeneratorImpl*)::{lambda()#1}::operator()() const::{lambda()#2}::operator()() const::{lambda(float)#1}>(at::TensorIteratorBase&, at::CUDAGeneratorImpl*, at::native::templates::cuda::normal_kernel<at::CUDAGeneratorImpl*>(at::TensorBase const&, double, double, at::CUDAGeneratorImpl*)::{lambda()#1}::operator()() const::{lambda()#2}::operator()() const::{lambda(float)#1})::{lambda(hiprandStatePhilox4_32_10*)#2}, at::native::(anonymous namespace)::distribution_nullary_kernel<float, float, HIP_vector_type<float, 4u>, at::CUDAGeneratorImpl*, at::native::templates::cuda::normal_and_transform<float, float, at::CUDAGeneratorImpl*, at::native::templates::cuda::normal_kernel<at::CUDAGeneratorImpl*>(at::TensorBase const&, double, double, at::CUDAGeneratorImpl*)::{lambda()#1}::operator()() const::{lambda()#2}::operator()() const::{lambda(float)#1}>(at::TensorIteratorBase&, at::CUDAGeneratorImpl*, at::native::templates::cuda::normal_kernel<at::CUDAGeneratorImpl*>(at::TensorBase const&, double, double, at::CUDAGeneratorImpl*)::{lambda()#1}::operator()() const::{lambda()#2}::operator()() const::{lambda(float)#1})::{lambda(hiprandStatePhilox4_32_10*)#2}, at::native::templates::cuda::normal_kernel<at::CUDAGeneratorImpl*>(at::TensorBase const&, double, double, at::CUDAGeneratorImpl*)::{lambda()#1}::operator()() const::{lambda()#2}::operator()() const::{lambda(float)#1}>(at::TensorIteratorBase&, at::CUDAGeneratorImpl*, at::native::templates::cuda::normal_and_transform<float, float, at::CUDAGeneratorImpl*, at::native::templates::cuda::normal_kernel<at::CUDAGeneratorImpl*>(at::TensorBase const&, double, double, at::CUDAGeneratorImpl*)::{lambda()#1}::operator()() const::{lambda()#2}::operator()() const::{lambda(float)#1}>(at::TensorIteratorBase&, at::CUDAGeneratorImpl*, at::native::templates::cuda::normal_kernel<at::CUDAGeneratorImpl*>(at::TensorBase const&, double, double, at::CUDAGeneratorImpl*)::{lambda()#1}::operator()() const::{lambda()#2}::operator()() const::{lambda(float)#1})::{lambda(hiprandStatePhilox4_32_10*)#2} const&, at::native::templates::cuda::normal_kernel<at::CUDAGeneratorImpl*>(at::TensorBase const&, double, double, at::CUDAGeneratorImpl*)::{lambda()#1}::operator()() const::{lambda()#2}::operator()() const::{lambda(float)#1})::{lambda(int, float)#1}>(long, at::PhiloxCudaState, at::native::templates::cuda::normal_and_transform<float, float, at::CUDAGeneratorImpl*, at::native::templates::cuda::normal_kernel<at::CUDAGeneratorImpl*>(at::TensorBase const&, double, double, at::CUDAGeneratorImpl*)::{lambda()#1}::operator()() const::{lambda()#2}::operator()() const::{lambda(float)#1}>(at::TensorIteratorBase&, at::CUDAGeneratorImpl*, at::native::templates::cuda::normal_kernel<at::CUDAGeneratorImpl*>(at::TensorBase const&, double, double, at::CUDAGeneratorImpl*)::{lambda()#1}::operator()() const::{lambda()#2}::operator()() const::{lambda(float)#1})::{lambda(hiprandStatePhilox4_32_10*)#2}, at::native::(anonymous namespace)::distribution_nullary_kernel<float, float, HIP_vector_type<float, 4u>, at::CUDAGeneratorImpl*, at::native::templates::cuda::normal_and_transform<float, float, at::CUDAGeneratorImpl*, at::native::templates::cuda::normal_kernel<at::CUDAGeneratorImpl*>(at::TensorBase const&, double, double, at::CUDAGeneratorImpl*)::{lambda()#1}::operator()() const::{lambda()#2}::operator()() const::{lambda(float)#1}>(at::TensorIteratorBase&, at::CUDAGeneratorImpl*, at::native::templates::cuda::normal_kernel<at::CUDAGeneratorImpl*>(at::TensorBase const&, double, double, at::CUDAGeneratorImpl*)::{lambda()#1}::operator()() const::{lambda()#2}::operator()() const::{lambda(float)#1})::{lambda(hiprandStatePhilox4_32_10*)#2}, at::native::templates::cuda::normal_kernel<at::CUDAGeneratorImpl*>(at::TensorBase const&, double, double, at::CUDAGeneratorImpl*)::{lambda()#1}::operator()() const::{lambda()#2}::operator()() const::{lambda(float)#1}>(at::TensorIteratorBase&, at::CUDAGeneratorImpl*, at::native::templates::cuda::normal_and_transform<float, float, at::CUDAGeneratorImpl*, at::native::templates::cuda::normal_kernel<at::CUDAGeneratorImpl*>(at::TensorBase const&, double, double, at::CUDAGeneratorImpl*)::{lambda()#1}::operator()() const::{lambda()#2}::operator()() const::{lambda(float)#1}>(at::TensorIteratorBase&, at::CUDAGeneratorImpl*, at::native::templates::cuda::normal_kernel<at::CUDAGeneratorImpl*>(at::TensorBase const&, double, double, at::CUDAGeneratorImpl*)::{lambda()#1}::operator()() const::{lambda()#2}::operator()() const::{lambda(float)#1})::{lambda(hiprandStatePhilox4_32_10*)#2} const&, at::native::templates::cuda::normal_kernel<at::CUDAGeneratorImpl*>(at::TensorBase const&, double, double, at::CUDAGeneratorImpl*)::{lambda()#1}::operator()() const::{lambda()#2}::operator()() const::{lambda(float)#1})::{lambda(int, float)#1})",256,0,0,32,0,128,"GRBM_COUNT",7884317.000000,31868157025502,31868157453850
1,1,"Agent 2",1,89278,89278,524288,4,"void at::native::(anonymous namespace)::distribution_elementwise_grid_stride_kernel<float, 4, at::native::templates::cuda::normal_and_transform<float, float, at::CUDAGeneratorImpl*, at::native::templates::cuda::normal_kernel<at::CUDAGeneratorImpl*>(at::TensorBase const&, double, double, at::CUDAGeneratorImpl*)::{lambda()#1}::operator()() const::{lambda()#2}::operator()() const::{lambda(float)#1}>(at::TensorIteratorBase&, at::CUDAGeneratorImpl*, at::native::templates::cuda::normal_kernel<at::CUDAGeneratorImpl*>(at::TensorBase const&, double, double, at::CUDAGeneratorImpl*)::{lambda()#1}::operator()() const::{lambda()#2}::operator()() const::{lambda(float)#1})::{lambda(hiprandStatePhilox4_32_10*)#2}, at::native::(anonymous namespace)::distribution_nullary_kernel<float, float, HIP_vector_type<float, 4u>, at::CUDAGeneratorImpl*, at::native::templates::cuda::normal_and_transform<float, float, at::CUDAGeneratorImpl*, at::native::templates::cuda::normal_kernel<at::CUDAGeneratorImpl*>(at::TensorBase const&, double, double, at::CUDAGeneratorImpl*)::{lambda()#1}::operator()() const::{lambda()#2}::operator()() const::{lambda(float)#1}>(at::TensorIteratorBase&, at::CUDAGeneratorImpl*, at::native::templates::cuda::normal_kernel<at::CUDAGeneratorImpl*>(at::TensorBase const&, double, double, at::CUDAGeneratorImpl*)::{lambda()#1}::operator()() const::{lambda()#2}::operator()() const::{lambda(float)#1})::{lambda(hiprandStatePhilox4_32_10*)#2}, at::native::templates::cuda::normal_kernel<at::CUDAGeneratorImpl*>(at::TensorBase const&, double, double, at::CUDAGeneratorImpl*)::{lambda()#1}::operator()() const::{lambda()#2}::operator()() const::{lambda(float)#1}>(at::TensorIteratorBase&, at::CUDAGeneratorImpl*, at::native::templates::cuda::normal_and_transform<float, float, at::CUDAGeneratorImpl*, at::native::templates::cuda::normal_kernel<at::CUDAGeneratorImpl*>(at::TensorBase const&, double, double, at::CUDAGeneratorImpl*)::{lambda()#1}::operator()() const::{lambda()#2}::operator()() const::{lambda(float)#1}>(at::TensorIteratorBase&, at::CUDAGeneratorImpl*, at::native::templates::cuda::normal_kernel<at::CUDAGeneratorImpl*>(at::TensorBase const&, double, double, at::CUDAGeneratorImpl*)::{lambda()#1}::operator()() const::{lambda()#2}::operator()() const::{lambda(float)#1})::{lambda(hiprandStatePhilox4_32_10*)#2} const&, at::native::templates::cuda::normal_kernel<at::CUDAGeneratorImpl*>(at::TensorBase const&, double, double, at::CUDAGeneratorImpl*)::{lambda()#1}::operator()() const::{lambda()#2}::operator()() const::{lambda(float)#1})::{lambda(int, float)#1}>(long, at::PhiloxCudaState, at::native::templates::cuda::normal_and_transform<float, float, at::CUDAGeneratorImpl*, at::native::templates::cuda::normal_kernel<at::CUDAGeneratorImpl*>(at::TensorBase const&, double, double, at::CUDAGeneratorImpl*)::{lambda()#1}::operator()() const::{lambda()#2}::operator()() const::{lambda(float)#1}>(at::TensorIteratorBase&, at::CUDAGeneratorImpl*, at::native::templates::cuda::normal_kernel<at::CUDAGeneratorImpl*>(at::TensorBase const&, double, double, at::CUDAGeneratorImpl*)::{lambda()#1}::operator()() const::{lambda()#2}::operator()() const::{lambda(float)#1})::{lambda(hiprandStatePhilox4_32_10*)#2}, at::native::(anonymous namespace)::distribution_nullary_kernel<float, float, HIP_vector_type<float, 4u>, at::CUDAGeneratorImpl*, at::native::templates::cuda::normal_and_transform<float, float, at::CUDAGeneratorImpl*, at::native::templates::cuda::normal_kernel<at::CUDAGeneratorImpl*>(at::TensorBase const&, double, double, at::CUDAGeneratorImpl*)::{lambda()#1}::operator()() const::{lambda()#2}::operator()() const::{lambda(float)#1}>(at::TensorIteratorBase&, at::CUDAGeneratorImpl*, at::native::templates::cuda::normal_kernel<at::CUDAGeneratorImpl*>(at::TensorBase const&, double, double, at::CUDAGeneratorImpl*)::{lambda()#1}::operator()() const::{lambda()#2}::operator()() const::{lambda(float)#1})::{lambda(hiprandStatePhilox4_32_10*)#2}, at::native::templates::cuda::normal_kernel<at::CUDAGeneratorImpl*>(at::TensorBase const&, double, double, at::CUDAGeneratorImpl*)::{lambda()#1}::operator()() const::{lambda()#2}::operator()() const::{lambda(float)#1}>(at::TensorIteratorBase&, at::CUDAGeneratorImpl*, at::native::templates::cuda::normal_and_transform<float, float, at::CUDAGeneratorImpl*, at::native::templates::cuda::normal_kernel<at::CUDAGeneratorImpl*>(at::TensorBase const&, double, double, at::CUDAGeneratorImpl*)::{lambda()#1}::operator()() const::{lambda()#2}::operator()() const::{lambda(float)#1}>(at::TensorIteratorBase&, at::CUDAGeneratorImpl*, at::native::templates::cuda::normal_kernel<at::CUDAGeneratorImpl*>(at::TensorBase const&, double, double, at::CUDAGeneratorImpl*)::{lambda()#1}::operator()() const::{lambda()#2}::operator()() const::{lambda(float)#1})::{lambda(hiprandStatePhilox4_32_10*)#2} const&, at::native::templates::cuda::normal_kernel<at::CUDAGeneratorImpl*>(at::TensorBase const&, double, double, at::CUDAGeneratorImpl*)::{lambda()#1}::operator()() const::{lambda()#2}::operator()() const::{lambda(float)#1})::{lambda(int, float)#1})",256,0,0,32,0,128,"GRBM_GUI_ACTIVE",7884317.000000,31868157025502,31868157453850
1,1,"Agent 2",1,89278,89278,524288,4,"void at::native::(anonymous namespace)::distribution_elementwise_grid_stride_kernel<float, 4, at::native::templates::cuda::normal_and_transform<float, float, at::CUDAGeneratorImpl*, at::native::templates::cuda::normal_kernel<at::CUDAGeneratorImpl*>(at::TensorBase const&, double, double, at::CUDAGeneratorImpl*)::{lambda()#1}::operator()() const::{lambda()#2}::operator()() const::{lambda(float)#1}>(at::TensorIteratorBase&, at::CUDAGeneratorImpl*, at::native::templates::cuda::normal_kernel<at::CUDAGeneratorImpl*>(at::TensorBase const&, double, double, at::CUDAGeneratorImpl*)::{lambda()#1}::operator()() const::{lambda()#2}::operator()() const::{lambda(float)#1})::{lambda(hiprandStatePhilox4_32_10*)#2}, at::native::(anonymous namespace)::distribution_nullary_kernel<float, float, HIP_vector_type<float, 4u>, at::CUDAGeneratorImpl*, at::native::templates::cuda::normal_and_transform<float, float, at::CUDAGeneratorImpl*, at::native::templates::cuda::normal_kernel<at::CUDAGeneratorImpl*>(at::TensorBase const&, double, double, at::CUDAGeneratorImpl*)::{lambda()#1}::operator()() const::{lambda()#2}::operator()() const::{lambda(float)#1}>(at::TensorIteratorBase&, at::CUDAGeneratorImpl*, at::native::templates::cuda::normal_kernel<at::CUDAGeneratorImpl*>(at::TensorBase const&, double, double, at::CUDAGeneratorImpl*)::{lambda()#1}::operator()() const::{lambda()#2}::operator()() const::{lambda(float)#1})::{lambda(hiprandStatePhilox4_32_10*)#2}, at::native::templates::cuda::normal_kernel<at::CUDAGeneratorImpl*>(at::TensorBase const&, double, double, at::CUDAGeneratorImpl*)::{lambda()#1}::operator()() const::{lambda()#2}::operator()() const::{lambda(float)#1}>(at::TensorIteratorBase&, at::CUDAGeneratorImpl*, at::native::templates::cuda::normal_and_transform<float, float, at::CUDAGeneratorImpl*, at::native::templates::cuda::normal_kernel<at::CUDAGeneratorImpl*>(at::TensorBase const&, double, double, at::CUDAGeneratorImpl*)::{lambda()#1}::operator()() const::{lambda()#2}::operator()() const::{lambda(float)#1}>(at::TensorIteratorBase&, at::CUDAGeneratorImpl*, at::native::templates::cuda::normal_kernel<at::CUDAGeneratorImpl*>(at::TensorBase const&, double, double, at::CUDAGeneratorImpl*)::{lambda()#1}::operator()() const::{lambda()#2}::operator()() const::{lambda(float)#1})::{lambda(hiprandStatePhilox4_32_10*)#2} const&, at::native::templates::cuda::normal_kernel<at::CUDAGeneratorImpl*>(at::TensorBase const&, double, double, at::CUDAGeneratorImpl*)::{lambda()#1}::operator()() const::{lambda()#2}::operator()() const::{lambda(float)#1})::{lambda(int, float)#1}>(long, at::PhiloxCudaState, at::native::templates::cuda::normal_and_transform<float, float, at::CUDAGeneratorImpl*, at::native::templates::cuda::normal_kernel<at::CUDAGeneratorImpl*>(at::TensorBase const&, double, double, at::CUDAGeneratorImpl*)::{lambda()#1}::operator()() const::{lambda()#2}::operator()() const::{lambda(float)#1}>(at::TensorIteratorBase&, at::CUDAGeneratorImpl*, at::native::templates::cuda::normal_kernel<at::CUDAGeneratorImpl*>(at::TensorBase const&, double, double, at::CUDAGeneratorImpl*)::{lambda()#1}::operator()() const::{lambda()#2}::operator()() const::{lambda(float)#1})::{lambda(hiprandStatePhilox4_32_10*)#2}, at::native::(anonymous namespace)::distribution_nullary_kernel<float, float, HIP_vector_type<float, 4u>, at::CUDAGeneratorImpl*, at::native::templates::cuda::normal_and_transform<float, float, at::CUDAGeneratorImpl*, at::native::templates::cuda::normal_kernel<at::CUDAGeneratorImpl*>(at::TensorBase const&, double, double, at::CUDAGeneratorImpl*)::{lambda()#1}::operator()() const::{lambda()#2}::operator()() const::{lambda(float)#1}>(at::TensorIteratorBase&, at::CUDAGeneratorImpl*, at::native::templates::cuda::normal_kernel<at::CUDAGeneratorImpl*>(at::TensorBase const&, double, double, at::CUDAGeneratorImpl*)::{lambda()#1}::operator()() const::{lambda()#2}::operator()() const::{lambda(float)#1})::{lambda(hiprandStatePhilox4_32_10*)#2}, at::native::templates::cuda::normal_kernel<at::CUDAGeneratorImpl*>(at::TensorBase const&, double, double, at::CUDAGeneratorImpl*)::{lambda()#1}::operator()() const::{lambda()#2}::operator()() const::{lambda(float)#1}>(at::TensorIteratorBase&, at::CUDAGeneratorImpl*, at::native::templates::cuda::normal_and_transform<float, float, at::CUDAGeneratorImpl*, at::native::templates::cuda::normal_kernel<at::CUDAGeneratorImpl*>(at::TensorBase const&, double, double, at::CUDAGeneratorImpl*)::{lambda()#1}::operator()() const::{lambda()#2}::operator()() const::{lambda(float)#1}>(at::TensorIteratorBase&, at::CUDAGeneratorImpl*, at::native::templates::cuda::normal_kernel<at::CUDAGeneratorImpl*>(at::TensorBase const&, double, double, at::CUDAGeneratorImpl*)::{lambda()#1}::operator()() const::{lambda()#2}::operator()() const::{lambda(float)#1})::{lambda(hiprandStatePhilox4_32_10*)#2} const&, at::native::templates::cuda::normal_kernel<at::CUDAGeneratorImpl*>(at::TensorBase const&, double, double, at::CUDAGeneratorImpl*)::{lambda()#1}::operator()() const::{lambda()#2}::operator()() const::{lambda(float)#1})::{lambda(int, float)#1})",256,0,0,32,0,128,"SQ_WAVES",16384.000000,31868157025502,31868157453850
2,2,"Agent 2",1,89278,89278,16777216,111,"void at::native::vectorized_elementwise_kernel<4, at::native::bfloat16_copy_kernel_cuda(at::TensorIteratorBase&)::{lambda(float)#1}, std::array<char*, 2ul> >(int, at::native::bfloat16_copy_kernel_cuda(at::TensorIteratorBase&)::{lambda(float)#1}, std::array<char*, 2ul>)",256,0,0,16,0,128,"GRBM_COUNT",1295978.000000,31868187850214,31868187922243
2,2,"Agent 2",1,89278,89278,16777216,111,"void at::native::vectorized_elementwise_kernel<4, at::native::bfloat16_copy_kernel_cuda(at::TensorIteratorBase&)::{lambda(float)#1}, std::array<char*, 2ul> >(int, at::native::bfloat16_copy_kernel_cuda(at::TensorIteratorBase&)::{lambda(float)#1}, std::array<char*, 2ul>)",256,0,0,16,0,128,"GRBM_GUI_ACTIVE",1295978.000000,31868187850214,31868187922243
2,2,"Agent 2",1,89278,89278,16777216,111,"void at::native::vectorized_elementwise_kernel<4, at::native::bfloat16_copy_kernel_cuda(at::TensorIteratorBase&)::{lambda(float)#1}, std::array<char*, 2ul> >(int, at::native::bfloat16_copy_kernel_cuda(at::TensorIteratorBase&)::{lambda(float)#1}, std::array<char*, 2ul>)",256,0,0,16,0,128,"SQ_WAVES",524288.000000,31868187850214,31868187922243
3,3,"Agent 2",1,89278,89278,524288,4,"void at::native::(anonymous namespace)::distribution_elementwise_grid_stride_kernel<float, 4, at::native::templates::cuda::normal_and_transform<float, float, at::CUDAGeneratorImpl*, at::native::templates::cuda::normal_kernel<at::CUDAGeneratorImpl*>(at::TensorBase const&, double, double, at::CUDAGeneratorImpl*)::{lambda()#1}::operator()() const::{lambda()#2}::operator()() const::{lambda(float)#1}>(at::TensorIteratorBase&, at::CUDAGeneratorImpl*, at::native::templates::cuda::normal_kernel<at::CUDAGeneratorImpl*>(at::TensorBase const&, double, double, at::CUDAGeneratorImpl*)::{lambda()#1}::operator()() const::{lambda()#2}::operator()() const::{lambda(float)#1})::{lambda(hiprandStatePhilox4_32_10*)#2}, at::native::(anonymous namespace)::distribution_nullary_kernel<float, float, HIP_vector_type<float, 4u>, at::CUDAGeneratorImpl*, at::native::templates::cuda::normal_and_transform<float, float, at::CUDAGeneratorImpl*, at::native::templates::cuda::normal_kernel<at::CUDAGeneratorImpl*>(at::TensorBase const&, double, double, at::CUDAGeneratorImpl*)::{lambda()#1}::operator()() const::{lambda()#2}::operator()() const::{lambda(float)#1}>(at::TensorIteratorBase&, at::CUDAGeneratorImpl*, at::native::templates::cuda::normal_kernel<at::CUDAGeneratorImpl*>(at::TensorBase const&, double, double, at::CUDAGeneratorImpl*)::{lambda()#1}::operator()() const::{lambda()#2}::operator()() const::{lambda(float)#1})::{lambda(hiprandStatePhilox4_32_10*)#2}, at::native::templates::cuda::normal_kernel<at::CUDAGeneratorImpl*>(at::TensorBase const&, double, double, at::CUDAGeneratorImpl*)::{lambda()#1}::operator()() const::{lambda()#2}::operator()() const::{lambda(float)#1}>(at::TensorIteratorBase&, at::CUDAGeneratorImpl*, at::native::templates::cuda::normal_and_transform<float, float, at::CUDAGeneratorImpl*, at::native::templates::cuda::normal_kernel<at::CUDAGeneratorImpl*>(at::TensorBase const&, double, double, at::CUDAGeneratorImpl*)::{lambda()#1}::operator()() const::{lambda()#2}::operator()() const::{lambda(float)#1}>(at::TensorIteratorBase&, at::CUDAGeneratorImpl*, at::native::templates::cuda::normal_kernel<at::CUDAGeneratorImpl*>(at::TensorBase const&, double, double, at::CUDAGeneratorImpl*)::{lambda()#1}::operator()() const::{lambda()#2}::operator()() const::{lambda(float)#1})::{lambda(hiprandStatePhilox4_32_10*)#2} const&, at::native::templates::cuda::normal_kernel<at::CUDAGeneratorImpl*>(at::TensorBase const&, double, double, at::CUDAGeneratorImpl*)::{lambda()#1}::operator()() const::{lambda()#2}::operator()() const::{lambda(float)#1})::{lambda(int, float)#1}>(long, at::PhiloxCudaState, at::native::templates::cuda::normal_and_transform<float, float, at::CUDAGeneratorImpl*, at::native::templates::cuda::normal_kernel<at::CUDAGeneratorImpl*>(at::TensorBase const&, double, double, at::CUDAGeneratorImpl*)::{lambda()#1}::operator()() const::{lambda()#2}::operator()() const::{lambda(float)#1}>(at::TensorIteratorBase&, at::CUDAGeneratorImpl*, at::native::templates::cuda::normal_kernel<at::CUDAGeneratorImpl*>(at::TensorBase const&, double, double, at::CUDAGeneratorImpl*)::{lambda()#1}::operator()() const::{lambda()#2}::operator()() const::{lambda(float)#1})::{lambda(hiprandStatePhilox4_32_10*)#2}, at::native::(anonymous namespace)::distribution_nullary_kernel<float, float, HIP_vector_type<float, 4u>, at::CUDAGeneratorImpl*, at::native::templates::cuda::normal_and_transform<float, float, at::CUDAGeneratorImpl*, at::native::templates::cuda::normal_kernel<at::CUDAGeneratorImpl*>(at::TensorBase const&, double, double, at::CUDAGeneratorImpl*)::{lambda()#1}::operator()() const::{lambda()#2}::operator()() const::{lambda(float)#1}>(at::TensorIteratorBase&, at::CUDAGeneratorImpl*, at::native::templates::cuda::normal_kernel<at::CUDAGeneratorImpl*>(at::TensorBase const&, double, double, at::CUDAGeneratorImpl*)::{lambda()#1}::operator()() const::{lambda()#2}::operator()() const::{lambda(float)#1})::{lambda(hiprandStatePhilox4_32_10*)#2}, at::native::templates::cuda::normal_kernel<at::CUDAGeneratorImpl*>(at::TensorBase const&, double, double, at::CUDAGeneratorImpl*)::{lambda()#1}::operator()() const::{lambda()#2}::operator()() const::{lambda(float)#1}>(at::TensorIteratorBase&, at::CUDAGeneratorImpl*, at::native::templates::cuda::normal_and_transform<float, float, at::CUDAGeneratorImpl*, at::native::templates::cuda::normal_kernel<at::CUDAGeneratorImpl*>(at::TensorBase const&, double, double, at::CUDAGeneratorImpl*)::{lambda()#1}::operator()() const::{lambda()#2}::operator()() const::{lambda(float)#1}>(at::TensorIteratorBase&, at::CUDAGeneratorImpl*, at::native::templates::cuda::normal_kernel<at::CUDAGeneratorImpl*>(at::TensorBase const&, double, double, at::CUDAGeneratorImpl*)::{lambda()#1}::operator()() const::{lambda()#2}::operator()() const::{lambda(float)#1})::{lambda(hiprandStatePhilox4_32_10*)#2} const&, at::native::templates::cuda::normal_kernel<at::CUDAGeneratorImpl*>(at::TensorBase const&, double, double, at::CUDAGeneratorImpl*)::{lambda()#1}::operator()() const::{lambda()#2}::operator()() const::{lambda(float)#1})::{lambda(int, float)#1})",256,0,0,32,0,128,"GRBM_COUNT",2299619.000000,31868188083215,31868188197887
3,3,"Agent 2",1,89278,89278,524288,4,"void at::native::(anonymous namespace)::distribution_elementwise_grid_stride_kernel<float, 4, at::native::templates::cuda::normal_and_transform<float, float, at::CUDAGeneratorImpl*, at::native::templates::cuda::normal_kernel<at::CUDAGeneratorImpl*>(at::TensorBase const&, double, double, at::CUDAGeneratorImpl*)::{lambda()#1}::operator()() const::{lambda()#2}::operator()() const::{lambda(float)#1}>(at::TensorIteratorBase&, at::CUDAGeneratorImpl*, at::native::templates::cuda::normal_kernel<at::CUDAGeneratorImpl*>(at::TensorBase const&, double, double, at::CUDAGeneratorImpl*)::{lambda()#1}::operator()() const::{lambda()#2}::operator()() const::{lambda(float)#1})::{lambda(hiprandStatePhilox4_32_10*)#2}, at::native::(anonymous namespace)::distribution_nullary_kernel<float, float, HIP_vector_type<float, 4u>, at::CUDAGeneratorImpl*, at::native::templates::cuda::normal_and_transform<float, float, at::CUDAGeneratorImpl*, at::native::templates::cuda::normal_kernel<at::CUDAGeneratorImpl*>(at::TensorBase const&, double, double, at::CUDAGeneratorImpl*)::{lambda()#1}::operator()() const::{lambda()#2}::operator()() const::{lambda(float)#1}>(at::TensorIteratorBase&, at::CUDAGeneratorImpl*, at::native::templates::cuda::normal_kernel<at::CUDAGeneratorImpl*>(at::TensorBase const&, double, double, at::CUDAGeneratorImpl*)::{lambda()#1}::operator()() const::{lambda()#2}::operator()() const::{lambda(float)#1})::{lambda(hiprandStatePhilox4_32_10*)#2}, at::native::templates::cuda::normal_kernel<at::CUDAGeneratorImpl*>(at::TensorBase const&, double, double, at::CUDAGeneratorImpl*)::{lambda()#1}::operator()() const::{lambda()#2}::operator()() const::{lambda(float)#1}>(at::TensorIteratorBase&, at::CUDAGeneratorImpl*, at::native::templates::cuda::normal_and_transform<float, float, at::CUDAGeneratorImpl*, at::native::templates::cuda::normal_kernel<at::CUDAGeneratorImpl*>(at::TensorBase const&, double, double, at::CUDAGeneratorImpl*)::{lambda()#1}::operator()() const::{lambda()#2}::operator()() const::{lambda(float)#1}>(at::TensorIteratorBase&, at::CUDAGeneratorImpl*, at::native::templates::cuda::normal_kernel<at::CUDAGeneratorImpl*>(at::TensorBase const&, double, double, at::CUDAGeneratorImpl*)::{lambda()#1}::operator()() const::{lambda()#2}::operator()() const::{lambda(float)#1})::{lambda(hiprandStatePhilox4_32_10*)#2} const&, at::native::templates::cuda::normal_kernel<at::CUDAGeneratorImpl*>(at::TensorBase const&, double, double, at::CUDAGeneratorImpl*)::{lambda()#1}::operator()() const::{lambda()#2}::operator()() const::{lambda(float)#1})::{lambda(int, float)#1}>(long, at::PhiloxCudaState, at::native::templates::cuda::normal_and_transform<float, float, at::CUDAGeneratorImpl*, at::native::templates::cuda::normal_kernel<at::CUDAGeneratorImpl*>(at::TensorBase const&, double, double, at::CUDAGeneratorImpl*)::{lambda()#1}::operator()() const::{lambda()#2}::operator()() const::{lambda(float)#1}>(at::TensorIteratorBase&, at::CUDAGeneratorImpl*, at::native::templates::cuda::normal_kernel<at::CUDAGeneratorImpl*>(at::TensorBase const&, double, double, at::CUDAGeneratorImpl*)::{lambda()#1}::operator()() const::{lambda()#2}::operator()() const::{lambda(float)#1})::{lambda(hiprandStatePhilox4_32_10*)#2}, at::native::(anonymous namespace)::distribution_nullary_kernel<float, float, HIP_vector_type<float, 4u>, at::CUDAGeneratorImpl*, at::native::templates::cuda::normal_and_transform<float, float, at::CUDAGeneratorImpl*, at::native::templates::cuda::normal_kernel<at::CUDAGeneratorImpl*>(at::TensorBase const&, double, double, at::CUDAGeneratorImpl*)::{lambda()#1}::operator()() const::{lambda()#2}::operator()() const::{lambda(float)#1}>(at::TensorIteratorBase&, at::CUDAGeneratorImpl*, at::native::templates::cuda::normal_kernel<at::CUDAGeneratorImpl*>(at::TensorBase const&, double, double, at::CUDAGeneratorImpl*)::{lambda()#1}::operator()() const::{lambda()#2}::operator()() const::{lambda(float)#1})::{lambda(hiprandStatePhilox4_32_10*)#2}, at::native::templates::cuda::normal_kernel<at::CUDAGeneratorImpl*>(at::TensorBase const&, double, double, at::CUDAGeneratorImpl*)::{lambda()#1}::operator()() const::{lambda()#2}::operator()() const::{lambda(float)#1}>(at::TensorIteratorBase&, at::CUDAGeneratorImpl*, at::native::templates::cuda::normal_and_transform<float, float, at::CUDAGeneratorImpl*, at::native::templates::cuda::normal_kernel<at::CUDAGeneratorImpl*>(at::TensorBase const&, double, double, at::CUDAGeneratorImpl*)::{lambda()#1}::operator()() const::{lambda()#2}::operator()() const::{lambda(float)#1}>(at::TensorIteratorBase&, at::CUDAGeneratorImpl*, at::native::templates::cuda::normal_kernel<at::CUDAGeneratorImpl*>(at::TensorBase const&, double, double, at::CUDAGeneratorImpl*)::{lambda()#1}::operator()() const::{lambda()#2}::operator()() const::{lambda(float)#1})::{lambda(hiprandStatePhilox4_32_10*)#2} const&, at::native::templates::cuda::normal_kernel<at::CUDAGeneratorImpl*>(at::TensorBase const&, double, double, at::CUDAGeneratorImpl*)::{lambda()#1}::operator()() const::{lambda()#2}::operator()() const::{lambda(float)#1})::{lambda(int, float)#1})",256,0,0,32,0,128,"GRBM_GUI_ACTIVE",2299619.000000,31868188083215,31868188197887
3,3,"Agent 2",1,89278,89278,524288,4,"void at::native::(anonymous namespace)::distribution_elementwise_grid_stride_kernel<float, 4, at::native::templates::cuda::normal_and_transform<float, float, at::CUDAGeneratorImpl*, at::native::templates::cuda::normal_kernel<at::CUDAGeneratorImpl*>(at::TensorBase const&, double, double, at::CUDAGeneratorImpl*)::{lambda()#1}::operator()() const::{lambda()#2}::operator()() const::{lambda(float)#1}>(at::TensorIteratorBase&, at::CUDAGeneratorImpl*, at::native::templates::cuda::normal_kernel<at::CUDAGeneratorImpl*>(at::TensorBase const&, double, double, at::CUDAGeneratorImpl*)::{lambda()#1}::operator()() const::{lambda()#2}::operator()() const::{lambda(float)#1})::{lambda(hiprandStatePhilox4_32_10*)#2}, at::native::(anonymous namespace)::distribution_nullary_kernel<float, float, HIP_vector_type<float, 4u>, at::CUDAGeneratorImpl*, at::native::templates::cuda::normal_and_transform<float, float, at::CUDAGeneratorImpl*, at::native::templates::cuda::normal_kernel<at::CUDAGeneratorImpl*>(at::TensorBase const&, double, double, at::CUDAGeneratorImpl*)::{lambda()#1}::operator()() const::{lambda()#2}::operator()() const::{lambda(float)#1}>(at::TensorIteratorBase&, at::CUDAGeneratorImpl*, at::native::templates::cuda::normal_kernel<at::CUDAGeneratorImpl*>(at::TensorBase const&, double, double, at::CUDAGeneratorImpl*)::{lambda()#1}::operator()() const::{lambda()#2}::operator()() const::{lambda(float)#1})::{lambda(hiprandStatePhilox4_32_10*)#2}, at::native::templates::cuda::normal_kernel<at::CUDAGeneratorImpl*>(at::TensorBase const&, double, double, at::CUDAGeneratorImpl*)::{lambda()#1}::operator()() const::{lambda()#2}::operator()() const::{lambda(float)#1}>(at::TensorIteratorBase&, at::CUDAGeneratorImpl*, at::native::templates::cuda::normal_and_transform<float, float, at::CUDAGeneratorImpl*, at::native::templates::cuda::normal_kernel<at::CUDAGeneratorImpl*>(at::TensorBase const&, double, double, at::CUDAGeneratorImpl*)::{lambda()#1}::operator()() const::{lambda()#2}::operator()() const::{lambda(float)#1}>(at::TensorIteratorBase&, at::CUDAGeneratorImpl*, at::native::templates::cuda::normal_kernel<at::CUDAGeneratorImpl*>(at::TensorBase const&, double, double, at::CUDAGeneratorImpl*)::{lambda()#1}::operator()() const::{lambda()#2}::operator()() const::{lambda(float)#1})::{lambda(hiprandStatePhilox4_32_10*)#2} const&, at::native::templates::cuda::normal_kernel<at::CUDAGeneratorImpl*>(at::TensorBase const&, double, double, at::CUDAGeneratorImpl*)::{lambda()#1}::operator()() const::{lambda()#2}::operator()() const::{lambda(float)#1})::{lambda(int, float)#1}>(long, at::PhiloxCudaState, at::native::templates::cuda::normal_and_transform<float, float, at::CUDAGeneratorImpl*, at::native::templates::cuda::normal_kernel<at::CUDAGeneratorImpl*>(at::TensorBase const&, double, double, at::CUDAGeneratorImpl*)::{lambda()#1}::operator()() const::{lambda()#2}::operator()() const::{lambda(float)#1}>(at::TensorIteratorBase&, at::CUDAGeneratorImpl*, at::native::templates::cuda::normal_kernel<at::CUDAGeneratorImpl*>(at::TensorBase const&, double, double, at::CUDAGeneratorImpl*)::{lambda()#1}::operator()() const::{lambda()#2}::operator()() const::{lambda(float)#1})::{lambda(hiprandStatePhilox4_32_10*)#2}, at::native::(anonymous namespace)::distribution_nullary_kernel<float, float, HIP_vector_type<float, 4u>, at::CUDAGeneratorImpl*, at::native::templates::cuda::normal_and_transform<float, float, at::CUDAGeneratorImpl*, at::native::templates::cuda::normal_kernel<at::CUDAGeneratorImpl*>(at::TensorBase const&, double, double, at::CUDAGeneratorImpl*)::{lambda()#1}::operator()() const::{lambda()#2}::operator()() const::{lambda(float)#1}>(at::TensorIteratorBase&, at::CUDAGeneratorImpl*, at::native::templates::cuda::normal_kernel<at::CUDAGeneratorImpl*>(at::TensorBase const&, double, double, at::CUDAGeneratorImpl*)::{lambda()#1}::operator()() const::{lambda()#2}::operator()() const::{lambda(float)#1})::{lambda(hiprandStatePhilox4_32_10*)#2}, at::native::templates::cuda::normal_kernel<at::CUDAGeneratorImpl*>(at::TensorBase const&, double, double, at::CUDAGeneratorImpl*)::{lambda()#1}::operator()() const::{lambda()#2}::operator()() const::{lambda(float)#1}>(at::TensorIteratorBase&, at::CUDAGeneratorImpl*, at::native::templates::cuda::normal_and_transform<float, float, at::CUDAGeneratorImpl*, at::native::templates::cuda::normal_kernel<at::CUDAGeneratorImpl*>(at::TensorBase const&, double, double, at::CUDAGeneratorImpl*)::{lambda()#1}::operator()() const::{lambda()#2}::operator()() const::{lambda(float)#1}>(at::TensorIteratorBase&, at::CUDAGeneratorImpl*, at::native::templates::cuda::normal_kernel<at::CUDAGeneratorImpl*>(at::TensorBase const&, double, double, at::CUDAGeneratorImpl*)::{lambda()#1}::operator()() const::{lambda()#2}::operator()() const::{lambda(float)#1})::{lambda(hiprandStatePhilox4_32_10*)#2} const&, at::native::templates::cuda::normal_kernel<at::CUDAGeneratorImpl*>(at::TensorBase const&, double, double, at::CUDAGeneratorImpl*)::{lambda()#1}::operator()() const::{lambda()#2}::operator()() const::{lambda(float)#1})::{lambda(int, float)#1})",256,0,0,32,0,128,"SQ_WAVES",16384.000000,31868188083215,31868188197887
4,4,"Agent 2",1,89278,89278,4194304,111,"void at::native::vectorized_elementwise_kernel<4, at::native::bfloat16_copy_kernel_cuda(at::TensorIteratorBase&)::{lambda(float)#1}, std::array<char*, 2ul> >(int, at::native::bfloat16_copy_kernel_cuda(at::TensorIteratorBase&)::{lambda(float)#1}, std::array<char*, 2ul>)",256,0,0,16,0,128,"GRBM_COUNT",490597.000000,31868188352664,31868188371299
4,4,"Agent 2",1,89278,89278,4194304,111,"void at::native::vectorized_elementwise_kernel<4, at::native::bfloat16_copy_kernel_cuda(at::TensorIteratorBase&)::{lambda(float)#1}, std::array<char*, 2ul> >(int, at::native::bfloat16_copy_kernel_cuda(at::TensorIteratorBase&)::{lambda(float)#1}, std::array<char*, 2ul>)",256,0,0,16,0,128,"GRBM_GUI_ACTIVE",490597.000000,31868188352664,31868188371299
4,4,"Agent 2",1,89278,89278,4194304,111,"void at::native::vectorized_elementwise_kernel<4, at::native::bfloat16_copy_kernel_cuda(at::TensorIteratorBase&)::{lambda(float)#1}, std::array<char*, 2ul> >(int, at::native::bfloat16_copy_kernel_cuda(at::TensorIteratorBase&)::{lambda(float)#1}, std::array<char*, 2ul>)",256,0,0,16,0,128,"SQ_WAVES",131072.000000,31868188352664,31868188371299
5,5,"Agent 2",1,89278,89278,524288,4,"void at::native::(anonymous namespace)::distribution_elementwise_grid_stride_kernel<float, 4, at::native::templates::cuda::normal_and_transform<float, float, at::CUDAGeneratorImpl*, at::native::templates::cuda::normal_kernel<at::CUDAGeneratorImpl*>(at::TensorBase const&, double, double, at::CUDAGeneratorImpl*)::{lambda()#1}::operator()() const::{lambda()#2}::operator()() const::{lambda(float)#1}>(at::TensorIteratorBase&, at::CUDAGeneratorImpl*, at::native::templates::cuda::normal_kernel<at::CUDAGeneratorImpl*>(at::TensorBase const&, double, double, at::CUDAGeneratorImpl*)::{lambda()#1}::operator()() const::{lambda()#2}::operator()() const::{lambda(float)#1})::{lambda(hiprandStatePhilox4_32_10*)#2}, at::native::(anonymous namespace)::distribution_nullary_kernel<float, float, HIP_vector_type<float, 4u>, at::CUDAGeneratorImpl*, at::native::templates::cuda::normal_and_transform<float, float, at::CUDAGeneratorImpl*, at::native::templates::cuda::normal_kernel<at::CUDAGeneratorImpl*>(at::TensorBase const&, double, double, at::CUDAGeneratorImpl*)::{lambda()#1}::operator()() const::{lambda()#2}::operator()() const::{lambda(float)#1}>(at::TensorIteratorBase&, at::CUDAGeneratorImpl*, at::native::templates::cuda::normal_kernel<at::CUDAGeneratorImpl*>(at::TensorBase const&, double, double, at::CUDAGeneratorImpl*)::{lambda()#1}::operator()() const::{lambda()#2}::operator()() const::{lambda(float)#1})::{lambda(hiprandStatePhilox4_32_10*)#2}, at::native::templates::cuda::normal_kernel<at::CUDAGeneratorImpl*>(at::TensorBase const&, double, double, at::CUDAGeneratorImpl*)::{lambda()#1}::operator()() const::{lambda()#2}::operator()() const::{lambda(float)#1}>(at::TensorIteratorBase&, at::CUDAGeneratorImpl*, at::native::templates::cuda::normal_and_transform<float, float, at::CUDAGeneratorImpl*, at::native::templates::cuda::normal_kernel<at::CUDAGeneratorImpl*>(at::TensorBase const&, double, double, at::CUDAGeneratorImpl*)::{lambda()#1}::operator()() const::{lambda()#2}::operator()() const::{lambda(float)#1}>(at::TensorIteratorBase&, at::CUDAGeneratorImpl*, at::native::templates::cuda::normal_kernel<at::CUDAGeneratorImpl*>(at::TensorBase const&, double, double, at::CUDAGeneratorImpl*)::{lambda()#1}::operator()() const::{lambda()#2}::operator()() const::{lambda(float)#1})::{lambda(hiprandStatePhilox4_32_10*)#2} const&, at::native::templates::cuda::normal_kernel<at::CUDAGeneratorImpl*>(at::TensorBase const&, double, double, at::CUDAGeneratorImpl*)::{lambda()#1}::operator()() const::{lambda()#2}::operator()() const::{lambda(float)#1})::{lambda(int, float)#1}>(long, at::PhiloxCudaState, at::native::templates::cuda::normal_and_transform<float, float, at::CUDAGeneratorImpl*, at::native::templates::cuda::normal_kernel<at::CUDAGeneratorImpl*>(at::TensorBase const&, double, double, at::CUDAGeneratorImpl*)::{lambda()#1}::operator()() const::{lambda()#2}::operator()() const::{lambda(float)#1}>(at::TensorIteratorBase&, at::CUDAGeneratorImpl*, at::native::templates::cuda::normal_kernel<at::CUDAGeneratorImpl*>(at::TensorBase const&, double, double, at::CUDAGeneratorImpl*)::{lambda()#1}::operator()() const::{lambda()#2}::operator()() const::{lambda(float)#1})::{lambda(hiprandStatePhilox4_32_10*)#2}, at::native::(anonymous namespace)::distribution_nullary_kernel<float, float, HIP_vector_type<float, 4u>, at::CUDAGeneratorImpl*, at::native::templates::cuda::normal_and_transform<float, float, at::CUDAGeneratorImpl*, at::native::templates::cuda::normal_kernel<at::CUDAGeneratorImpl*>(at::TensorBase const&, double, double, at::CUDAGeneratorImpl*)::{lambda()#1}::operator()() const::{lambda()#2}::operator()() const::{lambda(float)#1}>(at::TensorIteratorBase&, at::CUDAGeneratorImpl*, at::native::templates::cuda::normal_kernel<at::CUDAGeneratorImpl*>(at::TensorBase const&, double, double, at::CUDAGeneratorImpl*)::{lambda()#1}::operator()() const::{lambda()#2}::operator()() const::{lambda(float)#1})::{lambda(hiprandStatePhilox4_32_10*)#2}, at::native::templates::cuda::normal_kernel<at::CUDAGeneratorImpl*>(at::TensorBase const&, double, double, at::CUDAGeneratorImpl*)::{lambda()#1}::operator()() const::{lambda()#2}::operator()() const::{lambda(float)#1}>(at::TensorIteratorBase&, at::CUDAGeneratorImpl*, at::native::templates::cuda::normal_and_transform<float, float, at::CUDAGeneratorImpl*, at::native::templates::cuda::normal_kernel<at::CUDAGeneratorImpl*>(at::TensorBase const&, double, double, at::CUDAGeneratorImpl*)::{lambda()#1}::operator()() const::{lambda()#2}::operator()() const::{lambda(float)#1}>(at::TensorIteratorBase&, at::CUDAGeneratorImpl*, at::native::templates::cuda::normal_kernel<at::CUDAGeneratorImpl*>(at::TensorBase const&, double, double, at::CUDAGeneratorImpl*)::{lambda()#1}::operator()() const::{lambda()#2}::operator()() const::{lambda(float)#1})::{lambda(hiprandStatePhilox4_32_10*)#2} const&, at::native::templates::cuda::normal_kernel<at::CUDAGeneratorImpl*>(at::TensorBase const&, double, double, at::CUDAGeneratorImpl*)::{lambda()#1}::operator()() const::{lambda()#2}::operator()() const::{lambda(float)#1})::{lambda(int, float)#1})",256,0,0,32,0,128,"GRBM_COUNT",2184882.000000,31868188517281,31868188634123
5,5,"Agent 2",1,89278,89278,524288,4,"void at::native::(anonymous namespace)::distribution_elementwise_grid_stride_kernel<float, 4, at::native::templates::cuda::normal_and_transform<float, float, at::CUDAGeneratorImpl*, at::native::templates::cuda::normal_kernel<at::CUDAGeneratorImpl*>(at::TensorBase const&, double, double, at::CUDAGeneratorImpl*)::{lambda()#1}::operator()() const::{lambda()#2}::operator()() const::{lambda(float)#1}>(at::TensorIteratorBase&, at::CUDAGeneratorImpl*, at::native::templates::cuda::normal_kernel<at::CUDAGeneratorImpl*>(at::TensorBase const&, double, double, at::CUDAGeneratorImpl*)::{lambda()#1}::operator()() const::{lambda()#2}::operator()() const::{lambda(float)#1})::{lambda(hiprandStatePhilox4_32_10*)#2}, at::native::(anonymous namespace)::distribution_nullary_kernel<float, float, HIP_vector_type<float, 4u>, at::CUDAGeneratorImpl*, at::native::templates::cuda::normal_and_transform<float, float, at::CUDAGeneratorImpl*, at::native::templates::cuda::normal_kernel<at::CUDAGeneratorImpl*>(at::TensorBase const&, double, double, at::CUDAGeneratorImpl*)::{lambda()#1}::operator()() const::{lambda()#2}::operator()() const::{lambda(float)#1}>(at::TensorIteratorBase&, at::CUDAGeneratorImpl*, at::native::templates::cuda::normal_kernel<at::CUDAGeneratorImpl*>(at::TensorBase const&, double, double, at::CUDAGeneratorImpl*)::{lambda()#1}::operator()() const::{lambda()#2}::operator()() const::{lambda(float)#1})::{lambda(hiprandStatePhilox4_32_10*)#2}, at::native::templates::cuda::normal_kernel<at::CUDAGeneratorImpl*>(at::TensorBase const&, double, double, at::CUDAGeneratorImpl*)::{lambda()#1}::operator()() const::{lambda()#2}::operator()() const::{lambda(float)#1}>(at::TensorIteratorBase&, at::CUDAGeneratorImpl*, at::native::templates::cuda::normal_and_transform<float, float, at::CUDAGeneratorImpl*, at::native::templates::cuda::normal_kernel<at::CUDAGeneratorImpl*>(at::TensorBase const&, double, double, at::CUDAGeneratorImpl*)::{lambda()#1}::operator()() const::{lambda()#2}::operator()() const::{lambda(float)#1}>(at::TensorIteratorBase&, at::CUDAGeneratorImpl*, at::native::templates::cuda::normal_kernel<at::CUDAGeneratorImpl*>(at::TensorBase const&, double, double, at::CUDAGeneratorImpl*)::{lambda()#1}::operator()() const::{lambda()#2}::operator()() const::{lambda(float)#1})::{lambda(hiprandStatePhilox4_32_10*)#2} const&, at::native::templates::cuda::normal_kernel<at::CUDAGeneratorImpl*>(at::TensorBase const&, double, double, at::CUDAGeneratorImpl*)::{lambda()#1}::operator()() const::{lambda()#2}::operator()() const::{lambda(float)#1})::{lambda(int, float)#1}>(long, at::PhiloxCudaState, at::native::templates::cuda::normal_and_transform<float, float, at::CUDAGeneratorImpl*, at::native::templates::cuda::normal_kernel<at::CUDAGeneratorImpl*>(at::TensorBase const&, double, double, at::CUDAGeneratorImpl*)::{lambda()#1}::operator()() const::{lambda()#2}::operator()() const::{lambda(float)#1}>(at::TensorIteratorBase&, at::CUDAGeneratorImpl*, at::native::templates::cuda::normal_kernel<at::CUDAGeneratorImpl*>(at::TensorBase const&, double, double, at::CUDAGeneratorImpl*)::{lambda()#1}::operator()() const::{lambda()#2}::operator()() const::{lambda(float)#1})::{lambda(hiprandStatePhilox4_32_10*)#2}, at::native::(anonymous namespace)::distribution_nullary_kernel<float, float, HIP_vector_type<float, 4u>, at::CUDAGeneratorImpl*, at::native::templates::cuda::normal_and_transform<float, float, at::CUDAGeneratorImpl*, at::native::templates::cuda::normal_kernel<at::CUDAGeneratorImpl*>(at::TensorBase const&, double, double, at::CUDAGeneratorImpl*)::{lambda()#1}::operator()() const::{lambda()#2}::operator()() const::{lambda(float)#1}>(at::TensorIteratorBase&, at::CUDAGeneratorImpl*, at::native::templates::cuda::normal_kernel<at::CUDAGeneratorImpl*>(at::TensorBase const&, double, double, at::CUDAGeneratorImpl*)::{lambda()#1}::operator()() const::{lambda()#2}::operator()() const::{lambda(float)#1})::{lambda(hiprandStatePhilox4_32_10*)#2}, at::native::templates::cuda::normal_kernel<at::CUDAGeneratorImpl*>(at::TensorBase const&, double, double, at::CUDAGeneratorImpl*)::{lambda()#1}::operator()() const::{lambda()#2}::operator()() const::{lambda(float)#1}>(at::TensorIteratorBase&, at::CUDAGeneratorImpl*, at::native::templates::cuda::normal_and_transform<float, float, at::CUDAGeneratorImpl*, at::native::templates::cuda::normal_kernel<at::CUDAGeneratorImpl*>(at::TensorBase const&, double, double, at::CUDAGeneratorImpl*)::{lambda()#1}::operator()() const::{lambda()#2}::operator()() const::{lambda(float)#1}>(at::TensorIteratorBase&, at::CUDAGeneratorImpl*, at::native::templates::cuda::normal_kernel<at::CUDAGeneratorImpl*>(at::TensorBase const&, double, double, at::CUDAGeneratorImpl*)::{lambda()#1}::operator()() const::{lambda()#2}::operator()() const::{lambda(float)#1})::{lambda(hiprandStatePhilox4_32_10*)#2} const&, at::native::templates::cuda::normal_kernel<at::CUDAGeneratorImpl*>(at::TensorBase const&, double, double, at::CUDAGeneratorImpl*)::{lambda()#1}::operator()() const::{lambda()#2}::operator()() const::{lambda(float)#1})::{lambda(int, float)#1})",256,0,0,32,0,128,"GRBM_GUI_ACTIVE",2184882.000000,31868188517281,31868188634123
5,5,"Agent 2",1,89278,89278,524288,4,"void at::native::(anonymous namespace)::distribution_elementwise_grid_stride_kernel<float, 4, at::native::templates::cuda::normal_and_transform<float, float, at::CUDAGeneratorImpl*, at::native::templates::cuda::normal_kernel<at::CUDAGeneratorImpl*>(at::TensorBase const&, double, double, at::CUDAGeneratorImpl*)::{lambda()#1}::operator()() const::{lambda()#2}::operator()() const::{lambda(float)#1}>(at::TensorIteratorBase&, at::CUDAGeneratorImpl*, at::native::templates::cuda::normal_kernel<at::CUDAGeneratorImpl*>(at::TensorBase const&, double, double, at::CUDAGeneratorImpl*)::{lambda()#1}::operator()() const::{lambda()#2}::operator()() const::{lambda(float)#1})::{lambda(hiprandStatePhilox4_32_10*)#2}, at::native::(anonymous namespace)::distribution_nullary_kernel<float, float, HIP_vector_type<float, 4u>, at::CUDAGeneratorImpl*, at::native::templates::cuda::normal_and_transform<float, float, at::CUDAGeneratorImpl*, at::native::templates::cuda::normal_kernel<at::CUDAGeneratorImpl*>(at::TensorBase const&, double, double, at::CUDAGeneratorImpl*)::{lambda()#1}::operator()() const::{lambda()#2}::operator()() const::{lambda(float)#1}>(at::TensorIteratorBase&, at::CUDAGeneratorImpl*, at::native::templates::cuda::normal_kernel<at::CUDAGeneratorImpl*>(at::TensorBase const&, double, double, at::CUDAGeneratorImpl*)::{lambda()#1}::operator()() const::{lambda()#2}::operator()() const::{lambda(float)#1})::{lambda(hiprandStatePhilox4_32_10*)#2}, at::native::templates::cuda::normal_kernel<at::CUDAGeneratorImpl*>(at::TensorBase const&, double, double, at::CUDAGeneratorImpl*)::{lambda()#1}::operator()() const::{lambda()#2}::operator()() const::{lambda(float)#1}>(at::TensorIteratorBase&, at::CUDAGeneratorImpl*, at::native::templates::cuda::normal_and_transform<float, float, at::CUDAGeneratorImpl*, at::native::templates::cuda::normal_kernel<at::CUDAGeneratorImpl*>(at::TensorBase const&, double, double, at::CUDAGeneratorImpl*)::{lambda()#1}::operator()() const::{lambda()#2}::operator()() const::{lambda(float)#1}>(at::TensorIteratorBase&, at::CUDAGeneratorImpl*, at::native::templates::cuda::normal_kernel<at::CUDAGeneratorImpl*>(at::TensorBase const&, double, double, at::CUDAGeneratorImpl*)::{lambda()#1}::operator()() const::{lambda()#2}::operator()() const::{lambda(float)#1})::{lambda(hiprandStatePhilox4_32_10*)#2} const&, at::native::templates::cuda::normal_kernel<at::CUDAGeneratorImpl*>(at::TensorBase const&, double, double, at::CUDAGeneratorImpl*)::{lambda()#1}::operator()() const::{lambda()#2}::operator()() const::{lambda(float)#1})::{lambda(int, float)#1}>(long, at::PhiloxCudaState, at::native::templates::cuda::normal_and_transform<float, float, at::CUDAGeneratorImpl*, at::native::templates::cuda::normal_kernel<at::CUDAGeneratorImpl*>(at::TensorBase const&, double, double, at::CUDAGeneratorImpl*)::{lambda()#1}::operator()() const::{lambda()#2}::operator()() const::{lambda(float)#1}>(at::TensorIteratorBase&, at::CUDAGeneratorImpl*, at::native::templates::cuda::normal_kernel<at::CUDAGeneratorImpl*>(at::TensorBase const&, double, double, at::CUDAGeneratorImpl*)::{lambda()#1}::operator()() const::{lambda()#2}::operator()() const::{lambda(float)#1})::{lambda(hiprandStatePhilox4_32_10*)#2}, at::native::(anonymous namespace)::distribution_nullary_kernel<float, float, HIP_vector_type<float, 4u>, at::CUDAGeneratorImpl*, at::native::templates::cuda::normal_and_transform<float, float, at::CUDAGeneratorImpl*, at::native::templates::cuda::normal_kernel<at::CUDAGeneratorImpl*>(at::TensorBase const&, double, double, at::CUDAGeneratorImpl*)::{lambda()#1}::operator()() const::{lambda()#2}::operator()() const::{lambda(float)#1}>(at::TensorIteratorBase&, at::CUDAGeneratorImpl*, at::native::templates::cuda::normal_kernel<at::CUDAGeneratorImpl*>(at::TensorBase const&, double, double, at::CUDAGeneratorImpl*)::{lambda()#1}::operator()() const::{lambda()#2}::operator()() const::{lambda(float)#1})::{lambda(hiprandStatePhilox4_32_10*)#2}, at::native::templates::cuda::normal_kernel<at::CUDAGeneratorImpl*>(at::TensorBase const&, double, double, at::CUDAGeneratorImpl*)::{lambda()#1}::operator()() const::{lambda()#2}::operator()() const::{lambda(float)#1}>(at::TensorIteratorBase&, at::CUDAGeneratorImpl*, at::native::templates::cuda::normal_and_transform<float, float, at::CUDAGeneratorImpl*, at::native::templates::cuda::normal_kernel<at::CUDAGeneratorImpl*>(at::TensorBase const&, double, double, at::CUDAGeneratorImpl*)::{lambda()#1}::operator()() const::{lambda()#2}::operator()() const::{lambda(float)#1}>(at::TensorIteratorBase&, at::CUDAGeneratorImpl*, at::native::templates::cuda::normal_kernel<at::CUDAGeneratorImpl*>(at::TensorBase const&, double, double, at::CUDAGeneratorImpl*)::{lambda()#1}::operator()() const::{lambda()#2}::operator()() const::{lambda(float)#1})::{lambda(hiprandStatePhilox4_32_10*)#2} const&, at::native::templates::cuda::normal_kernel<at::CUDAGeneratorImpl*>(at::TensorBase const&, double, double, at::CUDAGeneratorImpl*)::{lambda()#1}::operator()() const::{lambda()#2}::operator()() const::{lambda(float)#1})::{lambda(int, float)#1})",256,0,0,32,0,128,"SQ_WAVES",16384.000000,31868188517281,31868188634123
6,6,"Agent 2",1,89278,89278,4194304,111,"void at::native::vectorized_elementwise_kernel<4, at::native::bfloat16_copy_kernel_cuda(at::TensorIteratorBase&)::{lambda(float)#1}, std::array<char*, 2ul> >(int, at::native::bfloat16_copy_kernel_cuda(at::TensorIteratorBase&)::{lambda(float)#1}, std::array<char*, 2ul>)",256,0,0,16,0,128,"GRBM_COUNT",408625.000000,31868188780815,31868188797805
6,6,"Agent 2",1,89278,89278,4194304,111,"void at::native::vectorized_elementwise_kernel<4, at::native::bfloat16_copy_kernel_cuda(at::TensorIteratorBase&)::{lambda(float)#1}, std::array<char*, 2ul> >(int, at::native::bfloat16_copy_kernel_cuda(at::TensorIteratorBase&)::{lambda(float)#1}, std::array<char*, 2ul>)",256,0,0,16,0,128,"GRBM_GUI_ACTIVE",408625.000000,31868188780815,31868188797805
6,6,"Agent 2",1,89278,89278,4194304,111,"void at::native::vectorized_elementwise_kernel<4, at::native::bfloat16_copy_kernel_cuda(at::TensorIteratorBase&)::{lambda(float)#1}, std::array<char*, 2ul> >(int, at::native::bfloat16_copy_kernel_cuda(at::TensorIteratorBase&)::{lambda(float)#1}, std::array<char*, 2ul>)",256,0,0,16,0,128,"SQ_WAVES",131072.000000,31868188780815,31868188797805
7,7,"Agent 2",1,89278,89278,1048576,388,"kn_fmha_fwd_prefill_a16w16_m32x8_bshd_0",256,327680,0,232,0,128,"GRBM_COUNT",15971987.000000,31871630884894,31871631968428
7,7,"Agent 2",1,89278,89278,1048576,388,"kn_fmha_fwd_prefill_a16w16_m32x8_bshd_0",256,327680,0,232,0,128,"GRBM_GUI_ACTIVE",15971987.000000,31871630884894,31871631968428
7,7,"Agent 2",1,89278,89278,1048576,388,"kn_fmha_fwd_prefill_a16w16_m32x8_bshd_0",256,327680,0,232,0,128,"SQ_WAVES",32768.000000,31871630884894,31871631968428
8,8,"Agent 2",1,89278,89278,1048576,389,"kn_fmha_fwd_prefill_a16w16_m32x8_bshd_0",256,327680,0,224,0,128,"GRBM_COUNT",15574026.000000,31875049411658,31875050469352
8,8,"Agent 2",1,89278,89278,1048576,389,"kn_fmha_fwd_prefill_a16w16_m32x8_bshd_0",256,327680,0,224,0,128,"GRBM_GUI_ACTIVE",15574026.000000,31875049411658,31875050469352
8,8,"Agent 2",1,89278,89278,1048576,389,"kn_fmha_fwd_prefill_a16w16_m32x8_bshd_0",256,327680,0,224,0,128,"SQ_WAVES",32768.000000,31875049411658,31875050469352
9,9,"Agent 2",1,89278,89278,1048576,390,"kn_fmha_fwd_prefill_a16w16_m32x8_bshd_0",256,327680,0,224,0,128,"GRBM_COUNT",12996349.000000,31877679307471,31877680198519
9,9,"Agent 2",1,89278,89278,1048576,390,"kn_fmha_fwd_prefill_a16w16_m32x8_bshd_0",256,327680,0,224,0,128,"GRBM_GUI_ACTIVE",12996349.000000,31877679307471,31877680198519
9,9,"Agent 2",1,89278,89278,1048576,390,"kn_fmha_fwd_prefill_a16w16_m32x8_bshd_0",256,327680,0,224,0,128,"SQ_WAVES",32768.000000,31877679307471,31877680198519
10,10,"Agent 2",1,89278,89278,1048576,391,"kn_fmha_fwd_prefill_a16w16_m32x8_bshd_0",256,327680,0,232,0,128,"GRBM_COUNT",15954942.000000,31880758326292,31880759409323
10,10,"Agent 2",1,89278,89278,1048576,391,"kn_fmha_fwd_prefill_a16w16_m32x8_bshd_0",256,327680,0,232,0,128,"GRBM_GUI_ACTIVE",15954942.000000,31880758326292,31880759409323
10,10,"Agent 2",1,89278,89278,1048576,391,"kn_fmha_fwd_prefill_a16w16_m32x8_bshd_0",256,327680,0,232,0,128,"SQ_WAVES",32768.000000,31880758326292,31880759409323
11,11,"Agent 2",1,89278,89278,1048576,392,"kn_fmha_fwd_prefill_a16w16_m32x8_bshd_0",256,327680,0,232,0,128,"GRBM_COUNT",15230137.000000,31884180047295,31884181089005
11,11,"Agent 2",1,89278,89278,1048576,392,"kn_fmha_fwd_prefill_a16w16_m32x8_bshd_0",256,327680,0,232,0,128,"GRBM_GUI_ACTIVE",15230137.000000,31884180047295,31884181089005
11,11,"Agent 2",1,89278,89278,1048576,392,"kn_fmha_fwd_prefill_a16w16_m32x8_bshd_0",256,327680,0,232,0,128,"SQ_WAVES",32768.000000,31884180047295,31884181089005
12,12,"Agent 2",1,89278,89278,1048576,393,"kn_fmha_fwd_prefill_a16w16_m32x8_bshd_0",256,327680,0,208,0,128,"GRBM_COUNT",12963389.000000,31886389627907,31886390517533
12,12,"Agent 2",1,89278,89278,1048576,393,"kn_fmha_fwd_prefill_a16w16_m32x8_bshd_0",256,327680,0,208,0,128,"GRBM_GUI_ACTIVE",12963389.000000,31886389627907,31886390517533
12,12,"Agent 2",1,89278,89278,1048576,393,"kn_fmha_fwd_prefill_a16w16_m32x8_bshd_0",256,327680,0,208,0,128,"SQ_WAVES",32768.000000,31886389627907,31886390517533
13,13,"Agent 2",1,89278,89278,524288,394,"aiter::fmha_bf16_pertokenBf16_hd128_128x256_mask",128,327680,0,512,0,128,"GRBM_COUNT",11667347.000000,31886393527174,31886394416680
13,13,"Agent 2",1,89278,89278,524288,394,"aiter::fmha_bf16_pertokenBf16_hd128_128x256_mask",128,327680,0,512,0,128,"GRBM_GUI_ACTIVE",11667347.000000,31886393527174,31886394416680
13,13,"Agent 2",1,89278,89278,524288,394,"aiter::fmha_bf16_pertokenBf16_hd128_128x256_mask",128,327680,0,512,0,128,"SQ_WAVES",16384.000000,31886393527174,31886394416680
14,14,"Agent 2",1,89278,89278,1048576,395,"kn_fmha_fwd_prefill_a16w16_m32x8_bshd_0",256,327680,0,232,0,128,"GRBM_COUNT",30453063.000000,31889700231889,31889702376675
14,14,"Agent 2",1,89278,89278,1048576,395,"kn_fmha_fwd_prefill_a16w16_m32x8_bshd_0",256,327680,0,232,0,128,"GRBM_GUI_ACTIVE",30453063.000000,31889700231889,31889702376675
14,14,"Agent 2",1,89278,89278,1048576,395,"kn_fmha_fwd_prefill_a16w16_m32x8_bshd_0",256,327680,0,232,0,128,"SQ_WAVES",32768.000000,31889700231889,31889702376675
15,15,"Agent 2",1,89278,89278,524288,396,"aiter::fmha_bf16_pertokenBf16_hd128_128x256",128,327680,0,512,0,128,"GRBM_COUNT",20089160.000000,31889703429692,31889705499501
15,15,"Agent 2",1,89278,89278,524288,396,"aiter::fmha_bf16_pertokenBf16_hd128_128x256",128,327680,0,512,0,128,"GRBM_GUI_ACTIVE",20089160.000000,31889703429692,31889705499501
15,15,"Agent 2",1,89278,89278,524288,396,"aiter::fmha_bf16_pertokenBf16_hd128_128x256",128,327680,0,512,0,128,"SQ_WAVES",16384.000000,31889703429692,31889705499501
16,16,"Agent 2",1,89278,89278,16384,428,"void at::native::vectorized_elementwise_kernel<4, at::native::FillFunctor<float>, std::array<char*, 1ul> >(int, at::native::FillFunctor<float>, std::array<char*, 1ul>)",256,0,0,8,0,128,"GRBM_COUNT",230578.000000,31889716924628,31889716929997
16,16,"Agent 2",1,89278,89278,16384,428,"void at::native::vectorized_elementwise_kernel<4, at::native::FillFunctor<float>, std::array<char*, 1ul> >(int, at::native::FillFunctor<float>, std::array<char*, 1ul>)",256,0,0,8,0,128,"GRBM_GUI_ACTIVE",230578.000000,31889716924628,31889716929997
16,16,"Agent 2",1,89278,89278,16384,428,"void at::native::vectorized_elementwise_kernel<4, at::native::FillFunctor<float>, std::array<char*, 1ul> >(int, at::native::FillFunctor<float>, std::array<char*, 1ul>)",256,0,0,8,0,128,"SQ_WAVES",512.000000,31889716924628,31889716929997
17,17,"Agent 2",1,89278,89278,1048576,388,"kn_fmha_fwd_prefill_a16w16_m32x8_bshd_0",256,327680,0,232,0,128,"GRBM_COUNT",15965527.000000,31889717245440,31889718328088
17,17,"Agent 2",1,89278,89278,1048576,388,"kn_fmha_fwd_prefill_a16w16_m32x8_bshd_0",256,327680,0,232,0,128,"GRBM_GUI_ACTIVE",15965527.000000,31889717245440,31889718328088
17,17,"Agent 2",1,89278,89278,1048576,388,"kn_fmha_fwd_prefill_a16w16_m32x8_bshd_0",256,327680,0,232,0,128,"SQ_WAVES",32768.000000,31889717245440,31889718328088
18,18,"Agent 2",1,89278,89278,1048576,388,"kn_fmha_fwd_prefill_a16w16_m32x8_bshd_0",256,327680,0,232,0,128,"GRBM_COUNT",15848732.000000,31889718481424,31889719650067
18,18,"Agent 2",1,89278,89278,1048576,388,"kn_fmha_fwd_prefill_a16w16_m32x8_bshd_0",256,327680,0,232,0,128,"GRBM_GUI_ACTIVE",15848732.000000,31889718481424,31889719650067
18,18,"Agent 2",1,89278,89278,1048576,388,"kn_fmha_fwd_prefill_a16w16_m32x8_bshd_0",256,327680,0,232,0,128,"SQ_WAVES",32768.000000,31889718481424,31889719650067
19,19,"Agent 2",1,89278,89278,1048576,388,"kn_fmha_fwd_prefill_a16w16_m32x8_bshd_0",256,327680,0,232,0,128,"GRBM_COUNT",15594599.000000,31889719820922,31889721383442
19,19,"Agent 2",1,89278,89278,1048576,388,"kn_fmha_fwd_prefill_a16w16_m32x8_bshd_0",256,327680,0,232,0,128,"GRBM_GUI_ACTIVE",15594599.000000,31889719820922,31889721383442
19,19,"Agent 2",1,89278,89278,1048576,388,"kn_fmha_fwd_prefill_a16w16_m32x8_bshd_0",256,327680,0,232,0,128,"SQ_WAVES",32768.000000,31889719820922,31889721383442
20,20,"Agent 2",1,89278,89278,1048576,388,"kn_fmha_fwd_prefill_a16w16_m32x8_bshd_0",256,327680,0,232,0,128,"GRBM_COUNT",15606369.000000,31889721547193,31889723060537
20,20,"Agent 2",1,89278,89278,1048576,388,"kn_fmha_fwd_prefill_a16w16_m32x8_bshd_0",256,327680,0,232,0,128,"GRBM_GUI_ACTIVE",15606369.000000,31889721547193,31889723060537
20,20,"Agent 2",1,89278,89278,1048576,388,"kn_fmha_fwd_prefill_a16w16_m32x8_bshd_0",256,327680,0,232,0,128,"SQ_WAVES",32768.000000,31889721547193,31889723060537
21,21,"Agent 2",1,89278,89278,1048576,388,"kn_fmha_fwd_prefill_a16w16_m32x8_bshd_0",256,327680,0,232,0,128,"GRBM_COUNT",15735554.000000,31889723216244,31889724666120
21,21,"Agent 2",1,89278,89278,1048576,388,"kn_fmha_fwd_prefill_a16w16_m32x8_bshd_0",256,327680,0,232,0,128,"GRBM_GUI_ACTIVE",15735554.000000,31889723216244,31889724666120
21,21,"Agent 2",1,89278,89278,1048576,388,"kn_fmha_fwd_prefill_a16w16_m32x8_bshd_0",256,327680,0,232,0,128,"SQ_WAVES",32768.000000,31889723216244,31889724666120
22,22,"Agent 2",1,89278,89278,1048576,388,"kn_fmha_fwd_prefill_a16w16_m32x8_bshd_0",256,327680,0,232,0,128,"GRBM_COUNT",15803817.000000,31889724831192,31889726238343
22,22,"Agent 2",1,89278,89278,1048576,388,"kn_fmha_fwd_prefill_a16w16_m32x8_bshd_0",256,327680,0,232,0,128,"GRBM_GUI_ACTIVE",15803817.000000,31889724831192,31889726238343
22,22,"Agent 2",1,89278,89278,1048576,388,"kn_fmha_fwd_prefill_a16w16_m32x8_bshd_0",256,327680,0,232,0,128,"SQ_WAVES",32768.000000,31889724831192,31889726238343
23,23,"Agent 2",1,89278,89278,1048576,388,"kn_fmha_fwd_prefill_a16w16_m32x8_bshd_0",256,327680,0,232,0,128,"GRBM_COUNT",15953473.000000,31889726403868,31889727753995
23,23,"Agent 2",1,89278,89278,1048576,388,"kn_fmha_fwd_prefill_a16w16_m32x8_bshd_0",256,327680,0,232,0,128,"GRBM_GUI_ACTIVE",15953473.000000,31889726403868,31889727753995
23,23,"Agent 2",1,89278,89278,1048576,388,"kn_fmha_fwd_prefill_a16w16_m32x8_bshd_0",256,327680,0,232,0,128,"SQ_WAVES",32768.000000,31889726403868,31889727753995
24,24,"Agent 2",1,89278,89278,1048576,388,"kn_fmha_fwd_prefill_a16w16_m32x8_bshd_0",256,327680,0,232,0,128,"GRBM_COUNT",15835430.000000,31889727918282,31889729270487
24,24,"Agent 2",1,89278,89278,1048576,388,"kn_fmha_fwd_prefill_a16w16_m32x8_bshd_0",256,327680,0,232,0,128,"GRBM_GUI_ACTIVE",15835430.000000,31889727918282,31889729270487
24,24,"Agent 2",1,89278,89278,1048576,388,"kn_fmha_fwd_prefill_a16w16_m32x8_bshd_0",256,327680,0,232,0,128,"SQ_WAVES",32768.000000,31889727918282,31889729270487
25,25,"Agent 2",1,89278,89278,1048576,388,"kn_fmha_fwd_prefill_a16w16_m32x8_bshd_0",256,327680,0,232,0,128,"GRBM_COUNT",15860087.000000,31889729436300,31889730732798
25,25,"Agent 2",1,89278,89278,1048576,388,"kn_fmha_fwd_prefill_a16w16_m32x8_bshd_0",256,327680,0,232,0,128,"GRBM_GUI_ACTIVE",15860087.000000,31889729436300,31889730732798
25,25,"Agent 2",1,89278,89278,1048576,388,"kn_fmha_fwd_prefill_a16w16_m32x8_bshd_0",256,327680,0,232,0,128,"SQ_WAVES",32768.000000,31889729436300,31889730732798
26,26,"Agent 2",1,89278,89278,1048576,388,"kn_fmha_fwd_prefill_a16w16_m32x8_bshd_0",256,327680,0,232,0,128,"GRBM_COUNT",16041286.000000,31889730896610,31889732234710
26,26,"Agent 2",1,89278,89278,1048576,388,"kn_fmha_fwd_prefill_a16w16_m32x8_bshd_0",256,327680,0,232,0,128,"GRBM_GUI_ACTIVE",16041286.000000,31889730896610,31889732234710
26,26,"Agent 2",1,89278,89278,1048576,388,"kn_fmha_fwd_prefill_a16w16_m32x8_bshd_0",256,327680,0,232,0,128,"SQ_WAVES",32768.000000,31889730896610,31889732234710
27,27,"Agent 2",1,89278,89278,32768,428,"void at::native::vectorized_elementwise_kernel<4, at::native::FillFunctor<float>, std::array<char*, 1ul> >(int, at::native::FillFunctor<float>, std::array<char*, 1ul>)",256,0,0,8,0,128,"GRBM_COUNT",133731.000000,31889732448097,31889732450133
27,27,"Agent 2",1,89278,89278,32768,428,"void at::native::vectorized_elementwise_kernel<4, at::native::FillFunctor<float>, std::array<char*, 1ul> >(int, at::native::FillFunctor<float>, std::array<char*, 1ul>)",256,0,0,8,0,128,"GRBM_GUI_ACTIVE",133731.000000,31889732448097,31889732450133
27,27,"Agent 2",1,89278,89278,32768,428,"void at::native::vectorized_elementwise_kernel<4, at::native::FillFunctor<float>, std::array<char*, 1ul> >(int, at::native::FillFunctor<float>, std::array<char*, 1ul>)",256,0,0,8,0,128,"SQ_WAVES",1024.000000,31889732448097,31889732450133
28,28,"Agent 2",1,89278,89278,1048576,389,"kn_fmha_fwd_prefill_a16w16_m32x8_bshd_0",256,327680,0,224,0,128,"GRBM_COUNT",15470415.000000,31889732721878,31889733912795
28,28,"Agent 2",1,89278,89278,1048576,389,"kn_fmha_fwd_prefill_a16w16_m32x8_bshd_0",256,327680,0,224,0,128,"GRBM_GUI_ACTIVE",15470415.000000,31889732721878,31889733912795
28,28,"Agent 2",1,89278,89278,1048576,389,"kn_fmha_fwd_prefill_a16w16_m32x8_bshd_0",256,327680,0,224,0,128,"SQ_WAVES",32768.000000,31889732721878,31889733912795
29,29,"Agent 2",1,89278,89278,1048576,389,"kn_fmha_fwd_prefill_a16w16_m32x8_bshd_0",256,327680,0,224,0,128,"GRBM_COUNT",15576185.000000,31889734069785,31889735229144
29,29,"Agent 2",1,89278,89278,1048576,389,"kn_fmha_fwd_prefill_a16w16_m32x8_bshd_0",256,327680,0,224,0,128,"GRBM_GUI_ACTIVE",15576185.000000,31889734069785,31889735229144
29,29,"Agent 2",1,89278,89278,1048576,389,"kn_fmha_fwd_prefill_a16w16_m32x8_bshd_0",256,327680,0,224,0,128,"SQ_WAVES",32768.000000,31889734069785,31889735229144
30,30,"Agent 2",1,89278,89278,1048576,389,"kn_fmha_fwd_prefill_a16w16_m32x8_bshd_0",256,327680,0,224,0,128,"GRBM_COUNT",15482155.000000,31889735386192,31889736572563
30,30,"Agent 2",1,89278,89278,1048576,389,"kn_fmha_fwd_prefill_a16w16_m32x8_bshd_0",256,327680,0,224,0,128,"GRBM_GUI_ACTIVE",15482155.000000,31889735386192,31889736572563
30,30,"Agent 2",1,89278,89278,1048576,389,"kn_fmha_fwd_prefill_a16w16_m32x8_bshd_0",256,327680,0,224,0,128,"SQ_WAVES",32768.000000,31889735386192,31889736572563
31,31,"Agent 2",1,89278,89278,1048576,389,"kn_fmha_fwd_prefill_a16w16_m32x8_bshd_0",256,327680,0,224,0,128,"GRBM_COUNT",15411603.000000,31889736736391,31889737980474
31,31,"Agent 2",1,89278,89278,1048576,389,"kn_fmha_fwd_prefill_a16w16_m32x8_bshd_0",256,327680,0,224,0,128,"GRBM_GUI_ACTIVE",15411603.000000,31889736736391,31889737980474
31,31,"Agent 2",1,89278,89278,1048576,389,"kn_fmha_fwd_prefill_a16w16_m32x8_bshd_0",256,327680,0,224,0,128,"SQ_WAVES",32768.000000,31889736736391,31889737980474
32,32,"Agent 2",1,89278,89278,1048576,389,"kn_fmha_fwd_prefill_a16w16_m32x8_bshd_0",256,327680,0,224,0,128,"GRBM_COUNT",15393824.000000,31889738133194,31889739346864
32,32,"Agent 2",1,89278,89278,1048576,389,"kn_fmha_fwd_prefill_a16w16_m32x8_bshd_0",256,327680,0,224,0,128,"GRBM_GUI_ACTIVE",15393824.000000,31889738133194,31889739346864
32,32,"Agent 2",1,89278,89278,1048576,389,"kn_fmha_fwd_prefill_a16w16_m32x8_bshd_0",256,327680,0,224,0,128,"SQ_WAVES",32768.000000,31889738133194,31889739346864
33,33,"Agent 2",1,89278,89278,1048576,389,"kn_fmha_fwd_prefill_a16w16_m32x8_bshd_0",256,327680,0,224,0,128,"GRBM_COUNT",15500215.000000,31889739494631,31889740672513
33,33,"Agent 2",1,89278,89278,1048576,389,"kn_fmha_fwd_prefill_a16w16_m32x8_bshd_0",256,327680,0,224,0,128,"GRBM_GUI_ACTIVE",15500215.000000,31889739494631,31889740672513
33,33,"Agent 2",1,89278,89278,1048576,389,"kn_fmha_fwd_prefill_a16w16_m32x8_bshd_0",256,327680,0,224,0,128,"SQ_WAVES",32768.000000,31889739494631,31889740672513
34,34,"Agent 2",1,89278,89278,1048576,389,"kn_fmha_fwd_prefill_a16w16_m32x8_bshd_0",256,327680,0,224,0,128,"GRBM_COUNT",15491364.000000,31889740823350,31889742040793
34,34,"Agent 2",1,89278,89278,1048576,389,"kn_fmha_fwd_prefill_a16w16_m32x8_bshd_0",256,327680,0,224,0,128,"GRBM_GUI_ACTIVE",15491364.000000,31889740823350,31889742040793
34,34,"Agent 2",1,89278,89278,1048576,389,"kn_fmha_fwd_prefill_a16w16_m32x8_bshd_0",256,327680,0,224,0,128,"SQ_WAVES",32768.000000,31889740823350,31889742040793
35,35,"Agent 2",1,89278,89278,1048576,389,"kn_fmha_fwd_prefill_a16w16_m32x8_bshd_0",256,327680,0,224,0,128,"GRBM_COUNT",15598508.000000,31889742189076,31889743436053
35,35,"Agent 2",1,89278,89278,1048576,389,"kn_fmha_fwd_prefill_a16w16_m32x8_bshd_0",256,327680,0,224,0,128,"GRBM_GUI_ACTIVE",15598508.000000,31889742189076,31889743436053
35,35,"Agent 2",1,89278,89278,1048576,389,"kn_fmha_fwd_prefill_a16w16_m32x8_bshd_0",256,327680,0,224,0,128,"SQ_WAVES",32768.000000,31889742189076,31889743436053
36,36,"Agent 2",1,89278,89278,1048576,389,"kn_fmha_fwd_prefill_a16w16_m32x8_bshd_0",256,327680,0,224,0,128,"GRBM_COUNT",15488435.000000,31889743578521,31889744759743
36,36,"Agent 2",1,89278,89278,1048576,389,"kn_fmha_fwd_prefill_a16w16_m32x8_bshd_0",256,327680,0,224,0,128,"GRBM_GUI_ACTIVE",15488435.000000,31889743578521,31889744759743
36,36,"Agent 2",1,89278,89278,1048576,389,"kn_fmha_fwd_prefill_a16w16_m32x8_bshd_0",256,327680,0,224,0,128,"SQ_WAVES",32768.000000,31889743578521,31889744759743
37,37,"Agent 2",1,89278,89278,1048576,389,"kn_fmha_fwd_prefill_a16w16_m32x8_bshd_0",256,327680,0,224,0,128,"GRBM_COUNT",15490189.000000,31889744903848,31889746113713
37,37,"Agent 2",1,89278,89278,1048576,389,"kn_fmha_fwd_prefill_a16w16_m32x8_bshd_0",256,327680,0,224,0,128,"GRBM_GUI_ACTIVE",15490189.000000,31889744903848,31889746113713
37,37,"Agent 2",1,89278,89278,1048576,389,"kn_fmha_fwd_prefill_a16w16_m32x8_bshd_0",256,327680,0,224,0,128,"SQ_WAVES",32768.000000,31889744903848,31889746113713
38,38,"Agent 2",1,89278,89278,49152,428,"void at::native::vectorized_elementwise_kernel<4, at::native::FillFunctor<float>, std::array<char*, 1ul> >(int, at::native::FillFunctor<float>, std::array<char*, 1ul>)",256,0,0,8,0,128,"GRBM_COUNT",136125.000000,31889746284705,31889746286325
38,38,"Agent 2",1,89278,89278,49152,428,"void at::native::vectorized_elementwise_kernel<4, at::native::FillFunctor<float>, std::array<char*, 1ul> >(int, at::native::FillFunctor<float>, std::array<char*, 1ul>)",256,0,0,8,0,128,"GRBM_GUI_ACTIVE",136125.000000,31889746284705,31889746286325
38,38,"Agent 2",1,89278,89278,49152,428,"void at::native::vectorized_elementwise_kernel<4, at::native::FillFunctor<float>, std::array<char*, 1ul> >(int, at::native::FillFunctor<float>, std::array<char*, 1ul>)",256,0,0,8,0,128,"SQ_WAVES",1536.000000,31889746284705,31889746286325
39,39,"Agent 2",1,89278,89278,1048576,390,"kn_fmha_fwd_prefill_a16w16_m32x8_bshd_0",256,327680,0,224,0,128,"GRBM_COUNT",12937805.000000,31889746530396,31889747507123
39,39,"Agent 2",1,89278,89278,1048576,390,"kn_fmha_fwd_prefill_a16w16_m32x8_bshd_0",256,327680,0,224,0,128,"GRBM_GUI_ACTIVE",12937805.000000,31889746530396,31889747507123
39,39,"Agent 2",1,89278,89278,1048576,390,"kn_fmha_fwd_prefill_a16w16_m32x8_bshd_0",256,327680,0,224,0,128,"SQ_WAVES",32768.000000,31889746530396,31889747507123
40,40,"Agent 2",1,89278,89278,1048576,390,"kn_fmha_fwd_prefill_a16w16_m32x8_bshd_0",256,327680,0,224,0,128,"GRBM_COUNT",12999398.000000,31889747651334,31889748573968
40,40,"Agent 2",1,89278,89278,1048576,390,"kn_fmha_fwd_prefill_a16w16_m32x8_bshd_0",256,327680,0,224,0,128,"GRBM_GUI_ACTIVE",12999398.000000,31889747651334,31889748573968
40,40,"Agent 2",1,89278,89278,1048576,390,"kn_fmha_fwd_prefill_a16w16_m32x8_bshd_0",256,327680,0,224,0,128,"SQ_WAVES",32768.000000,31889747651334,31889748573968
41,41,"Agent 2",1,89278,89278,1048576,390,"kn_fmha_fwd_prefill_a16w16_m32x8_bshd_0",256,327680,0,224,0,128,"GRBM_COUNT",12974584.000000,31889748728939,31889749777226
41,41,"Agent 2",1,89278,89278,1048576,390,"kn_fmha_fwd_prefill_a16w16_m32x8_bshd_0",256,327680,0,224,0,128,"GRBM_GUI_ACTIVE",12974584.000000,31889748728939,31889749777226
41,41,"Agent 2",1,89278,89278,1048576,390,"kn_fmha_fwd_prefill_a16w16_m32x8_bshd_0",256,327680,0,224,0,128,"SQ_WAVES",32768.000000,31889748728939,31889749777226
42,42,"Agent 2",1,89278,89278,1048576,390,"kn_fmha_fwd_prefill_a16w16_m32x8_bshd_0",256,327680,0,224,0,128,"GRBM_COUNT",12857796.000000,31889749925997,31889750994994
42,42,"Agent 2",1,89278,89278,1048576,390,"kn_fmha_fwd_prefill_a16w16_m32x8_bshd_0",256,327680,0,224,0,128,"GRBM_GUI_ACTIVE",12857796.000000,31889749925997,31889750994994
42,42,"Agent 2",1,89278,89278,1048576,390,"kn_fmha_fwd_prefill_a16w16_m32x8_bshd_0",256,327680,0,224,0,128,"SQ_WAVES",32768.000000,31889749925997,31889750994994
43,43,"Agent 2",1,89278,89278,1048576,390,"kn_fmha_fwd_prefill_a16w16_m32x8_bshd_0",256,327680,0,224,0,128,"GRBM_COUNT",12778080.000000,31889751147625,31889752157471
43,43,"Agent 2",1,89278,89278,1048576,390,"kn_fmha_fwd_prefill_a16w16_m32x8_bshd_0",256,327680,0,224,0,128,"GRBM_GUI_ACTIVE",12778080.000000,31889751147625,31889752157471
43,43,"Agent 2",1,89278,89278,1048576,390,"kn_fmha_fwd_prefill_a16w16_m32x8_bshd_0",256,327680,0,224,0,128,"SQ_WAVES",32768.000000,31889751147625,31889752157471
44,44,"Agent 2",1,89278,89278,1048576,390,"kn_fmha_fwd_prefill_a16w16_m32x8_bshd_0",256,327680,0,224,0,128,"GRBM_COUNT",12901021.000000,31889752311198,31889753299567
44,44,"Agent 2",1,89278,89278,1048576,390,"kn_fmha_fwd_prefill_a16w16_m32x8_bshd_0",256,327680,0,224,0,128,"GRBM_GUI_ACTIVE",12901021.000000,31889752311198,31889753299567
44,44,"Agent 2",1,89278,89278,1048576,390,"kn_fmha_fwd_prefill_a16w16_m32x8_bshd_0",256,327680,0,224,0,128,"SQ_WAVES",32768.000000,31889752311198,31889753299567
45,45,"Agent 2",1,89278,89278,1048576,390,"kn_fmha_fwd_prefill_a16w16_m32x8_bshd_0",256,327680,0,224,0,128,"GRBM_COUNT",12911050.000000,31889753458313,31889754431984
45,45,"Agent 2",1,89278,89278,1048576,390,"kn_fmha_fwd_prefill_a16w16_m32x8_bshd_0",256,327680,0,224,0,128,"GRBM_GUI_ACTIVE",12911050.000000,31889753458313,31889754431984
45,45,"Agent 2",1,89278,89278,1048576,390,"kn_fmha_fwd_prefill_a16w16_m32x8_bshd_0",256,327680,0,224,0,128,"SQ_WAVES",32768.000000,31889753458313,31889754431984
46,46,"Agent 2",1,89278,89278,1048576,390,"kn_fmha_fwd_prefill_a16w16_m32x8_bshd_0",256,327680,0,224,0,128,"GRBM_COUNT",12928898.000000,31889754586853,31889755573550
46,46,"Agent 2",1,89278,89278,1048576,390,"kn_fmha_fwd_prefill_a16w16_m32x8_bshd_0",256,327680,0,224,0,128,"GRBM_GUI_ACTIVE",12928898.000000,31889754586853,31889755573550
46,46,"Agent 2",1,89278,89278,1048576,390,"kn_fmha_fwd_prefill_a16w16_m32x8_bshd_0",256,327680,0,224,0,128,"SQ_WAVES",32768.000000,31889754586853,31889755573550
47,47,"Agent 2",1,89278,89278,1048576,390,"kn_fmha_fwd_prefill_a16w16_m32x8_bshd_0",256,327680,0,224,0,128,"GRBM_COUNT",12895918.000000,31889755730951,31889756726797
47,47,"Agent 2",1,89278,89278,1048576,390,"kn_fmha_fwd_prefill_a16w16_m32x8_bshd_0",256,327680,0,224,0,128,"GRBM_GUI_ACTIVE",12895918.000000,31889755730951,31889756726797
47,47,"Agent 2",1,89278,89278,1048576,390,"kn_fmha_fwd_prefill_a16w16_m32x8_bshd_0",256,327680,0,224,0,128,"SQ_WAVES",32768.000000,31889755730951,31889756726797
48,48,"Agent 2",1,89278,89278,1048576,390,"kn_fmha_fwd_prefill_a16w16_m32x8_bshd_0",256,327680,0,224,0,128,"GRBM_COUNT",12896070.000000,31889756888639,31889757910524
48,48,"Agent 2",1,89278,89278,1048576,390,"kn_fmha_fwd_prefill_a16w16_m32x8_bshd_0",256,327680,0,224,0,128,"GRBM_GUI_ACTIVE",12896070.000000,31889756888639,31889757910524
48,48,"Agent 2",1,89278,89278,1048576,390,"kn_fmha_fwd_prefill_a16w16_m32x8_bshd_0",256,327680,0,224,0,128,"SQ_WAVES",32768.000000,31889756888639,31889757910524
49,49,"Agent 2",1,89278,89278,65536,428,"void at::native::vectorized_elementwise_kernel<4, at::native::FillFunctor<float>, std::array<char*, 1ul> >(int, at::native::FillFunctor<float>, std::array<char*, 1ul>)",256,0,0,8,0,128,"GRBM_COUNT",140907.000000,31889758089243,31889758091217
49,49,"Agent 2",1,89278,89278,65536,428,"void at::native::vectorized_elementwise_kernel<4, at::native::FillFunctor<float>, std::array<char*, 1ul> >(int, at::native::FillFunctor<float>, std::array<char*, 1ul>)",256,0,0,8,0,128,"GRBM_GUI_ACTIVE",140907.000000,31889758089243,31889758091217
49,49,"Agent 2",1,89278,89278,65536,428,"void at::native::vectorized_elementwise_kernel<4, at::native::FillFunctor<float>, std::array<char*, 1ul> >(int, at::native::FillFunctor<float>, std::array<char*, 1ul>)",256,0,0,8,0,128,"SQ_WAVES",2048.000000,31889758089243,31889758091217
50,50,"Agent 2",1,89278,89278,1048576,391,"kn_fmha_fwd_prefill_a16w16_m32x8_bshd_0",256,327680,0,232,0,128,"GRBM_COUNT",15916350.000000,31889758315027,31889759494788
50,50,"Agent 2",1,89278,89278,1048576,391,"kn_fmha_fwd_prefill_a16w16_m32x8_bshd_0",256,327680,0,232,0,128,"GRBM_GUI_ACTIVE",15916350.000000,31889758315027,31889759494788
50,50,"Agent 2",1,89278,89278,1048576,391,"kn_fmha_fwd_prefill_a16w16_m32x8_bshd_0",256,327680,0,232,0,128,"SQ_WAVES",32768.000000,31889758315027,31889759494788
51,51,"Agent 2",1,89278,89278,1048576,391,"kn_fmha_fwd_prefill_a16w16_m32x8_bshd_0",256,327680,0,232,0,128,"GRBM_COUNT",15893554.000000,31889759651789,31889760738966
51,51,"Agent 2",1,89278,89278,1048576,391,"kn_fmha_fwd_prefill_a16w16_m32x8_bshd_0",256,327680,0,232,0,128,"GRBM_GUI_ACTIVE",15893554.000000,31889759651789,31889760738966
51,51,"Agent 2",1,89278,89278,1048576,391,"kn_fmha_fwd_prefill_a16w16_m32x8_bshd_0",256,327680,0,232,0,128,"SQ_WAVES",32768.000000,31889759651789,31889760738966
52,52,"Agent 2",1,89278,89278,1048576,391,"kn_fmha_fwd_prefill_a16w16_m32x8_bshd_0",256,327680,0,232,0,128,"GRBM_COUNT",16011531.000000,31889760901724,31889762208837
52,52,"Agent 2",1,89278,89278,1048576,391,"kn_fmha_fwd_prefill_a16w16_m32x8_bshd_0",256,327680,0,232,0,128,"GRBM_GUI_ACTIVE",16011531.000000,31889760901724,31889762208837
52,52,"Agent 2",1,89278,89278,1048576,391,"kn_fmha_fwd_prefill_a16w16_m32x8_bshd_0",256,327680,0,232,0,128,"SQ_WAVES",32768.000000,31889760901724,31889762208837
53,53,"Agent 2",1,89278,89278,1048576,391,"kn_fmha_fwd_prefill_a16w16_m32x8_bshd_0",256,327680,0,232,0,128,"GRBM_COUNT",15754070.000000,31889762368849,31889763653598
53,53,"Agent 2",1,89278,89278,1048576,391,"kn_fmha_fwd_prefill_a16w16_m32x8_bshd_0",256,327680,0,232,0,128,"GRBM_GUI_ACTIVE",15754070.000000,31889762368849,31889763653598
53,53,"Agent 2",1,89278,89278,1048576,391,"kn_fmha_fwd_prefill_a16w16_m32x8_bshd_0",256,327680,0,232,0,128,"SQ_WAVES",32768.000000,31889762368849,31889763653598
54,54,"Agent 2",1,89278,89278,1048576,391,"kn_fmha_fwd_prefill_a16w16_m32x8_bshd_0",256,327680,0,232,0,128,"GRBM_COUNT",15814712.000000,31889763808205,31889765039938
54,54,"Agent 2",1,89278,89278,1048576,391,"kn_fmha_fwd_prefill_a16w16_m32x8_bshd_0",256,327680,0,232,0,128,"GRBM_GUI_ACTIVE",15814712.000000,31889763808205,31889765039938
54,54,"Agent 2",1,89278,89278,1048576,391,"kn_fmha_fwd_prefill_a16w16_m32x8_bshd_0",256,327680,0,232,0,128,"SQ_WAVES",32768.000000,31889763808205,31889765039938
55,55,"Agent 2",1,89278,89278,1048576,391,"kn_fmha_fwd_prefill_a16w16_m32x8_bshd_0",256,327680,0,232,0,128,"GRBM_COUNT",15780788.000000,31889765184457,31889766349117
55,55,"Agent 2",1,89278,89278,1048576,391,"kn_fmha_fwd_prefill_a16w16_m32x8_bshd_0",256,327680,0,232,0,128,"GRBM_GUI_ACTIVE",15780788.000000,31889765184457,31889766349117
55,55,"Agent 2",1,89278,89278,1048576,391,"kn_fmha_fwd_prefill_a16w16_m32x8_bshd_0",256,327680,0,232,0,128,"SQ_WAVES",32768.000000,31889765184457,31889766349117
56,56,"Agent 2",1,89278,89278,1048576,391,"kn_fmha_fwd_prefill_a16w16_m32x8_bshd_0",256,327680,0,232,0,128,"GRBM_COUNT",15820867.000000,31889766495235,31889767647316
56,56,"Agent 2",1,89278,89278,1048576,391,"kn_fmha_fwd_prefill_a16w16_m32x8_bshd_0",256,327680,0,232,0,128,"GRBM_GUI_ACTIVE",15820867.000000,31889766495235,31889767647316
56,56,"Agent 2",1,89278,89278,1048576,391,"kn_fmha_fwd_prefill_a16w16_m32x8_bshd_0",256,327680,0,232,0,128,"SQ_WAVES",32768.000000,31889766495235,31889767647316
57,57,"Agent 2",1,89278,89278,1048576,391,"kn_fmha_fwd_prefill_a16w16_m32x8_bshd_0",256,327680,0,232,0,128,"GRBM_COUNT",15850519.000000,31889767797321,31889769059977
57,57,"Agent 2",1,89278,89278,1048576,391,"kn_fmha_fwd_prefill_a16w16_m32x8_bshd_0",256,327680,0,232,0,128,"GRBM_GUI_ACTIVE",15850519.000000,31889767797321,31889769059977
57,57,"Agent 2",1,89278,89278,1048576,391,"kn_fmha_fwd_prefill_a16w16_m32x8_bshd_0",256,327680,0,232,0,128,"SQ_WAVES",32768.000000,31889767797321,31889769059977
58,58,"Agent 2",1,89278,89278,1048576,391,"kn_fmha_fwd_prefill_a16w16_m32x8_bshd_0",256,327680,0,232,0,128,"GRBM_COUNT",15962240.000000,31889769202781,31889770471147
58,58,"Agent 2",1,89278,89278,1048576,391,"kn_fmha_fwd_prefill_a16w16_m32x8_bshd_0",256,327680,0,232,0,128,"GRBM_GUI_ACTIVE",15962240.000000,31889769202781,31889770471147
58,58,"Agent 2",1,89278,89278,1048576,391,"kn_fmha_fwd_prefill_a16w16_m32x8_bshd_0",256,327680,0,232,0,128,"SQ_WAVES",32768.000000,31889769202781,31889770471147
59,59,"Agent 2",1,89278,89278,1048576,391,"kn_fmha_fwd_prefill_a16w16_m32x8_bshd_0",256,327680,0,232,0,128,"GRBM_COUNT",15889482.000000,31889770610674,31889771792347
59,59,"Agent 2",1,89278,89278,1048576,391,"kn_fmha_fwd_prefill_a16w16_m32x8_bshd_0",256,327680,0,232,0,128,"GRBM_GUI_ACTIVE",15889482.000000,31889770610674,31889771792347
59,59,"Agent 2",1,89278,89278,1048576,391,"kn_fmha_fwd_prefill_a16w16_m32x8_bshd_0",256,327680,0,232,0,128,"SQ_WAVES",32768.000000,31889770610674,31889771792347
60,60,"Agent 2",1,89278,89278,81920,428,"void at::native::vectorized_elementwise_kernel<4, at::native::FillFunctor<float>, std::array<char*, 1ul> >(int, at::native::FillFunctor<float>, std::array<char*, 1ul>)",256,0,0,8,0,128,"GRBM_COUNT",129263.000000,31889771948056,31889771949189
60,60,"Agent 2",1,89278,89278,81920,428,"void at::native::vectorized_elementwise_kernel<4, at::native::FillFunctor<float>, std::array<char*, 1ul> >(int, at::native::FillFunctor<float>, std::array<char*, 1ul>)",256,0,0,8,0,128,"GRBM_GUI_ACTIVE",129263.000000,31889771948056,31889771949189
60,60,"Agent 2",1,89278,89278,81920,428,"void at::native::vectorized_elementwise_kernel<4, at::native::FillFunctor<float>, std::array<char*, 1ul> >(int, at::native::FillFunctor<float>, std::array<char*, 1ul>)",256,0,0,8,0,128,"SQ_WAVES",2560.000000,31889771948056,31889771949189
61,61,"Agent 2",1,89278,89278,1048576,392,"kn_fmha_fwd_prefill_a16w16_m32x8_bshd_0",256,327680,0,232,0,128,"GRBM_COUNT",15244157.000000,31889772145551,31889773309079
61,61,"Agent 2",1,89278,89278,1048576,392,"kn_fmha_fwd_prefill_a16w16_m32x8_bshd_0",256,327680,0,232,0,128,"GRBM_GUI_ACTIVE",15244157.000000,31889772145551,31889773309079
61,61,"Agent 2",1,89278,89278,1048576,392,"kn_fmha_fwd_prefill_a16w16_m32x8_bshd_0",256,327680,0,232,0,128,"SQ_WAVES",32768.000000,31889772145551,31889773309079
62,62,"Agent 2",1,89278,89278,1048576,392,"kn_fmha_fwd_prefill_a16w16_m32x8_bshd_0",256,327680,0,232,0,128,"GRBM_COUNT",15103396.000000,31889773449688,31889774535967
62,62,"Agent 2",1,89278,89278,1048576,392,"kn_fmha_fwd_prefill_a16w16_m32x8_bshd_0",256,327680,0,232,0,128,"GRBM_GUI_ACTIVE",15103396.000000,31889773449688,31889774535967
62,62,"Agent 2",1,89278,89278,1048576,392,"kn_fmha_fwd_prefill_a16w16_m32x8_bshd_0",256,327680,0,232,0,128,"SQ_WAVES",32768.000000,31889773449688,31889774535967
63,63,"Agent 2",1,89278,89278,1048576,392,"kn_fmha_fwd_prefill_a16w16_m32x8_bshd_0",256,327680,0,232,0,128,"GRBM_COUNT",15004205.000000,31889774686811,31889775841896
63,63,"Agent 2",1,89278,89278,1048576,392,"kn_fmha_fwd_prefill_a16w16_m32x8_bshd_0",256,327680,0,232,0,128,"GRBM_GUI_ACTIVE",15004205.000000,31889774686811,31889775841896
63,63,"Agent 2",1,89278,89278,1048576,392,"kn_fmha_fwd_prefill_a16w16_m32x8_bshd_0",256,327680,0,232,0,128,"SQ_WAVES",32768.000000,31889774686811,31889775841896
64,64,"Agent 2",1,89278,89278,1048576,392,"kn_fmha_fwd_prefill_a16w16_m32x8_bshd_0",256,327680,0,232,0,128,"GRBM_COUNT",15026372.000000,31889775992414,31889777287647
64,64,"Agent 2",1,89278,89278,1048576,392,"kn_fmha_fwd_prefill_a16w16_m32x8_bshd_0",256,327680,0,232,0,128,"GRBM_GUI_ACTIVE",15026372.000000,31889775992414,31889777287647
64,64,"Agent 2",1,89278,89278,1048576,392,"kn_fmha_fwd_prefill_a16w16_m32x8_bshd_0",256,327680,0,232,0,128,"SQ_WAVES",32768.000000,31889775992414,31889777287647
65,65,"Agent 2",1,89278,89278,1048576,392,"kn_fmha_fwd_prefill_a16w16_m32x8_bshd_0",256,327680,0,232,0,128,"GRBM_COUNT",15065270.000000,31889777432150,31889778611896
65,65,"Agent 2",1,89278,89278,1048576,392,"kn_fmha_fwd_prefill_a16w16_m32x8_bshd_0",256,327680,0,232,0,128,"GRBM_GUI_ACTIVE",15065270.000000,31889777432150,31889778611896
65,65,"Agent 2",1,89278,89278,1048576,392,"kn_fmha_fwd_prefill_a16w16_m32x8_bshd_0",256,327680,0,232,0,128,"SQ_WAVES",32768.000000,31889777432150,31889778611896
66,66,"Agent 2",1,89278,89278,1048576,392,"kn_fmha_fwd_prefill_a16w16_m32x8_bshd_0",256,327680,0,232,0,128,"GRBM_COUNT",15033885.000000,31889778767222,31889779931425
66,66,"Agent 2",1,89278,89278,1048576,392,"kn_fmha_fwd_prefill_a16w16_m32x8_bshd_0",256,327680,0,232,0,128,"GRBM_GUI_ACTIVE",15033885.000000,31889778767222,31889779931425
66,66,"Agent 2",1,89278,89278,1048576,392,"kn_fmha_fwd_prefill_a16w16_m32x8_bshd_0",256,327680,0,232,0,128,"SQ_WAVES",32768.000000,31889778767222,31889779931425
67,67,"Agent 2",1,89278,89278,1048576,392,"kn_fmha_fwd_prefill_a16w16_m32x8_bshd_0",256,327680,0,232,0,128,"GRBM_COUNT",15026022.000000,31889780090042,31889781261754
67,67,"Agent 2",1,89278,89278,1048576,392,"kn_fmha_fwd_prefill_a16w16_m32x8_bshd_0",256,327680,0,232,0,128,"GRBM_GUI_ACTIVE",15026022.000000,31889780090042,31889781261754
67,67,"Agent 2",1,89278,89278,1048576,392,"kn_fmha_fwd_prefill_a16w16_m32x8_bshd_0",256,327680,0,232,0,128,"SQ_WAVES",32768.000000,31889780090042,31889781261754
68,68,"Agent 2",1,89278,89278,1048576,392,"kn_fmha_fwd_prefill_a16w16_m32x8_bshd_0",256,327680,0,232,0,128,"GRBM_COUNT",15070704.000000,31889781416565,31889782541823
68,68,"Agent 2",1,89278,89278,1048576,392,"kn_fmha_fwd_prefill_a16w16_m32x8_bshd_0",256,327680,0,232,0,128,"GRBM_GUI_ACTIVE",15070704.000000,31889781416565,31889782541823
68,68,"Agent 2",1,89278,89278,1048576,392,"kn_fmha_fwd_prefill_a16w16_m32x8_bshd_0",256,327680,0,232,0,128,"SQ_WAVES",32768.000000,31889781416565,31889782541823
69,69,"Agent 2",1,89278,89278,1048576,392,"kn_fmha_fwd_prefill_a16w16_m32x8_bshd_0",256,327680,0,232,0,128,"GRBM_COUNT",15120113.000000,31889782701117,31889783842632
69,69,"Agent 2",1,89278,89278,1048576,392,"kn_fmha_fwd_prefill_a16w16_m32x8_bshd_0",256,327680,0,232,0,128,"GRBM_GUI_ACTIVE",15120113.000000,31889782701117,31889783842632
69,69,"Agent 2",1,89278,89278,1048576,392,"kn_fmha_fwd_prefill_a16w16_m32x8_bshd_0",256,327680,0,232,0,128,"SQ_WAVES",32768.000000,31889782701117,31889783842632
70,70,"Agent 2",1,89278,89278,1048576,392,"kn_fmha_fwd_prefill_a16w16_m32x8_bshd_0",256,327680,0,232,0,128,"GRBM_COUNT",15093597.000000,31889783998404,31889785243723
70,70,"Agent 2",1,89278,89278,1048576,392,"kn_fmha_fwd_prefill_a16w16_m32x8_bshd_0",256,327680,0,232,0,128,"GRBM_GUI_ACTIVE",15093597.000000,31889783998404,31889785243723
70,70,"Agent 2",1,89278,89278,1048576,392,"kn_fmha_fwd_prefill_a16w16_m32x8_bshd_0",256,327680,0,232,0,128,"SQ_WAVES",32768.000000,31889783998404,31889785243723
71,71,"Agent 2",1,89278,89278,98304,428,"void at::native::vectorized_elementwise_kernel<4, at::native::FillFunctor<float>, std::array<char*, 1ul> >(int, at::native::FillFunctor<float>, std::array<char*, 1ul>)",256,0,0,8,0,128,"GRBM_COUNT",135670.000000,31889785418132,31889785419505
71,71,"Agent 2",1,89278,89278,98304,428,"void at::native::vectorized_elementwise_kernel<4, at::native::FillFunctor<float>, std::array<char*, 1ul> >(int, at::native::FillFunctor<float>, std::array<char*, 1ul>)",256,0,0,8,0,128,"GRBM_GUI_ACTIVE",135670.000000,31889785418132,31889785419505
71,71,"Agent 2",1,89278,89278,98304,428,"void at::native::vectorized_elementwise_kernel<4, at::native::FillFunctor<float>, std::array<char*, 1ul> >(int, at::native::FillFunctor<float>, std::array<char*, 1ul>)",256,0,0,8,0,128,"SQ_WAVES",3072.000000,31889785418132,31889785419505
72,72,"Agent 2",1,89278,89278,1048576,393,"kn_fmha_fwd_prefill_a16w16_m32x8_bshd_0",256,327680,0,208,0,128,"GRBM_COUNT",13014996.000000,31889785613253,31889786588292
72,72,"Agent 2",1,89278,89278,1048576,393,"kn_fmha_fwd_prefill_a16w16_m32x8_bshd_0",256,327680,0,208,0,128,"GRBM_GUI_ACTIVE",13014996.000000,31889785613253,31889786588292
72,72,"Agent 2",1,89278,89278,1048576,393,"kn_fmha_fwd_prefill_a16w16_m32x8_bshd_0",256,327680,0,208,0,128,"SQ_WAVES",32768.000000,31889785613253,31889786588292
73,73,"Agent 2",1,89278,89278,1048576,393,"kn_fmha_fwd_prefill_a16w16_m32x8_bshd_0",256,327680,0,208,0,128,"GRBM_COUNT",12821968.000000,31889786744821,31889787645878
73,73,"Agent 2",1,89278,89278,1048576,393,"kn_fmha_fwd_prefill_a16w16_m32x8_bshd_0",256,327680,0,208,0,128,"GRBM_GUI_ACTIVE",12821968.000000,31889786744821,31889787645878
73,73,"Agent 2",1,89278,89278,1048576,393,"kn_fmha_fwd_prefill_a16w16_m32x8_bshd_0",256,327680,0,208,0,128,"SQ_WAVES",32768.000000,31889786744821,31889787645878
74,74,"Agent 2",1,89278,89278,1048576,393,"kn_fmha_fwd_prefill_a16w16_m32x8_bshd_0",256,327680,0,208,0,128,"GRBM_COUNT",12800462.000000,31889787810142,31889788832085
74,74,"Agent 2",1,89278,89278,1048576,393,"kn_fmha_fwd_prefill_a16w16_m32x8_bshd_0",256,327680,0,208,0,128,"GRBM_GUI_ACTIVE",12800462.000000,31889787810142,31889788832085
74,74,"Agent 2",1,89278,89278,1048576,393,"kn_fmha_fwd_prefill_a16w16_m32x8_bshd_0",256,327680,0,208,0,128,"SQ_WAVES",32768.000000,31889787810142,31889788832085
75,75,"Agent 2",1,89278,89278,1048576,393,"kn_fmha_fwd_prefill_a16w16_m32x8_bshd_0",256,327680,0,208,0,128,"GRBM_COUNT",12618289.000000,31889788998640,31889790064143
75,75,"Agent 2",1,89278,89278,1048576,393,"kn_fmha_fwd_prefill_a16w16_m32x8_bshd_0",256,327680,0,208,0,128,"GRBM_GUI_ACTIVE",12618289.000000,31889788998640,31889790064143
75,75,"Agent 2",1,89278,89278,1048576,393,"kn_fmha_fwd_prefill_a16w16_m32x8_bshd_0",256,327680,0,208,0,128,"SQ_WAVES",32768.000000,31889788998640,31889790064143
76,76,"Agent 2",1,89278,89278,1048576,393,"kn_fmha_fwd_prefill_a16w16_m32x8_bshd_0",256,327680,0,208,0,128,"GRBM_COUNT",12697869.000000,31889790217372,31889791214940
76,76,"Agent 2",1,89278,89278,1048576,393,"kn_fmha_fwd_prefill_a16w16_m32x8_bshd_0",256,327680,0,208,0,128,"GRBM_GUI_ACTIVE",12697869.000000,31889790217372,31889791214940
76,76,"Agent 2",1,89278,89278,1048576,393,"kn_fmha_fwd_prefill_a16w16_m32x8_bshd_0",256,327680,0,208,0,128,"SQ_WAVES",32768.000000,31889790217372,31889791214940
77,77,"Agent 2",1,89278,89278,1048576,393,"kn_fmha_fwd_prefill_a16w16_m32x8_bshd_0",256,327680,0,208,0,128,"GRBM_COUNT",12852677.000000,31889791360274,31889792333806
77,77,"Agent 2",1,89278,89278,1048576,393,"kn_fmha_fwd_prefill_a16w16_m32x8_bshd_0",256,327680,0,208,0,128,"GRBM_GUI_ACTIVE",12852677.000000,31889791360274,31889792333806
77,77,"Agent 2",1,89278,89278,1048576,393,"kn_fmha_fwd_prefill_a16w16_m32x8_bshd_0",256,327680,0,208,0,128,"SQ_WAVES",32768.000000,31889791360274,31889792333806
78,78,"Agent 2",1,89278,89278,1048576,393,"kn_fmha_fwd_prefill_a16w16_m32x8_bshd_0",256,327680,0,208,0,128,"GRBM_COUNT",12821845.000000,31889792479840,31889793449752
78,78,"Agent 2",1,89278,89278,1048576,393,"kn_fmha_fwd_prefill_a16w16_m32x8_bshd_0",256,327680,0,208,0,128,"GRBM_GUI_ACTIVE",12821845.000000,31889792479840,31889793449752
78,78,"Agent 2",1,89278,89278,1048576,393,"kn_fmha_fwd_prefill_a16w16_m32x8_bshd_0",256,327680,0,208,0,128,"SQ_WAVES",32768.000000,31889792479840,31889793449752
79,79,"Agent 2",1,89278,89278,1048576,393,"kn_fmha_fwd_prefill_a16w16_m32x8_bshd_0",256,327680,0,208,0,128,"GRBM_COUNT",12957352.000000,31889793596128,31889794581679
79,79,"Agent 2",1,89278,89278,1048576,393,"kn_fmha_fwd_prefill_a16w16_m32x8_bshd_0",256,327680,0,208,0,128,"GRBM_GUI_ACTIVE",12957352.000000,31889793596128,31889794581679
79,79,"Agent 2",1,89278,89278,1048576,393,"kn_fmha_fwd_prefill_a16w16_m32x8_bshd_0",256,327680,0,208,0,128,"SQ_WAVES",32768.000000,31889793596128,31889794581679
80,80,"Agent 2",1,89278,89278,1048576,393,"kn_fmha_fwd_prefill_a16w16_m32x8_bshd_0",256,327680,0,208,0,128,"GRBM_COUNT",12747540.000000,31889794724845,31889795717705
80,80,"Agent 2",1,89278,89278,1048576,393,"kn_fmha_fwd_prefill_a16w16_m32x8_bshd_0",256,327680,0,208,0,128,"GRBM_GUI_ACTIVE",12747540.000000,31889794724845,31889795717705
80,80,"Agent 2",1,89278,89278,1048576,393,"kn_fmha_fwd_prefill_a16w16_m32x8_bshd_0",256,327680,0,208,0,128,"SQ_WAVES",32768.000000,31889794724845,31889795717705
81,81,"Agent 2",1,89278,89278,1048576,393,"kn_fmha_fwd_prefill_a16w16_m32x8_bshd_0",256,327680,0,208,0,128,"GRBM_COUNT",12824980.000000,31889795862646,31889796878202
81,81,"Agent 2",1,89278,89278,1048576,393,"kn_fmha_fwd_prefill_a16w16_m32x8_bshd_0",256,327680,0,208,0,128,"GRBM_GUI_ACTIVE",12824980.000000,31889795862646,31889796878202
81,81,"Agent 2",1,89278,89278,1048576,393,"kn_fmha_fwd_prefill_a16w16_m32x8_bshd_0",256,327680,0,208,0,128,"SQ_WAVES",32768.000000,31889795862646,31889796878202
82,82,"Agent 2",1,89278,89278,114688,428,"void at::native::vectorized_elementwise_kernel<4, at::native::FillFunctor<float>, std::array<char*, 1ul> >(int, at::native::FillFunctor<float>, std::array<char*, 1ul>)",256,0,0,8,0,128,"GRBM_COUNT",138384.000000,31889797041431,31889797042844
82,82,"Agent 2",1,89278,89278,114688,428,"void at::native::vectorized_elementwise_kernel<4, at::native::FillFunctor<float>, std::array<char*, 1ul> >(int, at::native::FillFunctor<float>, std::array<char*, 1ul>)",256,0,0,8,0,128,"GRBM_GUI_ACTIVE",138384.000000,31889797041431,31889797042844
82,82,"Agent 2",1,89278,89278,114688,428,"void at::native::vectorized_elementwise_kernel<4, at::native::FillFunctor<float>, std::array<char*, 1ul> >(int, at::native::FillFunctor<float>, std::array<char*, 1ul>)",256,0,0,8,0,128,"SQ_WAVES",3584.000000,31889797041431,31889797042844
83,83,"Agent 2",1,89278,89278,524288,394,"aiter::fmha_bf16_pertokenBf16_hd128_128x256_mask",128,327680,0,512,0,128,"GRBM_COUNT",11681145.000000,31889797249549,31889798248752
83,83,"Agent 2",1,89278,89278,524288,394,"aiter::fmha_bf16_pertokenBf16_hd128_128x256_mask",128,327680,0,512,0,128,"GRBM_GUI_ACTIVE",11681145.000000,31889797249549,31889798248752
83,83,"Agent 2",1,89278,89278,524288,394,"aiter::fmha_bf16_pertokenBf16_hd128_128x256_mask",128,327680,0,512,0,128,"SQ_WAVES",16384.000000,31889797249549,31889798248752
84,84,"Agent 2",1,89278,89278,524288,394,"aiter::fmha_bf16_pertokenBf16_hd128_128x256_mask",128,327680,0,512,0,128,"GRBM_COUNT",11560558.000000,31889798397255,31889799333918
84,84,"Agent 2",1,89278,89278,524288,394,"aiter::fmha_bf16_pertokenBf16_hd128_128x256_mask",128,327680,0,512,0,128,"GRBM_GUI_ACTIVE",11560558.000000,31889798397255,31889799333918
84,84,"Agent 2",1,89278,89278,524288,394,"aiter::fmha_bf16_pertokenBf16_hd128_128x256_mask",128,327680,0,512,0,128,"SQ_WAVES",16384.000000,31889798397255,31889799333918
85,85,"Agent 2",1,89278,89278,524288,394,"aiter::fmha_bf16_pertokenBf16_hd128_128x256_mask",128,327680,0,512,0,128,"GRBM_COUNT",11730474.000000,31889799491670,31889800565556
85,85,"Agent 2",1,89278,89278,524288,394,"aiter::fmha_bf16_pertokenBf16_hd128_128x256_mask",128,327680,0,512,0,128,"GRBM_GUI_ACTIVE",11730474.000000,31889799491670,31889800565556
85,85,"Agent 2",1,89278,89278,524288,394,"aiter::fmha_bf16_pertokenBf16_hd128_128x256_mask",128,327680,0,512,0,128,"SQ_WAVES",16384.000000,31889799491670,31889800565556
86,86,"Agent 2",1,89278,89278,524288,394,"aiter::fmha_bf16_pertokenBf16_hd128_128x256_mask",128,327680,0,512,0,128,"GRBM_COUNT",11599103.000000,31889800727677,31889801879445
86,86,"Agent 2",1,89278,89278,524288,394,"aiter::fmha_bf16_pertokenBf16_hd128_128x256_mask",128,327680,0,512,0,128,"GRBM_GUI_ACTIVE",11599103.000000,31889800727677,31889801879445
86,86,"Agent 2",1,89278,89278,524288,394,"aiter::fmha_bf16_pertokenBf16_hd128_128x256_mask",128,327680,0,512,0,128,"SQ_WAVES",16384.000000,31889800727677,31889801879445
87,87,"Agent 2",1,89278,89278,524288,394,"aiter::fmha_bf16_pertokenBf16_hd128_128x256_mask",128,327680,0,512,0,128,"GRBM_COUNT",11402651.000000,31889802045008,31889803205074
87,87,"Agent 2",1,89278,89278,524288,394,"aiter::fmha_bf16_pertokenBf16_hd128_128x256_mask",128,327680,0,512,0,128,"GRBM_GUI_ACTIVE",11402651.000000,31889802045008,31889803205074
87,87,"Agent 2",1,89278,89278,524288,394,"aiter::fmha_bf16_pertokenBf16_hd128_128x256_mask",128,327680,0,512,0,128,"SQ_WAVES",16384.000000,31889802045008,31889803205074
88,88,"Agent 2",1,89278,89278,524288,394,"aiter::fmha_bf16_pertokenBf16_hd128_128x256_mask",128,327680,0,512,0,128,"GRBM_COUNT",11395515.000000,31889803368659,31889804522184
88,88,"Agent 2",1,89278,89278,524288,394,"aiter::fmha_bf16_pertokenBf16_hd128_128x256_mask",128,327680,0,512,0,128,"GRBM_GUI_ACTIVE",11395515.000000,31889803368659,31889804522184
88,88,"Agent 2",1,89278,89278,524288,394,"aiter::fmha_bf16_pertokenBf16_hd128_128x256_mask",128,327680,0,512,0,128,"SQ_WAVES",16384.000000,31889803368659,31889804522184
89,89,"Agent 2",1,89278,89278,524288,394,"aiter::fmha_bf16_pertokenBf16_hd128_128x256_mask",128,327680,0,512,0,128,"GRBM_COUNT",11406404.000000,31889804688509,31889805789472
89,89,"Agent 2",1,89278,89278,524288,394,"aiter::fmha_bf16_pertokenBf16_hd128_128x256_mask",128,327680,0,512,0,128,"GRBM_GUI_ACTIVE",11406404.000000,31889804688509,31889805789472
89,89,"Agent 2",1,89278,89278,524288,394,"aiter::fmha_bf16_pertokenBf16_hd128_128x256_mask",128,327680,0,512,0,128,"SQ_WAVES",16384.000000,31889804688509,31889805789472
90,90,"Agent 2",1,89278,89278,524288,394,"aiter::fmha_bf16_pertokenBf16_hd128_128x256_mask",128,327680,0,512,0,128,"GRBM_COUNT",11436715.000000,31889805961814,31889807117451
90,90,"Agent 2",1,89278,89278,524288,394,"aiter::fmha_bf16_pertokenBf16_hd128_128x256_mask",128,327680,0,512,0,128,"GRBM_GUI_ACTIVE",11436715.000000,31889805961814,31889807117451
90,90,"Agent 2",1,89278,89278,524288,394,"aiter::fmha_bf16_pertokenBf16_hd128_128x256_mask",128,327680,0,512,0,128,"SQ_WAVES",16384.000000,31889805961814,31889807117451
91,91,"Agent 2",1,89278,89278,524288,394,"aiter::fmha_bf16_pertokenBf16_hd128_128x256_mask",128,327680,0,512,0,128,"GRBM_COUNT",11517242.000000,31889807283794,31889808427050
91,91,"Agent 2",1,89278,89278,524288,394,"aiter::fmha_bf16_pertokenBf16_hd128_128x256_mask",128,327680,0,512,0,128,"GRBM_GUI_ACTIVE",11517242.000000,31889807283794,31889808427050
91,91,"Agent 2",1,89278,89278,524288,394,"aiter::fmha_bf16_pertokenBf16_hd128_128x256_mask",128,327680,0,512,0,128,"SQ_WAVES",16384.000000,31889807283794,31889808427050
92,92,"Agent 2",1,89278,89278,524288,394,"aiter::fmha_bf16_pertokenBf16_hd128_128x256_mask",128,327680,0,512,0,128,"GRBM_COUNT",11513960.000000,31889808589619,31889809701639
92,92,"Agent 2",1,89278,89278,524288,394,"aiter::fmha_bf16_pertokenBf16_hd128_128x256_mask",128,327680,0,512,0,128,"GRBM_GUI_ACTIVE",11513960.000000,31889808589619,31889809701639
92,92,"Agent 2",1,89278,89278,524288,394,"aiter::fmha_bf16_pertokenBf16_hd128_128x256_mask",128,327680,0,512,0,128,"SQ_WAVES",16384.000000,31889808589619,31889809701639
93,93,"Agent 2",1,89278,89278,131072,428,"void at::native::vectorized_elementwise_kernel<4, at::native::FillFunctor<float>, std::array<char*, 1ul> >(int, at::native::FillFunctor<float>, std::array<char*, 1ul>)",256,0,0,8,0,128,"GRBM_COUNT",153754.000000,31889809886098,31889809888112
93,93,"Agent 2",1,89278,89278,131072,428,"void at::native::vectorized_elementwise_kernel<4, at::native::FillFunctor<float>, std::array<char*, 1ul> >(int, at::native::FillFunctor<float>, std::array<char*, 1ul>)",256,0,0,8,0,128,"GRBM_GUI_ACTIVE",153754.000000,31889809886098,31889809888112
93,93,"Agent 2",1,89278,89278,131072,428,"void at::native::vectorized_elementwise_kernel<4, at::native::FillFunctor<float>, std::array<char*, 1ul> >(int, at::native::FillFunctor<float>, std::array<char*, 1ul>)",256,0,0,8,0,128,"SQ_WAVES",4096.000000,31889809886098,31889809888112
94,94,"Agent 2",1,89278,89278,1048576,395,"kn_fmha_fwd_prefill_a16w16_m32x8_bshd_0",256,327680,0,232,0,128,"GRBM_COUNT",30336647.000000,31889810076691,31889812656312
94,94,"Agent 2",1,89278,89278,1048576,395,"kn_fmha_fwd_prefill_a16w16_m32x8_bshd_0",256,327680,0,232,0,128,"GRBM_GUI_ACTIVE",30336647.000000,31889810076691,31889812656312
94,94,"Agent 2",1,89278,89278,1048576,395,"kn_fmha_fwd_prefill_a16w16_m32x8_bshd_0",256,327680,0,232,0,128,"SQ_WAVES",32768.000000,31889810076691,31889812656312
95,95,"Agent 2",1,89278,89278,1048576,395,"kn_fmha_fwd_prefill_a16w16_m32x8_bshd_0",256,327680,0,232,0,128,"GRBM_COUNT",30428834.000000,31889812817410,31889815212089
95,95,"Agent 2",1,89278,89278,1048576,395,"kn_fmha_fwd_prefill_a16w16_m32x8_bshd_0",256,327680,0,232,0,128,"GRBM_GUI_ACTIVE",30428834.000000,31889812817410,31889815212089
95,95,"Agent 2",1,89278,89278,1048576,395,"kn_fmha_fwd_prefill_a16w16_m32x8_bshd_0",256,327680,0,232,0,128,"SQ_WAVES",32768.000000,31889812817410,31889815212089
96,96,"Agent 2",1,89278,89278,1048576,395,"kn_fmha_fwd_prefill_a16w16_m32x8_bshd_0",256,327680,0,232,0,128,"GRBM_COUNT",30433932.000000,31889815375499,31889817798357
96,96,"Agent 2",1,89278,89278,1048576,395,"kn_fmha_fwd_prefill_a16w16_m32x8_bshd_0",256,327680,0,232,0,128,"GRBM_GUI_ACTIVE",30433932.000000,31889815375499,31889817798357
96,96,"Agent 2",1,89278,89278,1048576,395,"kn_fmha_fwd_prefill_a16w16_m32x8_bshd_0",256,327680,0,232,0,128,"SQ_WAVES",32768.000000,31889815375499,31889817798357
97,97,"Agent 2",1,89278,89278,1048576,395,"kn_fmha_fwd_prefill_a16w16_m32x8_bshd_0",256,327680,0,232,0,128,"GRBM_COUNT",30558916.000000,31889817960248,31889820459326
97,97,"Agent 2",1,89278,89278,1048576,395,"kn_fmha_fwd_prefill_a16w16_m32x8_bshd_0",256,327680,0,232,0,128,"GRBM_GUI_ACTIVE",30558916.000000,31889817960248,31889820459326
97,97,"Agent 2",1,89278,89278,1048576,395,"kn_fmha_fwd_prefill_a16w16_m32x8_bshd_0",256,327680,0,232,0,128,"SQ_WAVES",32768.000000,31889817960248,31889820459326
98,98,"Agent 2",1,89278,89278,1048576,395,"kn_fmha_fwd_prefill_a16w16_m32x8_bshd_0",256,327680,0,232,0,128,"GRBM_COUNT",30327202.000000,31889820615521,31889823009993
98,98,"Agent 2",1,89278,89278,1048576,395,"kn_fmha_fwd_prefill_a16w16_m32x8_bshd_0",256,327680,0,232,0,128,"GRBM_GUI_ACTIVE",30327202.000000,31889820615521,31889823009993
98,98,"Agent 2",1,89278,89278,1048576,395,"kn_fmha_fwd_prefill_a16w16_m32x8_bshd_0",256,327680,0,232,0,128,"SQ_WAVES",32768.000000,31889820615521,31889823009993
99,99,"Agent 2",1,89278,89278,1048576,395,"kn_fmha_fwd_prefill_a16w16_m32x8_bshd_0",256,327680,0,232,0,128,"GRBM_COUNT",30584575.000000,31889823158898,31889825629381
99,99,"Agent 2",1,89278,89278,1048576,395,"kn_fmha_fwd_prefill_a16w16_m32x8_bshd_0",256,327680,0,232,0,128,"GRBM_GUI_ACTIVE",30584575.000000,31889823158898,31889825629381
99,99,"Agent 2",1,89278,89278,1048576,395,"kn_fmha_fwd_prefill_a16w16_m32x8_bshd_0",256,327680,0,232,0,128,"SQ_WAVES",32768.000000,31889823158898,31889825629381
100,100,"Agent 2",1,89278,89278,1048576,395,"kn_fmha_fwd_prefill_a16w16_m32x8_bshd_0",256,327680,0,232,0,128,"GRBM_COUNT",30403140.000000,31889825782354,31889828201879
100,100,"Agent 2",1,89278,89278,1048576,395,"kn_fmha_fwd_prefill_a16w16_m32x8_bshd_0",256,327680,0,232,0,128,"GRBM_GUI_ACTIVE",30403140.000000,31889825782354,31889828201879
100,100,"Agent 2",1,89278,89278,1048576,395,"kn_fmha_fwd_prefill_a16w16_m32x8_bshd_0",256,327680,0,232,0,128,"SQ_WAVES",32768.000000,31889825782354,31889828201879
101,101,"Agent 2",1,89278,89278,1048576,395,"kn_fmha_fwd_prefill_a16w16_m32x8_bshd_0",256,327680,0,232,0,128,"GRBM_COUNT",30663943.000000,31889828353275,31889830768016
101,101,"Agent 2",1,89278,89278,1048576,395,"kn_fmha_fwd_prefill_a16w16_m32x8_bshd_0",256,327680,0,232,0,128,"GRBM_GUI_ACTIVE",30663943.000000,31889828353275,31889830768016
101,101,"Agent 2",1,89278,89278,1048576,395,"kn_fmha_fwd_prefill_a16w16_m32x8_bshd_0",256,327680,0,232,0,128,"SQ_WAVES",32768.000000,31889828353275,31889830768016
102,102,"Agent 2",1,89278,89278,1048576,395,"kn_fmha_fwd_prefill_a16w16_m32x8_bshd_0",256,327680,0,232,0,128,"GRBM_COUNT",30515086.000000,31889830914581,31889833390224
102,102,"Agent 2",1,89278,89278,1048576,395,"kn_fmha_fwd_prefill_a16w16_m32x8_bshd_0",256,327680,0,232,0,128,"GRBM_GUI_ACTIVE",30515086.000000,31889830914581,31889833390224
102,102,"Agent 2",1,89278,89278,1048576,395,"kn_fmha_fwd_prefill_a16w16_m32x8_bshd_0",256,327680,0,232,0,128,"SQ_WAVES",32768.000000,31889830914581,31889833390224
103,103,"Agent 2",1,89278,89278,1048576,395,"kn_fmha_fwd_prefill_a16w16_m32x8_bshd_0",256,327680,0,232,0,128,"GRBM_COUNT",30421359.000000,31889833537037,31889835939121
103,103,"Agent 2",1,89278,89278,1048576,395,"kn_fmha_fwd_prefill_a16w16_m32x8_bshd_0",256,327680,0,232,0,128,"GRBM_GUI_ACTIVE",30421359.000000,31889833537037,31889835939121
103,103,"Agent 2",1,89278,89278,1048576,395,"kn_fmha_fwd_prefill_a16w16_m32x8_bshd_0",256,327680,0,232,0,128,"SQ_WAVES",32768.000000,31889833537037,31889835939121
104,104,"Agent 2",1,89278,89278,147456,428,"void at::native::vectorized_elementwise_kernel<4, at::native::FillFunctor<float>, std::array<char*, 1ul> >(int, at::native::FillFunctor<float>, std::array<char*, 1ul>)",256,0,0,8,0,128,"GRBM_COUNT",140130.000000,31889836097239,31889836099034
104,104,"Agent 2",1,89278,89278,147456,428,"void at::native::vectorized_elementwise_kernel<4, at::native::FillFunctor<float>, std::array<char*, 1ul> >(int, at::native::FillFunctor<float>, std::array<char*, 1ul>)",256,0,0,8,0,128,"GRBM_GUI_ACTIVE",140130.000000,31889836097239,31889836099034
104,104,"Agent 2",1,89278,89278,147456,428,"void at::native::vectorized_elementwise_kernel<4, at::native::FillFunctor<float>, std::array<char*, 1ul> >(int, at::native::FillFunctor<float>, std::array<char*, 1ul>)",256,0,0,8,0,128,"SQ_WAVES",4608.000000,31889836097239,31889836099034
105,105,"Agent 2",1,89278,89278,524288,396,"aiter::fmha_bf16_pertokenBf16_hd128_128x256",128,327680,0,512,0,128,"GRBM_COUNT",20230267.000000,31889836275591,31889838090483
105,105,"Agent 2",1,89278,89278,524288,396,"aiter::fmha_bf16_pertokenBf16_hd128_128x256",128,327680,0,512,0,128,"GRBM_GUI_ACTIVE",20230267.000000,31889836275591,31889838090483
105,105,"Agent 2",1,89278,89278,524288,396,"aiter::fmha_bf16_pertokenBf16_hd128_128x256",128,327680,0,512,0,128,"SQ_WAVES",16384.000000,31889836275591,31889838090483
106,106,"Agent 2",1,89278,89278,524288,396,"aiter::fmha_bf16_pertokenBf16_hd128_128x256",128,327680,0,512,0,128,"GRBM_COUNT",20095516.000000,31889838258491,31889840342585
106,106,"Agent 2",1,89278,89278,524288,396,"aiter::fmha_bf16_pertokenBf16_hd128_128x256",128,327680,0,512,0,128,"GRBM_GUI_ACTIVE",20095516.000000,31889838258491,31889840342585
106,106,"Agent 2",1,89278,89278,524288,396,"aiter::fmha_bf16_pertokenBf16_hd128_128x256",128,327680,0,512,0,128,"SQ_WAVES",16384.000000,31889838258491,31889840342585
107,107,"Agent 2",1,89278,89278,524288,396,"aiter::fmha_bf16_pertokenBf16_hd128_128x256",128,327680,0,512,0,128,"GRBM_COUNT",19952004.000000,31889840507429,31889842580178
107,107,"Agent 2",1,89278,89278,524288,396,"aiter::fmha_bf16_pertokenBf16_hd128_128x256",128,327680,0,512,0,128,"GRBM_GUI_ACTIVE",19952004.000000,31889840507429,31889842580178
107,107,"Agent 2",1,89278,89278,524288,396,"aiter::fmha_bf16_pertokenBf16_hd128_128x256",128,327680,0,512,0,128,"SQ_WAVES",16384.000000,31889840507429,31889842580178
108,108,"Agent 2",1,89278,89278,524288,396,"aiter::fmha_bf16_pertokenBf16_hd128_128x256",128,327680,0,512,0,128,"GRBM_COUNT",19959211.000000,31889842746372,31889844803730
108,108,"Agent 2",1,89278,89278,524288,396,"aiter::fmha_bf16_pertokenBf16_hd128_128x256",128,327680,0,512,0,128,"GRBM_GUI_ACTIVE",19959211.000000,31889842746372,31889844803730
108,108,"Agent 2",1,89278,89278,524288,396,"aiter::fmha_bf16_pertokenBf16_hd128_128x256",128,327680,0,512,0,128,"SQ_WAVES",16384.000000,31889842746372,31889844803730
109,109,"Agent 2",1,89278,89278,524288,396,"aiter::fmha_bf16_pertokenBf16_hd128_128x256",128,327680,0,512,0,128,"GRBM_COUNT",19928286.000000,31889844969063,31889847049743
109,109,"Agent 2",1,89278,89278,524288,396,"aiter::fmha_bf16_pertokenBf16_hd128_128x256",128,327680,0,512,0,128,"GRBM_GUI_ACTIVE",19928286.000000,31889844969063,31889847049743
109,109,"Agent 2",1,89278,89278,524288,396,"aiter::fmha_bf16_pertokenBf16_hd128_128x256",128,327680,0,512,0,128,"SQ_WAVES",16384.000000,31889844969063,31889847049743
110,110,"Agent 2",1,89278,89278,524288,396,"aiter::fmha_bf16_pertokenBf16_hd128_128x256",128,327680,0,512,0,128,"GRBM_COUNT",19895405.000000,31889847226858,31889849305696
110,110,"Agent 2",1,89278,89278,524288,396,"aiter::fmha_bf16_pertokenBf16_hd128_128x256",128,327680,0,512,0,128,"GRBM_GUI_ACTIVE",19895405.000000,31889847226858,31889849305696
110,110,"Agent 2",1,89278,89278,524288,396,"aiter::fmha_bf16_pertokenBf16_hd128_128x256",128,327680,0,512,0,128,"SQ_WAVES",16384.000000,31889847226858,31889849305696
111,111,"Agent 2",1,89278,89278,524288,396,"aiter::fmha_bf16_pertokenBf16_hd128_128x256",128,327680,0,512,0,128,"GRBM_COUNT",19916079.000000,31889849490737,31889851572179
111,111,"Agent 2",1,89278,89278,524288,396,"aiter::fmha_bf16_pertokenBf16_hd128_128x256",128,327680,0,512,0,128,"GRBM_GUI_ACTIVE",19916079.000000,31889849490737,31889851572179
111,111,"Agent 2",1,89278,89278,524288,396,"aiter::fmha_bf16_pertokenBf16_hd128_128x256",128,327680,0,512,0,128,"SQ_WAVES",16384.000000,31889849490737,31889851572179
112,112,"Agent 2",1,89278,89278,524288,396,"aiter::fmha_bf16_pertokenBf16_hd128_128x256",128,327680,0,512,0,128,"GRBM_COUNT",19828856.000000,31889851757495,31889853834632
112,112,"Agent 2",1,89278,89278,524288,396,"aiter::fmha_bf16_pertokenBf16_hd128_128x256",128,327680,0,512,0,128,"GRBM_GUI_ACTIVE",19828856.000000,31889851757495,31889853834632
112,112,"Agent 2",1,89278,89278,524288,396,"aiter::fmha_bf16_pertokenBf16_hd128_128x256",128,327680,0,512,0,128,"SQ_WAVES",16384.000000,31889851757495,31889853834632
113,113,"Agent 2",1,89278,89278,524288,396,"aiter::fmha_bf16_pertokenBf16_hd128_128x256",128,327680,0,512,0,128,"GRBM_COUNT",19790976.000000,31889854013667,31889856199016
113,113,"Agent 2",1,89278,89278,524288,396,"aiter::fmha_bf16_pertokenBf16_hd128_128x256",128,327680,0,512,0,128,"GRBM_GUI_ACTIVE",19790976.000000,31889854013667,31889856199016
113,113,"Agent 2",1,89278,89278,524288,396,"aiter::fmha_bf16_pertokenBf16_hd128_128x256",128,327680,0,512,0,128,"SQ_WAVES",16384.000000,31889854013667,31889856199016
114,114,"Agent 2",1,89278,89278,524288,396,"aiter::fmha_bf16_pertokenBf16_hd128_128x256",128,327680,0,512,0,128,"GRBM_COUNT",19931752.000000,31889856379073,31889858494440
114,114,"Agent 2",1,89278,89278,524288,396,"aiter::fmha_bf16_pertokenBf16_hd128_128x256",128,327680,0,512,0,128,"GRBM_GUI_ACTIVE",19931752.000000,31889856379073,31889858494440
114,114,"Agent 2",1,89278,89278,524288,396,"aiter::fmha_bf16_pertokenBf16_hd128_128x256",128,327680,0,512,0,128,"SQ_WAVES",16384.000000,31889856379073,31889858494440
