E2E_ENV PREFER=1 LIB=/opt/venv/lib/python3.12/site-packages/_rocm_sdk_libraries_gfx1250/lib/hipblaslt/library/gfx1250 E2E_ATTN=asm;asm,flyr29,fly,asm,fly,flyr29
[2026-10-02 10:18:11] [NODE-0(heliosr-1b114-c07-1)] [INFO] [main] Loaded config: /home/lihuzhan/code/2026_0828__primus/Primus/runner/.primus.yaml
[2026-10-02 10:18:11] [NODE-0(heliosr-1b114-c07-1)] [INFO] [main] Would execute: bash /home/lihuzhan/code/2026_0828__primus/Primus/runner/primus-cli-direct.sh --log_file /home/lihuzhan/_dbg_l8b/a0e2e_3arm_p2_1002_095504/launcher.log -- train pretrain --config /home/lihuzhan/code/2026_0903__turbo/Primus-Turbo/output/1002__e2e/e2e/configs/run.a0e2e_3arm_p2_1002_095504.yaml
[2026-10-02 10:18:11] [NODE-0(heliosr-1b114-c07-1)] [INFO] [main] Executing: bash /home/lihuzhan/code/2026_0828__primus/Primus/runner/primus-cli-direct.sh --log_file /home/lihuzhan/_dbg_l8b/a0e2e_3arm_p2_1002_095504/launcher.log -- train pretrain --config /home/lihuzhan/code/2026_0903__turbo/Primus-Turbo/output/1002__e2e/e2e/configs/run.a0e2e_3arm_p2_1002_095504.yaml
[2026-10-02 10:18:11] [NODE-0(heliosr-1b114-c07-1)] [INFO] -----------------------------------------------
[2026-10-02 10:18:11] [NODE-0(heliosr-1b114-c07-1)] [INFO] primus-cli-direct.sh
[2026-10-02 10:18:11] [NODE-0(heliosr-1b114-c07-1)] [INFO] -----------------------------------------------
[2026-10-02 10:18:11] [NODE-0(heliosr-1b114-c07-1)] [INFO] [direct] PRE_PARSE_ARGS (runner options): --log_file /home/lihuzhan/_dbg_l8b/a0e2e_3arm_p2_1002_095504/launcher.log
[2026-10-02 10:18:11] [NODE-0(heliosr-1b114-c07-1)] [INFO] [direct] PRIMUS_ARGS (python module args): train pretrain --config /home/lihuzhan/code/2026_0903__turbo/Primus-Turbo/output/1002__e2e/e2e/configs/run.a0e2e_3arm_p2_1002_095504.yaml
[2026-10-02 10:18:11] [NODE-0(heliosr-1b114-c07-1)] [INFO] [direct] Combined args for second pass: --log_file /home/lihuzhan/_dbg_l8b/a0e2e_3arm_p2_1002_095504/launcher.log -- train pretrain --config /home/lihuzhan/code/2026_0903__turbo/Primus-Turbo/output/1002__e2e/e2e/configs/run.a0e2e_3arm_p2_1002_095504.yaml
[2026-10-02 10:18:11] [NODE-0(heliosr-1b114-c07-1)] [INFO] [direct] Loaded config: /home/lihuzhan/code/2026_0828__primus/Primus/runner/.primus.yaml
[2026-10-02 10:18:11] [NODE-0(heliosr-1b114-c07-1)] [INFO] [direct] CLI: log_file += /home/lihuzhan/_dbg_l8b/a0e2e_3arm_p2_1002_095504/launcher.log
[2026-10-02 10:18:11] [NODE-0(heliosr-1b114-c07-1)] [INFO] ========== Training Cluster Info ==========
[2026-10-02 10:18:11] [NODE-0(heliosr-1b114-c07-1)] [INFO]     MASTER_ADDR=localhost
[2026-10-02 10:18:11] [NODE-0(heliosr-1b114-c07-1)] [INFO]     MASTER_PORT=34375
[2026-10-02 10:18:11] [NODE-0(heliosr-1b114-c07-1)] [INFO]     NNODES=1
[2026-10-02 10:18:11] [NODE-0(heliosr-1b114-c07-1)] [INFO]     NODE_RANK=0
[2026-10-02 10:18:11] [NODE-0(heliosr-1b114-c07-1)] [INFO]     GPUS_PER_NODE=1
[2026-10-02 10:18:11] [NODE-0(heliosr-1b114-c07-1)] [INFO] ========== Python Path and Data Paths ==========
[2026-10-02 10:18:11] [NODE-0(heliosr-1b114-c07-1)] [INFO]     PRIMUS_PATH=/home/lihuzhan/code/2026_0828__primus/Primus
[2026-10-02 10:18:11] [NODE-0(heliosr-1b114-c07-1)] [INFO]     PRIMUS_IMPORT_ROOT=/home/lihuzhan/code/2026_0828__primus/Primus
[2026-10-02 10:18:11] [NODE-0(heliosr-1b114-c07-1)] [INFO]     DATA_PATH=/home/lihuzhan/code/2026_0828__primus/Primus/data
[2026-10-02 10:18:11] [NODE-0(heliosr-1b114-c07-1)] [INFO]     HF_HOME=/home/lihuzhan/code/2026_0828__primus/Primus/data/huggingface
[2026-10-02 10:18:11] [NODE-0(heliosr-1b114-c07-1)] [INFO]     PYTHONPATH=/home/lihuzhan/code/2026_0828__primus/Primus:/opt/venv/lib/python3.12/site-packages:/home/lihuzhan/code/2026_0903__turbo/Primus-Turbo/output/1002__e2e/e2e/attn_backends/shim:/home/lihuzhan/code/2026_0903__turbo/Primus-Turbo/output/1002__e2e/e2e/attn_backends:/home/lihuzhan/.local/flydsl0341:/home/lihuzhan/code/aiter-src
[2026-10-02 10:18:11] [NODE-0(heliosr-1b114-c07-1)] [INFO] ========== NCCL and Network Settings ==========
[2026-10-02 10:18:11] [NODE-0(heliosr-1b114-c07-1)] [INFO]     HIP_VISIBLE_DEVICES=0
[2026-10-02 10:18:11] [NODE-0(heliosr-1b114-c07-1)] [INFO]     NCCL_DEBUG=<unset>
[2026-10-02 10:18:11] [NODE-0(heliosr-1b114-c07-1)] [INFO]     NCCL_CHECKS_DISABLE=1
[2026-10-02 10:18:11] [NODE-0(heliosr-1b114-c07-1)] [INFO]     NCCL_IB_GID_INDEX=3
[2026-10-02 10:18:11] [NODE-0(heliosr-1b114-c07-1)] [INFO]     NCCL_CROSS_NIC=0
[2026-10-02 10:18:11] [NODE-0(heliosr-1b114-c07-1)] [INFO]     NCCL_IB_HCA=ionic_0:1
[2026-10-02 10:18:11] [NODE-0(heliosr-1b114-c07-1)] [INFO]     IP_INTERFACE=enx00249b8d4d1e
[2026-10-02 10:18:11] [NODE-0(heliosr-1b114-c07-1)] [INFO]     NCCL_SOCKET_IFNAME=enx00249b8d4d1e
[2026-10-02 10:18:11] [NODE-0(heliosr-1b114-c07-1)] [INFO]     GLOO_SOCKET_IFNAME=enx00249b8d4d1e
[2026-10-02 10:18:11] [NODE-0(heliosr-1b114-c07-1)] [INFO] ========== RCCL Settings ==========
[2026-10-02 10:18:11] [NODE-0(heliosr-1b114-c07-1)] [INFO]     RCCL_MSCCL_ENABLE=0
[2026-10-02 10:18:11] [NODE-0(heliosr-1b114-c07-1)] [INFO]     RCCL_MSCCLPP_ENABLE=0
[2026-10-02 10:18:11] [NODE-0(heliosr-1b114-c07-1)] [INFO]     RCCL_MSCCLPP_FORCE_ENABLE=0
[2026-10-02 10:18:11] [NODE-0(heliosr-1b114-c07-1)] [INFO]     RCCL_MSCCLPP_THRESHOLD=1073741824
[2026-10-02 10:18:11] [NODE-0(heliosr-1b114-c07-1)] [INFO]     MSCCLPP_DISABLE_CHANNEL_CACHE=FALSE
[2026-10-02 10:18:11] [NODE-0(heliosr-1b114-c07-1)] [INFO]     TORCH_NCCL_USE_TENSOR_REGISTER_ALLOCATOR_HOOK=0
[2026-10-02 10:18:11] [NODE-0(heliosr-1b114-c07-1)] [INFO] ========== AMD GPU Optimizations ==========
[2026-10-02 10:18:11] [NODE-0(heliosr-1b114-c07-1)] [INFO]     HSA_ENABLE_SDMA=1
[2026-10-02 10:18:11] [NODE-0(heliosr-1b114-c07-1)] [INFO]     HSA_NO_SCRATCH_RECLAIM=1
[2026-10-02 10:18:11] [NODE-0(heliosr-1b114-c07-1)] [INFO] ========== General Performance Tuning ==========
[2026-10-02 10:18:11] [NODE-0(heliosr-1b114-c07-1)] [INFO]     GPU_MAX_HW_QUEUES=2
[2026-10-02 10:18:11] [NODE-0(heliosr-1b114-c07-1)] [INFO]     ENABLE_NUMA_BINDING=0
[2026-10-02 10:18:11] [NODE-0(heliosr-1b114-c07-1)] [INFO]     HSA_KERNARG_POOL_SIZE=<unset>
[2026-10-02 10:18:11] [NODE-0(heliosr-1b114-c07-1)] [INFO]     CUDA_DEVICE_MAX_CONNECTIONS=1
[2026-10-02 10:18:11] [NODE-0(heliosr-1b114-c07-1)] [INFO]     TORCH_NCCL_HIGH_PRIORITY=1
[2026-10-02 10:18:11] [NODE-0(heliosr-1b114-c07-1)] [INFO]     NCCL_PXN_DISABLE=1
[2026-10-02 10:18:11] [NODE-0(heliosr-1b114-c07-1)] [INFO]     NCCL_P2P_NET_CHUNKSIZE=524288
[2026-10-02 10:18:11] [NODE-0(heliosr-1b114-c07-1)] [INFO] ========== Transformer Engine Optimizations ==========
[2026-10-02 10:18:11] [NODE-0(heliosr-1b114-c07-1)] [INFO]     NVTE_USE_CAST_TRANSPOSE_TRITON=1
[2026-10-02 10:18:11] [NODE-0(heliosr-1b114-c07-1)] [INFO]     NVTE_USE_OPTIMIZED_HIPIFIED_CAST_TRANSPOSE=0
[2026-10-02 10:18:11] [NODE-0(heliosr-1b114-c07-1)] [INFO]     NVTE_CK_USES_BWD_V3=1
[2026-10-02 10:18:11] [NODE-0(heliosr-1b114-c07-1)] [INFO]     PRIMUS_TURBO_ATTN_V3_ATOMIC_FP32=0
[2026-10-02 10:18:11] [NODE-0(heliosr-1b114-c07-1)] [INFO]     NVTE_DEBUG=0
[2026-10-02 10:18:11] [NODE-0(heliosr-1b114-c07-1)] [INFO]     NVTE_DEBUG_LEVEL=0
[2026-10-02 10:18:11] [NODE-0(heliosr-1b114-c07-1)] [INFO]     NVTE_FUSED_ATTN_LOG_CONFIG=0
[2026-10-02 10:18:11] [NODE-0(heliosr-1b114-c07-1)] [INFO]     PATCH_TE_FLASH_ATTN=0
[2026-10-02 10:18:11] [NODE-0(heliosr-1b114-c07-1)] [INFO]     PRIMUS_DETERMINISTIC=<unset>
[2026-10-02 10:18:11] [NODE-0(heliosr-1b114-c07-1)] [INFO]     NCCL_ALGO=<unset>
[2026-10-02 10:18:11] [NODE-0(heliosr-1b114-c07-1)] [INFO]     NVTE_ALLOW_NONDETERMINISTIC_ALGO=<unset>
[2026-10-02 10:18:11] [NODE-0(heliosr-1b114-c07-1)] [INFO]     ROCBLAS_DEFAULT_ATOMICS_MODE=<unset>
[2026-10-02 10:18:11] [NODE-0(heliosr-1b114-c07-1)] [INFO]     TORCH_COMPILE_DISABLE=<unset>
[2026-10-02 10:18:11] [NODE-0(heliosr-1b114-c07-1)] [INFO]     PRIMUS_TURBO_DEEPEP_TIMEOUT=600

[2026-10-02 10:18:11] [NODE-0(heliosr-1b114-c07-1)] [INFO] === Loading Primus Environment Configuration ===
[2026-10-02 10:18:11] [NODE-0(heliosr-1b114-c07-1)] [INFO] Detected GPU model: MI455X
[2026-10-02 10:18:11] [NODE-0(heliosr-1b114-c07-1)] [INFO] Loading GPU-specific configuration: /home/lihuzhan/code/2026_0828__primus/Primus/runner/helpers/envs/MI455X.sh
[2026-10-02 10:18:11] [NODE-0(heliosr-1b114-c07-1)] [INFO] Loading MI455X (gfx1250) specific settings...
[2026-10-02 10:18:11] [NODE-0(heliosr-1b114-c07-1)] [INFO] MI455X: using private RCCL from /opt/rccl-gfx1250

[2026-10-02 10:18:11] [NODE-0(heliosr-1b114-c07-1)] [INFO] === Validating Configuration ===
[2026-10-02 10:18:11] [NODE-0(heliosr-1b114-c07-1)] [INFO] ✓ Configuration validation passed

[2026-10-02 10:18:11] [NODE-0(heliosr-1b114-c07-1)] [INFO] === Environment Configuration Complete ===

[2026-10-02 10:18:11] [NODE-0(heliosr-1b114-c07-1)] [INFO] [Hooks] Detected hooks directory: /home/lihuzhan/code/2026_0828__primus/Primus/runner/helpers/hooks
[2026-10-02 10:18:11] [NODE-0(heliosr-1b114-c07-1)] [INFO] [Hooks] Executing hook: /home/lihuzhan/code/2026_0828__primus/Primus/runner/helpers/hooks/00_rebuild_primus_turbo.sh train pretrain --config /home/lihuzhan/code/2026_0903__turbo/Primus-Turbo/output/1002__e2e/e2e/configs/run.a0e2e_3arm_p2_1002_095504.yaml
[2026-10-02 10:18:11] [NODE-0(heliosr-1b114-c07-1)] [INFO] [Hooks] Hook /home/lihuzhan/code/2026_0828__primus/Primus/runner/helpers/hooks/00_rebuild_primus_turbo.sh finished in 0s
[2026-10-02 10:18:11] [NODE-0(heliosr-1b114-c07-1)] [INFO] [Hooks] Executing hook: /home/lihuzhan/code/2026_0828__primus/Primus/runner/helpers/hooks/01_patch_te_flash_attn_max_version.sh train pretrain --config /home/lihuzhan/code/2026_0903__turbo/Primus-Turbo/output/1002__e2e/e2e/configs/run.a0e2e_3arm_p2_1002_095504.yaml
[2026-10-02 10:18:11] [NODE-0(heliosr-1b114-c07-1)] [INFO] [Hooks] Hook /home/lihuzhan/code/2026_0828__primus/Primus/runner/helpers/hooks/01_patch_te_flash_attn_max_version.sh finished in 0s
[2026-10-02 10:18:11] [NODE-0(heliosr-1b114-c07-1)] [INFO] [Hooks] Executing hook: /home/lihuzhan/code/2026_0828__primus/Primus/runner/helpers/hooks/02_rebuild_bnxt.sh train pretrain --config /home/lihuzhan/code/2026_0903__turbo/Primus-Turbo/output/1002__e2e/e2e/configs/run.a0e2e_3arm_p2_1002_095504.yaml
[2026-10-02 10:18:11] [NODE-0(heliosr-1b114-c07-1)] [INFO] [Hooks] Hook /home/lihuzhan/code/2026_0828__primus/Primus/runner/helpers/hooks/02_rebuild_bnxt.sh finished in 0s
[2026-10-02 10:18:11] [NODE-0(heliosr-1b114-c07-1)] [INFO] [Hooks] Executing hook: /home/lihuzhan/code/2026_0828__primus/Primus/runner/helpers/hooks/03_detect_nccl_ib_tc.sh train pretrain --config /home/lihuzhan/code/2026_0903__turbo/Primus-Turbo/output/1002__e2e/e2e/configs/run.a0e2e_3arm_p2_1002_095504.yaml
[2026-10-02 10:18:11] [NODE-0(heliosr-1b114-c07-1)] [INFO] [Hooks] Hook /home/lihuzhan/code/2026_0828__primus/Primus/runner/helpers/hooks/03_detect_nccl_ib_tc.sh finished in 0s
[2026-10-02 10:18:11] [NODE-0(heliosr-1b114-c07-1)] [INFO] [Hooks] Executing hook: /home/lihuzhan/code/2026_0828__primus/Primus/runner/helpers/hooks/03_enable_ainic.sh train pretrain --config /home/lihuzhan/code/2026_0903__turbo/Primus-Turbo/output/1002__e2e/e2e/configs/run.a0e2e_3arm_p2_1002_095504.yaml
[2026-10-02 10:18:11] [NODE-0(heliosr-1b114-c07-1)] [INFO] [Hooks] Hook /home/lihuzhan/code/2026_0828__primus/Primus/runner/helpers/hooks/03_enable_ainic.sh finished in 0s
[2026-10-02 10:18:11] [NODE-0(heliosr-1b114-c07-1)] [INFO] [Hooks] Executing hook: /home/lihuzhan/code/2026_0828__primus/Primus/runner/helpers/hooks/03_enable_aiter.sh train pretrain --config /home/lihuzhan/code/2026_0903__turbo/Primus-Turbo/output/1002__e2e/e2e/configs/run.a0e2e_3arm_p2_1002_095504.yaml
[2026-10-02 10:18:11] [NODE-0(heliosr-1b114-c07-1)] [INFO] [Hooks] exported env from hook: AITER_LOG_LEVEL=ERROR
[2026-10-02 10:18:11] [NODE-0(heliosr-1b114-c07-1)] [INFO] [Hooks] Hook /home/lihuzhan/code/2026_0828__primus/Primus/runner/helpers/hooks/03_enable_aiter.sh finished in 0s
[2026-10-02 10:18:11] [NODE-0(heliosr-1b114-c07-1)] [INFO] [Hooks] Executing hook: /home/lihuzhan/code/2026_0828__primus/Primus/runner/helpers/hooks/04_rebuild_uep.sh train pretrain --config /home/lihuzhan/code/2026_0903__turbo/Primus-Turbo/output/1002__e2e/e2e/configs/run.a0e2e_3arm_p2_1002_095504.yaml
[2026-10-02 10:18:11] [NODE-0(heliosr-1b114-c07-1)] [INFO] [Hooks] Hook /home/lihuzhan/code/2026_0828__primus/Primus/runner/helpers/hooks/04_rebuild_uep.sh finished in 0s
[2026-10-02 10:18:11] [NODE-0(heliosr-1b114-c07-1)] [INFO] [Hooks] Executing hook: /home/lihuzhan/code/2026_0828__primus/Primus/runner/helpers/hooks/05_check_primus_requirements.sh train pretrain --config /home/lihuzhan/code/2026_0903__turbo/Primus-Turbo/output/1002__e2e/e2e/configs/run.a0e2e_3arm_p2_1002_095504.yaml

[WARN] Primus requirements not satisfied. Missing packages:
         - matplotlib
         - markdown2
         - weasyprint
         - torchao
         - blobfile
         - mlflow
         - pyrsmi
         - pulp
         - hip-python
         - mlperf-logging
         - mlperf-common
         - megatron-energon
         - webdataset
         - flash-linear-attention

       To install:  pip install -r /home/lihuzhan/code/2026_0828__primus/Primus/requirements.txt

[2026-10-02 10:18:11] [NODE-0(heliosr-1b114-c07-1)] [INFO] [Hooks] Hook /home/lihuzhan/code/2026_0828__primus/Primus/runner/helpers/hooks/05_check_primus_requirements.sh finished in 0s
[2026-10-02 10:18:11] [NODE-0(heliosr-1b114-c07-1)] [INFO] [Hooks] Executing hook: /home/lihuzhan/code/2026_0828__primus/Primus/runner/helpers/hooks/05_deterministic.sh train pretrain --config /home/lihuzhan/code/2026_0903__turbo/Primus-Turbo/output/1002__e2e/e2e/configs/run.a0e2e_3arm_p2_1002_095504.yaml
[2026-10-02 10:18:11] [NODE-0(heliosr-1b114-c07-1)] [INFO] [Hooks] Hook /home/lihuzhan/code/2026_0828__primus/Primus/runner/helpers/hooks/05_deterministic.sh finished in 0s
[2026-10-02 10:18:11] [NODE-0(heliosr-1b114-c07-1)] [INFO] [Hooks] Executing hook: /home/lihuzhan/code/2026_0828__primus/Primus/runner/helpers/hooks/05_using_uep.sh train pretrain --config /home/lihuzhan/code/2026_0903__turbo/Primus-Turbo/output/1002__e2e/e2e/configs/run.a0e2e_3arm_p2_1002_095504.yaml
[2026-10-02 10:18:11] [NODE-0(heliosr-1b114-c07-1)] [INFO] USING_UEP is disabled. PRIMUS_TURBO_MOE_DISPATCH_COMBINE_BACKEND set to TURBO
[2026-10-02 10:18:11] [NODE-0(heliosr-1b114-c07-1)] [INFO] [Hooks] exported env from hook: PRIMUS_TURBO_MOE_DISPATCH_COMBINE_BACKEND=TURBO
[2026-10-02 10:18:11] [NODE-0(heliosr-1b114-c07-1)] [INFO] [Hooks] Hook /home/lihuzhan/code/2026_0828__primus/Primus/runner/helpers/hooks/05_using_uep.sh finished in 0s
[2026-10-02 10:18:11] [NODE-0(heliosr-1b114-c07-1)] [INFO] [Hooks] Executing hook: /home/lihuzhan/code/2026_0828__primus/Primus/runner/helpers/hooks/06_enable_sdma_all_gather.sh train pretrain --config /home/lihuzhan/code/2026_0903__turbo/Primus-Turbo/output/1002__e2e/e2e/configs/run.a0e2e_3arm_p2_1002_095504.yaml
[2026-10-02 10:18:11] [NODE-0(heliosr-1b114-c07-1)] [INFO] [Hooks] Hook /home/lihuzhan/code/2026_0828__primus/Primus/runner/helpers/hooks/06_enable_sdma_all_gather.sh finished in 0s
[2026-10-02 10:18:11] [NODE-0(heliosr-1b114-c07-1)] [INFO] [Hooks] Executing hook: /home/lihuzhan/code/2026_0828__primus/Primus/runner/helpers/hooks/06_fix_aiter_asm_dir.sh train pretrain --config /home/lihuzhan/code/2026_0903__turbo/Primus-Turbo/output/1002__e2e/e2e/configs/run.a0e2e_3arm_p2_1002_095504.yaml
[fix_aiter_asm_dir] aiter_meta/hsa not found, skipping
[2026-10-02 10:18:11] [NODE-0(heliosr-1b114-c07-1)] [INFO] [Hooks] Hook /home/lihuzhan/code/2026_0828__primus/Primus/runner/helpers/hooks/06_fix_aiter_asm_dir.sh finished in 0s
[2026-10-02 10:18:11] [NODE-0(heliosr-1b114-c07-1)] [INFO] [Hooks] Executing hook: /home/lihuzhan/code/2026_0828__primus/Primus/runner/helpers/hooks/10_auto_nccl_net.sh train pretrain --config /home/lihuzhan/code/2026_0903__turbo/Primus-Turbo/output/1002__e2e/e2e/configs/run.a0e2e_3arm_p2_1002_095504.yaml
[2026-10-02 10:18:12] [NODE-0(heliosr-1b114-c07-1)] [INFO] [Hooks] Hook /home/lihuzhan/code/2026_0828__primus/Primus/runner/helpers/hooks/10_auto_nccl_net.sh finished in 1s
[2026-10-02 10:18:12] [NODE-0(heliosr-1b114-c07-1)] [INFO] [Hooks] Detected hooks directory: /home/lihuzhan/code/2026_0828__primus/Primus/runner/helpers/hooks/train/pretrain
[2026-10-02 10:18:12] [NODE-0(heliosr-1b114-c07-1)] [INFO] [Hooks] Executing hook: /home/lihuzhan/code/2026_0828__primus/Primus/runner/helpers/hooks/train/pretrain/prepare_experiment.sh train pretrain --config /home/lihuzhan/code/2026_0903__turbo/Primus-Turbo/output/1002__e2e/e2e/configs/run.a0e2e_3arm_p2_1002_095504.yaml
[2026-10-02 10:18:12] [NODE-0(heliosr-1b114-c07-1)] [INFO] prepare_experiment.sh: patch args file: /tmp/primus_patch_args.txt
[2026-10-02 10:18:12] [NODE-0(heliosr-1b114-c07-1)] [INFO] prepare_experiment.sh: executing shell hook 00_install_requirements.sh
[INFO] Using pip cache: ./data//pip_cache
[2026-10-02 10:18:12] [NODE-0(heliosr-1b114-c07-1)] [INFO] prepare_experiment.sh: framework=torchtitan script=/home/lihuzhan/code/2026_0828__primus/Primus/runner/helpers/hooks/train/pretrain/torchtitan/prepare.py
[NODE-0(heliosr-1b114-c07-1)] [INFO] ========== Prepare Torchtitan dataset ==========
[NODE-0(heliosr-1b114-c07-1)] [INFO] PRIMUS_PATH: /home/lihuzhan/code/2026_0828__primus/Primus
[NODE-0(heliosr-1b114-c07-1)] [INFO] DATA_PATH: /home/lihuzhan/code/2026_0828__primus/Primus/data
[NODE-0(heliosr-1b114-c07-1)] [INFO] EXP: /home/lihuzhan/code/2026_0903__turbo/Primus-Turbo/output/1002__e2e/e2e/configs/run.a0e2e_3arm_p2_1002_095504.yaml
[NODE-0(heliosr-1b114-c07-1)] [INFO] BACKEND_PATH: None
[NODE-0(heliosr-1b114-c07-1)] [INFO] PATCH-ARGS: /tmp/primus_patch_args.txt
[NODE-0(heliosr-1b114-c07-1)] [INFO] TORCHTITAN_PATH not found, falling back to: /home/lihuzhan/code/2026_0828__primus/Primus/third_party/torchtitan
[NODE-0(heliosr-1b114-c07-1)] [INFO] Installing TorchTitan in editable (compat) mode via pip (path: /home/lihuzhan/code/2026_0828__primus/Primus/third_party/torchtitan)
Found existing installation: torchtitan 0.2.2
Uninstalling torchtitan-0.2.2:
  Successfully uninstalled torchtitan-0.2.2

[notice] A new release of pip is available: 26.1.2 -> 26.2.1
[notice] To update, run: pip install --upgrade pip
[NODE-0(heliosr-1b114-c07-1)] [INFO] Detected local HF assets path: /home/lihuzhan/_hfassets/llama31_8B
[NODE-0(heliosr-1b114-c07-1)] [INFO] HF assets already available locally at /home/lihuzhan/_hfassets/llama31_8B
[NODE-0(heliosr-1b114-c07-1)] [INFO] Exposing resolved HF assets path via extra.model.hf_assets_path=/home/lihuzhan/_hfassets/llama31_8B
[NODE-0(heliosr-1b114-c07-1)] [INFO] Exposing resolved backend path via extra.backend_path=/home/lihuzhan/code/2026_0828__primus/Primus/third_party/torchtitan
[2026-10-02 10:18:13] [NODE-0(heliosr-1b114-c07-1)] [INFO] [Hooks] extra arg from hook: --model.hf_assets_path /home/lihuzhan/_hfassets/llama31_8B
[2026-10-02 10:18:13] [NODE-0(heliosr-1b114-c07-1)] [INFO] [Hooks] extra arg from hook: --backend_path /home/lihuzhan/code/2026_0828__primus/Primus/third_party/torchtitan
[2026-10-02 10:18:13] [NODE-0(heliosr-1b114-c07-1)] [INFO] [Hooks] Hook /home/lihuzhan/code/2026_0828__primus/Primus/runner/helpers/hooks/train/pretrain/prepare_experiment.sh finished in 1s
[2026-10-02 10:18:13] [NODE-0(heliosr-1b114-c07-1)] [INFO] [Hooks] Executing hook: /home/lihuzhan/code/2026_0828__primus/Primus/runner/helpers/hooks/train/pretrain/utils.py train pretrain --config /home/lihuzhan/code/2026_0903__turbo/Primus-Turbo/output/1002__e2e/e2e/configs/run.a0e2e_3arm_p2_1002_095504.yaml
[2026-10-02 10:18:14] [NODE-0(heliosr-1b114-c07-1)] [INFO] [Hooks] Hook /home/lihuzhan/code/2026_0828__primus/Primus/runner/helpers/hooks/train/pretrain/utils.py finished in 1s
[2026-10-02 10:18:14] [NODE-0(heliosr-1b114-c07-1)] [INFO] [Hooks] All hooks executed successfully
[2026-10-02 10:18:14] [NODE-0(heliosr-1b114-c07-1)] [INFO] [direct] NUMA binding: AUTO (default OFF)

==========================================
  Primus Direct Launch Configuration
==========================================
  Run Mode        : torchrun
  Script Path     : primus/cli/main.py
  Config File     : <none>
  Log File        : /home/lihuzhan/_dbg_l8b/a0e2e_3arm_p2_1002_095504/launcher.log
  NUMA Binding    : auto
  Patch Scripts   : <none>
  Primus Args     : train pretrain --config /home/lihuzhan/code/2026_0903__turbo/Primus-Turbo/output/1002__e2e/e2e/configs/run.a0e2e_3arm_p2_1002_095504.yaml --model.hf_assets_path /home/lihuzhan/_hfassets/llama31_8B --backend_path /home/lihuzhan/code/2026_0828__primus/Primus/third_party/torchtitan

  Distributed Settings:
    NNODES          : 1
    NODE_RANK       : 0
    GPUS_PER_NODE   : 1
    MASTER_ADDR     : localhost
    MASTER_PORT     : 34375

========== System Information ==========
    Hostname: heliosr-1b114-c07-1
    Kernel: 6.14.0-37-generic
    CPUs: 255
    Memory: 251 GB
    Container: Yes
    Slurm Job: No
    GPUs: 1
  Full Command:
    Executing: torchrun --nproc_per_node 1 --nnodes 1 --node_rank 0 --master_addr localhost --master_port 34375 --local-ranks-filter 0 primus/cli/main.py train pretrain --config /home/lihuzhan/code/2026_0903__turbo/Primus-Turbo/output/1002__e2e/e2e/configs/run.a0e2e_3arm_p2_1002_095504.yaml --model.hf_assets_path /home/lihuzhan/_hfassets/llama31_8B --backend_path /home/lihuzhan/code/2026_0828__primus/Primus/third_party/torchtitan 2>&1 | tee /home/lihuzhan/_dbg_l8b/a0e2e_3arm_p2_1002_095504/launcher.log

==========================================
  
==========================================
[Primus:Runtime] Applying CLI overrides: {'model': {'hf_assets_path': '/home/lihuzhan/_hfassets/llama31_8B'}}
[Primus:Env] HF_HOME already set: /home/lihuzhan/code/2026_0828__primus/Primus/data/huggingface
[Primus:Env] rank=0, world_size=1, local_rank=0, master=localhost:34375
[[32m20261002 10:18:16[0m][[36mrank-0/1[0m][1m[INFO]     [0m[1m[backend_registry.py:119] : [Primus:BackendRegistry] lazy-load backend='torchtitan' module='primus.backends.torchtitan'[0m
[[32m20261002 10:18:16[0m][[36mrank-0/1[0m][1m[INFO]     [0m[1m[--backend_adapter.py:90] : [Primus:torchtitan] Backend prepared[0m
[[32m20261002 10:18:17[0m][[36mrank-0/1[0m][1m[INFO]     [0m[1m[torchtitan_adapter.py:88] : [Primus:TorchTitanAdapter] Converted Primus module params → TorchTitan args[0m
[[32m20261002 10:18:17[0m][[36mrank-0/1[0m][1m[INFO]     [0m[1m[----train_runtime.py:216] : [Runtime] Applying build_args patches...[0m
[[32m20261002 10:18:17[0m][[36mrank-0/1[0m][1m[INFO]     [0m[1m[------patch_runner.py:92] : --------------------------------------------------------------------------------[0m
[[32m20261002 10:18:17[0m][[36mrank-0/1[0m][1m[INFO]     [0m[1m[------patch_runner.py:93] : [Patch] Executing patches: backend=torchtitan, phase=build_args, backend_version=0.2.2, primus_version=None, model=namespace(name='llama3', flavor='8B_flex', hf_assets_path='/home/lihuzhan/_hfassets/llama31_8B', converters=['primus_turbo']), module=pre_trainer, platform=None, dry_run=False, enabled_ids=None[0m
[[32m20261002 10:18:17[0m][[36mrank-0/1[0m][1m[INFO]     [0m[1m[-----patch_runner.py:107] : [Patch] Pre-filtered 0 patches (out of 0 total) for torchtitan/build_args[0m
[[32m20261002 10:18:17[0m][[36mrank-0/1[0m][1m[INFO]     [0m[1m[-----patch_runner.py:143] : [Patch] Applied 0/0 patches for torchtitan/build_args: [][0m
[[32m20261002 10:18:17[0m][[36mrank-0/1[0m][1m[INFO]     [0m[1m[-----patch_runner.py:146] : --------------------------------------------------------------------------------[0m
[[32m20261002 10:18:17[0m][[36mrank-0/1[0m][1m[INFO]     [0m[1m[-----module_utils.py:239] : --------------------------------------------------------------------------------[0m
[[32m20261002 10:18:17[0m][[36mrank-0/1[0m][1m[INFO]     [0m[1m[-----module_utils.py:249] : Final backend args (after patches): (164 parameters)[0m
[[32m20261002 10:18:17[0m][[36mrank-0/1[0m][1m[INFO]     [0m[1m[-----module_utils.py:256] :   activation_checkpoint.debug                                        : False (bool)[0m
[[32m20261002 10:18:17[0m][[36mrank-0/1[0m][1m[INFO]     [0m[1m[-----module_utils.py:256] :   activation_checkpoint.determinism_check                            : default (str)[0m
[[32m20261002 10:18:17[0m][[36mrank-0/1[0m][1m[INFO]     [0m[1m[-----module_utils.py:256] :   activation_checkpoint.early_stop                                   : False (bool)[0m
[[32m20261002 10:18:17[0m][[36mrank-0/1[0m][1m[INFO]     [0m[1m[-----module_utils.py:256] :   activation_checkpoint.memory_budget                                : 0.5 (float)[0m
[[32m20261002 10:18:17[0m][[36mrank-0/1[0m][1m[INFO]     [0m[1m[-----module_utils.py:256] :   activation_checkpoint.mode                                         : none (str)[0m
[[32m20261002 10:18:17[0m][[36mrank-0/1[0m][1m[INFO]     [0m[1m[-----module_utils.py:256] :   activation_checkpoint.per_op_sac_force_recompute_mm_shapes_by_fqns : ['moe.router.gate'] (list)[0m
[[32m20261002 10:18:17[0m][[36mrank-0/1[0m][1m[INFO]     [0m[1m[-----module_utils.py:256] :   activation_checkpoint.preserve_rng_state                           : True (bool)[0m
[[32m20261002 10:18:17[0m][[36mrank-0/1[0m][1m[INFO]     [0m[1m[-----module_utils.py:256] :   activation_checkpoint.selective_ac_option                          : op (str)[0m
[[32m20261002 10:18:17[0m][[36mrank-0/1[0m][1m[INFO]     [0m[1m[-----module_utils.py:256] :   activation_checkpoint.visualize_memory_budget_pareto               : False (bool)[0m
[[32m20261002 10:18:17[0m][[36mrank-0/1[0m][1m[INFO]     [0m[1m[-----module_utils.py:256] :   checkpoint.async_mode                                              : disabled (str)[0m
[[32m20261002 10:18:17[0m][[36mrank-0/1[0m][1m[INFO]     [0m[1m[-----module_utils.py:256] :   checkpoint.create_seed_checkpoint                                  : False (bool)[0m
[[32m20261002 10:18:17[0m][[36mrank-0/1[0m][1m[INFO]     [0m[1m[-----module_utils.py:256] :   checkpoint.enable                                                  : False (bool)[0m
[[32m20261002 10:18:17[0m][[36mrank-0/1[0m][1m[INFO]     [0m[1m[-----module_utils.py:256] :   checkpoint.enable_first_step_checkpoint                            : False (bool)[0m
[[32m20261002 10:18:17[0m][[36mrank-0/1[0m][1m[INFO]     [0m[1m[-----module_utils.py:256] :   checkpoint.enable_ft_dataloader_checkpoints                        : True (bool)[0m
[[32m20261002 10:18:17[0m][[36mrank-0/1[0m][1m[INFO]     [0m[1m[-----module_utils.py:256] :   checkpoint.exclude_from_loading                                    : [] (list)[0m
[[32m20261002 10:18:17[0m][[36mrank-0/1[0m][1m[INFO]     [0m[1m[-----module_utils.py:256] :   checkpoint.export_dtype                                            : float32 (str)[0m
[[32m20261002 10:18:17[0m][[36mrank-0/1[0m][1m[INFO]     [0m[1m[-----module_utils.py:256] :   checkpoint.folder                                                  : checkpoint (str)[0m
[[32m20261002 10:18:17[0m][[36mrank-0/1[0m][1m[INFO]     [0m[1m[-----module_utils.py:256] :   checkpoint.initial_load_in_hf                                      : False (bool)[0m
[[32m20261002 10:18:17[0m][[36mrank-0/1[0m][1m[INFO]     [0m[1m[-----module_utils.py:256] :   checkpoint.initial_load_in_hf_quantized                            : False (bool)[0m
[[32m20261002 10:18:17[0m][[36mrank-0/1[0m][1m[INFO]     [0m[1m[-----module_utils.py:256] :   checkpoint.initial_load_model_only                                 : True (bool)[0m
[[32m20261002 10:18:17[0m][[36mrank-0/1[0m][1m[INFO]     [0m[1m[-----module_utils.py:256] :   checkpoint.initial_load_path                                       : None (NoneType)[0m
[[32m20261002 10:18:17[0m][[36mrank-0/1[0m][1m[INFO]     [0m[1m[-----module_utils.py:256] :   checkpoint.interval                                                : 500 (int)[0m
[[32m20261002 10:18:17[0m][[36mrank-0/1[0m][1m[INFO]     [0m[1m[-----module_utils.py:256] :   checkpoint.keep_latest_k                                           : 10 (int)[0m
[[32m20261002 10:18:17[0m][[36mrank-0/1[0m][1m[INFO]     [0m[1m[-----module_utils.py:256] :   checkpoint.last_save_in_hf                                         : False (bool)[0m
[[32m20261002 10:18:17[0m][[36mrank-0/1[0m][1m[INFO]     [0m[1m[-----module_utils.py:256] :   checkpoint.last_save_model_only                                    : True (bool)[0m
[[32m20261002 10:18:17[0m][[36mrank-0/1[0m][1m[INFO]     [0m[1m[-----module_utils.py:256] :   checkpoint.load_only                                               : False (bool)[0m
[[32m20261002 10:18:17[0m][[36mrank-0/1[0m][1m[INFO]     [0m[1m[-----module_utils.py:256] :   checkpoint.load_step                                               : -1 (int)[0m
[[32m20261002 10:18:17[0m][[36mrank-0/1[0m][1m[INFO]     [0m[1m[-----module_utils.py:256] :   comm.init_timeout_seconds                                          : 300 (int)[0m
[[32m20261002 10:18:17[0m][[36mrank-0/1[0m][1m[INFO]     [0m[1m[-----module_utils.py:256] :   comm.mode                                                          : default (str)[0m
[[32m20261002 10:18:17[0m][[36mrank-0/1[0m][1m[INFO]     [0m[1m[-----module_utils.py:256] :   comm.save_traces_file_prefix                                       : rank_ (str)[0m
[[32m20261002 10:18:17[0m][[36mrank-0/1[0m][1m[INFO]     [0m[1m[-----module_utils.py:256] :   comm.save_traces_folder                                            : comm_traces (str)[0m
[[32m20261002 10:18:17[0m][[36mrank-0/1[0m][1m[INFO]     [0m[1m[-----module_utils.py:256] :   comm.trace_buf_size                                                : 20000 (int)[0m
[[32m20261002 10:18:17[0m][[36mrank-0/1[0m][1m[INFO]     [0m[1m[-----module_utils.py:256] :   comm.train_timeout_seconds                                         : 100 (int)[0m
[[32m20261002 10:18:17[0m][[36mrank-0/1[0m][1m[INFO]     [0m[1m[-----module_utils.py:256] :   compile.backend                                                    : inductor (str)[0m
[[32m20261002 10:18:17[0m][[36mrank-0/1[0m][1m[INFO]     [0m[1m[-----module_utils.py:256] :   compile.components                                                 : ['model', 'loss'] (list)[0m
[[32m20261002 10:18:17[0m][[36mrank-0/1[0m][1m[INFO]     [0m[1m[-----module_utils.py:256] :   compile.enable                                                     : False (bool)[0m
[[32m20261002 10:18:17[0m][[36mrank-0/1[0m][1m[INFO]     [0m[1m[-----module_utils.py:256] :   debug.deterministic                                                : False (bool)[0m
[[32m20261002 10:18:17[0m][[36mrank-0/1[0m][1m[INFO]     [0m[1m[-----module_utils.py:256] :   debug.deterministic_warn_only                                      : False (bool)[0m
[[32m20261002 10:18:17[0m][[36mrank-0/1[0m][1m[INFO]     [0m[1m[-----module_utils.py:256] :   debug.moe_force_load_balance                                       : False (bool)[0m
[[32m20261002 10:18:17[0m][[36mrank-0/1[0m][1m[INFO]     [0m[1m[-----module_utils.py:256] :   debug.seed                                                         : 1234 (int)[0m
[[32m20261002 10:18:17[0m][[36mrank-0/1[0m][1m[INFO]     [0m[1m[-----module_utils.py:256] :   experimental.custom_args_module                                    : primus.backends.torchtitan.primus_turbo_extensions.config_extension (str)[0m
[[32m20261002 10:18:17[0m][[36mrank-0/1[0m][1m[INFO]     [0m[1m[-----module_utils.py:256] :   experimental.custom_import                                         :  (str)[0m
[[32m20261002 10:18:17[0m][[36mrank-0/1[0m][1m[INFO]     [0m[1m[-----module_utils.py:256] :   fault_tolerance.enable                                             : False (bool)[0m
[[32m20261002 10:18:17[0m][[36mrank-0/1[0m][1m[INFO]     [0m[1m[-----module_utils.py:256] :   fault_tolerance.group_size                                         : 0 (int)[0m
[[32m20261002 10:18:17[0m][[36mrank-0/1[0m][1m[INFO]     [0m[1m[-----module_utils.py:256] :   fault_tolerance.min_replica_size                                   : 1 (int)[0m
[[32m20261002 10:18:17[0m][[36mrank-0/1[0m][1m[INFO]     [0m[1m[-----module_utils.py:256] :   fault_tolerance.process_group                                      : gloo (str)[0m
[[32m20261002 10:18:17[0m][[36mrank-0/1[0m][1m[INFO]     [0m[1m[-----module_utils.py:256] :   fault_tolerance.process_group_timeout_ms                           : 10000 (int)[0m
[[32m20261002 10:18:17[0m][[36mrank-0/1[0m][1m[INFO]     [0m[1m[-----module_utils.py:256] :   fault_tolerance.replica_id                                         : 0 (int)[0m
[[32m20261002 10:18:17[0m][[36mrank-0/1[0m][1m[INFO]     [0m[1m[-----module_utils.py:256] :   fault_tolerance.semi_sync_method                                   : None (NoneType)[0m
[[32m20261002 10:18:17[0m][[36mrank-0/1[0m][1m[INFO]     [0m[1m[-----module_utils.py:256] :   file_sink_level                                                    : DEBUG (str)[0m
[[32m20261002 10:18:17[0m][[36mrank-0/1[0m][1m[INFO]     [0m[1m[-----module_utils.py:256] :   job.config_file                                                    : None (NoneType)[0m
[[32m20261002 10:18:17[0m][[36mrank-0/1[0m][1m[INFO]     [0m[1m[-----module_utils.py:256] :   job.custom_config_module                                           :  (str)[0m
[[32m20261002 10:18:17[0m][[36mrank-0/1[0m][1m[INFO]     [0m[1m[-----module_utils.py:256] :   job.description                                                    : Llama 3.1 8B training (str)[0m
[[32m20261002 10:18:17[0m][[36mrank-0/1[0m][1m[INFO]     [0m[1m[-----module_utils.py:256] :   job.dump_folder                                                    : ./outputs (str)[0m
[[32m20261002 10:18:17[0m][[36mrank-0/1[0m][1m[INFO]     [0m[1m[-----module_utils.py:256] :   job.print_config                                                   : False (bool)[0m
[[32m20261002 10:18:17[0m][[36mrank-0/1[0m][1m[INFO]     [0m[1m[-----module_utils.py:256] :   job.save_config_file                                               : None (NoneType)[0m
[[32m20261002 10:18:17[0m][[36mrank-0/1[0m][1m[INFO]     [0m[1m[-----module_utils.py:256] :   lr_scheduler.decay_ratio                                           : None (NoneType)[0m
[[32m20261002 10:18:17[0m][[36mrank-0/1[0m][1m[INFO]     [0m[1m[-----module_utils.py:256] :   lr_scheduler.decay_type                                            : linear (str)[0m
[[32m20261002 10:18:17[0m][[36mrank-0/1[0m][1m[INFO]     [0m[1m[-----module_utils.py:256] :   lr_scheduler.min_lr_factor                                         : 0.0 (float)[0m
[[32m20261002 10:18:17[0m][[36mrank-0/1[0m][1m[INFO]     [0m[1m[-----module_utils.py:256] :   lr_scheduler.total_steps                                           : None (NoneType)[0m
[[32m20261002 10:18:17[0m][[36mrank-0/1[0m][1m[INFO]     [0m[1m[-----module_utils.py:256] :   lr_scheduler.warmup_steps                                          : 10 (int)[0m
[[32m20261002 10:18:17[0m][[36mrank-0/1[0m][1m[INFO]     [0m[1m[-----module_utils.py:256] :   memory_estimation.disable_fake_mode                                : False (bool)[0m
[[32m20261002 10:18:17[0m][[36mrank-0/1[0m][1m[INFO]     [0m[1m[-----module_utils.py:256] :   memory_estimation.enable                                           : False (bool)[0m
[[32m20261002 10:18:17[0m][[36mrank-0/1[0m][1m[INFO]     [0m[1m[-----module_utils.py:256] :   metrics.disable_color_printing                                     : False (bool)[0m
[[32m20261002 10:18:17[0m][[36mrank-0/1[0m][1m[INFO]     [0m[1m[-----module_utils.py:256] :   metrics.enable_tensorboard                                         : False (bool)[0m
[[32m20261002 10:18:17[0m][[36mrank-0/1[0m][1m[INFO]     [0m[1m[-----module_utils.py:256] :   metrics.enable_wandb                                               : False (bool)[0m
[[32m20261002 10:18:17[0m][[36mrank-0/1[0m][1m[INFO]     [0m[1m[-----module_utils.py:256] :   metrics.log_freq                                                   : 1 (int)[0m
[[32m20261002 10:18:17[0m][[36mrank-0/1[0m][1m[INFO]     [0m[1m[-----module_utils.py:256] :   metrics.save_for_all_ranks                                         : False (bool)[0m
[[32m20261002 10:18:17[0m][[36mrank-0/1[0m][1m[INFO]     [0m[1m[-----module_utils.py:256] :   metrics.save_tb_folder                                             : tb (str)[0m
[[32m20261002 10:18:17[0m][[36mrank-0/1[0m][1m[INFO]     [0m[1m[-----module_utils.py:256] :   model.converters                                                   : ['primus_turbo'] (list)[0m
[[32m20261002 10:18:17[0m][[36mrank-0/1[0m][1m[INFO]     [0m[1m[-----module_utils.py:256] :   model.flavor                                                       : 8B_flex (str)[0m
[[32m20261002 10:18:17[0m][[36mrank-0/1[0m][1m[INFO]     [0m[1m[-----module_utils.py:256] :   model.hf_assets_path                                               : /home/lihuzhan/_hfassets/llama31_8B (str)[0m
[[32m20261002 10:18:17[0m][[36mrank-0/1[0m][1m[INFO]     [0m[1m[-----module_utils.py:256] :   model.name                                                         : llama3 (str)[0m
[[32m20261002 10:18:17[0m][[36mrank-0/1[0m][1m[INFO]     [0m[1m[-----module_utils.py:256] :   model.print_after_conversion                                       : False (bool)[0m
[[32m20261002 10:18:17[0m][[36mrank-0/1[0m][1m[INFO]     [0m[1m[-----module_utils.py:256] :   model.tokenizer_path                                               : None (NoneType)[0m
[[32m20261002 10:18:17[0m][[36mrank-0/1[0m][1m[INFO]     [0m[1m[-----module_utils.py:256] :   optimizer.beta1                                                    : 0.9 (float)[0m
[[32m20261002 10:18:17[0m][[36mrank-0/1[0m][1m[INFO]     [0m[1m[-----module_utils.py:256] :   optimizer.beta2                                                    : 0.95 (float)[0m
[[32m20261002 10:18:17[0m][[36mrank-0/1[0m][1m[INFO]     [0m[1m[-----module_utils.py:256] :   optimizer.early_step_in_backward                                   : False (bool)[0m
[[32m20261002 10:18:17[0m][[36mrank-0/1[0m][1m[INFO]     [0m[1m[-----module_utils.py:256] :   optimizer.eps                                                      : 1e-08 (float)[0m
[[32m20261002 10:18:17[0m][[36mrank-0/1[0m][1m[INFO]     [0m[1m[-----module_utils.py:256] :   optimizer.implementation                                           : fused (str)[0m
[[32m20261002 10:18:17[0m][[36mrank-0/1[0m][1m[INFO]     [0m[1m[-----module_utils.py:256] :   optimizer.lr                                                       : 0.0008 (float)[0m
[[32m20261002 10:18:17[0m][[36mrank-0/1[0m][1m[INFO]     [0m[1m[-----module_utils.py:256] :   optimizer.name                                                     : AdamW (str)[0m
[[32m20261002 10:18:17[0m][[36mrank-0/1[0m][1m[INFO]     [0m[1m[-----module_utils.py:256] :   optimizer.weight_decay                                             : 0.1 (float)[0m
[[32m20261002 10:18:17[0m][[36mrank-0/1[0m][1m[INFO]     [0m[1m[-----module_utils.py:256] :   parallelism.context_parallel_degree                                : 1 (int)[0m
[[32m20261002 10:18:17[0m][[36mrank-0/1[0m][1m[INFO]     [0m[1m[-----module_utils.py:256] :   parallelism.context_parallel_load_balancer                         : headtail (str)[0m
[[32m20261002 10:18:17[0m][[36mrank-0/1[0m][1m[INFO]     [0m[1m[-----module_utils.py:256] :   parallelism.context_parallel_rotate_method                         : allgather (str)[0m
[[32m20261002 10:18:17[0m][[36mrank-0/1[0m][1m[INFO]     [0m[1m[-----module_utils.py:256] :   parallelism.data_parallel_replicate_degree                         : 1 (int)[0m
[[32m20261002 10:18:17[0m][[36mrank-0/1[0m][1m[INFO]     [0m[1m[-----module_utils.py:256] :   parallelism.data_parallel_shard_degree                             : 1 (int)[0m
[[32m20261002 10:18:17[0m][[36mrank-0/1[0m][1m[INFO]     [0m[1m[-----module_utils.py:256] :   parallelism.disable_loss_parallel                                  : False (bool)[0m
[[32m20261002 10:18:17[0m][[36mrank-0/1[0m][1m[INFO]     [0m[1m[-----module_utils.py:256] :   parallelism.enable_async_tensor_parallel                           : False (bool)[0m
[[32m20261002 10:18:17[0m][[36mrank-0/1[0m][1m[INFO]     [0m[1m[-----module_utils.py:256] :   parallelism.expert_parallel_comm_backend                           : standard (str)[0m
[[32m20261002 10:18:17[0m][[36mrank-0/1[0m][1m[INFO]     [0m[1m[-----module_utils.py:256] :   parallelism.expert_parallel_degree                                 : 1 (int)[0m
[[32m20261002 10:18:17[0m][[36mrank-0/1[0m][1m[INFO]     [0m[1m[-----module_utils.py:256] :   parallelism.expert_tensor_parallel_degree                          : 1 (int)[0m
[[32m20261002 10:18:17[0m][[36mrank-0/1[0m][1m[INFO]     [0m[1m[-----module_utils.py:256] :   parallelism.fsdp_reshard_after_forward                             : default (str)[0m
[[32m20261002 10:18:17[0m][[36mrank-0/1[0m][1m[INFO]     [0m[1m[-----module_utils.py:256] :   parallelism.module_fqns_per_model_part                             : None (NoneType)[0m
[[32m20261002 10:18:17[0m][[36mrank-0/1[0m][1m[INFO]     [0m[1m[-----module_utils.py:256] :   parallelism.pipeline_parallel_degree                               : 1 (int)[0m
[[32m20261002 10:18:17[0m][[36mrank-0/1[0m][1m[INFO]     [0m[1m[-----module_utils.py:256] :   parallelism.pipeline_parallel_expert_parallel_overlap              : True (bool)[0m
[[32m20261002 10:18:17[0m][[36mrank-0/1[0m][1m[INFO]     [0m[1m[-----module_utils.py:256] :   parallelism.pipeline_parallel_first_stage_less_layers              : 1 (int)[0m
[[32m20261002 10:18:17[0m][[36mrank-0/1[0m][1m[INFO]     [0m[1m[-----module_utils.py:256] :   parallelism.pipeline_parallel_last_stage_less_layers               : 1 (int)[0m
[[32m20261002 10:18:17[0m][[36mrank-0/1[0m][1m[INFO]     [0m[1m[-----module_utils.py:256] :   parallelism.pipeline_parallel_layers_per_stage                     : None (NoneType)[0m
[[32m20261002 10:18:17[0m][[36mrank-0/1[0m][1m[INFO]     [0m[1m[-----module_utils.py:256] :   parallelism.pipeline_parallel_microbatch_size                      : 1 (int)[0m
[[32m20261002 10:18:17[0m][[36mrank-0/1[0m][1m[INFO]     [0m[1m[-----module_utils.py:256] :   parallelism.pipeline_parallel_schedule                             : 1F1B (str)[0m
[[32m20261002 10:18:17[0m][[36mrank-0/1[0m][1m[INFO]     [0m[1m[-----module_utils.py:256] :   parallelism.pipeline_parallel_schedule_csv                         :  (str)[0m
[[32m20261002 10:18:17[0m][[36mrank-0/1[0m][1m[INFO]     [0m[1m[-----module_utils.py:256] :   parallelism.tensor_parallel_degree                                 : 1 (int)[0m
[[32m20261002 10:18:17[0m][[36mrank-0/1[0m][1m[INFO]     [0m[1m[-----module_utils.py:256] :   primus_turbo.enable_attention_float8                               : False (bool)[0m
[[32m20261002 10:18:17[0m][[36mrank-0/1[0m][1m[INFO]     [0m[1m[-----module_utils.py:256] :   primus_turbo.enable_embedding_autocast                             : True (bool)[0m
[[32m20261002 10:18:17[0m][[36mrank-0/1[0m][1m[INFO]     [0m[1m[-----module_utils.py:256] :   primus_turbo.enable_primus_turbo                                   : True (bool)[0m
[[32m20261002 10:18:17[0m][[36mrank-0/1[0m][1m[INFO]     [0m[1m[-----module_utils.py:256] :   primus_turbo.use_classic_attention                                 : False (bool)[0m
[[32m20261002 10:18:17[0m][[36mrank-0/1[0m][1m[INFO]     [0m[1m[-----module_utils.py:256] :   primus_turbo.use_moe_fp8                                           : True (bool)[0m
[[32m20261002 10:18:17[0m][[36mrank-0/1[0m][1m[INFO]     [0m[1m[-----module_utils.py:256] :   primus_turbo.use_turbo_async_tp                                    : False (bool)[0m
[[32m20261002 10:18:17[0m][[36mrank-0/1[0m][1m[INFO]     [0m[1m[-----module_utils.py:256] :   primus_turbo.use_turbo_attention                                   : True (bool)[0m
[[32m20261002 10:18:17[0m][[36mrank-0/1[0m][1m[INFO]     [0m[1m[-----module_utils.py:256] :   primus_turbo.use_turbo_float8_linear                               : False (bool)[0m
[[32m20261002 10:18:17[0m][[36mrank-0/1[0m][1m[INFO]     [0m[1m[-----module_utils.py:256] :   primus_turbo.use_turbo_grouped_gemm                                : False (bool)[0m
[[32m20261002 10:18:17[0m][[36mrank-0/1[0m][1m[INFO]     [0m[1m[-----module_utils.py:256] :   primus_turbo.use_turbo_mx_linear                                   : False (bool)[0m
[[32m20261002 10:18:17[0m][[36mrank-0/1[0m][1m[INFO]     [0m[1m[-----module_utils.py:256] :   profiling.enable_memory_snapshot                                   : False (bool)[0m
[[32m20261002 10:18:17[0m][[36mrank-0/1[0m][1m[INFO]     [0m[1m[-----module_utils.py:256] :   profiling.enable_profiling                                         : True (bool)[0m
[[32m20261002 10:18:17[0m][[36mrank-0/1[0m][1m[INFO]     [0m[1m[-----module_utils.py:256] :   profiling.profile_freq                                             : 11 (int)[0m
[[32m20261002 10:18:17[0m][[36mrank-0/1[0m][1m[INFO]     [0m[1m[-----module_utils.py:256] :   profiling.profiler_active                                          : 1 (int)[0m
[[32m20261002 10:18:17[0m][[36mrank-0/1[0m][1m[INFO]     [0m[1m[-----module_utils.py:256] :   profiling.profiler_warmup                                          : 1 (int)[0m
[[32m20261002 10:18:17[0m][[36mrank-0/1[0m][1m[INFO]     [0m[1m[-----module_utils.py:256] :   profiling.save_memory_snapshot_folder                              : memory_snapshot (str)[0m
[[32m20261002 10:18:17[0m][[36mrank-0/1[0m][1m[INFO]     [0m[1m[-----module_utils.py:256] :   profiling.save_traces_folder                                       : profile_traces (str)[0m
[[32m20261002 10:18:17[0m][[36mrank-0/1[0m][1m[INFO]     [0m[1m[-----module_utils.py:256] :   quantize.grouped_mm.float8.fqns                                    : [] (list)[0m
[[32m20261002 10:18:17[0m][[36mrank-0/1[0m][1m[INFO]     [0m[1m[-----module_utils.py:256] :   quantize.grouped_mm.mx.fqns                                        : [] (list)[0m
[[32m20261002 10:18:17[0m][[36mrank-0/1[0m][1m[INFO]     [0m[1m[-----module_utils.py:256] :   quantize.grouped_mm.mx.recipe_name                                 : mxfp8 (str)[0m
[[32m20261002 10:18:17[0m][[36mrank-0/1[0m][1m[INFO]     [0m[1m[-----module_utils.py:256] :   quantize.linear.float8.emulate                                     : False (bool)[0m
[[32m20261002 10:18:17[0m][[36mrank-0/1[0m][1m[INFO]     [0m[1m[-----module_utils.py:256] :   quantize.linear.float8.enable_fsdp_float8_all_gather               : False (bool)[0m
[[32m20261002 10:18:17[0m][[36mrank-0/1[0m][1m[INFO]     [0m[1m[-----module_utils.py:256] :   quantize.linear.float8.filter_fqns                                 : [] (list)[0m
[[32m20261002 10:18:17[0m][[36mrank-0/1[0m][1m[INFO]     [0m[1m[-----module_utils.py:256] :   quantize.linear.float8.precompute_float8_dynamic_scale_for_fsdp    : False (bool)[0m
[[32m20261002 10:18:17[0m][[36mrank-0/1[0m][1m[INFO]     [0m[1m[-----module_utils.py:256] :   quantize.linear.float8.recipe_name                                 : None (NoneType)[0m
[[32m20261002 10:18:17[0m][[36mrank-0/1[0m][1m[INFO]     [0m[1m[-----module_utils.py:256] :   quantize.linear.mx.filter_fqns                                     : ['output'] (list)[0m
[[32m20261002 10:18:17[0m][[36mrank-0/1[0m][1m[INFO]     [0m[1m[-----module_utils.py:256] :   quantize.linear.mx.mxfp8_dim1_cast_kernel_choice                   : triton (str)[0m
[[32m20261002 10:18:17[0m][[36mrank-0/1[0m][1m[INFO]     [0m[1m[-----module_utils.py:256] :   quantize.linear.mx.recipe_name                                     : mxfp8_cublas (str)[0m
[[32m20261002 10:18:17[0m][[36mrank-0/1[0m][1m[INFO]     [0m[1m[-----module_utils.py:256] :   sink_level                                                         : None (NoneType)[0m
[[32m20261002 10:18:17[0m][[36mrank-0/1[0m][1m[INFO]     [0m[1m[-----module_utils.py:256] :   stderr_sink_level                                                  : INFO (str)[0m
[[32m20261002 10:18:17[0m][[36mrank-0/1[0m][1m[INFO]     [0m[1m[-----module_utils.py:256] :   trainable                                                          : False (bool)[0m
[[32m20261002 10:18:17[0m][[36mrank-0/1[0m][1m[INFO]     [0m[1m[-----module_utils.py:256] :   training.dataloader.num_workers                                    : 1 (int)[0m
[[32m20261002 10:18:17[0m][[36mrank-0/1[0m][1m[INFO]     [0m[1m[-----module_utils.py:256] :   training.dataloader.persistent_workers                             : True (bool)[0m
[[32m20261002 10:18:17[0m][[36mrank-0/1[0m][1m[INFO]     [0m[1m[-----module_utils.py:256] :   training.dataloader.pin_memory                                     : True (bool)[0m
[[32m20261002 10:18:17[0m][[36mrank-0/1[0m][1m[INFO]     [0m[1m[-----module_utils.py:256] :   training.dataloader.prefetch_factor                                : 4 (int)[0m
[[32m20261002 10:18:17[0m][[36mrank-0/1[0m][1m[INFO]     [0m[1m[-----module_utils.py:256] :   training.dataset                                                   : c4 (str)[0m
[[32m20261002 10:18:17[0m][[36mrank-0/1[0m][1m[INFO]     [0m[1m[-----module_utils.py:256] :   training.dataset_path                                              : None (NoneType)[0m
[[32m20261002 10:18:17[0m][[36mrank-0/1[0m][1m[INFO]     [0m[1m[-----module_utils.py:256] :   training.dtype                                                     : float32 (str)[0m
[[32m20261002 10:18:17[0m][[36mrank-0/1[0m][1m[INFO]     [0m[1m[-----module_utils.py:256] :   training.enable_cpu_offload                                        : False (bool)[0m
[[32m20261002 10:18:17[0m][[36mrank-0/1[0m][1m[INFO]     [0m[1m[-----module_utils.py:256] :   training.gc_debug                                                  : False (bool)[0m
[[32m20261002 10:18:17[0m][[36mrank-0/1[0m][1m[INFO]     [0m[1m[-----module_utils.py:256] :   training.gc_freq                                                   : 100 (int)[0m
[[32m20261002 10:18:17[0m][[36mrank-0/1[0m][1m[INFO]     [0m[1m[-----module_utils.py:256] :   training.global_batch_size                                         : 4 (int)[0m
[[32m20261002 10:18:17[0m][[36mrank-0/1[0m][1m[INFO]     [0m[1m[-----module_utils.py:256] :   training.local_batch_size                                          : 4 (int)[0m
[[32m20261002 10:18:17[0m][[36mrank-0/1[0m][1m[INFO]     [0m[1m[-----module_utils.py:256] :   training.max_norm                                                  : 1.0 (float)[0m
[[32m20261002 10:18:17[0m][[36mrank-0/1[0m][1m[INFO]     [0m[1m[-----module_utils.py:256] :   training.mixed_precision_param                                     : bfloat16 (str)[0m
[[32m20261002 10:18:17[0m][[36mrank-0/1[0m][1m[INFO]     [0m[1m[-----module_utils.py:256] :   training.mixed_precision_reduce                                    : float32 (str)[0m
[[32m20261002 10:18:17[0m][[36mrank-0/1[0m][1m[INFO]     [0m[1m[-----module_utils.py:256] :   training.mock_data                                                 : True (bool)[0m
[[32m20261002 10:18:17[0m][[36mrank-0/1[0m][1m[INFO]     [0m[1m[-----module_utils.py:256] :   training.seq_len                                                   : 8192 (int)[0m
[[32m20261002 10:18:17[0m][[36mrank-0/1[0m][1m[INFO]     [0m[1m[-----module_utils.py:256] :   training.steps                                                     : 92 (int)[0m
[[32m20261002 10:18:17[0m][[36mrank-0/1[0m][1m[INFO]     [0m[1m[-----module_utils.py:256] :   validation.dataloader.num_workers                                  : 0 (int)[0m
[[32m20261002 10:18:17[0m][[36mrank-0/1[0m][1m[INFO]     [0m[1m[-----module_utils.py:256] :   validation.dataloader.persistent_workers                           : False (bool)[0m
[[32m20261002 10:18:17[0m][[36mrank-0/1[0m][1m[INFO]     [0m[1m[-----module_utils.py:256] :   validation.dataloader.pin_memory                                   : False (bool)[0m
[[32m20261002 10:18:17[0m][[36mrank-0/1[0m][1m[INFO]     [0m[1m[-----module_utils.py:256] :   validation.dataloader.prefetch_factor                              : None (NoneType)[0m
[[32m20261002 10:18:17[0m][[36mrank-0/1[0m][1m[INFO]     [0m[1m[-----module_utils.py:256] :   validation.dataset                                                 : c4_validation (str)[0m
[[32m20261002 10:18:17[0m][[36mrank-0/1[0m][1m[INFO]     [0m[1m[-----module_utils.py:256] :   validation.dataset_path                                            : None (NoneType)[0m
[[32m20261002 10:18:17[0m][[36mrank-0/1[0m][1m[INFO]     [0m[1m[-----module_utils.py:256] :   validation.enable                                                  : False (bool)[0m
[[32m20261002 10:18:17[0m][[36mrank-0/1[0m][1m[INFO]     [0m[1m[-----module_utils.py:256] :   validation.freq                                                    : 10 (int)[0m
[[32m20261002 10:18:17[0m][[36mrank-0/1[0m][1m[INFO]     [0m[1m[-----module_utils.py:256] :   validation.local_batch_size                                        : 8 (int)[0m
[[32m20261002 10:18:17[0m][[36mrank-0/1[0m][1m[INFO]     [0m[1m[-----module_utils.py:256] :   validation.seq_len                                                 : 2048 (int)[0m
[[32m20261002 10:18:17[0m][[36mrank-0/1[0m][1m[INFO]     [0m[1m[-----module_utils.py:256] :   validation.steps                                                   : -1 (int)[0m
[[32m20261002 10:18:17[0m][[36mrank-0/1[0m][1m[INFO]     [0m[1m[-----module_utils.py:259] : --------------------------------------------------------------------------------[0m
[[32m20261002 10:18:17[0m][[36mrank-0/1[0m][1m[INFO]     [0m[1m[----train_runtime.py:474] : [TrainRuntime] WARNING: trainer_class not found, will use default for stage[0m
[[32m20261002 10:18:17[0m][[36mrank-0/1[0m][1m[INFO]     [0m[1m[----train_runtime.py:479] : [TrainRuntime] Loading trainer: stage=pretrain, trainer_class=None[0m
[[32m20261002 10:18:17[0m][[36mrank-0/1[0m][1m[INFO]     [0m[1m[----train_runtime.py:487] : [TrainRuntime] Loaded trainer class: TorchTitanPretrainTrainer[0m
[[32m20261002 10:18:17[0m][[36mrank-0/1[0m][1m[INFO]     [0m[1m[----train_runtime.py:216] : [Runtime] Applying setup patches...[0m
[[32m20261002 10:18:17[0m][[36mrank-0/1[0m][1m[INFO]     [0m[1m[------patch_runner.py:92] : --------------------------------------------------------------------------------[0m
[[32m20261002 10:18:17[0m][[36mrank-0/1[0m][1m[INFO]     [0m[1m[------patch_runner.py:93] : [Patch] Executing patches: backend=torchtitan, phase=setup, backend_version=0.2.2, primus_version=None, model=namespace(name='llama3', flavor='8B_flex', hf_assets_path='/home/lihuzhan/_hfassets/llama31_8B', converters=['primus_turbo']), module=pre_trainer, platform=None, dry_run=False, enabled_ids=None[0m
[[32m20261002 10:18:17[0m][[36mrank-0/1[0m][1m[INFO]     [0m[1m[------------patch.py:115] : [Patch] ⊘ Skipped: torchtitan.dsv3.whole_block_compile (condition not met)[0m
[[32m20261002 10:18:17[0m][[36mrank-0/1[0m][1m[INFO]     [0m[1m[------------patch.py:115] : [Patch] ⊘ Skipped: torchtitan.dsv3.moe_bf16_combine (condition not met)[0m
[[32m20261002 10:18:17[0m][[36mrank-0/1[0m][1m[INFO]     [0m[1m[------------patch.py:115] : [Patch] ⊘ Skipped: torchtitan.fsdp.sdma_symm_mem_collectives (condition not met)[0m
[[32m20261002 10:18:17[0m][[36mrank-0/1[0m][1m[INFO]     [0m[1m[------------patch.py:115] : [Patch] ⊘ Skipped: torchtitan.primus_turbo.turbo_async_tp (condition not met)[0m
[[32m20261002 10:18:17[0m][[36mrank-0/1[0m][1m[INFO]     [0m[1m[------------patch.py:115] : [Patch] ⊘ Skipped: torchtitan.primus_turbo.deepseek_v3_classic_attention (condition not met)[0m
[[32m20261002 10:18:17[0m][[36mrank-0/1[0m][1m[INFO]     [0m[1m[------------patch.py:115] : [Patch] ⊘ Skipped: torchtitan.primus_turbo.turbo_float8_linear (condition not met)[0m
[[32m20261002 10:18:17[0m][[36mrank-0/1[0m][1m[INFO]     [0m[1m[------------patch.py:115] : [Patch] ⊘ Skipped: torchtitan.primus_turbo.gptoss_sink_attention (condition not met)[0m
[[32m20261002 10:18:17[0m][[36mrank-0/1[0m][1m[INFO]     [0m[1m[------------patch.py:115] : [Patch] ⊘ Skipped: torchtitan.primus_turbo.moe_grouped_mm (condition not met)[0m
[[32m20261002 10:18:17[0m][[36mrank-0/1[0m][1m[INFO]     [0m[1m[------------patch.py:115] : [Patch] ⊘ Skipped: torchtitan.primus_turbo.turbo_mx_linear (condition not met)[0m
[[32m20261002 10:18:17[0m][[36mrank-0/1[0m][1m[INFO]     [0m[1m[------------patch.py:115] : [Patch] ⊘ Skipped: torchtitan.metrics.wandb_env (condition not met)[0m
[[32m20261002 10:18:17[0m][[36mrank-0/1[0m][1m[INFO]     [0m[1m[-----patch_runner.py:107] : [Patch] Pre-filtered 10 patches (out of 20 total) for torchtitan/setup[0m
[[32m20261002 10:18:17[0m][[36mrank-0/1[0m][1m[INFO]     [0m[1m[-----patch_runner.py:116] : --------------------------------------------------------------------------------[0m
[[32m20261002 10:18:17[0m][[36mrank-0/1[0m][1m[INFO]     [0m[1m[-----patch_runner.py:126] : [Patch] Applying torchtitan.torch.dcp_consolidate_fallback: Provide a fallback consolidate_safetensors_files_on_every_rank to avoid ImportError in older torch builds[0m
[[32m20261002 10:18:17[0m][[36mrank-0/1[0m][1m[INFO]     [0m[1m[dcp_consolidate_patches.py:44] : [Patch:torchtitan.torch.dcp_consolidate_fallback] Checking for consolidate_safetensors_files_on_every_rank in torch.distributed.checkpoint._consolidate_hf_safetensors...[0m
[[32m20261002 10:18:17[0m][[36mrank-0/1[0m][1m[INFO]     [0m[1m[dcp_consolidate_patches.py:51] : [Patch:torchtitan.torch.dcp_consolidate_fallback] consolidate_safetensors_files_on_every_rank available in torch.distributed.checkpoint._consolidate_hf_safetensors, no patch needed.[0m
[[32m20261002 10:18:17[0m][[36mrank-0/1[0m][1m[INFO]     [0m[1m[----------patch_runner.py:130] : [Patch] ✓ Applied: torchtitan.torch.dcp_consolidate_fallback (priority=50)[0m
[[32m20261002 10:18:17[0m][[36mrank-0/1[0m][1m[INFO]     [0m[1m[----------patch_runner.py:116] : --------------------------------------------------------------------------------[0m
[[32m20261002 10:18:17[0m][[36mrank-0/1[0m][1m[INFO]     [0m[1m[----------patch_runner.py:126] : [Patch] Applying torchtitan.embedding.amp_alignment: Align nn.Embedding outputs with AMP/autocast dtype[0m
[[32m20261002 10:18:17[0m][[36mrank-0/1[0m][1m[INFO]     [0m[1m[--embedding_amp_patches.py:41] : [Patch:torchtitan.embedding.amp_alignment] Installing nn.Embedding AMP/mixed precision alignment patch...[0m
[[32m20261002 10:18:17[0m][[36mrank-0/1[0m][1m[INFO]     [0m[1m[--embedding_amp_patches.py:63] : [Patch:torchtitan.embedding.amp_alignment] nn.Embedding.__init__ patched for AMP/mixed precision alignment.[0m
[[32m20261002 10:18:17[0m][[36mrank-0/1[0m][1m[INFO]     [0m[1m[----------patch_runner.py:130] : [Patch] ✓ Applied: torchtitan.embedding.amp_alignment (priority=50)[0m
[[32m20261002 10:18:17[0m][[36mrank-0/1[0m][1m[INFO]     [0m[1m[----------patch_runner.py:116] : --------------------------------------------------------------------------------[0m
[[32m20261002 10:18:17[0m][[36mrank-0/1[0m][1m[INFO]     [0m[1m[----------patch_runner.py:126] : [Patch] Applying torchtitan.torch.flex_attention_auxoutput: Ensure torch.nn.attention.flex_attention has an AuxOutput symbol[0m
[[32m20261002 10:18:17[0m][[36mrank-0/1[0m][1m[INFO]     [0m[1m[-flex_attention_patches.py:45] : [Patch:torchtitan.torch.flex_attention_auxoutput] AuxOutput available, no patch needed.[0m
[[32m20261002 10:18:17[0m][[36mrank-0/1[0m][1m[INFO]     [0m[1m[----------patch_runner.py:130] : [Patch] ✓ Applied: torchtitan.torch.flex_attention_auxoutput (priority=50)[0m
[[32m20261002 10:18:17[0m][[36mrank-0/1[0m][1m[INFO]     [0m[1m[----------patch_runner.py:116] : --------------------------------------------------------------------------------[0m
[[32m20261002 10:18:17[0m][[36mrank-0/1[0m][1m[INFO]     [0m[1m[----------patch_runner.py:126] : [Patch] Applying torchtitan.fsdp.weight_tying: Group tied tok_embeddings/output weights in one FSDP2 shard group for models with enable_weight_tying (Qwen3 on PyTorch 2.12+).[0m
[[32m20261002 10:18:17[0m][[36mrank-0/1[0m][1m[INFO]     [0m[1m[fsdp_weight_tying_patches.py:99] : [Patch:torchtitan.fsdp.weight_tying] Patched apply_fsdp for weight tying in: llama4, qwen3[0m
[[32m20261002 10:18:17[0m][[36mrank-0/1[0m][1m[INFO]     [0m[1m[------------patch_runner.py:130] : [Patch] ✓ Applied: torchtitan.fsdp.weight_tying (priority=50)[0m
[[32m20261002 10:18:17[0m][[36mrank-0/1[0m][1m[INFO]     [0m[1m[------------patch_runner.py:116] : --------------------------------------------------------------------------------[0m
[[32m20261002 10:18:17[0m][[36mrank-0/1[0m][1m[INFO]     [0m[1m[------------patch_runner.py:126] : [Patch] Applying torchtitan.logger: Redirect TorchTitan logger to Primus unified logger[0m
[[32m20261002 10:18:17[0m][[36mrank-0/1[0m][1m[INFO]     [0m[1m[-----------logger_patches.py:52] : [Patch:torchtitan.logger] Monkey patching TorchTitan logger to use Primus unified logger...[0m
[[32m20261002 10:18:17[0m][[36mrank-0/1[0m][1m[INFO]     [0m[1m[-----------logger_patches.py:63] : [Patch:torchtitan.logger] TorchTitan logger successfully redirected to Primus logger.[0m
[[32m20261002 10:18:17[0m][[36mrank-0/1[0m][1m[INFO]     [0m[1m[------------patch_runner.py:130] : [Patch] ✓ Applied: torchtitan.logger (priority=50)[0m
[[32m20261002 10:18:17[0m][[36mrank-0/1[0m][1m[INFO]     [0m[1m[------------patch_runner.py:116] : --------------------------------------------------------------------------------[0m
[[32m20261002 10:18:17[0m][[36mrank-0/1[0m][1m[INFO]     [0m[1m[------------patch_runner.py:126] : [Patch] Applying torchtitan.training.mock_hf_dataset: Enable mock HuggingFace dataset mode for TorchTitan[0m
[[32m20261002 10:18:17[0m][[36mrank-0/1[0m][1m[INFO]     [0m[1m[-----mock_dataset_patches.py:72] : [Patch:torchtitan.training.mock_hf_dataset] Enabling mock HuggingFace dataset mode.[0m
[[32m20261002 10:18:17[0m][[36mrank-0/1[0m][1m[INFO]     [0m[1m[-----mock_dataset_patches.py:99] : [Patch:torchtitan.training.mock_hf_dataset] Patched datasets.load_dataset successfully.[0m
[[32m20261002 10:18:17[0m][[36mrank-0/1[0m][1m[INFO]     [0m[1m[------------patch_runner.py:130] : [Patch] ✓ Applied: torchtitan.training.mock_hf_dataset (priority=50)[0m
[[32m20261002 10:18:17[0m][[36mrank-0/1[0m][1m[INFO]     [0m[1m[------------patch_runner.py:116] : --------------------------------------------------------------------------------[0m
[[32m20261002 10:18:17[0m][[36mrank-0/1[0m][1m[INFO]     [0m[1m[------------patch_runner.py:126] : [Patch] Applying torchtitan.model_override: Override TorchTitan model args dynamically via config[0m
[[32m20261002 10:18:17[0m][[36mrank-0/1[0m][1m[INFO]     [0m[1m[--model_override_patches.py:204] : [Patch:torchtitan.model_override] Standard model config fields: {'converters', 'flavor', 'hf_assets_path', 'print_after_conversion', 'name', 'tokenizer_path'}[0m
[[32m20261002 10:18:17[0m][[36mrank-0/1[0m][1m[INFO]     [0m[1m[--model_override_patches.py:213] : [Patch:torchtitan.model_override] No model override params provided (only standard config fields: ['converters', 'flavor', 'hf_assets_path', 'print_after_conversion', 'name', 'tokenizer_path']), skip patch.[0m
[[32m20261002 10:18:17[0m][[36mrank-0/1[0m][1m[INFO]     [0m[1m[------------patch_runner.py:130] : [Patch] ✓ Applied: torchtitan.model_override (priority=50)[0m
[[32m20261002 10:18:17[0m][[36mrank-0/1[0m][1m[INFO]     [0m[1m[------------patch_runner.py:116] : --------------------------------------------------------------------------------[0m
[[32m20261002 10:18:17[0m][[36mrank-0/1[0m][1m[INFO]     [0m[1m[------------patch_runner.py:126] : [Patch] Applying torchtitan.peak_flops: Add MI350X/MI355X peak FLOPS so MFU is computed correctly[0m
[[32m20261002 10:18:17[0m][[36mrank-0/1[0m][1m[INFO]     [0m[1m[------------patch_runner.py:130] : [Patch] ✓ Applied: torchtitan.peak_flops (priority=50)[0m
[[32m20261002 10:18:17[0m][[36mrank-0/1[0m][1m[INFO]     [0m[1m[------------patch_runner.py:116] : --------------------------------------------------------------------------------[0m
[[32m20261002 10:18:17[0m][[36mrank-0/1[0m][1m[INFO]     [0m[1m[------------patch_runner.py:126] : [Patch] Applying torchtitan.torch.pipelining_schedules_dualpipev: Ensure torch.distributed.pipelining.schedules.ScheduleDualPipeV exists, installing a fallback alias if necessary[0m
[[32m20261002 10:18:17[0m][[36mrank-0/1[0m][1m[INFO]     [0m[1m[pipelining_schedule_patches.py:47] : [Patch:torchtitan.torch.pipelining_schedules_dualpipev] ScheduleDualPipeV available, no patch needed.[0m
[[32m20261002 10:18:17[0m][[36mrank-0/1[0m][1m[INFO]     [0m[1m[--------------patch_runner.py:130] : [Patch] ✓ Applied: torchtitan.torch.pipelining_schedules_dualpipev (priority=50)[0m
[[32m20261002 10:18:17[0m][[36mrank-0/1[0m][1m[INFO]     [0m[1m[--------------patch_runner.py:116] : --------------------------------------------------------------------------------[0m
[[32m20261002 10:18:17[0m][[36mrank-0/1[0m][1m[INFO]     [0m[1m[--------------patch_runner.py:126] : [Patch] Applying torchtitan.primus_turbo.turbo_attention: Use Primus-Turbo Attention kernels for supported models[0m
[[32m20261002 10:18:17[0m][[36mrank-0/1[0m][1m[INFO]     [0m[1m[----------attention_patches.py:36] : [Patch:torchtitan.primus_turbo.turbo_attention] Enabling Primus-Turbo Attention for LLaMA3/LLaMA4/DeepSeek-V3/Qwen3...[0m
[[32m20261002 10:18:17[0m][[36mrank-0/1[0m][1m[INFO]     [0m[1m[----------attention_patches.py:77] : [Patch:torchtitan.primus_turbo.turbo_attention] Primus-Turbo Attention successfully installed for LLaMA3, LLaMA4, DeepSeek-V3 and Qwen3.[0m
[[32m20261002 10:18:17[0m][[36mrank-0/1[0m][1m[INFO]     [0m[1m[--------------patch_runner.py:130] : [Patch] ✓ Applied: torchtitan.primus_turbo.turbo_attention (priority=50)[0m
[[32m20261002 10:18:17[0m][[36mrank-0/1[0m][1m[INFO]     [0m[1m[--------------patch_runner.py:143] : [Patch] Applied 10/10 patches for torchtitan/setup: ['torchtitan.torch.dcp_consolidate_fallback', 'torchtitan.embedding.amp_alignment', 'torchtitan.torch.flex_attention_auxoutput', 'torchtitan.fsdp.weight_tying', 'torchtitan.logger', 'torchtitan.training.mock_hf_dataset', 'torchtitan.model_override', 'torchtitan.peak_flops', 'torchtitan.torch.pipelining_schedules_dualpipev', 'torchtitan.primus_turbo.turbo_attention'][0m
[[32m20261002 10:18:17[0m][[36mrank-0/1[0m][1m[INFO]     [0m[1m[--------------patch_runner.py:146] : --------------------------------------------------------------------------------[0m
[[32m20261002 10:18:17[0m][[36mrank-0/1[0m][1m[INFO]     [0m[1m[-------------train_runtime.py:530] : ================================================================================[0m
[[32m20261002 10:18:17[0m][[36mrank-0/1[0m][1m[INFO]     [0m[1m[-------------train_runtime.py:531] : Setup started.[0m
[[32m20261002 10:18:17[0m][[36mrank-0/1[0m][1m[INFO]     [0m[1m[-------------train_runtime.py:532] : ================================================================================[0m
[[32m20261002 10:18:17[0m][[36mrank-0/1[0m][1m[INFO]     [0m[1m[-------------train_runtime.py:534] : ================================================================================[0m
[[32m20261002 10:18:17[0m][[36mrank-0/1[0m][1m[INFO]     [0m[1m[-------------train_runtime.py:535] : Setup completed.[0m
[[32m20261002 10:18:17[0m][[36mrank-0/1[0m][1m[INFO]     [0m[1m[-------------train_runtime.py:536] : ================================================================================[0m
[[32m20261002 10:18:17[0m][[36mrank-0/1[0m][1m[INFO]     [0m[1m[-------------train_runtime.py:530] : ================================================================================[0m
[[32m20261002 10:18:17[0m][[36mrank-0/1[0m][1m[INFO]     [0m[1m[-------------train_runtime.py:531] : Init started.[0m
[[32m20261002 10:18:17[0m][[36mrank-0/1[0m][1m[INFO]     [0m[1m[-------------train_runtime.py:532] : ================================================================================[0m
[[32m20261002 10:18:17[0m][[36mrank-0/1[0m][1m[INFO]     [0m[1m[---------------config_utils.py:62] : Loaded and merged custom JobConfig from primus.backends.torchtitan.primus_turbo_extensions.config_extension[0m
[[32m20261002 10:18:17[0m][[36mrank-0/1[0m][1m[INFO]     [0m[1mStarting job: Llama 3.1 8B training[0m
[[32m20261002 10:18:17[0m][[36mrank-0/1[0m][33m[1m[WARNING]  [0m[33m[1mENV[TORCH_NCCL_ASYNC_ERROR_HANDLING] = 1 will be overridden to 3 based on job config[0m
[[32m20261002 10:18:17[0m][[36mrank-0/1[0m][1m[INFO]     [0m[1m[-----------------------root.py:73] : [GC] Initial GC collection took 0.00 seconds[0m
[[32m20261002 10:18:17[0m][[36mrank-0/1[0m][1m[INFO]     [0m[1m[----------------------root.py:106] : Loading tokenizer from tokenizer.json[0m
[[32m20261002 10:18:17[0m][[36mrank-0/1[0m][1m[INFO]     [0m[1mPreparing c4 dataset from allenai/c4[0m
[[32m20261002 10:18:17[0m][[36mrank-0/1[0m][1m[INFO]     [0m[1m[-------mock_dataset_patches.py:82] : [Patch:torchtitan.training.mock_hf_dataset] load_dataset('allenai/c4') is mocked.[0m
[[32m20261002 10:18:17[0m][[36mrank-0/1[0m][1m[INFO]     [0m[1mBuilding llama3 8B_flexwith {
  "_enforced": "This field is used to enforce all fields have defaults.",
  "dim": 4096,
  "n_layers": 32,
  "n_heads": 32,
  "n_kv_heads": 8,
  "vocab_size": 128256,
  "multiple_of": 1024,
  "ffn_dim_multiplier": 1.3,
  "norm_eps": 1e-05,
  "rope_theta": 500000,
  "rope_scaling_args": {
    "scaling_factor": 8.0,
    "low_freq_factor": 1.0,
    "high_freq_factor": 4.0,
    "original_max_position_embeddings": 8192
  },
  "max_seq_len": 8192,
  "depth_init": true,
  "attn_type": "flex",
  "attn_mask_type": "block_causal",
  "eos_id": 0
}[0m
[[32m20261002 10:18:17[0m][[36mrank-0/1[0m][1m[INFO]     [0m[1mCUDA capacity: AMD Radeon Graphics with 432.00GiB memory[0m
[[32m20261002 10:18:17[0m][[36mrank-0/1[0m][33m[1m[WARNING]  [0m[33m[1m[-----------------------root.py:90] : Error running lspci: [Errno 2] No such file or directory: 'lspci', fallback to use device_name[0m
[[32m20261002 10:18:17[0m][[36mrank-0/1[0m][33m[1m[WARNING]  [0m[33m[1m[----------------------root.py:143] : Peak flops undefined for: AMD Radeon Graphics, fallback to A100[0m
[[32m20261002 10:18:17[0m][[36mrank-0/1[0m][1m[INFO]     [0m[1m[34mModel llama3 8B_flex [31msize: 8,030,261,248 total parameters[39m[0m
[[32m20261002 10:18:17[0m][[36mrank-0/1[0m][33m[1m[WARNING]  [0m[33m[1m[-----------------------root.py:90] : Error running lspci: [Errno 2] No such file or directory: 'lspci', fallback to use device_name[0m
[[32m20261002 10:18:17[0m][[36mrank-0/1[0m][33m[1m[WARNING]  [0m[33m[1m[----------------------root.py:143] : Peak flops undefined for: AMD Radeon Graphics, fallback to A100[0m
[[32m20261002 10:18:17[0m][[36mrank-0/1[0m][1m[INFO]     [0m[1mPeak FLOPS used for computing MFU: 3.120e+14[0m
[[32m20261002 10:18:17[0m][[36mrank-0/1[0m][1m[INFO]     [0m[1mCUDA memory usage for model: 29.94GiB(6.93%)[0m
[[32m20261002 10:18:17[0m][[36mrank-0/1[0m][33m[1m[WARNING]  [0m[33m[1m[-----------------------root.py:96] : model.safetensors.index.json not found at hf_assets_path: /home/lihuzhan/_hfassets/llama31_8B/model.safetensors.index.json.                     Defaulting to saving a single safetensors file if checkpoint is saved in HF format[0m
[[32m20261002 10:18:17[0m][[36mrank-0/1[0m][1m[INFO]     [0m[1mMixed precision training is handled by AMP[0m
[[32m20261002 10:18:17[0m][[36mrank-0/1[0m][1m[INFO]     [0m[1mTrainer is initialized with local batch size 4, global batch size 4, gradient accumulation steps 1, sequence length 8192, total steps 92 (warmup 10)[0m
[[32m20261002 10:18:17[0m][[36mrank-0/1[0m][1m[INFO]     [0m[1m[-------------train_runtime.py:534] : ================================================================================[0m
[[32m20261002 10:18:17[0m][[36mrank-0/1[0m][1m[INFO]     [0m[1m[-------------train_runtime.py:535] : Init completed.[0m
[[32m20261002 10:18:17[0m][[36mrank-0/1[0m][1m[INFO]     [0m[1m[-------------train_runtime.py:536] : ================================================================================[0m
[[32m20261002 10:18:17[0m][[36mrank-0/1[0m][1m[INFO]     [0m[1m[-------------train_runtime.py:216] : [Runtime] Applying before_train patches...[0m
[[32m20261002 10:18:17[0m][[36mrank-0/1[0m][1m[INFO]     [0m[1m[---------------patch_runner.py:92] : --------------------------------------------------------------------------------[0m
[[32m20261002 10:18:17[0m][[36mrank-0/1[0m][1m[INFO]     [0m[1m[---------------patch_runner.py:93] : [Patch] Executing patches: backend=torchtitan, phase=before_train, backend_version=0.2.2, primus_version=None, model=namespace(name='llama3', flavor='8B_flex', hf_assets_path='/home/lihuzhan/_hfassets/llama31_8B', converters=['primus_turbo']), module=pre_trainer, platform=None, dry_run=False, enabled_ids=None[0m
[[32m20261002 10:18:17[0m][[36mrank-0/1[0m][1m[INFO]     [0m[1m[--------------patch_runner.py:107] : [Patch] Pre-filtered 0 patches (out of 0 total) for torchtitan/before_train[0m
[[32m20261002 10:18:17[0m][[36mrank-0/1[0m][1m[INFO]     [0m[1m[--------------patch_runner.py:143] : [Patch] Applied 0/0 patches for torchtitan/before_train: [][0m
[[32m20261002 10:18:17[0m][[36mrank-0/1[0m][1m[INFO]     [0m[1m[--------------patch_runner.py:146] : --------------------------------------------------------------------------------[0m
[[32m20261002 10:18:17[0m][[36mrank-0/1[0m][1m[INFO]     [0m[1m[-------------train_runtime.py:556] : Python GC disabled for training (matching NeMo memory management)[0m
[[32m20261002 10:18:17[0m][[36mrank-0/1[0m][1m[INFO]     [0m[1m[-------------train_runtime.py:530] : ================================================================================[0m
[[32m20261002 10:18:17[0m][[36mrank-0/1[0m][1m[INFO]     [0m[1m[-------------train_runtime.py:531] : Training started.[0m
[[32m20261002 10:18:17[0m][[36mrank-0/1[0m][1m[INFO]     [0m[1m[-------------train_runtime.py:532] : ================================================================================[0m
[[32m20261002 10:18:17[0m][[36mrank-0/1[0m][1m[INFO]     [0m[1mTraining starts at step 1[0m
[[32m20261002 10:18:17[0m][[36mrank-0/1[0m][1m[INFO]     [0m[1mProfiling active. Traces will be saved at ./outputs/profile_traces[0m
/opt/venv/lib/python3.12/site-packages/torch/nn/functional.py:2954: UserWarning: Mismatch dtype between input and weight: input dtype = c10::BFloat16, weight dtype = float, Cannot dispatch to fused implementation. (Triggered internally at /__w/rocm-npi-dev/rocm-npi-dev/_therock/external-builds/pytorch/pytorch/aten/src/ATen/native/layer_norm.cpp:344.)
  return torch.rms_norm(input, normalized_shape, weight, eps)
[[32m20261002 10:18:20[0m][[36mrank-0/1[0m][1m[INFO]     [0m[1m[----------------------root.py:130] : Building device mesh with parallelism: pp=1, dp_replicate=1, dp_shard=1, cp=1, tp=1, ep=1, etp=1[0m
[[32m20261002 10:18:20[0m][[36mrank-0/1[0m][1m[INFO]     [0m[1m[----------------------root.py:183] : Successfully created meshes with active dimensions: [][0m
[[32m20261002 10:18:20[0m][[36mrank-0/1[0m][1m[INFO]     [0m[1m[31mstep:  1  [32mloss: 12.25951  [38;2;180;60;0mgrad_norm: 42.3810  [38;2;54;234;195mmemory: 313.66GiB(72.61%)  [34mtps: 10,520  [36mtflops: 609.28  [35mmfu: 195.28%[39m[0m
[[32m20261002 10:18:20[0m][[36mrank-0/1[0m][1m[INFO]     [0m[1mSynchronizing and adjusting timeout for all ProcessGroups to 0:01:40[0m
[[32m20261002 10:18:22[0m][[36mrank-0/1[0m][1m[INFO]     [0m[1m[31mstep:  2  [32mloss: 26.02733  [38;2;180;60;0mgrad_norm: 69.7709  [38;2;54;234;195mmemory: 384.44GiB(88.99%)  [34mtps: 15,917  [36mtflops: 921.80  [35mmfu: 295.45%[39m[0m
/home/lihuzhan/.local/flydsl0341/flydsl/compiler/jit_function.py:1681: UserWarning: @jit parameter 'ptr_O' is annotated as 'Pointer', but the argument resolves to 'Tensor'. The annotation is not enforced; the actual value type is used.
  jf(*args)
/home/lihuzhan/.local/flydsl0341/flydsl/compiler/jit_function.py:1681: UserWarning: @jit parameter 'ptr_Q' is annotated as 'Pointer', but the argument resolves to 'Tensor'. The annotation is not enforced; the actual value type is used.
  jf(*args)
/home/lihuzhan/.local/flydsl0341/flydsl/compiler/jit_function.py:1681: UserWarning: @jit parameter 'ptr_K' is annotated as 'Pointer', but the argument resolves to 'Tensor'. The annotation is not enforced; the actual value type is used.
  jf(*args)
/home/lihuzhan/.local/flydsl0341/flydsl/compiler/jit_function.py:1681: UserWarning: @jit parameter 'ptr_V' is annotated as 'Pointer', but the argument resolves to 'Tensor'. The annotation is not enforced; the actual value type is used.
  jf(*args)
/home/lihuzhan/.local/flydsl0341/flydsl/compiler/jit_function.py:1681: UserWarning: @jit parameter 'ptr_LSE' is annotated as 'Pointer', but the argument resolves to 'Tensor'. The annotation is not enforced; the actual value type is used.
  jf(*args)
/home/lihuzhan/.local/flydsl0341/flydsl/compiler/jit_function.py:1681: UserWarning: @jit parameter 'ptr_sink' is annotated as 'Pointer', but the argument resolves to 'Tensor'. The annotation is not enforced; the actual value type is used.
  jf(*args)
/home/lihuzhan/.local/flydsl0341/flydsl/compiler/kernel_function.py:360: UserWarning: @kernel parameter 'ptr_O' is annotated as 'Pointer', but the argument resolves to 'Tensor'. The annotation is not enforced; the actual value type is used.
  kernel_name, kernel_args, gpu_func_op, smem_bytes = self._kernel_function._emit_kernel(
/home/lihuzhan/.local/flydsl0341/flydsl/compiler/kernel_function.py:360: UserWarning: @kernel parameter 'ptr_Q' is annotated as 'Pointer', but the argument resolves to 'Tensor'. The annotation is not enforced; the actual value type is used.
  kernel_name, kernel_args, gpu_func_op, smem_bytes = self._kernel_function._emit_kernel(
/home/lihuzhan/.local/flydsl0341/flydsl/compiler/kernel_function.py:360: UserWarning: @kernel parameter 'ptr_K' is annotated as 'Pointer', but the argument resolves to 'Tensor'. The annotation is not enforced; the actual value type is used.
  kernel_name, kernel_args, gpu_func_op, smem_bytes = self._kernel_function._emit_kernel(
/home/lihuzhan/.local/flydsl0341/flydsl/compiler/kernel_function.py:360: UserWarning: @kernel parameter 'ptr_V' is annotated as 'Pointer', but the argument resolves to 'Tensor'. The annotation is not enforced; the actual value type is used.
  kernel_name, kernel_args, gpu_func_op, smem_bytes = self._kernel_function._emit_kernel(
/home/lihuzhan/.local/flydsl0341/flydsl/compiler/kernel_function.py:360: UserWarning: @kernel parameter 'ptr_LSE' is annotated as 'Pointer', but the argument resolves to 'Tensor'. The annotation is not enforced; the actual value type is used.
  kernel_name, kernel_args, gpu_func_op, smem_bytes = self._kernel_function._emit_kernel(
/home/lihuzhan/.local/flydsl0341/flydsl/compiler/kernel_function.py:360: UserWarning: @kernel parameter 'ptr_sink' is annotated as 'Pointer', but the argument resolves to 'Tensor'. The annotation is not enforced; the actual value type is used.
  kernel_name, kernel_args, gpu_func_op, smem_bytes = self._kernel_function._emit_kernel(
[[32m20261002 10:18:31[0m][[36mrank-0/1[0m][1m[INFO]     [0m[1m[31mstep:  3  [32mloss: 19.82617  [38;2;180;60;0mgrad_norm: 91.1789  [38;2;54;234;195mmemory: 384.44GiB(88.99%)  [34mtps: 3,802  [36mtflops: 220.21  [35mmfu: 70.58%[39m[0m
[[32m20261002 10:18:36[0m][[36mrank-0/1[0m][1m[INFO]     [0m[1m[31mstep:  4  [32mloss: 10.20469  [38;2;180;60;0mgrad_norm: 88.9035  [38;2;54;234;195mmemory: 384.44GiB(88.99%)  [34mtps: 6,174  [36mtflops: 357.57  [35mmfu: 114.61%[39m[0m
[[32m20261002 10:18:38[0m][[36mrank-0/1[0m][1m[INFO]     [0m[1m[31mstep:  5  [32mloss:  8.01607  [38;2;180;60;0mgrad_norm: 104.1471  [38;2;54;234;195mmemory: 384.44GiB(88.99%)  [34mtps: 24,463  [36mtflops: 1,416.75  [35mmfu: 454.09%[39m[0m
[[32m20261002 10:18:39[0m][[36mrank-0/1[0m][1m[INFO]     [0m[1m[31mstep:  6  [32mloss: 17.34340  [38;2;180;60;0mgrad_norm: 23.5781  [38;2;54;234;195mmemory: 384.44GiB(88.99%)  [34mtps: 24,455  [36mtflops: 1,416.27  [35mmfu: 453.93%[39m[0m
[[32m20261002 10:18:40[0m][[36mrank-0/1[0m][1m[INFO]     [0m[1m[31mstep:  7  [32mloss:  9.22467  [38;2;180;60;0mgrad_norm: 33.6793  [38;2;54;234;195mmemory: 384.44GiB(88.99%)  [34mtps: 23,654  [36mtflops: 1,369.92  [35mmfu: 439.08%[39m[0m
[[32m20261002 10:18:42[0m][[36mrank-0/1[0m][1m[INFO]     [0m[1m[31mstep:  8  [32mloss: 12.62652  [38;2;180;60;0mgrad_norm: 22.0129  [38;2;54;234;195mmemory: 384.44GiB(88.99%)  [34mtps: 24,353  [36mtflops: 1,410.38  [35mmfu: 452.04%[39m[0m
[[32m20261002 10:18:43[0m][[36mrank-0/1[0m][1m[INFO]     [0m[1m[31mstep:  9  [32mloss:  7.30065  [38;2;180;60;0mgrad_norm: 21.7254  [38;2;54;234;195mmemory: 384.44GiB(88.99%)  [34mtps: 23,810  [36mtflops: 1,378.95  [35mmfu: 441.97%[39m[0m
/opt/venv/lib/python3.12/site-packages/torch/profiler/profiler.py:224: UserWarning: Warning: Profiler clears events at the end of each cycle.Only events from the current cycle will be reported.To keep events across cycles, set acc_events=True.
  _warn_once(
[[32m20261002 10:18:45[0m][[36mrank-0/1[0m][1m[INFO]     [0m[1m[31mstep: 10  [32mloss:  9.28163  [38;2;180;60;0mgrad_norm: 42.6762  [38;2;54;234;195mmemory: 384.44GiB(88.99%)  [34mtps: 24,297  [36mtflops: 1,407.15  [35mmfu: 451.01%[39m[0m
[[32m20261002 10:18:46[0m][[36mrank-0/1[0m][1m[INFO]     [0m[1m[31mstep: 11  [32mloss:  7.00421  [38;2;180;60;0mgrad_norm: 39.8900  [38;2;54;234;195mmemory: 384.44GiB(88.99%)  [34mtps: 24,077  [36mtflops: 1,394.43  [35mmfu: 446.93%[39m[0m
[rank0]:[W1002 10:18:46.590558670 collection.cpp:1148] Warning: ROCTracer produced duplicate flow start: 17011 (function operator())
[[32m20261002 10:18:46[0m][[36mrank-0/1[0m][1m[INFO]     [0m[1mDumping profiler traces at step 11[0m
[[32m20261002 10:18:46[0m][[36mrank-0/1[0m][1m[INFO]     [0m[1mFinished dumping profiler traces in 0.11 seconds[0m
[[32m20261002 10:18:48[0m][[36mrank-0/1[0m][1m[INFO]     [0m[1m[31mstep: 12  [32mloss:  8.03715  [38;2;180;60;0mgrad_norm: 24.9457  [38;2;54;234;195mmemory: 384.44GiB(88.99%)  [34mtps: 18,733  [36mtflops: 1,084.89  [35mmfu: 347.72%[39m[0m
[[32m20261002 10:18:49[0m][[36mrank-0/1[0m][1m[INFO]     [0m[1m[31mstep: 13  [32mloss:  7.44795  [38;2;180;60;0mgrad_norm: 21.9101  [38;2;54;234;195mmemory: 384.44GiB(88.99%)  [34mtps: 23,758  [36mtflops: 1,375.90  [35mmfu: 440.99%[39m[0m
[[32m20261002 10:18:50[0m][[36mrank-0/1[0m][1m[INFO]     [0m[1m[31mstep: 14  [32mloss:  6.00056  [38;2;180;60;0mgrad_norm: 17.5404  [38;2;54;234;195mmemory: 384.44GiB(88.99%)  [34mtps: 24,366  [36mtflops: 1,411.16  [35mmfu: 452.30%[39m[0m
[[32m20261002 10:18:52[0m][[36mrank-0/1[0m][1m[INFO]     [0m[1m[31mstep: 15  [32mloss:  6.34869  [38;2;180;60;0mgrad_norm: 37.3948  [38;2;54;234;195mmemory: 384.44GiB(88.99%)  [34mtps: 23,818  [36mtflops: 1,379.39  [35mmfu: 442.11%[39m[0m
[[32m20261002 10:18:53[0m][[36mrank-0/1[0m][1m[INFO]     [0m[1m[31mstep: 16  [32mloss:  6.81106  [38;2;180;60;0mgrad_norm: 38.8336  [38;2;54;234;195mmemory: 384.44GiB(88.99%)  [34mtps: 24,469  [36mtflops: 1,417.08  [35mmfu: 454.19%[39m[0m
[[32m20261002 10:18:54[0m][[36mrank-0/1[0m][1m[INFO]     [0m[1m[31mstep: 17  [32mloss:  6.21432  [38;2;180;60;0mgrad_norm: 14.3696  [38;2;54;234;195mmemory: 384.44GiB(88.99%)  [34mtps: 24,461  [36mtflops: 1,416.62  [35mmfu: 454.05%[39m[0m
[[32m20261002 10:18:56[0m][[36mrank-0/1[0m][1m[INFO]     [0m[1m[31mstep: 18  [32mloss:  6.25290  [38;2;180;60;0mgrad_norm: 17.7077  [38;2;54;234;195mmemory: 384.44GiB(88.99%)  [34mtps: 24,574  [36mtflops: 1,423.17  [35mmfu: 456.14%[39m[0m
[[32m20261002 10:18:57[0m][[36mrank-0/1[0m][1m[INFO]     [0m[1m[31mstep: 19  [32mloss:  5.90143  [38;2;180;60;0mgrad_norm: 18.3928  [38;2;54;234;195mmemory: 384.44GiB(88.99%)  [34mtps: 23,834  [36mtflops: 1,380.32  [35mmfu: 442.41%[39m[0m
[[32m20261002 10:18:58[0m][[36mrank-0/1[0m][1m[INFO]     [0m[1m[31mstep: 20  [32mloss:  5.29727  [38;2;180;60;0mgrad_norm: 11.8448  [38;2;54;234;195mmemory: 384.44GiB(88.99%)  [34mtps: 24,402  [36mtflops: 1,413.26  [35mmfu: 452.97%[39m[0m
[[32m20261002 10:19:00[0m][[36mrank-0/1[0m][1m[INFO]     [0m[1m[31mstep: 21  [32mloss:  5.14186  [38;2;180;60;0mgrad_norm: 16.8815  [38;2;54;234;195mmemory: 384.44GiB(88.99%)  [34mtps: 22,431  [36mtflops: 1,299.07  [35mmfu: 416.37%[39m[0m
[[32m20261002 10:19:01[0m][[36mrank-0/1[0m][1m[INFO]     [0m[1m[31mstep: 22  [32mloss:  5.25897  [38;2;180;60;0mgrad_norm: 17.8639  [38;2;54;234;195mmemory: 384.44GiB(88.99%)  [34mtps: 24,427  [36mtflops: 1,414.69  [35mmfu: 453.43%[39m[0m
[[32m20261002 10:19:02[0m][[36mrank-0/1[0m][1m[INFO]     [0m[1mDumping profiler traces at step 22[0m
[[32m20261002 10:19:02[0m][[36mrank-0/1[0m][1m[INFO]     [0m[1mFinished dumping profiler traces in 0.11 seconds[0m
[[32m20261002 10:19:03[0m][[36mrank-0/1[0m][1m[INFO]     [0m[1m[31mstep: 23  [32mloss:  5.27819  [38;2;180;60;0mgrad_norm:  3.5695  [38;2;54;234;195mmemory: 384.44GiB(88.99%)  [34mtps: 19,084  [36mtflops: 1,105.27  [35mmfu: 354.25%[39m[0m
[[32m20261002 10:19:04[0m][[36mrank-0/1[0m][1m[INFO]     [0m[1m[31mstep: 24  [32mloss:  5.04691  [38;2;180;60;0mgrad_norm:  3.7511  [38;2;54;234;195mmemory: 384.44GiB(88.99%)  [34mtps: 24,556  [36mtflops: 1,422.17  [35mmfu: 455.82%[39m[0m
[[32m20261002 10:19:06[0m][[36mrank-0/1[0m][1m[INFO]     [0m[1m[31mstep: 25  [32mloss:  4.85210  [38;2;180;60;0mgrad_norm:  8.1680  [38;2;54;234;195mmemory: 384.44GiB(88.99%)  [34mtps: 23,830  [36mtflops: 1,380.09  [35mmfu: 442.34%[39m[0m
[[32m20261002 10:19:07[0m][[36mrank-0/1[0m][1m[INFO]     [0m[1m[31mstep: 26  [32mloss:  4.77686  [38;2;180;60;0mgrad_norm:  4.5222  [38;2;54;234;195mmemory: 384.44GiB(88.99%)  [34mtps: 24,438  [36mtflops: 1,415.29  [35mmfu: 453.62%[39m[0m
[[32m20261002 10:19:08[0m][[36mrank-0/1[0m][1m[INFO]     [0m[1m[31mstep: 27  [32mloss:  4.59686  [38;2;180;60;0mgrad_norm:  4.9774  [38;2;54;234;195mmemory: 384.44GiB(88.99%)  [34mtps: 23,765  [36mtflops: 1,376.34  [35mmfu: 441.13%[39m[0m
[[32m20261002 10:19:10[0m][[36mrank-0/1[0m][1m[INFO]     [0m[1m[31mstep: 28  [32mloss:  4.45554  [38;2;180;60;0mgrad_norm:  2.0566  [38;2;54;234;195mmemory: 384.44GiB(88.99%)  [34mtps: 24,420  [36mtflops: 1,414.28  [35mmfu: 453.30%[39m[0m
[[32m20261002 10:19:11[0m][[36mrank-0/1[0m][1m[INFO]     [0m[1m[31mstep: 29  [32mloss:  4.27982  [38;2;180;60;0mgrad_norm:  1.5883  [38;2;54;234;195mmemory: 384.44GiB(88.99%)  [34mtps: 24,308  [36mtflops: 1,407.77  [35mmfu: 451.21%[39m[0m
[[32m20261002 10:19:12[0m][[36mrank-0/1[0m][1m[INFO]     [0m[1m[31mstep: 30  [32mloss:  4.25234  [38;2;180;60;0mgrad_norm:  2.8457  [38;2;54;234;195mmemory: 384.44GiB(88.99%)  [34mtps: 24,329  [36mtflops: 1,409.03  [35mmfu: 451.61%[39m[0m
[[32m20261002 10:19:14[0m][[36mrank-0/1[0m][1m[INFO]     [0m[1m[31mstep: 31  [32mloss:  4.28697  [38;2;180;60;0mgrad_norm:  2.2395  [38;2;54;234;195mmemory: 384.44GiB(88.99%)  [34mtps: 23,683  [36mtflops: 1,371.56  [35mmfu: 439.60%[39m[0m
[[32m20261002 10:19:15[0m][[36mrank-0/1[0m][1m[INFO]     [0m[1m[31mstep: 32  [32mloss:  4.30211  [38;2;180;60;0mgrad_norm:  1.8032  [38;2;54;234;195mmemory: 384.44GiB(88.99%)  [34mtps: 22,772  [36mtflops: 1,318.85  [35mmfu: 422.71%[39m[0m
[[32m20261002 10:19:17[0m][[36mrank-0/1[0m][1m[INFO]     [0m[1m[31mstep: 33  [32mloss:  4.25889  [38;2;180;60;0mgrad_norm:  1.6388  [38;2;54;234;195mmemory: 384.44GiB(88.99%)  [34mtps: 23,455  [36mtflops: 1,358.38  [35mmfu: 435.38%[39m[0m
[[32m20261002 10:19:17[0m][[36mrank-0/1[0m][1m[INFO]     [0m[1mDumping profiler traces at step 33[0m
[[32m20261002 10:19:17[0m][[36mrank-0/1[0m][1m[INFO]     [0m[1mFinished dumping profiler traces in 0.11 seconds[0m
[[32m20261002 10:19:18[0m][[36mrank-0/1[0m][1m[INFO]     [0m[1m[31mstep: 34  [32mloss:  4.19183  [38;2;180;60;0mgrad_norm:  1.6021  [38;2;54;234;195mmemory: 384.44GiB(88.99%)  [34mtps: 18,910  [36mtflops: 1,095.15  [35mmfu: 351.01%[39m[0m
[[32m20261002 10:19:20[0m][[36mrank-0/1[0m][1m[INFO]     [0m[1m[31mstep: 35  [32mloss:  4.17394  [38;2;180;60;0mgrad_norm:  1.8433  [38;2;54;234;195mmemory: 384.44GiB(88.99%)  [34mtps: 24,260  [36mtflops: 1,404.98  [35mmfu: 450.32%[39m[0m
[[32m20261002 10:19:21[0m][[36mrank-0/1[0m][1m[INFO]     [0m[1m[31mstep: 36  [32mloss:  4.16556  [38;2;180;60;0mgrad_norm:  1.7691  [38;2;54;234;195mmemory: 384.44GiB(88.99%)  [34mtps: 24,320  [36mtflops: 1,408.51  [35mmfu: 451.44%[39m[0m
[[32m20261002 10:19:22[0m][[36mrank-0/1[0m][1m[INFO]     [0m[1m[31mstep: 37  [32mloss:  4.16796  [38;2;180;60;0mgrad_norm:  1.6794  [38;2;54;234;195mmemory: 384.44GiB(88.99%)  [34mtps: 23,671  [36mtflops: 1,370.90  [35mmfu: 439.39%[39m[0m
[[32m20261002 10:19:24[0m][[36mrank-0/1[0m][1m[INFO]     [0m[1m[31mstep: 38  [32mloss:  4.13841  [38;2;180;60;0mgrad_norm:  1.2722  [38;2;54;234;195mmemory: 384.44GiB(88.99%)  [34mtps: 24,332  [36mtflops: 1,409.17  [35mmfu: 451.66%[39m[0m
[[32m20261002 10:19:25[0m][[36mrank-0/1[0m][1m[INFO]     [0m[1m[31mstep: 39  [32mloss:  4.11461  [38;2;180;60;0mgrad_norm:  1.2835  [38;2;54;234;195mmemory: 384.44GiB(88.99%)  [34mtps: 23,675  [36mtflops: 1,371.13  [35mmfu: 439.46%[39m[0m
[[32m20261002 10:19:27[0m][[36mrank-0/1[0m][1m[INFO]     [0m[1m[31mstep: 40  [32mloss:  4.10159  [38;2;180;60;0mgrad_norm:  1.1010  [38;2;54;234;195mmemory: 384.44GiB(88.99%)  [34mtps: 24,412  [36mtflops: 1,413.80  [35mmfu: 453.14%[39m[0m
[[32m20261002 10:19:28[0m][[36mrank-0/1[0m][1m[INFO]     [0m[1m[31mstep: 41  [32mloss:  4.05575  [38;2;180;60;0mgrad_norm:  1.0846  [38;2;54;234;195mmemory: 384.44GiB(88.99%)  [34mtps: 24,262  [36mtflops: 1,405.09  [35mmfu: 450.35%[39m[0m
[[32m20261002 10:19:29[0m][[36mrank-0/1[0m][1m[INFO]     [0m[1m[31mstep: 42  [32mloss:  4.03056  [38;2;180;60;0mgrad_norm:  0.9327  [38;2;54;234;195mmemory: 384.44GiB(88.99%)  [34mtps: 24,335  [36mtflops: 1,409.37  [35mmfu: 451.72%[39m[0m
[[32m20261002 10:19:31[0m][[36mrank-0/1[0m][1m[INFO]     [0m[1m[31mstep: 43  [32mloss:  4.00624  [38;2;180;60;0mgrad_norm:  1.0737  [38;2;54;234;195mmemory: 384.44GiB(88.99%)  [34mtps: 22,190  [36mtflops: 1,285.10  [35mmfu: 411.89%[39m[0m
[[32m20261002 10:19:32[0m][[36mrank-0/1[0m][1m[INFO]     [0m[1m[31mstep: 44  [32mloss:  3.97284  [38;2;180;60;0mgrad_norm:  1.0919  [38;2;54;234;195mmemory: 384.44GiB(88.99%)  [34mtps: 24,137  [36mtflops: 1,397.89  [35mmfu: 448.04%[39m[0m
[[32m20261002 10:19:32[0m][[36mrank-0/1[0m][1m[INFO]     [0m[1mDumping profiler traces at step 44[0m
[[32m20261002 10:19:32[0m][[36mrank-0/1[0m][1m[INFO]     [0m[1mFinished dumping profiler traces in 0.11 seconds[0m
[[32m20261002 10:19:34[0m][[36mrank-0/1[0m][1m[INFO]     [0m[1m[31mstep: 45  [32mloss:  3.91716  [38;2;180;60;0mgrad_norm:  0.7801  [38;2;54;234;195mmemory: 384.44GiB(88.99%)  [34mtps: 18,528  [36mtflops: 1,073.04  [35mmfu: 343.92%[39m[0m
[[32m20261002 10:19:35[0m][[36mrank-0/1[0m][1m[INFO]     [0m[1m[31mstep: 46  [32mloss:  3.87054  [38;2;180;60;0mgrad_norm:  1.0967  [38;2;54;234;195mmemory: 384.44GiB(88.99%)  [34mtps: 24,275  [36mtflops: 1,405.86  [35mmfu: 450.60%[39m[0m
[[32m20261002 10:19:37[0m][[36mrank-0/1[0m][1m[INFO]     [0m[1m[31mstep: 47  [32mloss:  3.89177  [38;2;180;60;0mgrad_norm:  1.3305  [38;2;54;234;195mmemory: 384.44GiB(88.99%)  [34mtps: 24,192  [36mtflops: 1,401.07  [35mmfu: 449.06%[39m[0m
[[32m20261002 10:19:38[0m][[36mrank-0/1[0m][1m[INFO]     [0m[1m[31mstep: 48  [32mloss:  3.77097  [38;2;180;60;0mgrad_norm:  1.2957  [38;2;54;234;195mmemory: 384.44GiB(88.99%)  [34mtps: 24,305  [36mtflops: 1,407.58  [35mmfu: 451.15%[39m[0m
[[32m20261002 10:19:39[0m][[36mrank-0/1[0m][1m[INFO]     [0m[1m[31mstep: 49  [32mloss:  3.69241  [38;2;180;60;0mgrad_norm:  0.8697  [38;2;54;234;195mmemory: 384.44GiB(88.99%)  [34mtps: 23,576  [36mtflops: 1,365.39  [35mmfu: 437.62%[39m[0m
[[32m20261002 10:19:41[0m][[36mrank-0/1[0m][1m[INFO]     [0m[1m[31mstep: 50  [32mloss:  3.63297  [38;2;180;60;0mgrad_norm:  0.7991  [38;2;54;234;195mmemory: 384.44GiB(88.99%)  [34mtps: 24,215  [36mtflops: 1,402.42  [35mmfu: 449.49%[39m[0m
[[32m20261002 10:19:42[0m][[36mrank-0/1[0m][1m[INFO]     [0m[1m[31mstep: 51  [32mloss:  3.64535  [38;2;180;60;0mgrad_norm:  2.0000  [38;2;54;234;195mmemory: 384.44GiB(88.99%)  [34mtps: 23,572  [36mtflops: 1,365.18  [35mmfu: 437.56%[39m[0m
[[32m20261002 10:19:43[0m][[36mrank-0/1[0m][1m[INFO]     [0m[1m[31mstep: 52  [32mloss:  3.60579  [38;2;180;60;0mgrad_norm:  1.1223  [38;2;54;234;195mmemory: 384.44GiB(88.99%)  [34mtps: 24,242  [36mtflops: 1,403.97  [35mmfu: 449.99%[39m[0m
[[32m20261002 10:19:45[0m][[36mrank-0/1[0m][1m[INFO]     [0m[1m[31mstep: 53  [32mloss:  3.58110  [38;2;180;60;0mgrad_norm:  0.9601  [38;2;54;234;195mmemory: 384.44GiB(88.99%)  [34mtps: 24,247  [36mtflops: 1,404.25  [35mmfu: 450.08%[39m[0m
[[32m20261002 10:19:46[0m][[36mrank-0/1[0m][1m[INFO]     [0m[1m[31mstep: 54  [32mloss:  3.60547  [38;2;180;60;0mgrad_norm:  1.7526  [38;2;54;234;195mmemory: 384.44GiB(88.99%)  [34mtps: 22,696  [36mtflops: 1,314.44  [35mmfu: 421.30%[39m[0m
[[32m20261002 10:19:48[0m][[36mrank-0/1[0m][1m[INFO]     [0m[1m[31mstep: 55  [32mloss:  3.59051  [38;2;180;60;0mgrad_norm:  1.0707  [38;2;54;234;195mmemory: 384.44GiB(88.99%)  [34mtps: 23,408  [36mtflops: 1,355.69  [35mmfu: 434.52%[39m[0m
[[32m20261002 10:19:48[0m][[36mrank-0/1[0m][1m[INFO]     [0m[1mDumping profiler traces at step 55[0m
[[32m20261002 10:19:48[0m][[36mrank-0/1[0m][1m[INFO]     [0m[1mFinished dumping profiler traces in 0.11 seconds[0m
[[32m20261002 10:19:49[0m][[36mrank-0/1[0m][1m[INFO]     [0m[1m[31mstep: 56  [32mloss:  3.59501  [38;2;180;60;0mgrad_norm:  1.1681  [38;2;54;234;195mmemory: 384.44GiB(88.99%)  [34mtps: 18,871  [36mtflops: 1,092.90  [35mmfu: 350.29%[39m[0m
[[32m20261002 10:19:51[0m][[36mrank-0/1[0m][1m[INFO]     [0m[1m[31mstep: 57  [32mloss:  3.56220  [38;2;180;60;0mgrad_norm:  0.7383  [38;2;54;234;195mmemory: 384.44GiB(88.99%)  [34mtps: 23,586  [36mtflops: 1,365.94  [35mmfu: 437.80%[39m[0m
[[32m20261002 10:19:52[0m][[36mrank-0/1[0m][1m[INFO]     [0m[1m[31mstep: 58  [32mloss:  3.58650  [38;2;180;60;0mgrad_norm:  1.7126  [38;2;54;234;195mmemory: 384.44GiB(88.99%)  [34mtps: 24,201  [36mtflops: 1,401.61  [35mmfu: 449.23%[39m[0m
[[32m20261002 10:19:53[0m][[36mrank-0/1[0m][1m[INFO]     [0m[1m[31mstep: 59  [32mloss:  3.57017  [38;2;180;60;0mgrad_norm:  0.9263  [38;2;54;234;195mmemory: 384.44GiB(88.99%)  [34mtps: 24,185  [36mtflops: 1,400.69  [35mmfu: 448.94%[39m[0m
[[32m20261002 10:19:55[0m][[36mrank-0/1[0m][1m[INFO]     [0m[1m[31mstep: 60  [32mloss:  3.56613  [38;2;180;60;0mgrad_norm:  1.1722  [38;2;54;234;195mmemory: 384.44GiB(88.99%)  [34mtps: 24,237  [36mtflops: 1,403.70  [35mmfu: 449.90%[39m[0m
[[32m20261002 10:19:56[0m][[36mrank-0/1[0m][1m[INFO]     [0m[1m[31mstep: 61  [32mloss:  3.55191  [38;2;180;60;0mgrad_norm:  0.9191  [38;2;54;234;195mmemory: 384.44GiB(88.99%)  [34mtps: 23,540  [36mtflops: 1,363.32  [35mmfu: 436.96%[39m[0m
[[32m20261002 10:19:58[0m][[36mrank-0/1[0m][1m[INFO]     [0m[1m[31mstep: 62  [32mloss:  3.54818  [38;2;180;60;0mgrad_norm:  0.8018  [38;2;54;234;195mmemory: 384.44GiB(88.99%)  [34mtps: 24,155  [36mtflops: 1,398.94  [35mmfu: 448.38%[39m[0m
[[32m20261002 10:19:59[0m][[36mrank-0/1[0m][1m[INFO]     [0m[1m[31mstep: 63  [32mloss:  3.54926  [38;2;180;60;0mgrad_norm:  1.1728  [38;2;54;234;195mmemory: 384.44GiB(88.99%)  [34mtps: 23,570  [36mtflops: 1,365.03  [35mmfu: 437.51%[39m[0m
[[32m20261002 10:20:00[0m][[36mrank-0/1[0m][1m[INFO]     [0m[1m[31mstep: 64  [32mloss:  3.55100  [38;2;180;60;0mgrad_norm:  0.8580  [38;2;54;234;195mmemory: 384.44GiB(88.99%)  [34mtps: 24,208  [36mtflops: 1,401.99  [35mmfu: 449.35%[39m[0m
[[32m20261002 10:20:02[0m][[36mrank-0/1[0m][1m[INFO]     [0m[1m[31mstep: 65  [32mloss:  3.53680  [38;2;180;60;0mgrad_norm:  0.6944  [38;2;54;234;195mmemory: 384.44GiB(88.99%)  [34mtps: 22,599  [36mtflops: 1,308.82  [35mmfu: 419.49%[39m[0m
[[32m20261002 10:20:03[0m][[36mrank-0/1[0m][1m[INFO]     [0m[1m[31mstep: 66  [32mloss:  3.53758  [38;2;180;60;0mgrad_norm:  0.8486  [38;2;54;234;195mmemory: 384.44GiB(88.99%)  [34mtps: 24,093  [36mtflops: 1,395.35  [35mmfu: 447.23%[39m[0m
[[32m20261002 10:20:03[0m][[36mrank-0/1[0m][1m[INFO]     [0m[1mDumping profiler traces at step 66[0m
[[32m20261002 10:20:03[0m][[36mrank-0/1[0m][1m[INFO]     [0m[1mFinished dumping profiler traces in 0.11 seconds[0m
[[32m20261002 10:20:05[0m][[36mrank-0/1[0m][1m[INFO]     [0m[1m[31mstep: 67  [32mloss:  3.52893  [38;2;180;60;0mgrad_norm:  0.7425  [38;2;54;234;195mmemory: 384.44GiB(88.99%)  [34mtps: 18,443  [36mtflops: 1,068.09  [35mmfu: 342.34%[39m[0m
[[32m20261002 10:20:06[0m][[36mrank-0/1[0m][1m[INFO]     [0m[1m[31mstep: 68  [32mloss:  3.53598  [38;2;180;60;0mgrad_norm:  0.7039  [38;2;54;234;195mmemory: 384.44GiB(88.99%)  [34mtps: 24,283  [36mtflops: 1,406.33  [35mmfu: 450.75%[39m[0m
[[32m20261002 10:20:08[0m][[36mrank-0/1[0m][1m[INFO]     [0m[1m[31mstep: 69  [32mloss:  3.53795  [38;2;180;60;0mgrad_norm:  0.7851  [38;2;54;234;195mmemory: 384.44GiB(88.99%)  [34mtps: 23,599  [36mtflops: 1,366.70  [35mmfu: 438.05%[39m[0m
[[32m20261002 10:20:09[0m][[36mrank-0/1[0m][1m[INFO]     [0m[1m[31mstep: 70  [32mloss:  3.52722  [38;2;180;60;0mgrad_norm:  0.7199  [38;2;54;234;195mmemory: 384.44GiB(88.99%)  [34mtps: 24,164  [36mtflops: 1,399.46  [35mmfu: 448.54%[39m[0m
[[32m20261002 10:20:10[0m][[36mrank-0/1[0m][1m[INFO]     [0m[1m[31mstep: 71  [32mloss:  3.52100  [38;2;180;60;0mgrad_norm:  0.5960  [38;2;54;234;195mmemory: 384.44GiB(88.99%)  [34mtps: 24,259  [36mtflops: 1,404.96  [35mmfu: 450.31%[39m[0m
[[32m20261002 10:20:12[0m][[36mrank-0/1[0m][1m[INFO]     [0m[1m[31mstep: 72  [32mloss:  3.52166  [38;2;180;60;0mgrad_norm:  0.6008  [38;2;54;234;195mmemory: 384.44GiB(88.99%)  [34mtps: 24,233  [36mtflops: 1,403.43  [35mmfu: 449.82%[39m[0m
[[32m20261002 10:20:13[0m][[36mrank-0/1[0m][1m[INFO]     [0m[1m[31mstep: 73  [32mloss:  3.52871  [38;2;180;60;0mgrad_norm:  0.7175  [38;2;54;234;195mmemory: 384.44GiB(88.99%)  [34mtps: 23,514  [36mtflops: 1,361.80  [35mmfu: 436.47%[39m[0m
[[32m20261002 10:20:14[0m][[36mrank-0/1[0m][1m[INFO]     [0m[1m[31mstep: 74  [32mloss:  3.51967  [38;2;180;60;0mgrad_norm:  0.5688  [38;2;54;234;195mmemory: 384.44GiB(88.99%)  [34mtps: 24,231  [36mtflops: 1,403.33  [35mmfu: 449.78%[39m[0m
[[32m20261002 10:20:16[0m][[36mrank-0/1[0m][1m[INFO]     [0m[1m[31mstep: 75  [32mloss:  3.51786  [38;2;180;60;0mgrad_norm:  0.5065  [38;2;54;234;195mmemory: 384.44GiB(88.99%)  [34mtps: 23,557  [36mtflops: 1,364.27  [35mmfu: 437.27%[39m[0m
[[32m20261002 10:20:17[0m][[36mrank-0/1[0m][1m[INFO]     [0m[1m[31mstep: 76  [32mloss:  3.52204  [38;2;180;60;0mgrad_norm:  0.5974  [38;2;54;234;195mmemory: 384.44GiB(88.99%)  [34mtps: 22,641  [36mtflops: 1,311.25  [35mmfu: 420.27%[39m[0m
[[32m20261002 10:20:19[0m][[36mrank-0/1[0m][1m[INFO]     [0m[1m[31mstep: 77  [32mloss:  3.52030  [38;2;180;60;0mgrad_norm:  0.5573  [38;2;54;234;195mmemory: 384.44GiB(88.99%)  [34mtps: 24,064  [36mtflops: 1,393.64  [35mmfu: 446.68%[39m[0m
[[32m20261002 10:20:19[0m][[36mrank-0/1[0m][1m[INFO]     [0m[1mDumping profiler traces at step 77[0m
[[32m20261002 10:20:19[0m][[36mrank-0/1[0m][1m[INFO]     [0m[1mFinished dumping profiler traces in 0.11 seconds[0m
[[32m20261002 10:20:20[0m][[36mrank-0/1[0m][1m[INFO]     [0m[1m[31mstep: 78  [32mloss:  3.51659  [38;2;180;60;0mgrad_norm:  0.4766  [38;2;54;234;195mmemory: 384.44GiB(88.99%)  [34mtps: 18,758  [36mtflops: 1,086.34  [35mmfu: 348.19%[39m[0m
[[32m20261002 10:20:22[0m][[36mrank-0/1[0m][1m[INFO]     [0m[1m[31mstep: 79  [32mloss:  3.51439  [38;2;180;60;0mgrad_norm:  0.5175  [38;2;54;234;195mmemory: 384.44GiB(88.99%)  [34mtps: 23,548  [36mtflops: 1,363.76  [35mmfu: 437.10%[39m[0m
[[32m20261002 10:20:23[0m][[36mrank-0/1[0m][1m[INFO]     [0m[1m[31mstep: 80  [32mloss:  3.51807  [38;2;180;60;0mgrad_norm:  0.5423  [38;2;54;234;195mmemory: 384.44GiB(88.99%)  [34mtps: 24,250  [36mtflops: 1,404.44  [35mmfu: 450.14%[39m[0m
[[32m20261002 10:20:25[0m][[36mrank-0/1[0m][1m[INFO]     [0m[1m[31mstep: 81  [32mloss:  3.51570  [38;2;180;60;0mgrad_norm:  0.4393  [38;2;54;234;195mmemory: 384.44GiB(88.99%)  [34mtps: 23,618  [36mtflops: 1,367.80  [35mmfu: 438.40%[39m[0m
[[32m20261002 10:20:26[0m][[36mrank-0/1[0m][1m[INFO]     [0m[1m[31mstep: 82  [32mloss:  3.51071  [38;2;180;60;0mgrad_norm:  0.4453  [38;2;54;234;195mmemory: 384.44GiB(88.99%)  [34mtps: 24,179  [36mtflops: 1,400.29  [35mmfu: 448.81%[39m[0m
[[32m20261002 10:20:27[0m][[36mrank-0/1[0m][1m[INFO]     [0m[1m[31mstep: 83  [32mloss:  3.50854  [38;2;180;60;0mgrad_norm:  0.4131  [38;2;54;234;195mmemory: 384.44GiB(88.99%)  [34mtps: 24,287  [36mtflops: 1,406.55  [35mmfu: 450.82%[39m[0m
[[32m20261002 10:20:29[0m][[36mrank-0/1[0m][1m[INFO]     [0m[1m[31mstep: 84  [32mloss:  3.51507  [38;2;180;60;0mgrad_norm:  0.4232  [38;2;54;234;195mmemory: 384.44GiB(88.99%)  [34mtps: 24,191  [36mtflops: 1,400.98  [35mmfu: 449.03%[39m[0m
[[32m20261002 10:20:30[0m][[36mrank-0/1[0m][1m[INFO]     [0m[1m[31mstep: 85  [32mloss:  3.51355  [38;2;180;60;0mgrad_norm:  0.4179  [38;2;54;234;195mmemory: 384.44GiB(88.99%)  [34mtps: 23,571  [36mtflops: 1,365.13  [35mmfu: 437.54%[39m[0m
[[32m20261002 10:20:31[0m][[36mrank-0/1[0m][1m[INFO]     [0m[1m[31mstep: 86  [32mloss:  3.50844  [38;2;180;60;0mgrad_norm:  0.4589  [38;2;54;234;195mmemory: 384.44GiB(88.99%)  [34mtps: 24,245  [36mtflops: 1,404.14  [35mmfu: 450.05%[39m[0m
[[32m20261002 10:20:33[0m][[36mrank-0/1[0m][1m[INFO]     [0m[1m[31mstep: 87  [32mloss:  3.51314  [38;2;180;60;0mgrad_norm:  0.4185  [38;2;54;234;195mmemory: 384.44GiB(88.99%)  [34mtps: 21,953  [36mtflops: 1,271.42  [35mmfu: 407.51%[39m[0m
[[32m20261002 10:20:34[0m][[36mrank-0/1[0m][1m[INFO]     [0m[1m[31mstep: 88  [32mloss:  3.50735  [38;2;180;60;0mgrad_norm:  0.3978  [38;2;54;234;195mmemory: 384.44GiB(88.99%)  [34mtps: 24,077  [36mtflops: 1,394.38  [35mmfu: 446.92%[39m[0m
[[32m20261002 10:20:34[0m][[36mrank-0/1[0m][1m[INFO]     [0m[1mDumping profiler traces at step 88[0m
[[32m20261002 10:20:35[0m][[36mrank-0/1[0m][1m[INFO]     [0m[1mFinished dumping profiler traces in 0.11 seconds[0m
[[32m20261002 10:20:36[0m][[36mrank-0/1[0m][1m[INFO]     [0m[1m[31mstep: 89  [32mloss:  3.50770  [38;2;180;60;0mgrad_norm:  0.3922  [38;2;54;234;195mmemory: 384.44GiB(88.99%)  [34mtps: 18,806  [36mtflops: 1,089.12  [35mmfu: 349.08%[39m[0m
[[32m20261002 10:20:37[0m][[36mrank-0/1[0m][1m[INFO]     [0m[1m[31mstep: 90  [32mloss:  3.50765  [38;2;180;60;0mgrad_norm:  0.3928  [38;2;54;234;195mmemory: 384.44GiB(88.99%)  [34mtps: 24,229  [36mtflops: 1,403.19  [35mmfu: 449.74%[39m[0m
[[32m20261002 10:20:39[0m][[36mrank-0/1[0m][1m[INFO]     [0m[1m[31mstep: 91  [32mloss:  3.50902  [38;2;180;60;0mgrad_norm:  0.3951  [38;2;54;234;195mmemory: 384.44GiB(88.99%)  [34mtps: 23,555  [36mtflops: 1,364.16  [35mmfu: 437.23%[39m[0m
[[32m20261002 10:20:40[0m][[36mrank-0/1[0m][1m[INFO]     [0m[1m[31mstep: 92  [32mloss:  3.50642  [38;2;180;60;0mgrad_norm:  0.3520  [38;2;54;234;195mmemory: 384.44GiB(88.99%)  [34mtps: 24,273  [36mtflops: 1,405.75  [35mmfu: 450.56%[39m[0m
[[32m20261002 10:20:40[0m][[36mrank-0/1[0m][1m[INFO]     [0m[1mSleeping 2 seconds for other ranks to complete[0m
[[32m20261002 10:20:42[0m][[36mrank-0/1[0m][1m[INFO]     [0m[1mTraining completed[0m
[[32m20261002 10:20:42[0m][[36mrank-0/1[0m][1m[INFO]     [0m[1m[-----------------train_runtime.py:534] : ================================================================================[0m
[[32m20261002 10:20:42[0m][[36mrank-0/1[0m][1m[INFO]     [0m[1m[-----------------train_runtime.py:535] : Training completed.[0m
[[32m20261002 10:20:42[0m][[36mrank-0/1[0m][1m[INFO]     [0m[1m[-----------------train_runtime.py:536] : ================================================================================[0m
[[32m20261002 10:20:42[0m][[36mrank-0/1[0m][1m[INFO]     [0m[1m[-----------------train_runtime.py:561] : Python GC re-enabled after training[0m
[[32m20261002 10:20:42[0m][[36mrank-0/1[0m][1m[INFO]     [0m[1m[-----------------train_runtime.py:216] : [Runtime] Applying after_train patches...[0m
[[32m20261002 10:20:42[0m][[36mrank-0/1[0m][1m[INFO]     [0m[1m[-------------------patch_runner.py:92] : --------------------------------------------------------------------------------[0m
[[32m20261002 10:20:42[0m][[36mrank-0/1[0m][1m[INFO]     [0m[1m[-------------------patch_runner.py:93] : [Patch] Executing patches: backend=torchtitan, phase=after_train, backend_version=0.2.2, primus_version=None, model=namespace(name='llama3', flavor='8B_flex', hf_assets_path='/home/lihuzhan/_hfassets/llama31_8B', converters=['primus_turbo']), module=pre_trainer, platform=None, dry_run=False, enabled_ids=None[0m
[[32m20261002 10:20:42[0m][[36mrank-0/1[0m][1m[INFO]     [0m[1m[------------------patch_runner.py:107] : [Patch] Pre-filtered 0 patches (out of 0 total) for torchtitan/after_train[0m
[[32m20261002 10:20:42[0m][[36mrank-0/1[0m][1m[INFO]     [0m[1m[------------------patch_runner.py:143] : [Patch] Applied 0/0 patches for torchtitan/after_train: [][0m
[[32m20261002 10:20:42[0m][[36mrank-0/1[0m][1m[INFO]     [0m[1m[------------------patch_runner.py:146] : --------------------------------------------------------------------------------[0m
[[32m20261002 10:20:42[0m][[36mrank-0/1[0m][1m[INFO]     [0m[1m[-----------------train_runtime.py:530] : ================================================================================[0m
[[32m20261002 10:20:42[0m][[36mrank-0/1[0m][1m[INFO]     [0m[1m[-----------------train_runtime.py:531] : Cleanup started.[0m
[[32m20261002 10:20:42[0m][[36mrank-0/1[0m][1m[INFO]     [0m[1m[-----------------train_runtime.py:532] : ================================================================================[0m
[[32m20261002 10:20:42[0m][[36mrank-0/1[0m][1m[INFO]     [0m[1m[-----------------train_runtime.py:534] : ================================================================================[0m
[[32m20261002 10:20:42[0m][[36mrank-0/1[0m][1m[INFO]     [0m[1m[-----------------train_runtime.py:535] : Cleanup completed.[0m
[[32m20261002 10:20:42[0m][[36mrank-0/1[0m][1m[INFO]     [0m[1m[-----------------train_runtime.py:536] : ================================================================================[0m
[rank0]:[W1002 10:20:48.086895036 ProcessGroupNCCL.cpp:1576] Warning: WARNING: destroy_process_group() was not called before program exit, which can leak resources. For more info, please see https://pytorch.org/docs/stable/distributed.html#shutdown (function operator())
[2026-10-02 10:20:49] [NODE-0(heliosr-1b114-c07-1)] [INFO] [direct] torchrun finished successfully (code 0)
