TestID,GPU,model,kind,backend,B,S,H,D,fwd_ms,fwdbwd_ms,fwd_TFLOPs,total_TFLOPs,snr_dB
1,AMD Instinct MI355X,flash,csa,triton,1,2048,64,512,0.7055643573403358,21.020634565502405,243.49117136189352,28.605008072725074,44.774513244628906
2,AMD Instinct MI355X,flash,csa,flydsl,1,2048,64,512,10.63445582985878,993.3011960238218,16.15491141141741,0.6053505460850964,44.990386962890625
