"Correlation_Id","Dispatch_Id","Agent_Id","Queue_Id","Process_Id","Thread_Id","Grid_Size","Kernel_Id","Kernel_Name","Workgroup_Size","LDS_Block_Size","Scratch_Size","VGPR_Count","Accum_VGPR_Count","SGPR_Count","Counter_Name","Counter_Value","Start_Timestamp","End_Timestamp"
1,1,"Agent 2",1,65418,65418,524288,28,"void at::native::(anonymous namespace)::distribution_elementwise_grid_stride_kernel<float, 4, at::native::templates::cuda::normal_and_transform<c10::BFloat16, float, at::CUDAGeneratorImpl*, at::native::templates::cuda::normal_kernel<at::CUDAGeneratorImpl*>(at::TensorBase const&, double, double, at::CUDAGeneratorImpl*)::{lambda()#1}::operator()() const::{lambda()#4}::operator()() const::{lambda(float)#1}>(at::TensorIteratorBase&, at::CUDAGeneratorImpl*, at::native::templates::cuda::normal_kernel<at::CUDAGeneratorImpl*>(at::TensorBase const&, double, double, at::CUDAGeneratorImpl*)::{lambda()#1}::operator()() const::{lambda()#4}::operator()() const::{lambda(float)#1})::{lambda(hiprandStatePhilox4_32_10*)#2}, at::native::(anonymous namespace)::distribution_nullary_kernel<c10::BFloat16, float, HIP_vector_type<float, 4u>, at::CUDAGeneratorImpl*, at::native::templates::cuda::normal_and_transform<c10::BFloat16, float, at::CUDAGeneratorImpl*, at::native::templates::cuda::normal_kernel<at::CUDAGeneratorImpl*>(at::TensorBase const&, double, double, at::CUDAGeneratorImpl*)::{lambda()#1}::operator()() const::{lambda()#4}::operator()() const::{lambda(float)#1}>(at::TensorIteratorBase&, at::CUDAGeneratorImpl*, at::native::templates::cuda::normal_kernel<at::CUDAGeneratorImpl*>(at::TensorBase const&, double, double, at::CUDAGeneratorImpl*)::{lambda()#1}::operator()() const::{lambda()#4}::operator()() const::{lambda(float)#1})::{lambda(hiprandStatePhilox4_32_10*)#2}, at::native::templates::cuda::normal_kernel<at::CUDAGeneratorImpl*>(at::TensorBase const&, double, double, at::CUDAGeneratorImpl*)::{lambda()#1}::operator()() const::{lambda()#4}::operator()() const::{lambda(float)#1}>(at::TensorIteratorBase&, at::CUDAGeneratorImpl*, at::native::templates::cuda::normal_and_transform<c10::BFloat16, float, at::CUDAGeneratorImpl*, at::native::templates::cuda::normal_kernel<at::CUDAGeneratorImpl*>(at::TensorBase const&, double, double, at::CUDAGeneratorImpl*)::{lambda()#1}::operator()() const::{lambda()#4}::operator()() const::{lambda(float)#1}>(at::TensorIteratorBase&, at::CUDAGeneratorImpl*, at::native::templates::cuda::normal_kernel<at::CUDAGeneratorImpl*>(at::TensorBase const&, double, double, at::CUDAGeneratorImpl*)::{lambda()#1}::operator()() const::{lambda()#4}::operator()() const::{lambda(float)#1})::{lambda(hiprandStatePhilox4_32_10*)#2} const&, at::native::templates::cuda::normal_kernel<at::CUDAGeneratorImpl*>(at::TensorBase const&, double, double, at::CUDAGeneratorImpl*)::{lambda()#1}::operator()() const::{lambda()#4}::operator()() const::{lambda(float)#1})::{lambda(int, float)#1}>(long, at::PhiloxCudaState, at::native::templates::cuda::normal_and_transform<c10::BFloat16, float, at::CUDAGeneratorImpl*, at::native::templates::cuda::normal_kernel<at::CUDAGeneratorImpl*>(at::TensorBase const&, double, double, at::CUDAGeneratorImpl*)::{lambda()#1}::operator()() const::{lambda()#4}::operator()() const::{lambda(float)#1}>(at::TensorIteratorBase&, at::CUDAGeneratorImpl*, at::native::templates::cuda::normal_kernel<at::CUDAGeneratorImpl*>(at::TensorBase const&, double, double, at::CUDAGeneratorImpl*)::{lambda()#1}::operator()() const::{lambda()#4}::operator()() const::{lambda(float)#1})::{lambda(hiprandStatePhilox4_32_10*)#2}, at::native::(anonymous namespace)::distribution_nullary_kernel<c10::BFloat16, float, HIP_vector_type<float, 4u>, at::CUDAGeneratorImpl*, at::native::templates::cuda::normal_and_transform<c10::BFloat16, float, at::CUDAGeneratorImpl*, at::native::templates::cuda::normal_kernel<at::CUDAGeneratorImpl*>(at::TensorBase const&, double, double, at::CUDAGeneratorImpl*)::{lambda()#1}::operator()() const::{lambda()#4}::operator()() const::{lambda(float)#1}>(at::TensorIteratorBase&, at::CUDAGeneratorImpl*, at::native::templates::cuda::normal_kernel<at::CUDAGeneratorImpl*>(at::TensorBase const&, double, double, at::CUDAGeneratorImpl*)::{lambda()#1}::operator()() const::{lambda()#4}::operator()() const::{lambda(float)#1})::{lambda(hiprandStatePhilox4_32_10*)#2}, at::native::templates::cuda::normal_kernel<at::CUDAGeneratorImpl*>(at::TensorBase const&, double, double, at::CUDAGeneratorImpl*)::{lambda()#1}::operator()() const::{lambda()#4}::operator()() const::{lambda(float)#1}>(at::TensorIteratorBase&, at::CUDAGeneratorImpl*, at::native::templates::cuda::normal_and_transform<c10::BFloat16, float, at::CUDAGeneratorImpl*, at::native::templates::cuda::normal_kernel<at::CUDAGeneratorImpl*>(at::TensorBase const&, double, double, at::CUDAGeneratorImpl*)::{lambda()#1}::operator()() const::{lambda()#4}::operator()() const::{lambda(float)#1}>(at::TensorIteratorBase&, at::CUDAGeneratorImpl*, at::native::templates::cuda::normal_kernel<at::CUDAGeneratorImpl*>(at::TensorBase const&, double, double, at::CUDAGeneratorImpl*)::{lambda()#1}::operator()() const::{lambda()#4}::operator()() const::{lambda(float)#1})::{lambda(hiprandStatePhilox4_32_10*)#2} const&, at::native::templates::cuda::normal_kernel<at::CUDAGeneratorImpl*>(at::TensorBase const&, double, double, at::CUDAGeneratorImpl*)::{lambda()#1}::operator()() const::{lambda()#4}::operator()() const::{lambda(float)#1})::{lambda(int, float)#1})",256,0,0,32,0,128,"GRBM_COUNT",7843198.000000,84868870746864,84868871173743
1,1,"Agent 2",1,65418,65418,524288,28,"void at::native::(anonymous namespace)::distribution_elementwise_grid_stride_kernel<float, 4, at::native::templates::cuda::normal_and_transform<c10::BFloat16, float, at::CUDAGeneratorImpl*, at::native::templates::cuda::normal_kernel<at::CUDAGeneratorImpl*>(at::TensorBase const&, double, double, at::CUDAGeneratorImpl*)::{lambda()#1}::operator()() const::{lambda()#4}::operator()() const::{lambda(float)#1}>(at::TensorIteratorBase&, at::CUDAGeneratorImpl*, at::native::templates::cuda::normal_kernel<at::CUDAGeneratorImpl*>(at::TensorBase const&, double, double, at::CUDAGeneratorImpl*)::{lambda()#1}::operator()() const::{lambda()#4}::operator()() const::{lambda(float)#1})::{lambda(hiprandStatePhilox4_32_10*)#2}, at::native::(anonymous namespace)::distribution_nullary_kernel<c10::BFloat16, float, HIP_vector_type<float, 4u>, at::CUDAGeneratorImpl*, at::native::templates::cuda::normal_and_transform<c10::BFloat16, float, at::CUDAGeneratorImpl*, at::native::templates::cuda::normal_kernel<at::CUDAGeneratorImpl*>(at::TensorBase const&, double, double, at::CUDAGeneratorImpl*)::{lambda()#1}::operator()() const::{lambda()#4}::operator()() const::{lambda(float)#1}>(at::TensorIteratorBase&, at::CUDAGeneratorImpl*, at::native::templates::cuda::normal_kernel<at::CUDAGeneratorImpl*>(at::TensorBase const&, double, double, at::CUDAGeneratorImpl*)::{lambda()#1}::operator()() const::{lambda()#4}::operator()() const::{lambda(float)#1})::{lambda(hiprandStatePhilox4_32_10*)#2}, at::native::templates::cuda::normal_kernel<at::CUDAGeneratorImpl*>(at::TensorBase const&, double, double, at::CUDAGeneratorImpl*)::{lambda()#1}::operator()() const::{lambda()#4}::operator()() const::{lambda(float)#1}>(at::TensorIteratorBase&, at::CUDAGeneratorImpl*, at::native::templates::cuda::normal_and_transform<c10::BFloat16, float, at::CUDAGeneratorImpl*, at::native::templates::cuda::normal_kernel<at::CUDAGeneratorImpl*>(at::TensorBase const&, double, double, at::CUDAGeneratorImpl*)::{lambda()#1}::operator()() const::{lambda()#4}::operator()() const::{lambda(float)#1}>(at::TensorIteratorBase&, at::CUDAGeneratorImpl*, at::native::templates::cuda::normal_kernel<at::CUDAGeneratorImpl*>(at::TensorBase const&, double, double, at::CUDAGeneratorImpl*)::{lambda()#1}::operator()() const::{lambda()#4}::operator()() const::{lambda(float)#1})::{lambda(hiprandStatePhilox4_32_10*)#2} const&, at::native::templates::cuda::normal_kernel<at::CUDAGeneratorImpl*>(at::TensorBase const&, double, double, at::CUDAGeneratorImpl*)::{lambda()#1}::operator()() const::{lambda()#4}::operator()() const::{lambda(float)#1})::{lambda(int, float)#1}>(long, at::PhiloxCudaState, at::native::templates::cuda::normal_and_transform<c10::BFloat16, float, at::CUDAGeneratorImpl*, at::native::templates::cuda::normal_kernel<at::CUDAGeneratorImpl*>(at::TensorBase const&, double, double, at::CUDAGeneratorImpl*)::{lambda()#1}::operator()() const::{lambda()#4}::operator()() const::{lambda(float)#1}>(at::TensorIteratorBase&, at::CUDAGeneratorImpl*, at::native::templates::cuda::normal_kernel<at::CUDAGeneratorImpl*>(at::TensorBase const&, double, double, at::CUDAGeneratorImpl*)::{lambda()#1}::operator()() const::{lambda()#4}::operator()() const::{lambda(float)#1})::{lambda(hiprandStatePhilox4_32_10*)#2}, at::native::(anonymous namespace)::distribution_nullary_kernel<c10::BFloat16, float, HIP_vector_type<float, 4u>, at::CUDAGeneratorImpl*, at::native::templates::cuda::normal_and_transform<c10::BFloat16, float, at::CUDAGeneratorImpl*, at::native::templates::cuda::normal_kernel<at::CUDAGeneratorImpl*>(at::TensorBase const&, double, double, at::CUDAGeneratorImpl*)::{lambda()#1}::operator()() const::{lambda()#4}::operator()() const::{lambda(float)#1}>(at::TensorIteratorBase&, at::CUDAGeneratorImpl*, at::native::templates::cuda::normal_kernel<at::CUDAGeneratorImpl*>(at::TensorBase const&, double, double, at::CUDAGeneratorImpl*)::{lambda()#1}::operator()() const::{lambda()#4}::operator()() const::{lambda(float)#1})::{lambda(hiprandStatePhilox4_32_10*)#2}, at::native::templates::cuda::normal_kernel<at::CUDAGeneratorImpl*>(at::TensorBase const&, double, double, at::CUDAGeneratorImpl*)::{lambda()#1}::operator()() const::{lambda()#4}::operator()() const::{lambda(float)#1}>(at::TensorIteratorBase&, at::CUDAGeneratorImpl*, at::native::templates::cuda::normal_and_transform<c10::BFloat16, float, at::CUDAGeneratorImpl*, at::native::templates::cuda::normal_kernel<at::CUDAGeneratorImpl*>(at::TensorBase const&, double, double, at::CUDAGeneratorImpl*)::{lambda()#1}::operator()() const::{lambda()#4}::operator()() const::{lambda(float)#1}>(at::TensorIteratorBase&, at::CUDAGeneratorImpl*, at::native::templates::cuda::normal_kernel<at::CUDAGeneratorImpl*>(at::TensorBase const&, double, double, at::CUDAGeneratorImpl*)::{lambda()#1}::operator()() const::{lambda()#4}::operator()() const::{lambda(float)#1})::{lambda(hiprandStatePhilox4_32_10*)#2} const&, at::native::templates::cuda::normal_kernel<at::CUDAGeneratorImpl*>(at::TensorBase const&, double, double, at::CUDAGeneratorImpl*)::{lambda()#1}::operator()() const::{lambda()#4}::operator()() const::{lambda(float)#1})::{lambda(int, float)#1})",256,0,0,32,0,128,"GRBM_GUI_ACTIVE",7843198.000000,84868870746864,84868871173743
1,1,"Agent 2",1,65418,65418,524288,28,"void at::native::(anonymous namespace)::distribution_elementwise_grid_stride_kernel<float, 4, at::native::templates::cuda::normal_and_transform<c10::BFloat16, float, at::CUDAGeneratorImpl*, at::native::templates::cuda::normal_kernel<at::CUDAGeneratorImpl*>(at::TensorBase const&, double, double, at::CUDAGeneratorImpl*)::{lambda()#1}::operator()() const::{lambda()#4}::operator()() const::{lambda(float)#1}>(at::TensorIteratorBase&, at::CUDAGeneratorImpl*, at::native::templates::cuda::normal_kernel<at::CUDAGeneratorImpl*>(at::TensorBase const&, double, double, at::CUDAGeneratorImpl*)::{lambda()#1}::operator()() const::{lambda()#4}::operator()() const::{lambda(float)#1})::{lambda(hiprandStatePhilox4_32_10*)#2}, at::native::(anonymous namespace)::distribution_nullary_kernel<c10::BFloat16, float, HIP_vector_type<float, 4u>, at::CUDAGeneratorImpl*, at::native::templates::cuda::normal_and_transform<c10::BFloat16, float, at::CUDAGeneratorImpl*, at::native::templates::cuda::normal_kernel<at::CUDAGeneratorImpl*>(at::TensorBase const&, double, double, at::CUDAGeneratorImpl*)::{lambda()#1}::operator()() const::{lambda()#4}::operator()() const::{lambda(float)#1}>(at::TensorIteratorBase&, at::CUDAGeneratorImpl*, at::native::templates::cuda::normal_kernel<at::CUDAGeneratorImpl*>(at::TensorBase const&, double, double, at::CUDAGeneratorImpl*)::{lambda()#1}::operator()() const::{lambda()#4}::operator()() const::{lambda(float)#1})::{lambda(hiprandStatePhilox4_32_10*)#2}, at::native::templates::cuda::normal_kernel<at::CUDAGeneratorImpl*>(at::TensorBase const&, double, double, at::CUDAGeneratorImpl*)::{lambda()#1}::operator()() const::{lambda()#4}::operator()() const::{lambda(float)#1}>(at::TensorIteratorBase&, at::CUDAGeneratorImpl*, at::native::templates::cuda::normal_and_transform<c10::BFloat16, float, at::CUDAGeneratorImpl*, at::native::templates::cuda::normal_kernel<at::CUDAGeneratorImpl*>(at::TensorBase const&, double, double, at::CUDAGeneratorImpl*)::{lambda()#1}::operator()() const::{lambda()#4}::operator()() const::{lambda(float)#1}>(at::TensorIteratorBase&, at::CUDAGeneratorImpl*, at::native::templates::cuda::normal_kernel<at::CUDAGeneratorImpl*>(at::TensorBase const&, double, double, at::CUDAGeneratorImpl*)::{lambda()#1}::operator()() const::{lambda()#4}::operator()() const::{lambda(float)#1})::{lambda(hiprandStatePhilox4_32_10*)#2} const&, at::native::templates::cuda::normal_kernel<at::CUDAGeneratorImpl*>(at::TensorBase const&, double, double, at::CUDAGeneratorImpl*)::{lambda()#1}::operator()() const::{lambda()#4}::operator()() const::{lambda(float)#1})::{lambda(int, float)#1}>(long, at::PhiloxCudaState, at::native::templates::cuda::normal_and_transform<c10::BFloat16, float, at::CUDAGeneratorImpl*, at::native::templates::cuda::normal_kernel<at::CUDAGeneratorImpl*>(at::TensorBase const&, double, double, at::CUDAGeneratorImpl*)::{lambda()#1}::operator()() const::{lambda()#4}::operator()() const::{lambda(float)#1}>(at::TensorIteratorBase&, at::CUDAGeneratorImpl*, at::native::templates::cuda::normal_kernel<at::CUDAGeneratorImpl*>(at::TensorBase const&, double, double, at::CUDAGeneratorImpl*)::{lambda()#1}::operator()() const::{lambda()#4}::operator()() const::{lambda(float)#1})::{lambda(hiprandStatePhilox4_32_10*)#2}, at::native::(anonymous namespace)::distribution_nullary_kernel<c10::BFloat16, float, HIP_vector_type<float, 4u>, at::CUDAGeneratorImpl*, at::native::templates::cuda::normal_and_transform<c10::BFloat16, float, at::CUDAGeneratorImpl*, at::native::templates::cuda::normal_kernel<at::CUDAGeneratorImpl*>(at::TensorBase const&, double, double, at::CUDAGeneratorImpl*)::{lambda()#1}::operator()() const::{lambda()#4}::operator()() const::{lambda(float)#1}>(at::TensorIteratorBase&, at::CUDAGeneratorImpl*, at::native::templates::cuda::normal_kernel<at::CUDAGeneratorImpl*>(at::TensorBase const&, double, double, at::CUDAGeneratorImpl*)::{lambda()#1}::operator()() const::{lambda()#4}::operator()() const::{lambda(float)#1})::{lambda(hiprandStatePhilox4_32_10*)#2}, at::native::templates::cuda::normal_kernel<at::CUDAGeneratorImpl*>(at::TensorBase const&, double, double, at::CUDAGeneratorImpl*)::{lambda()#1}::operator()() const::{lambda()#4}::operator()() const::{lambda(float)#1}>(at::TensorIteratorBase&, at::CUDAGeneratorImpl*, at::native::templates::cuda::normal_and_transform<c10::BFloat16, float, at::CUDAGeneratorImpl*, at::native::templates::cuda::normal_kernel<at::CUDAGeneratorImpl*>(at::TensorBase const&, double, double, at::CUDAGeneratorImpl*)::{lambda()#1}::operator()() const::{lambda()#4}::operator()() const::{lambda(float)#1}>(at::TensorIteratorBase&, at::CUDAGeneratorImpl*, at::native::templates::cuda::normal_kernel<at::CUDAGeneratorImpl*>(at::TensorBase const&, double, double, at::CUDAGeneratorImpl*)::{lambda()#1}::operator()() const::{lambda()#4}::operator()() const::{lambda(float)#1})::{lambda(hiprandStatePhilox4_32_10*)#2} const&, at::native::templates::cuda::normal_kernel<at::CUDAGeneratorImpl*>(at::TensorBase const&, double, double, at::CUDAGeneratorImpl*)::{lambda()#1}::operator()() const::{lambda()#4}::operator()() const::{lambda(float)#1})::{lambda(int, float)#1})",256,0,0,32,0,128,"SQ_BUSY_CYCLES",250256279.000000,84868870746864,84868871173743
1,1,"Agent 2",1,65418,65418,524288,28,"void at::native::(anonymous namespace)::distribution_elementwise_grid_stride_kernel<float, 4, at::native::templates::cuda::normal_and_transform<c10::BFloat16, float, at::CUDAGeneratorImpl*, at::native::templates::cuda::normal_kernel<at::CUDAGeneratorImpl*>(at::TensorBase const&, double, double, at::CUDAGeneratorImpl*)::{lambda()#1}::operator()() const::{lambda()#4}::operator()() const::{lambda(float)#1}>(at::TensorIteratorBase&, at::CUDAGeneratorImpl*, at::native::templates::cuda::normal_kernel<at::CUDAGeneratorImpl*>(at::TensorBase const&, double, double, at::CUDAGeneratorImpl*)::{lambda()#1}::operator()() const::{lambda()#4}::operator()() const::{lambda(float)#1})::{lambda(hiprandStatePhilox4_32_10*)#2}, at::native::(anonymous namespace)::distribution_nullary_kernel<c10::BFloat16, float, HIP_vector_type<float, 4u>, at::CUDAGeneratorImpl*, at::native::templates::cuda::normal_and_transform<c10::BFloat16, float, at::CUDAGeneratorImpl*, at::native::templates::cuda::normal_kernel<at::CUDAGeneratorImpl*>(at::TensorBase const&, double, double, at::CUDAGeneratorImpl*)::{lambda()#1}::operator()() const::{lambda()#4}::operator()() const::{lambda(float)#1}>(at::TensorIteratorBase&, at::CUDAGeneratorImpl*, at::native::templates::cuda::normal_kernel<at::CUDAGeneratorImpl*>(at::TensorBase const&, double, double, at::CUDAGeneratorImpl*)::{lambda()#1}::operator()() const::{lambda()#4}::operator()() const::{lambda(float)#1})::{lambda(hiprandStatePhilox4_32_10*)#2}, at::native::templates::cuda::normal_kernel<at::CUDAGeneratorImpl*>(at::TensorBase const&, double, double, at::CUDAGeneratorImpl*)::{lambda()#1}::operator()() const::{lambda()#4}::operator()() const::{lambda(float)#1}>(at::TensorIteratorBase&, at::CUDAGeneratorImpl*, at::native::templates::cuda::normal_and_transform<c10::BFloat16, float, at::CUDAGeneratorImpl*, at::native::templates::cuda::normal_kernel<at::CUDAGeneratorImpl*>(at::TensorBase const&, double, double, at::CUDAGeneratorImpl*)::{lambda()#1}::operator()() const::{lambda()#4}::operator()() const::{lambda(float)#1}>(at::TensorIteratorBase&, at::CUDAGeneratorImpl*, at::native::templates::cuda::normal_kernel<at::CUDAGeneratorImpl*>(at::TensorBase const&, double, double, at::CUDAGeneratorImpl*)::{lambda()#1}::operator()() const::{lambda()#4}::operator()() const::{lambda(float)#1})::{lambda(hiprandStatePhilox4_32_10*)#2} const&, at::native::templates::cuda::normal_kernel<at::CUDAGeneratorImpl*>(at::TensorBase const&, double, double, at::CUDAGeneratorImpl*)::{lambda()#1}::operator()() const::{lambda()#4}::operator()() const::{lambda(float)#1})::{lambda(int, float)#1}>(long, at::PhiloxCudaState, at::native::templates::cuda::normal_and_transform<c10::BFloat16, float, at::CUDAGeneratorImpl*, at::native::templates::cuda::normal_kernel<at::CUDAGeneratorImpl*>(at::TensorBase const&, double, double, at::CUDAGeneratorImpl*)::{lambda()#1}::operator()() const::{lambda()#4}::operator()() const::{lambda(float)#1}>(at::TensorIteratorBase&, at::CUDAGeneratorImpl*, at::native::templates::cuda::normal_kernel<at::CUDAGeneratorImpl*>(at::TensorBase const&, double, double, at::CUDAGeneratorImpl*)::{lambda()#1}::operator()() const::{lambda()#4}::operator()() const::{lambda(float)#1})::{lambda(hiprandStatePhilox4_32_10*)#2}, at::native::(anonymous namespace)::distribution_nullary_kernel<c10::BFloat16, float, HIP_vector_type<float, 4u>, at::CUDAGeneratorImpl*, at::native::templates::cuda::normal_and_transform<c10::BFloat16, float, at::CUDAGeneratorImpl*, at::native::templates::cuda::normal_kernel<at::CUDAGeneratorImpl*>(at::TensorBase const&, double, double, at::CUDAGeneratorImpl*)::{lambda()#1}::operator()() const::{lambda()#4}::operator()() const::{lambda(float)#1}>(at::TensorIteratorBase&, at::CUDAGeneratorImpl*, at::native::templates::cuda::normal_kernel<at::CUDAGeneratorImpl*>(at::TensorBase const&, double, double, at::CUDAGeneratorImpl*)::{lambda()#1}::operator()() const::{lambda()#4}::operator()() const::{lambda(float)#1})::{lambda(hiprandStatePhilox4_32_10*)#2}, at::native::templates::cuda::normal_kernel<at::CUDAGeneratorImpl*>(at::TensorBase const&, double, double, at::CUDAGeneratorImpl*)::{lambda()#1}::operator()() const::{lambda()#4}::operator()() const::{lambda(float)#1}>(at::TensorIteratorBase&, at::CUDAGeneratorImpl*, at::native::templates::cuda::normal_and_transform<c10::BFloat16, float, at::CUDAGeneratorImpl*, at::native::templates::cuda::normal_kernel<at::CUDAGeneratorImpl*>(at::TensorBase const&, double, double, at::CUDAGeneratorImpl*)::{lambda()#1}::operator()() const::{lambda()#4}::operator()() const::{lambda(float)#1}>(at::TensorIteratorBase&, at::CUDAGeneratorImpl*, at::native::templates::cuda::normal_kernel<at::CUDAGeneratorImpl*>(at::TensorBase const&, double, double, at::CUDAGeneratorImpl*)::{lambda()#1}::operator()() const::{lambda()#4}::operator()() const::{lambda(float)#1})::{lambda(hiprandStatePhilox4_32_10*)#2} const&, at::native::templates::cuda::normal_kernel<at::CUDAGeneratorImpl*>(at::TensorBase const&, double, double, at::CUDAGeneratorImpl*)::{lambda()#1}::operator()() const::{lambda()#4}::operator()() const::{lambda(float)#1})::{lambda(int, float)#1})",256,0,0,32,0,128,"SQ_CYCLES",250982848.000000,84868870746864,84868871173743
1,1,"Agent 2",1,65418,65418,524288,28,"void at::native::(anonymous namespace)::distribution_elementwise_grid_stride_kernel<float, 4, at::native::templates::cuda::normal_and_transform<c10::BFloat16, float, at::CUDAGeneratorImpl*, at::native::templates::cuda::normal_kernel<at::CUDAGeneratorImpl*>(at::TensorBase const&, double, double, at::CUDAGeneratorImpl*)::{lambda()#1}::operator()() const::{lambda()#4}::operator()() const::{lambda(float)#1}>(at::TensorIteratorBase&, at::CUDAGeneratorImpl*, at::native::templates::cuda::normal_kernel<at::CUDAGeneratorImpl*>(at::TensorBase const&, double, double, at::CUDAGeneratorImpl*)::{lambda()#1}::operator()() const::{lambda()#4}::operator()() const::{lambda(float)#1})::{lambda(hiprandStatePhilox4_32_10*)#2}, at::native::(anonymous namespace)::distribution_nullary_kernel<c10::BFloat16, float, HIP_vector_type<float, 4u>, at::CUDAGeneratorImpl*, at::native::templates::cuda::normal_and_transform<c10::BFloat16, float, at::CUDAGeneratorImpl*, at::native::templates::cuda::normal_kernel<at::CUDAGeneratorImpl*>(at::TensorBase const&, double, double, at::CUDAGeneratorImpl*)::{lambda()#1}::operator()() const::{lambda()#4}::operator()() const::{lambda(float)#1}>(at::TensorIteratorBase&, at::CUDAGeneratorImpl*, at::native::templates::cuda::normal_kernel<at::CUDAGeneratorImpl*>(at::TensorBase const&, double, double, at::CUDAGeneratorImpl*)::{lambda()#1}::operator()() const::{lambda()#4}::operator()() const::{lambda(float)#1})::{lambda(hiprandStatePhilox4_32_10*)#2}, at::native::templates::cuda::normal_kernel<at::CUDAGeneratorImpl*>(at::TensorBase const&, double, double, at::CUDAGeneratorImpl*)::{lambda()#1}::operator()() const::{lambda()#4}::operator()() const::{lambda(float)#1}>(at::TensorIteratorBase&, at::CUDAGeneratorImpl*, at::native::templates::cuda::normal_and_transform<c10::BFloat16, float, at::CUDAGeneratorImpl*, at::native::templates::cuda::normal_kernel<at::CUDAGeneratorImpl*>(at::TensorBase const&, double, double, at::CUDAGeneratorImpl*)::{lambda()#1}::operator()() const::{lambda()#4}::operator()() const::{lambda(float)#1}>(at::TensorIteratorBase&, at::CUDAGeneratorImpl*, at::native::templates::cuda::normal_kernel<at::CUDAGeneratorImpl*>(at::TensorBase const&, double, double, at::CUDAGeneratorImpl*)::{lambda()#1}::operator()() const::{lambda()#4}::operator()() const::{lambda(float)#1})::{lambda(hiprandStatePhilox4_32_10*)#2} const&, at::native::templates::cuda::normal_kernel<at::CUDAGeneratorImpl*>(at::TensorBase const&, double, double, at::CUDAGeneratorImpl*)::{lambda()#1}::operator()() const::{lambda()#4}::operator()() const::{lambda(float)#1})::{lambda(int, float)#1}>(long, at::PhiloxCudaState, at::native::templates::cuda::normal_and_transform<c10::BFloat16, float, at::CUDAGeneratorImpl*, at::native::templates::cuda::normal_kernel<at::CUDAGeneratorImpl*>(at::TensorBase const&, double, double, at::CUDAGeneratorImpl*)::{lambda()#1}::operator()() const::{lambda()#4}::operator()() const::{lambda(float)#1}>(at::TensorIteratorBase&, at::CUDAGeneratorImpl*, at::native::templates::cuda::normal_kernel<at::CUDAGeneratorImpl*>(at::TensorBase const&, double, double, at::CUDAGeneratorImpl*)::{lambda()#1}::operator()() const::{lambda()#4}::operator()() const::{lambda(float)#1})::{lambda(hiprandStatePhilox4_32_10*)#2}, at::native::(anonymous namespace)::distribution_nullary_kernel<c10::BFloat16, float, HIP_vector_type<float, 4u>, at::CUDAGeneratorImpl*, at::native::templates::cuda::normal_and_transform<c10::BFloat16, float, at::CUDAGeneratorImpl*, at::native::templates::cuda::normal_kernel<at::CUDAGeneratorImpl*>(at::TensorBase const&, double, double, at::CUDAGeneratorImpl*)::{lambda()#1}::operator()() const::{lambda()#4}::operator()() const::{lambda(float)#1}>(at::TensorIteratorBase&, at::CUDAGeneratorImpl*, at::native::templates::cuda::normal_kernel<at::CUDAGeneratorImpl*>(at::TensorBase const&, double, double, at::CUDAGeneratorImpl*)::{lambda()#1}::operator()() const::{lambda()#4}::operator()() const::{lambda(float)#1})::{lambda(hiprandStatePhilox4_32_10*)#2}, at::native::templates::cuda::normal_kernel<at::CUDAGeneratorImpl*>(at::TensorBase const&, double, double, at::CUDAGeneratorImpl*)::{lambda()#1}::operator()() const::{lambda()#4}::operator()() const::{lambda(float)#1}>(at::TensorIteratorBase&, at::CUDAGeneratorImpl*, at::native::templates::cuda::normal_and_transform<c10::BFloat16, float, at::CUDAGeneratorImpl*, at::native::templates::cuda::normal_kernel<at::CUDAGeneratorImpl*>(at::TensorBase const&, double, double, at::CUDAGeneratorImpl*)::{lambda()#1}::operator()() const::{lambda()#4}::operator()() const::{lambda(float)#1}>(at::TensorIteratorBase&, at::CUDAGeneratorImpl*, at::native::templates::cuda::normal_kernel<at::CUDAGeneratorImpl*>(at::TensorBase const&, double, double, at::CUDAGeneratorImpl*)::{lambda()#1}::operator()() const::{lambda()#4}::operator()() const::{lambda(float)#1})::{lambda(hiprandStatePhilox4_32_10*)#2} const&, at::native::templates::cuda::normal_kernel<at::CUDAGeneratorImpl*>(at::TensorBase const&, double, double, at::CUDAGeneratorImpl*)::{lambda()#1}::operator()() const::{lambda()#4}::operator()() const::{lambda(float)#1})::{lambda(int, float)#1})",256,0,0,32,0,128,"SQ_WAVES",16384.000000,84868870746864,84868871173743
1,1,"Agent 2",1,65418,65418,524288,28,"void at::native::(anonymous namespace)::distribution_elementwise_grid_stride_kernel<float, 4, at::native::templates::cuda::normal_and_transform<c10::BFloat16, float, at::CUDAGeneratorImpl*, at::native::templates::cuda::normal_kernel<at::CUDAGeneratorImpl*>(at::TensorBase const&, double, double, at::CUDAGeneratorImpl*)::{lambda()#1}::operator()() const::{lambda()#4}::operator()() const::{lambda(float)#1}>(at::TensorIteratorBase&, at::CUDAGeneratorImpl*, at::native::templates::cuda::normal_kernel<at::CUDAGeneratorImpl*>(at::TensorBase const&, double, double, at::CUDAGeneratorImpl*)::{lambda()#1}::operator()() const::{lambda()#4}::operator()() const::{lambda(float)#1})::{lambda(hiprandStatePhilox4_32_10*)#2}, at::native::(anonymous namespace)::distribution_nullary_kernel<c10::BFloat16, float, HIP_vector_type<float, 4u>, at::CUDAGeneratorImpl*, at::native::templates::cuda::normal_and_transform<c10::BFloat16, float, at::CUDAGeneratorImpl*, at::native::templates::cuda::normal_kernel<at::CUDAGeneratorImpl*>(at::TensorBase const&, double, double, at::CUDAGeneratorImpl*)::{lambda()#1}::operator()() const::{lambda()#4}::operator()() const::{lambda(float)#1}>(at::TensorIteratorBase&, at::CUDAGeneratorImpl*, at::native::templates::cuda::normal_kernel<at::CUDAGeneratorImpl*>(at::TensorBase const&, double, double, at::CUDAGeneratorImpl*)::{lambda()#1}::operator()() const::{lambda()#4}::operator()() const::{lambda(float)#1})::{lambda(hiprandStatePhilox4_32_10*)#2}, at::native::templates::cuda::normal_kernel<at::CUDAGeneratorImpl*>(at::TensorBase const&, double, double, at::CUDAGeneratorImpl*)::{lambda()#1}::operator()() const::{lambda()#4}::operator()() const::{lambda(float)#1}>(at::TensorIteratorBase&, at::CUDAGeneratorImpl*, at::native::templates::cuda::normal_and_transform<c10::BFloat16, float, at::CUDAGeneratorImpl*, at::native::templates::cuda::normal_kernel<at::CUDAGeneratorImpl*>(at::TensorBase const&, double, double, at::CUDAGeneratorImpl*)::{lambda()#1}::operator()() const::{lambda()#4}::operator()() const::{lambda(float)#1}>(at::TensorIteratorBase&, at::CUDAGeneratorImpl*, at::native::templates::cuda::normal_kernel<at::CUDAGeneratorImpl*>(at::TensorBase const&, double, double, at::CUDAGeneratorImpl*)::{lambda()#1}::operator()() const::{lambda()#4}::operator()() const::{lambda(float)#1})::{lambda(hiprandStatePhilox4_32_10*)#2} const&, at::native::templates::cuda::normal_kernel<at::CUDAGeneratorImpl*>(at::TensorBase const&, double, double, at::CUDAGeneratorImpl*)::{lambda()#1}::operator()() const::{lambda()#4}::operator()() const::{lambda(float)#1})::{lambda(int, float)#1}>(long, at::PhiloxCudaState, at::native::templates::cuda::normal_and_transform<c10::BFloat16, float, at::CUDAGeneratorImpl*, at::native::templates::cuda::normal_kernel<at::CUDAGeneratorImpl*>(at::TensorBase const&, double, double, at::CUDAGeneratorImpl*)::{lambda()#1}::operator()() const::{lambda()#4}::operator()() const::{lambda(float)#1}>(at::TensorIteratorBase&, at::CUDAGeneratorImpl*, at::native::templates::cuda::normal_kernel<at::CUDAGeneratorImpl*>(at::TensorBase const&, double, double, at::CUDAGeneratorImpl*)::{lambda()#1}::operator()() const::{lambda()#4}::operator()() const::{lambda(float)#1})::{lambda(hiprandStatePhilox4_32_10*)#2}, at::native::(anonymous namespace)::distribution_nullary_kernel<c10::BFloat16, float, HIP_vector_type<float, 4u>, at::CUDAGeneratorImpl*, at::native::templates::cuda::normal_and_transform<c10::BFloat16, float, at::CUDAGeneratorImpl*, at::native::templates::cuda::normal_kernel<at::CUDAGeneratorImpl*>(at::TensorBase const&, double, double, at::CUDAGeneratorImpl*)::{lambda()#1}::operator()() const::{lambda()#4}::operator()() const::{lambda(float)#1}>(at::TensorIteratorBase&, at::CUDAGeneratorImpl*, at::native::templates::cuda::normal_kernel<at::CUDAGeneratorImpl*>(at::TensorBase const&, double, double, at::CUDAGeneratorImpl*)::{lambda()#1}::operator()() const::{lambda()#4}::operator()() const::{lambda(float)#1})::{lambda(hiprandStatePhilox4_32_10*)#2}, at::native::templates::cuda::normal_kernel<at::CUDAGeneratorImpl*>(at::TensorBase const&, double, double, at::CUDAGeneratorImpl*)::{lambda()#1}::operator()() const::{lambda()#4}::operator()() const::{lambda(float)#1}>(at::TensorIteratorBase&, at::CUDAGeneratorImpl*, at::native::templates::cuda::normal_and_transform<c10::BFloat16, float, at::CUDAGeneratorImpl*, at::native::templates::cuda::normal_kernel<at::CUDAGeneratorImpl*>(at::TensorBase const&, double, double, at::CUDAGeneratorImpl*)::{lambda()#1}::operator()() const::{lambda()#4}::operator()() const::{lambda(float)#1}>(at::TensorIteratorBase&, at::CUDAGeneratorImpl*, at::native::templates::cuda::normal_kernel<at::CUDAGeneratorImpl*>(at::TensorBase const&, double, double, at::CUDAGeneratorImpl*)::{lambda()#1}::operator()() const::{lambda()#4}::operator()() const::{lambda(float)#1})::{lambda(hiprandStatePhilox4_32_10*)#2} const&, at::native::templates::cuda::normal_kernel<at::CUDAGeneratorImpl*>(at::TensorBase const&, double, double, at::CUDAGeneratorImpl*)::{lambda()#1}::operator()() const::{lambda()#4}::operator()() const::{lambda(float)#1})::{lambda(int, float)#1})",256,0,0,32,0,128,"SQ_WAVE_CYCLES",0.00000000e+00,84868870746864,84868871173743
2,2,"Agent 2",1,65418,65418,16777216,176,"void at::native::vectorized_elementwise_kernel<8, at::native::AUnaryFunctor<c10::BFloat16, c10::BFloat16, c10::BFloat16, at::native::binary_internal::MulFunctor<float> >, std::array<char*, 2ul> >(int, at::native::AUnaryFunctor<c10::BFloat16, c10::BFloat16, c10::BFloat16, at::native::binary_internal::MulFunctor<float> >, std::array<char*, 2ul>)",256,0,0,24,0,128,"GRBM_COUNT",1097431.000000,84868887489932,84868887547979
2,2,"Agent 2",1,65418,65418,16777216,176,"void at::native::vectorized_elementwise_kernel<8, at::native::AUnaryFunctor<c10::BFloat16, c10::BFloat16, c10::BFloat16, at::native::binary_internal::MulFunctor<float> >, std::array<char*, 2ul> >(int, at::native::AUnaryFunctor<c10::BFloat16, c10::BFloat16, c10::BFloat16, at::native::binary_internal::MulFunctor<float> >, std::array<char*, 2ul>)",256,0,0,24,0,128,"GRBM_GUI_ACTIVE",1097431.000000,84868887489932,84868887547979
2,2,"Agent 2",1,65418,65418,16777216,176,"void at::native::vectorized_elementwise_kernel<8, at::native::AUnaryFunctor<c10::BFloat16, c10::BFloat16, c10::BFloat16, at::native::binary_internal::MulFunctor<float> >, std::array<char*, 2ul> >(int, at::native::AUnaryFunctor<c10::BFloat16, c10::BFloat16, c10::BFloat16, at::native::binary_internal::MulFunctor<float> >, std::array<char*, 2ul>)",256,0,0,24,0,128,"SQ_BUSY_CYCLES",34972046.000000,84868887489932,84868887547979
2,2,"Agent 2",1,65418,65418,16777216,176,"void at::native::vectorized_elementwise_kernel<8, at::native::AUnaryFunctor<c10::BFloat16, c10::BFloat16, c10::BFloat16, at::native::binary_internal::MulFunctor<float> >, std::array<char*, 2ul> >(int, at::native::AUnaryFunctor<c10::BFloat16, c10::BFloat16, c10::BFloat16, at::native::binary_internal::MulFunctor<float> >, std::array<char*, 2ul>)",256,0,0,24,0,128,"SQ_CYCLES",35118304.000000,84868887489932,84868887547979
2,2,"Agent 2",1,65418,65418,16777216,176,"void at::native::vectorized_elementwise_kernel<8, at::native::AUnaryFunctor<c10::BFloat16, c10::BFloat16, c10::BFloat16, at::native::binary_internal::MulFunctor<float> >, std::array<char*, 2ul> >(int, at::native::AUnaryFunctor<c10::BFloat16, c10::BFloat16, c10::BFloat16, at::native::binary_internal::MulFunctor<float> >, std::array<char*, 2ul>)",256,0,0,24,0,128,"SQ_WAVES",524288.000000,84868887489932,84868887547979
2,2,"Agent 2",1,65418,65418,16777216,176,"void at::native::vectorized_elementwise_kernel<8, at::native::AUnaryFunctor<c10::BFloat16, c10::BFloat16, c10::BFloat16, at::native::binary_internal::MulFunctor<float> >, std::array<char*, 2ul> >(int, at::native::AUnaryFunctor<c10::BFloat16, c10::BFloat16, c10::BFloat16, at::native::binary_internal::MulFunctor<float> >, std::array<char*, 2ul>)",256,0,0,24,0,128,"SQ_WAVE_CYCLES",0.00000000e+00,84868887489932,84868887547979
3,3,"Agent 2",1,65418,65418,524288,246,"aiter::fmha_bf16_pertokenBf16_hd128_128x256_mask",128,327680,0,512,0,128,"GRBM_COUNT",11933439.000000,84872212417211,84872213659672
3,3,"Agent 2",1,65418,65418,524288,246,"aiter::fmha_bf16_pertokenBf16_hd128_128x256_mask",128,327680,0,512,0,128,"GRBM_GUI_ACTIVE",11933439.000000,84872212417211,84872213659672
3,3,"Agent 2",1,65418,65418,524288,246,"aiter::fmha_bf16_pertokenBf16_hd128_128x256_mask",128,327680,0,512,0,128,"SQ_BUSY_CYCLES",380172254.000000,84872212417211,84872213659672
3,3,"Agent 2",1,65418,65418,524288,246,"aiter::fmha_bf16_pertokenBf16_hd128_128x256_mask",128,327680,0,512,0,128,"SQ_CYCLES",381870560.000000,84872212417211,84872213659672
3,3,"Agent 2",1,65418,65418,524288,246,"aiter::fmha_bf16_pertokenBf16_hd128_128x256_mask",128,327680,0,512,0,128,"SQ_WAVES",16384.000000,84872212417211,84872213659672
3,3,"Agent 2",1,65418,65418,524288,246,"aiter::fmha_bf16_pertokenBf16_hd128_128x256_mask",128,327680,0,512,0,128,"SQ_WAVE_CYCLES",0.00000000e+00,84872212417211,84872213659672
4,4,"Agent 2",1,65418,65418,524288,246,"aiter::fmha_bf16_pertokenBf16_hd128_128x256_mask",128,327680,0,512,0,128,"GRBM_COUNT",11552679.000000,84872214086230,84872215284545
4,4,"Agent 2",1,65418,65418,524288,246,"aiter::fmha_bf16_pertokenBf16_hd128_128x256_mask",128,327680,0,512,0,128,"GRBM_GUI_ACTIVE",11552679.000000,84872214086230,84872215284545
4,4,"Agent 2",1,65418,65418,524288,246,"aiter::fmha_bf16_pertokenBf16_hd128_128x256_mask",128,327680,0,512,0,128,"SQ_BUSY_CYCLES",368874369.000000,84872214086230,84872215284545
4,4,"Agent 2",1,65418,65418,524288,246,"aiter::fmha_bf16_pertokenBf16_hd128_128x256_mask",128,327680,0,512,0,128,"SQ_CYCLES",369686240.000000,84872214086230,84872215284545
4,4,"Agent 2",1,65418,65418,524288,246,"aiter::fmha_bf16_pertokenBf16_hd128_128x256_mask",128,327680,0,512,0,128,"SQ_WAVES",16384.000000,84872214086230,84872215284545
4,4,"Agent 2",1,65418,65418,524288,246,"aiter::fmha_bf16_pertokenBf16_hd128_128x256_mask",128,327680,0,512,0,128,"SQ_WAVE_CYCLES",0.00000000e+00,84872214086230,84872215284545
5,5,"Agent 2",1,65418,65418,524288,246,"aiter::fmha_bf16_pertokenBf16_hd128_128x256_mask",128,327680,0,512,0,128,"GRBM_COUNT",11544238.000000,84872215724884,84872216823991
5,5,"Agent 2",1,65418,65418,524288,246,"aiter::fmha_bf16_pertokenBf16_hd128_128x256_mask",128,327680,0,512,0,128,"GRBM_GUI_ACTIVE",11544238.000000,84872215724884,84872216823991
5,5,"Agent 2",1,65418,65418,524288,246,"aiter::fmha_bf16_pertokenBf16_hd128_128x256_mask",128,327680,0,512,0,128,"SQ_BUSY_CYCLES",368000395.000000,84872215724884,84872216823991
5,5,"Agent 2",1,65418,65418,524288,246,"aiter::fmha_bf16_pertokenBf16_hd128_128x256_mask",128,327680,0,512,0,128,"SQ_CYCLES",369416128.000000,84872215724884,84872216823991
5,5,"Agent 2",1,65418,65418,524288,246,"aiter::fmha_bf16_pertokenBf16_hd128_128x256_mask",128,327680,0,512,0,128,"SQ_WAVES",16384.000000,84872215724884,84872216823991
5,5,"Agent 2",1,65418,65418,524288,246,"aiter::fmha_bf16_pertokenBf16_hd128_128x256_mask",128,327680,0,512,0,128,"SQ_WAVE_CYCLES",0.00000000e+00,84872215724884,84872216823991
6,6,"Agent 2",1,65418,65418,524288,246,"aiter::fmha_bf16_pertokenBf16_hd128_128x256_mask",128,327680,0,512,0,128,"GRBM_COUNT",11494727.000000,84872217285682,84872218371308
6,6,"Agent 2",1,65418,65418,524288,246,"aiter::fmha_bf16_pertokenBf16_hd128_128x256_mask",128,327680,0,512,0,128,"GRBM_GUI_ACTIVE",11494727.000000,84872217285682,84872218371308
6,6,"Agent 2",1,65418,65418,524288,246,"aiter::fmha_bf16_pertokenBf16_hd128_128x256_mask",128,327680,0,512,0,128,"SQ_BUSY_CYCLES",366130674.000000,84872217285682,84872218371308
6,6,"Agent 2",1,65418,65418,524288,246,"aiter::fmha_bf16_pertokenBf16_hd128_128x256_mask",128,327680,0,512,0,128,"SQ_CYCLES",367831776.000000,84872217285682,84872218371308
6,6,"Agent 2",1,65418,65418,524288,246,"aiter::fmha_bf16_pertokenBf16_hd128_128x256_mask",128,327680,0,512,0,128,"SQ_WAVES",16384.000000,84872217285682,84872218371308
6,6,"Agent 2",1,65418,65418,524288,246,"aiter::fmha_bf16_pertokenBf16_hd128_128x256_mask",128,327680,0,512,0,128,"SQ_WAVE_CYCLES",0.00000000e+00,84872217285682,84872218371308
7,7,"Agent 2",1,65418,65418,524288,246,"aiter::fmha_bf16_pertokenBf16_hd128_128x256_mask",128,327680,0,512,0,128,"GRBM_COUNT",11524390.000000,84872218827031,84872219993458
7,7,"Agent 2",1,65418,65418,524288,246,"aiter::fmha_bf16_pertokenBf16_hd128_128x256_mask",128,327680,0,512,0,128,"GRBM_GUI_ACTIVE",11524390.000000,84872218827031,84872219993458
7,7,"Agent 2",1,65418,65418,524288,246,"aiter::fmha_bf16_pertokenBf16_hd128_128x256_mask",128,327680,0,512,0,128,"SQ_BUSY_CYCLES",367134674.000000,84872218827031,84872219993458
7,7,"Agent 2",1,65418,65418,524288,246,"aiter::fmha_bf16_pertokenBf16_hd128_128x256_mask",128,327680,0,512,0,128,"SQ_CYCLES",368780992.000000,84872218827031,84872219993458
7,7,"Agent 2",1,65418,65418,524288,246,"aiter::fmha_bf16_pertokenBf16_hd128_128x256_mask",128,327680,0,512,0,128,"SQ_WAVES",16384.000000,84872218827031,84872219993458
7,7,"Agent 2",1,65418,65418,524288,246,"aiter::fmha_bf16_pertokenBf16_hd128_128x256_mask",128,327680,0,512,0,128,"SQ_WAVE_CYCLES",0.00000000e+00,84872218827031,84872219993458
8,8,"Agent 2",1,65418,65418,33554432,338,"void at::native::vectorized_elementwise_kernel<4, at::native::FillFunctor<float>, std::array<char*, 1ul> >(int, at::native::FillFunctor<float>, std::array<char*, 1ul>)",256,0,0,8,0,128,"GRBM_COUNT",1119934.000000,84872230413385,84872230467306
8,8,"Agent 2",1,65418,65418,33554432,338,"void at::native::vectorized_elementwise_kernel<4, at::native::FillFunctor<float>, std::array<char*, 1ul> >(int, at::native::FillFunctor<float>, std::array<char*, 1ul>)",256,0,0,8,0,128,"GRBM_GUI_ACTIVE",1119934.000000,84872230413385,84872230467306
8,8,"Agent 2",1,65418,65418,33554432,338,"void at::native::vectorized_elementwise_kernel<4, at::native::FillFunctor<float>, std::array<char*, 1ul> >(int, at::native::FillFunctor<float>, std::array<char*, 1ul>)",256,0,0,8,0,128,"SQ_BUSY_CYCLES",35717688.000000,84872230413385,84872230467306
8,8,"Agent 2",1,65418,65418,33554432,338,"void at::native::vectorized_elementwise_kernel<4, at::native::FillFunctor<float>, std::array<char*, 1ul> >(int, at::native::FillFunctor<float>, std::array<char*, 1ul>)",256,0,0,8,0,128,"SQ_CYCLES",35838400.000000,84872230413385,84872230467306
8,8,"Agent 2",1,65418,65418,33554432,338,"void at::native::vectorized_elementwise_kernel<4, at::native::FillFunctor<float>, std::array<char*, 1ul> >(int, at::native::FillFunctor<float>, std::array<char*, 1ul>)",256,0,0,8,0,128,"SQ_WAVES",1048576.000000,84872230413385,84872230467306
8,8,"Agent 2",1,65418,65418,33554432,338,"void at::native::vectorized_elementwise_kernel<4, at::native::FillFunctor<float>, std::array<char*, 1ul> >(int, at::native::FillFunctor<float>, std::array<char*, 1ul>)",256,0,0,8,0,128,"SQ_WAVE_CYCLES",0.00000000e+00,84872230413385,84872230467306
9,9,"Agent 2",1,65418,65418,1048576,415,"aiter::fmha_bwd_hd128_odo_bf16",128,0,0,24,0,128,"GRBM_COUNT",763625.000000,84872231433754,84872231477660
9,9,"Agent 2",1,65418,65418,1048576,415,"aiter::fmha_bwd_hd128_odo_bf16",128,0,0,24,0,128,"GRBM_GUI_ACTIVE",763625.000000,84872231433754,84872231477660
9,9,"Agent 2",1,65418,65418,1048576,415,"aiter::fmha_bwd_hd128_odo_bf16",128,0,0,24,0,128,"SQ_BUSY_CYCLES",24338878.000000,84872231433754,84872231477660
9,9,"Agent 2",1,65418,65418,1048576,415,"aiter::fmha_bwd_hd128_odo_bf16",128,0,0,24,0,128,"SQ_CYCLES",24436512.000000,84872231433754,84872231477660
9,9,"Agent 2",1,65418,65418,1048576,415,"aiter::fmha_bwd_hd128_odo_bf16",128,0,0,24,0,128,"SQ_WAVES",32768.000000,84872231433754,84872231477660
9,9,"Agent 2",1,65418,65418,1048576,415,"aiter::fmha_bwd_hd128_odo_bf16",128,0,0,24,0,128,"SQ_WAVE_CYCLES",0.00000000e+00,84872231433754,84872231477660
10,10,"Agent 2",1,65418,65418,524288,416,"aiter::fmha_bwd_hd128_bf16_causal_br_a32_pssk",128,327680,0,512,0,128,"GRBM_COUNT",91192019.000000,84872231905180,84872237921672
10,10,"Agent 2",1,65418,65418,524288,416,"aiter::fmha_bwd_hd128_bf16_causal_br_a32_pssk",128,327680,0,512,0,128,"GRBM_GUI_ACTIVE",91192019.000000,84872231905180,84872237921672
10,10,"Agent 2",1,65418,65418,524288,416,"aiter::fmha_bwd_hd128_bf16_causal_br_a32_pssk",128,327680,0,512,0,128,"SQ_BUSY_CYCLES",2906127233.000000,84872231905180,84872237921672
10,10,"Agent 2",1,65418,65418,524288,416,"aiter::fmha_bwd_hd128_bf16_causal_br_a32_pssk",128,327680,0,512,0,128,"SQ_CYCLES",2918145120.000000,84872231905180,84872237921672
10,10,"Agent 2",1,65418,65418,524288,416,"aiter::fmha_bwd_hd128_bf16_causal_br_a32_pssk",128,327680,0,512,0,128,"SQ_WAVES",18432.000000,84872231905180,84872237921672
10,10,"Agent 2",1,65418,65418,524288,416,"aiter::fmha_bwd_hd128_bf16_causal_br_a32_pssk",128,327680,0,512,0,128,"SQ_WAVE_CYCLES",0.00000000e+00,84872231905180,84872237921672
11,11,"Agent 2",1,65418,65418,2097152,417,"aiter::fmha_bwd_hd128_dq_convert_bf16",128,0,0,16,0,128,"GRBM_COUNT",1170529.000000,84872238364455,84872238440929
11,11,"Agent 2",1,65418,65418,2097152,417,"aiter::fmha_bwd_hd128_dq_convert_bf16",128,0,0,16,0,128,"GRBM_GUI_ACTIVE",1170529.000000,84872238364455,84872238440929
11,11,"Agent 2",1,65418,65418,2097152,417,"aiter::fmha_bwd_hd128_dq_convert_bf16",128,0,0,16,0,128,"SQ_BUSY_CYCLES",37321814.000000,84872238364455,84872238440929
11,11,"Agent 2",1,65418,65418,2097152,417,"aiter::fmha_bwd_hd128_dq_convert_bf16",128,0,0,16,0,128,"SQ_CYCLES",37457440.000000,84872238364455,84872238440929
11,11,"Agent 2",1,65418,65418,2097152,417,"aiter::fmha_bwd_hd128_dq_convert_bf16",128,0,0,16,0,128,"SQ_WAVES",65536.000000,84872238364455,84872238440929
11,11,"Agent 2",1,65418,65418,2097152,417,"aiter::fmha_bwd_hd128_dq_convert_bf16",128,0,0,16,0,128,"SQ_WAVE_CYCLES",0.00000000e+00,84872238364455,84872238440929
12,12,"Agent 2",1,65418,65418,8388608,445,"void at::native::reduce_kernel<128, 4, at::native::ReduceOp<c10::BFloat16, at::native::func_wrapper_t<c10::BFloat16, at::native::sum_functor<c10::BFloat16, float, c10::BFloat16>::operator()(at::TensorIterator&)::{lambda(float, float)#1}>, unsigned int, c10::BFloat16, 4, 8> >(at::native::ReduceOp<c10::BFloat16, at::native::func_wrapper_t<c10::BFloat16, at::native::sum_functor<c10::BFloat16, float, c10::BFloat16>::operator()(at::TensorIterator&)::{lambda(float, float)#1}>, unsigned int, c10::BFloat16, 4, 8>)",128,512,0,32,0,128,"GRBM_COUNT",1129874.000000,84872241377488,84872241439020
12,12,"Agent 2",1,65418,65418,8388608,445,"void at::native::reduce_kernel<128, 4, at::native::ReduceOp<c10::BFloat16, at::native::func_wrapper_t<c10::BFloat16, at::native::sum_functor<c10::BFloat16, float, c10::BFloat16>::operator()(at::TensorIterator&)::{lambda(float, float)#1}>, unsigned int, c10::BFloat16, 4, 8> >(at::native::ReduceOp<c10::BFloat16, at::native::func_wrapper_t<c10::BFloat16, at::native::sum_functor<c10::BFloat16, float, c10::BFloat16>::operator()(at::TensorIterator&)::{lambda(float, float)#1}>, unsigned int, c10::BFloat16, 4, 8>)",128,512,0,32,0,128,"GRBM_GUI_ACTIVE",1129874.000000,84872241377488,84872241439020
12,12,"Agent 2",1,65418,65418,8388608,445,"void at::native::reduce_kernel<128, 4, at::native::ReduceOp<c10::BFloat16, at::native::func_wrapper_t<c10::BFloat16, at::native::sum_functor<c10::BFloat16, float, c10::BFloat16>::operator()(at::TensorIterator&)::{lambda(float, float)#1}>, unsigned int, c10::BFloat16, 4, 8> >(at::native::ReduceOp<c10::BFloat16, at::native::func_wrapper_t<c10::BFloat16, at::native::sum_functor<c10::BFloat16, float, c10::BFloat16>::operator()(at::TensorIterator&)::{lambda(float, float)#1}>, unsigned int, c10::BFloat16, 4, 8>)",128,512,0,32,0,128,"SQ_BUSY_CYCLES",36006108.000000,84872241377488,84872241439020
12,12,"Agent 2",1,65418,65418,8388608,445,"void at::native::reduce_kernel<128, 4, at::native::ReduceOp<c10::BFloat16, at::native::func_wrapper_t<c10::BFloat16, at::native::sum_functor<c10::BFloat16, float, c10::BFloat16>::operator()(at::TensorIterator&)::{lambda(float, float)#1}>, unsigned int, c10::BFloat16, 4, 8> >(at::native::ReduceOp<c10::BFloat16, at::native::func_wrapper_t<c10::BFloat16, at::native::sum_functor<c10::BFloat16, float, c10::BFloat16>::operator()(at::TensorIterator&)::{lambda(float, float)#1}>, unsigned int, c10::BFloat16, 4, 8>)",128,512,0,32,0,128,"SQ_CYCLES",36156480.000000,84872241377488,84872241439020
12,12,"Agent 2",1,65418,65418,8388608,445,"void at::native::reduce_kernel<128, 4, at::native::ReduceOp<c10::BFloat16, at::native::func_wrapper_t<c10::BFloat16, at::native::sum_functor<c10::BFloat16, float, c10::BFloat16>::operator()(at::TensorIterator&)::{lambda(float, float)#1}>, unsigned int, c10::BFloat16, 4, 8> >(at::native::ReduceOp<c10::BFloat16, at::native::func_wrapper_t<c10::BFloat16, at::native::sum_functor<c10::BFloat16, float, c10::BFloat16>::operator()(at::TensorIterator&)::{lambda(float, float)#1}>, unsigned int, c10::BFloat16, 4, 8>)",128,512,0,32,0,128,"SQ_WAVES",262144.000000,84872241377488,84872241439020
12,12,"Agent 2",1,65418,65418,8388608,445,"void at::native::reduce_kernel<128, 4, at::native::ReduceOp<c10::BFloat16, at::native::func_wrapper_t<c10::BFloat16, at::native::sum_functor<c10::BFloat16, float, c10::BFloat16>::operator()(at::TensorIterator&)::{lambda(float, float)#1}>, unsigned int, c10::BFloat16, 4, 8> >(at::native::ReduceOp<c10::BFloat16, at::native::func_wrapper_t<c10::BFloat16, at::native::sum_functor<c10::BFloat16, float, c10::BFloat16>::operator()(at::TensorIterator&)::{lambda(float, float)#1}>, unsigned int, c10::BFloat16, 4, 8>)",128,512,0,32,0,128,"SQ_WAVE_CYCLES",0.00000000e+00,84872241377488,84872241439020
13,13,"Agent 2",1,65418,65418,8388608,445,"void at::native::reduce_kernel<128, 4, at::native::ReduceOp<c10::BFloat16, at::native::func_wrapper_t<c10::BFloat16, at::native::sum_functor<c10::BFloat16, float, c10::BFloat16>::operator()(at::TensorIterator&)::{lambda(float, float)#1}>, unsigned int, c10::BFloat16, 4, 8> >(at::native::ReduceOp<c10::BFloat16, at::native::func_wrapper_t<c10::BFloat16, at::native::sum_functor<c10::BFloat16, float, c10::BFloat16>::operator()(at::TensorIterator&)::{lambda(float, float)#1}>, unsigned int, c10::BFloat16, 4, 8>)",128,512,0,32,0,128,"GRBM_COUNT",1031220.000000,84872241863416,84872241921303
13,13,"Agent 2",1,65418,65418,8388608,445,"void at::native::reduce_kernel<128, 4, at::native::ReduceOp<c10::BFloat16, at::native::func_wrapper_t<c10::BFloat16, at::native::sum_functor<c10::BFloat16, float, c10::BFloat16>::operator()(at::TensorIterator&)::{lambda(float, float)#1}>, unsigned int, c10::BFloat16, 4, 8> >(at::native::ReduceOp<c10::BFloat16, at::native::func_wrapper_t<c10::BFloat16, at::native::sum_functor<c10::BFloat16, float, c10::BFloat16>::operator()(at::TensorIterator&)::{lambda(float, float)#1}>, unsigned int, c10::BFloat16, 4, 8>)",128,512,0,32,0,128,"GRBM_GUI_ACTIVE",1031220.000000,84872241863416,84872241921303
13,13,"Agent 2",1,65418,65418,8388608,445,"void at::native::reduce_kernel<128, 4, at::native::ReduceOp<c10::BFloat16, at::native::func_wrapper_t<c10::BFloat16, at::native::sum_functor<c10::BFloat16, float, c10::BFloat16>::operator()(at::TensorIterator&)::{lambda(float, float)#1}>, unsigned int, c10::BFloat16, 4, 8> >(at::native::ReduceOp<c10::BFloat16, at::native::func_wrapper_t<c10::BFloat16, at::native::sum_functor<c10::BFloat16, float, c10::BFloat16>::operator()(at::TensorIterator&)::{lambda(float, float)#1}>, unsigned int, c10::BFloat16, 4, 8>)",128,512,0,32,0,128,"SQ_BUSY_CYCLES",32866574.000000,84872241863416,84872241921303
13,13,"Agent 2",1,65418,65418,8388608,445,"void at::native::reduce_kernel<128, 4, at::native::ReduceOp<c10::BFloat16, at::native::func_wrapper_t<c10::BFloat16, at::native::sum_functor<c10::BFloat16, float, c10::BFloat16>::operator()(at::TensorIterator&)::{lambda(float, float)#1}>, unsigned int, c10::BFloat16, 4, 8> >(at::native::ReduceOp<c10::BFloat16, at::native::func_wrapper_t<c10::BFloat16, at::native::sum_functor<c10::BFloat16, float, c10::BFloat16>::operator()(at::TensorIterator&)::{lambda(float, float)#1}>, unsigned int, c10::BFloat16, 4, 8>)",128,512,0,32,0,128,"SQ_CYCLES",32999552.000000,84872241863416,84872241921303
13,13,"Agent 2",1,65418,65418,8388608,445,"void at::native::reduce_kernel<128, 4, at::native::ReduceOp<c10::BFloat16, at::native::func_wrapper_t<c10::BFloat16, at::native::sum_functor<c10::BFloat16, float, c10::BFloat16>::operator()(at::TensorIterator&)::{lambda(float, float)#1}>, unsigned int, c10::BFloat16, 4, 8> >(at::native::ReduceOp<c10::BFloat16, at::native::func_wrapper_t<c10::BFloat16, at::native::sum_functor<c10::BFloat16, float, c10::BFloat16>::operator()(at::TensorIterator&)::{lambda(float, float)#1}>, unsigned int, c10::BFloat16, 4, 8>)",128,512,0,32,0,128,"SQ_WAVES",262144.000000,84872241863416,84872241921303
13,13,"Agent 2",1,65418,65418,8388608,445,"void at::native::reduce_kernel<128, 4, at::native::ReduceOp<c10::BFloat16, at::native::func_wrapper_t<c10::BFloat16, at::native::sum_functor<c10::BFloat16, float, c10::BFloat16>::operator()(at::TensorIterator&)::{lambda(float, float)#1}>, unsigned int, c10::BFloat16, 4, 8> >(at::native::ReduceOp<c10::BFloat16, at::native::func_wrapper_t<c10::BFloat16, at::native::sum_functor<c10::BFloat16, float, c10::BFloat16>::operator()(at::TensorIterator&)::{lambda(float, float)#1}>, unsigned int, c10::BFloat16, 4, 8>)",128,512,0,32,0,128,"SQ_WAVE_CYCLES",0.00000000e+00,84872241863416,84872241921303
14,14,"Agent 2",1,65418,65418,33554432,338,"void at::native::vectorized_elementwise_kernel<4, at::native::FillFunctor<float>, std::array<char*, 1ul> >(int, at::native::FillFunctor<float>, std::array<char*, 1ul>)",256,0,0,8,0,128,"GRBM_COUNT",1211648.000000,84872242345418,84872242400540
14,14,"Agent 2",1,65418,65418,33554432,338,"void at::native::vectorized_elementwise_kernel<4, at::native::FillFunctor<float>, std::array<char*, 1ul> >(int, at::native::FillFunctor<float>, std::array<char*, 1ul>)",256,0,0,8,0,128,"GRBM_GUI_ACTIVE",1211648.000000,84872242345418,84872242400540
14,14,"Agent 2",1,65418,65418,33554432,338,"void at::native::vectorized_elementwise_kernel<4, at::native::FillFunctor<float>, std::array<char*, 1ul> >(int, at::native::FillFunctor<float>, std::array<char*, 1ul>)",256,0,0,8,0,128,"SQ_BUSY_CYCLES",38653482.000000,84872242345418,84872242400540
14,14,"Agent 2",1,65418,65418,33554432,338,"void at::native::vectorized_elementwise_kernel<4, at::native::FillFunctor<float>, std::array<char*, 1ul> >(int, at::native::FillFunctor<float>, std::array<char*, 1ul>)",256,0,0,8,0,128,"SQ_CYCLES",38773248.000000,84872242345418,84872242400540
14,14,"Agent 2",1,65418,65418,33554432,338,"void at::native::vectorized_elementwise_kernel<4, at::native::FillFunctor<float>, std::array<char*, 1ul> >(int, at::native::FillFunctor<float>, std::array<char*, 1ul>)",256,0,0,8,0,128,"SQ_WAVES",1048576.000000,84872242345418,84872242400540
14,14,"Agent 2",1,65418,65418,33554432,338,"void at::native::vectorized_elementwise_kernel<4, at::native::FillFunctor<float>, std::array<char*, 1ul> >(int, at::native::FillFunctor<float>, std::array<char*, 1ul>)",256,0,0,8,0,128,"SQ_WAVE_CYCLES",0.00000000e+00,84872242345418,84872242400540
15,15,"Agent 2",1,65418,65418,1048576,415,"aiter::fmha_bwd_hd128_odo_bf16",128,0,0,24,0,128,"GRBM_COUNT",969626.000000,84872242835993,84872242887870
15,15,"Agent 2",1,65418,65418,1048576,415,"aiter::fmha_bwd_hd128_odo_bf16",128,0,0,24,0,128,"GRBM_GUI_ACTIVE",969626.000000,84872242835993,84872242887870
15,15,"Agent 2",1,65418,65418,1048576,415,"aiter::fmha_bwd_hd128_odo_bf16",128,0,0,24,0,128,"SQ_BUSY_CYCLES",30937571.000000,84872242835993,84872242887870
15,15,"Agent 2",1,65418,65418,1048576,415,"aiter::fmha_bwd_hd128_odo_bf16",128,0,0,24,0,128,"SQ_CYCLES",31028544.000000,84872242835993,84872242887870
15,15,"Agent 2",1,65418,65418,1048576,415,"aiter::fmha_bwd_hd128_odo_bf16",128,0,0,24,0,128,"SQ_WAVES",32768.000000,84872242835993,84872242887870
15,15,"Agent 2",1,65418,65418,1048576,415,"aiter::fmha_bwd_hd128_odo_bf16",128,0,0,24,0,128,"SQ_WAVE_CYCLES",0.00000000e+00,84872242835993,84872242887870
16,16,"Agent 2",1,65418,65418,524288,416,"aiter::fmha_bwd_hd128_bf16_causal_br_a32_pssk",128,327680,0,512,0,128,"GRBM_COUNT",90508701.000000,84872243315911,84872249360806
16,16,"Agent 2",1,65418,65418,524288,416,"aiter::fmha_bwd_hd128_bf16_causal_br_a32_pssk",128,327680,0,512,0,128,"GRBM_GUI_ACTIVE",90508701.000000,84872243315911,84872249360806
16,16,"Agent 2",1,65418,65418,524288,416,"aiter::fmha_bwd_hd128_bf16_causal_br_a32_pssk",128,327680,0,512,0,128,"SQ_BUSY_CYCLES",2883702688.000000,84872243315911,84872249360806
16,16,"Agent 2",1,65418,65418,524288,416,"aiter::fmha_bwd_hd128_bf16_causal_br_a32_pssk",128,327680,0,512,0,128,"SQ_CYCLES",2896278944.000000,84872243315911,84872249360806
16,16,"Agent 2",1,65418,65418,524288,416,"aiter::fmha_bwd_hd128_bf16_causal_br_a32_pssk",128,327680,0,512,0,128,"SQ_WAVES",16384.000000,84872243315911,84872249360806
16,16,"Agent 2",1,65418,65418,524288,416,"aiter::fmha_bwd_hd128_bf16_causal_br_a32_pssk",128,327680,0,512,0,128,"SQ_WAVE_CYCLES",0.00000000e+00,84872243315911,84872249360806
17,17,"Agent 2",1,65418,65418,2097152,417,"aiter::fmha_bwd_hd128_dq_convert_bf16",128,0,0,16,0,128,"GRBM_COUNT",1193232.000000,84872249799182,84872249876458
17,17,"Agent 2",1,65418,65418,2097152,417,"aiter::fmha_bwd_hd128_dq_convert_bf16",128,0,0,16,0,128,"GRBM_GUI_ACTIVE",1193232.000000,84872249799182,84872249876458
17,17,"Agent 2",1,65418,65418,2097152,417,"aiter::fmha_bwd_hd128_dq_convert_bf16",128,0,0,16,0,128,"SQ_BUSY_CYCLES",38067311.000000,84872249799182,84872249876458
17,17,"Agent 2",1,65418,65418,2097152,417,"aiter::fmha_bwd_hd128_dq_convert_bf16",128,0,0,16,0,128,"SQ_CYCLES",38183936.000000,84872249799182,84872249876458
17,17,"Agent 2",1,65418,65418,2097152,417,"aiter::fmha_bwd_hd128_dq_convert_bf16",128,0,0,16,0,128,"SQ_WAVES",65536.000000,84872249799182,84872249876458
17,17,"Agent 2",1,65418,65418,2097152,417,"aiter::fmha_bwd_hd128_dq_convert_bf16",128,0,0,16,0,128,"SQ_WAVE_CYCLES",0.00000000e+00,84872249799182,84872249876458
18,18,"Agent 2",1,65418,65418,8388608,445,"void at::native::reduce_kernel<128, 4, at::native::ReduceOp<c10::BFloat16, at::native::func_wrapper_t<c10::BFloat16, at::native::sum_functor<c10::BFloat16, float, c10::BFloat16>::operator()(at::TensorIterator&)::{lambda(float, float)#1}>, unsigned int, c10::BFloat16, 4, 8> >(at::native::ReduceOp<c10::BFloat16, at::native::func_wrapper_t<c10::BFloat16, at::native::sum_functor<c10::BFloat16, float, c10::BFloat16>::operator()(at::TensorIterator&)::{lambda(float, float)#1}>, unsigned int, c10::BFloat16, 4, 8>)",128,512,0,32,0,128,"GRBM_COUNT",1106345.000000,84872250320443,84872250386863
18,18,"Agent 2",1,65418,65418,8388608,445,"void at::native::reduce_kernel<128, 4, at::native::ReduceOp<c10::BFloat16, at::native::func_wrapper_t<c10::BFloat16, at::native::sum_functor<c10::BFloat16, float, c10::BFloat16>::operator()(at::TensorIterator&)::{lambda(float, float)#1}>, unsigned int, c10::BFloat16, 4, 8> >(at::native::ReduceOp<c10::BFloat16, at::native::func_wrapper_t<c10::BFloat16, at::native::sum_functor<c10::BFloat16, float, c10::BFloat16>::operator()(at::TensorIterator&)::{lambda(float, float)#1}>, unsigned int, c10::BFloat16, 4, 8>)",128,512,0,32,0,128,"GRBM_GUI_ACTIVE",1106345.000000,84872250320443,84872250386863
18,18,"Agent 2",1,65418,65418,8388608,445,"void at::native::reduce_kernel<128, 4, at::native::ReduceOp<c10::BFloat16, at::native::func_wrapper_t<c10::BFloat16, at::native::sum_functor<c10::BFloat16, float, c10::BFloat16>::operator()(at::TensorIterator&)::{lambda(float, float)#1}>, unsigned int, c10::BFloat16, 4, 8> >(at::native::ReduceOp<c10::BFloat16, at::native::func_wrapper_t<c10::BFloat16, at::native::sum_functor<c10::BFloat16, float, c10::BFloat16>::operator()(at::TensorIterator&)::{lambda(float, float)#1}>, unsigned int, c10::BFloat16, 4, 8>)",128,512,0,32,0,128,"SQ_BUSY_CYCLES",35309535.000000,84872250320443,84872250386863
18,18,"Agent 2",1,65418,65418,8388608,445,"void at::native::reduce_kernel<128, 4, at::native::ReduceOp<c10::BFloat16, at::native::func_wrapper_t<c10::BFloat16, at::native::sum_functor<c10::BFloat16, float, c10::BFloat16>::operator()(at::TensorIterator&)::{lambda(float, float)#1}>, unsigned int, c10::BFloat16, 4, 8> >(at::native::ReduceOp<c10::BFloat16, at::native::func_wrapper_t<c10::BFloat16, at::native::sum_functor<c10::BFloat16, float, c10::BFloat16>::operator()(at::TensorIterator&)::{lambda(float, float)#1}>, unsigned int, c10::BFloat16, 4, 8>)",128,512,0,32,0,128,"SQ_CYCLES",35403552.000000,84872250320443,84872250386863
18,18,"Agent 2",1,65418,65418,8388608,445,"void at::native::reduce_kernel<128, 4, at::native::ReduceOp<c10::BFloat16, at::native::func_wrapper_t<c10::BFloat16, at::native::sum_functor<c10::BFloat16, float, c10::BFloat16>::operator()(at::TensorIterator&)::{lambda(float, float)#1}>, unsigned int, c10::BFloat16, 4, 8> >(at::native::ReduceOp<c10::BFloat16, at::native::func_wrapper_t<c10::BFloat16, at::native::sum_functor<c10::BFloat16, float, c10::BFloat16>::operator()(at::TensorIterator&)::{lambda(float, float)#1}>, unsigned int, c10::BFloat16, 4, 8>)",128,512,0,32,0,128,"SQ_WAVES",262144.000000,84872250320443,84872250386863
18,18,"Agent 2",1,65418,65418,8388608,445,"void at::native::reduce_kernel<128, 4, at::native::ReduceOp<c10::BFloat16, at::native::func_wrapper_t<c10::BFloat16, at::native::sum_functor<c10::BFloat16, float, c10::BFloat16>::operator()(at::TensorIterator&)::{lambda(float, float)#1}>, unsigned int, c10::BFloat16, 4, 8> >(at::native::ReduceOp<c10::BFloat16, at::native::func_wrapper_t<c10::BFloat16, at::native::sum_functor<c10::BFloat16, float, c10::BFloat16>::operator()(at::TensorIterator&)::{lambda(float, float)#1}>, unsigned int, c10::BFloat16, 4, 8>)",128,512,0,32,0,128,"SQ_WAVE_CYCLES",0.00000000e+00,84872250320443,84872250386863
19,19,"Agent 2",1,65418,65418,8388608,445,"void at::native::reduce_kernel<128, 4, at::native::ReduceOp<c10::BFloat16, at::native::func_wrapper_t<c10::BFloat16, at::native::sum_functor<c10::BFloat16, float, c10::BFloat16>::operator()(at::TensorIterator&)::{lambda(float, float)#1}>, unsigned int, c10::BFloat16, 4, 8> >(at::native::ReduceOp<c10::BFloat16, at::native::func_wrapper_t<c10::BFloat16, at::native::sum_functor<c10::BFloat16, float, c10::BFloat16>::operator()(at::TensorIterator&)::{lambda(float, float)#1}>, unsigned int, c10::BFloat16, 4, 8>)",128,512,0,32,0,128,"GRBM_COUNT",1060258.000000,84872250830527,84872250896466
19,19,"Agent 2",1,65418,65418,8388608,445,"void at::native::reduce_kernel<128, 4, at::native::ReduceOp<c10::BFloat16, at::native::func_wrapper_t<c10::BFloat16, at::native::sum_functor<c10::BFloat16, float, c10::BFloat16>::operator()(at::TensorIterator&)::{lambda(float, float)#1}>, unsigned int, c10::BFloat16, 4, 8> >(at::native::ReduceOp<c10::BFloat16, at::native::func_wrapper_t<c10::BFloat16, at::native::sum_functor<c10::BFloat16, float, c10::BFloat16>::operator()(at::TensorIterator&)::{lambda(float, float)#1}>, unsigned int, c10::BFloat16, 4, 8>)",128,512,0,32,0,128,"GRBM_GUI_ACTIVE",1060258.000000,84872250830527,84872250896466
19,19,"Agent 2",1,65418,65418,8388608,445,"void at::native::reduce_kernel<128, 4, at::native::ReduceOp<c10::BFloat16, at::native::func_wrapper_t<c10::BFloat16, at::native::sum_functor<c10::BFloat16, float, c10::BFloat16>::operator()(at::TensorIterator&)::{lambda(float, float)#1}>, unsigned int, c10::BFloat16, 4, 8> >(at::native::ReduceOp<c10::BFloat16, at::native::func_wrapper_t<c10::BFloat16, at::native::sum_functor<c10::BFloat16, float, c10::BFloat16>::operator()(at::TensorIterator&)::{lambda(float, float)#1}>, unsigned int, c10::BFloat16, 4, 8>)",128,512,0,32,0,128,"SQ_BUSY_CYCLES",33806055.000000,84872250830527,84872250896466
19,19,"Agent 2",1,65418,65418,8388608,445,"void at::native::reduce_kernel<128, 4, at::native::ReduceOp<c10::BFloat16, at::native::func_wrapper_t<c10::BFloat16, at::native::sum_functor<c10::BFloat16, float, c10::BFloat16>::operator()(at::TensorIterator&)::{lambda(float, float)#1}>, unsigned int, c10::BFloat16, 4, 8> >(at::native::ReduceOp<c10::BFloat16, at::native::func_wrapper_t<c10::BFloat16, at::native::sum_functor<c10::BFloat16, float, c10::BFloat16>::operator()(at::TensorIterator&)::{lambda(float, float)#1}>, unsigned int, c10::BFloat16, 4, 8>)",128,512,0,32,0,128,"SQ_CYCLES",33928768.000000,84872250830527,84872250896466
19,19,"Agent 2",1,65418,65418,8388608,445,"void at::native::reduce_kernel<128, 4, at::native::ReduceOp<c10::BFloat16, at::native::func_wrapper_t<c10::BFloat16, at::native::sum_functor<c10::BFloat16, float, c10::BFloat16>::operator()(at::TensorIterator&)::{lambda(float, float)#1}>, unsigned int, c10::BFloat16, 4, 8> >(at::native::ReduceOp<c10::BFloat16, at::native::func_wrapper_t<c10::BFloat16, at::native::sum_functor<c10::BFloat16, float, c10::BFloat16>::operator()(at::TensorIterator&)::{lambda(float, float)#1}>, unsigned int, c10::BFloat16, 4, 8>)",128,512,0,32,0,128,"SQ_WAVES",262144.000000,84872250830527,84872250896466
19,19,"Agent 2",1,65418,65418,8388608,445,"void at::native::reduce_kernel<128, 4, at::native::ReduceOp<c10::BFloat16, at::native::func_wrapper_t<c10::BFloat16, at::native::sum_functor<c10::BFloat16, float, c10::BFloat16>::operator()(at::TensorIterator&)::{lambda(float, float)#1}>, unsigned int, c10::BFloat16, 4, 8> >(at::native::ReduceOp<c10::BFloat16, at::native::func_wrapper_t<c10::BFloat16, at::native::sum_functor<c10::BFloat16, float, c10::BFloat16>::operator()(at::TensorIterator&)::{lambda(float, float)#1}>, unsigned int, c10::BFloat16, 4, 8>)",128,512,0,32,0,128,"SQ_WAVE_CYCLES",0.00000000e+00,84872250830527,84872250896466
20,20,"Agent 2",1,65418,65418,33554432,338,"void at::native::vectorized_elementwise_kernel<4, at::native::FillFunctor<float>, std::array<char*, 1ul> >(int, at::native::FillFunctor<float>, std::array<char*, 1ul>)",256,0,0,8,0,128,"GRBM_COUNT",1236675.000000,84872251341292,84872251398177
20,20,"Agent 2",1,65418,65418,33554432,338,"void at::native::vectorized_elementwise_kernel<4, at::native::FillFunctor<float>, std::array<char*, 1ul> >(int, at::native::FillFunctor<float>, std::array<char*, 1ul>)",256,0,0,8,0,128,"GRBM_GUI_ACTIVE",1236675.000000,84872251341292,84872251398177
20,20,"Agent 2",1,65418,65418,33554432,338,"void at::native::vectorized_elementwise_kernel<4, at::native::FillFunctor<float>, std::array<char*, 1ul> >(int, at::native::FillFunctor<float>, std::array<char*, 1ul>)",256,0,0,8,0,128,"SQ_BUSY_CYCLES",39421054.000000,84872251341292,84872251398177
20,20,"Agent 2",1,65418,65418,33554432,338,"void at::native::vectorized_elementwise_kernel<4, at::native::FillFunctor<float>, std::array<char*, 1ul> >(int, at::native::FillFunctor<float>, std::array<char*, 1ul>)",256,0,0,8,0,128,"SQ_CYCLES",39574112.000000,84872251341292,84872251398177
20,20,"Agent 2",1,65418,65418,33554432,338,"void at::native::vectorized_elementwise_kernel<4, at::native::FillFunctor<float>, std::array<char*, 1ul> >(int, at::native::FillFunctor<float>, std::array<char*, 1ul>)",256,0,0,8,0,128,"SQ_WAVES",1048576.000000,84872251341292,84872251398177
20,20,"Agent 2",1,65418,65418,33554432,338,"void at::native::vectorized_elementwise_kernel<4, at::native::FillFunctor<float>, std::array<char*, 1ul> >(int, at::native::FillFunctor<float>, std::array<char*, 1ul>)",256,0,0,8,0,128,"SQ_WAVE_CYCLES",0.00000000e+00,84872251341292,84872251398177
21,21,"Agent 2",1,65418,65418,1048576,415,"aiter::fmha_bwd_hd128_odo_bf16",128,0,0,24,0,128,"GRBM_COUNT",806501.000000,84872251830425,84872251873249
21,21,"Agent 2",1,65418,65418,1048576,415,"aiter::fmha_bwd_hd128_odo_bf16",128,0,0,24,0,128,"GRBM_GUI_ACTIVE",806501.000000,84872251830425,84872251873249
21,21,"Agent 2",1,65418,65418,1048576,415,"aiter::fmha_bwd_hd128_odo_bf16",128,0,0,24,0,128,"SQ_BUSY_CYCLES",25729533.000000,84872251830425,84872251873249
21,21,"Agent 2",1,65418,65418,1048576,415,"aiter::fmha_bwd_hd128_odo_bf16",128,0,0,24,0,128,"SQ_CYCLES",25808544.000000,84872251830425,84872251873249
21,21,"Agent 2",1,65418,65418,1048576,415,"aiter::fmha_bwd_hd128_odo_bf16",128,0,0,24,0,128,"SQ_WAVES",32768.000000,84872251830425,84872251873249
21,21,"Agent 2",1,65418,65418,1048576,415,"aiter::fmha_bwd_hd128_odo_bf16",128,0,0,24,0,128,"SQ_WAVE_CYCLES",0.00000000e+00,84872251830425,84872251873249
22,22,"Agent 2",1,65418,65418,524288,416,"aiter::fmha_bwd_hd128_bf16_causal_br_a32_pssk",128,327680,0,512,0,128,"GRBM_COUNT",90547809.000000,84872252301771,84872258317542
22,22,"Agent 2",1,65418,65418,524288,416,"aiter::fmha_bwd_hd128_bf16_causal_br_a32_pssk",128,327680,0,512,0,128,"GRBM_GUI_ACTIVE",90547809.000000,84872252301771,84872258317542
22,22,"Agent 2",1,65418,65418,524288,416,"aiter::fmha_bwd_hd128_bf16_causal_br_a32_pssk",128,327680,0,512,0,128,"SQ_BUSY_CYCLES",2888406735.000000,84872252301771,84872258317542
22,22,"Agent 2",1,65418,65418,524288,416,"aiter::fmha_bwd_hd128_bf16_causal_br_a32_pssk",128,327680,0,512,0,128,"SQ_CYCLES",2897530400.000000,84872252301771,84872258317542
22,22,"Agent 2",1,65418,65418,524288,416,"aiter::fmha_bwd_hd128_bf16_causal_br_a32_pssk",128,327680,0,512,0,128,"SQ_WAVES",16384.000000,84872252301771,84872258317542
22,22,"Agent 2",1,65418,65418,524288,416,"aiter::fmha_bwd_hd128_bf16_causal_br_a32_pssk",128,327680,0,512,0,128,"SQ_WAVE_CYCLES",0.00000000e+00,84872252301771,84872258317542
23,23,"Agent 2",1,65418,65418,2097152,417,"aiter::fmha_bwd_hd128_dq_convert_bf16",128,0,0,16,0,128,"GRBM_COUNT",1089596.000000,84872258765132,84872258836599
23,23,"Agent 2",1,65418,65418,2097152,417,"aiter::fmha_bwd_hd128_dq_convert_bf16",128,0,0,16,0,128,"GRBM_GUI_ACTIVE",1089596.000000,84872258765132,84872258836599
23,23,"Agent 2",1,65418,65418,2097152,417,"aiter::fmha_bwd_hd128_dq_convert_bf16",128,0,0,16,0,128,"SQ_BUSY_CYCLES",34760325.000000,84872258765132,84872258836599
23,23,"Agent 2",1,65418,65418,2097152,417,"aiter::fmha_bwd_hd128_dq_convert_bf16",128,0,0,16,0,128,"SQ_CYCLES",34867584.000000,84872258765132,84872258836599
23,23,"Agent 2",1,65418,65418,2097152,417,"aiter::fmha_bwd_hd128_dq_convert_bf16",128,0,0,16,0,128,"SQ_WAVES",65536.000000,84872258765132,84872258836599
23,23,"Agent 2",1,65418,65418,2097152,417,"aiter::fmha_bwd_hd128_dq_convert_bf16",128,0,0,16,0,128,"SQ_WAVE_CYCLES",0.00000000e+00,84872258765132,84872258836599
24,24,"Agent 2",1,65418,65418,8388608,445,"void at::native::reduce_kernel<128, 4, at::native::ReduceOp<c10::BFloat16, at::native::func_wrapper_t<c10::BFloat16, at::native::sum_functor<c10::BFloat16, float, c10::BFloat16>::operator()(at::TensorIterator&)::{lambda(float, float)#1}>, unsigned int, c10::BFloat16, 4, 8> >(at::native::ReduceOp<c10::BFloat16, at::native::func_wrapper_t<c10::BFloat16, at::native::sum_functor<c10::BFloat16, float, c10::BFloat16>::operator()(at::TensorIterator&)::{lambda(float, float)#1}>, unsigned int, c10::BFloat16, 4, 8>)",128,512,0,32,0,128,"GRBM_COUNT",999271.000000,84872259285231,84872259347244
24,24,"Agent 2",1,65418,65418,8388608,445,"void at::native::reduce_kernel<128, 4, at::native::ReduceOp<c10::BFloat16, at::native::func_wrapper_t<c10::BFloat16, at::native::sum_functor<c10::BFloat16, float, c10::BFloat16>::operator()(at::TensorIterator&)::{lambda(float, float)#1}>, unsigned int, c10::BFloat16, 4, 8> >(at::native::ReduceOp<c10::BFloat16, at::native::func_wrapper_t<c10::BFloat16, at::native::sum_functor<c10::BFloat16, float, c10::BFloat16>::operator()(at::TensorIterator&)::{lambda(float, float)#1}>, unsigned int, c10::BFloat16, 4, 8>)",128,512,0,32,0,128,"GRBM_GUI_ACTIVE",999271.000000,84872259285231,84872259347244
24,24,"Agent 2",1,65418,65418,8388608,445,"void at::native::reduce_kernel<128, 4, at::native::ReduceOp<c10::BFloat16, at::native::func_wrapper_t<c10::BFloat16, at::native::sum_functor<c10::BFloat16, float, c10::BFloat16>::operator()(at::TensorIterator&)::{lambda(float, float)#1}>, unsigned int, c10::BFloat16, 4, 8> >(at::native::ReduceOp<c10::BFloat16, at::native::func_wrapper_t<c10::BFloat16, at::native::sum_functor<c10::BFloat16, float, c10::BFloat16>::operator()(at::TensorIterator&)::{lambda(float, float)#1}>, unsigned int, c10::BFloat16, 4, 8>)",128,512,0,32,0,128,"SQ_BUSY_CYCLES",31872178.000000,84872259285231,84872259347244
24,24,"Agent 2",1,65418,65418,8388608,445,"void at::native::reduce_kernel<128, 4, at::native::ReduceOp<c10::BFloat16, at::native::func_wrapper_t<c10::BFloat16, at::native::sum_functor<c10::BFloat16, float, c10::BFloat16>::operator()(at::TensorIterator&)::{lambda(float, float)#1}>, unsigned int, c10::BFloat16, 4, 8> >(at::native::ReduceOp<c10::BFloat16, at::native::func_wrapper_t<c10::BFloat16, at::native::sum_functor<c10::BFloat16, float, c10::BFloat16>::operator()(at::TensorIterator&)::{lambda(float, float)#1}>, unsigned int, c10::BFloat16, 4, 8>)",128,512,0,32,0,128,"SQ_CYCLES",31977184.000000,84872259285231,84872259347244
24,24,"Agent 2",1,65418,65418,8388608,445,"void at::native::reduce_kernel<128, 4, at::native::ReduceOp<c10::BFloat16, at::native::func_wrapper_t<c10::BFloat16, at::native::sum_functor<c10::BFloat16, float, c10::BFloat16>::operator()(at::TensorIterator&)::{lambda(float, float)#1}>, unsigned int, c10::BFloat16, 4, 8> >(at::native::ReduceOp<c10::BFloat16, at::native::func_wrapper_t<c10::BFloat16, at::native::sum_functor<c10::BFloat16, float, c10::BFloat16>::operator()(at::TensorIterator&)::{lambda(float, float)#1}>, unsigned int, c10::BFloat16, 4, 8>)",128,512,0,32,0,128,"SQ_WAVES",262144.000000,84872259285231,84872259347244
24,24,"Agent 2",1,65418,65418,8388608,445,"void at::native::reduce_kernel<128, 4, at::native::ReduceOp<c10::BFloat16, at::native::func_wrapper_t<c10::BFloat16, at::native::sum_functor<c10::BFloat16, float, c10::BFloat16>::operator()(at::TensorIterator&)::{lambda(float, float)#1}>, unsigned int, c10::BFloat16, 4, 8> >(at::native::ReduceOp<c10::BFloat16, at::native::func_wrapper_t<c10::BFloat16, at::native::sum_functor<c10::BFloat16, float, c10::BFloat16>::operator()(at::TensorIterator&)::{lambda(float, float)#1}>, unsigned int, c10::BFloat16, 4, 8>)",128,512,0,32,0,128,"SQ_WAVE_CYCLES",0.00000000e+00,84872259285231,84872259347244
25,25,"Agent 2",1,65418,65418,8388608,445,"void at::native::reduce_kernel<128, 4, at::native::ReduceOp<c10::BFloat16, at::native::func_wrapper_t<c10::BFloat16, at::native::sum_functor<c10::BFloat16, float, c10::BFloat16>::operator()(at::TensorIterator&)::{lambda(float, float)#1}>, unsigned int, c10::BFloat16, 4, 8> >(at::native::ReduceOp<c10::BFloat16, at::native::func_wrapper_t<c10::BFloat16, at::native::sum_functor<c10::BFloat16, float, c10::BFloat16>::operator()(at::TensorIterator&)::{lambda(float, float)#1}>, unsigned int, c10::BFloat16, 4, 8>)",128,512,0,32,0,128,"GRBM_COUNT",969746.000000,84872259789346,84872259849676
25,25,"Agent 2",1,65418,65418,8388608,445,"void at::native::reduce_kernel<128, 4, at::native::ReduceOp<c10::BFloat16, at::native::func_wrapper_t<c10::BFloat16, at::native::sum_functor<c10::BFloat16, float, c10::BFloat16>::operator()(at::TensorIterator&)::{lambda(float, float)#1}>, unsigned int, c10::BFloat16, 4, 8> >(at::native::ReduceOp<c10::BFloat16, at::native::func_wrapper_t<c10::BFloat16, at::native::sum_functor<c10::BFloat16, float, c10::BFloat16>::operator()(at::TensorIterator&)::{lambda(float, float)#1}>, unsigned int, c10::BFloat16, 4, 8>)",128,512,0,32,0,128,"GRBM_GUI_ACTIVE",969746.000000,84872259789346,84872259849676
25,25,"Agent 2",1,65418,65418,8388608,445,"void at::native::reduce_kernel<128, 4, at::native::ReduceOp<c10::BFloat16, at::native::func_wrapper_t<c10::BFloat16, at::native::sum_functor<c10::BFloat16, float, c10::BFloat16>::operator()(at::TensorIterator&)::{lambda(float, float)#1}>, unsigned int, c10::BFloat16, 4, 8> >(at::native::ReduceOp<c10::BFloat16, at::native::func_wrapper_t<c10::BFloat16, at::native::sum_functor<c10::BFloat16, float, c10::BFloat16>::operator()(at::TensorIterator&)::{lambda(float, float)#1}>, unsigned int, c10::BFloat16, 4, 8>)",128,512,0,32,0,128,"SQ_BUSY_CYCLES",30943260.000000,84872259789346,84872259849676
25,25,"Agent 2",1,65418,65418,8388608,445,"void at::native::reduce_kernel<128, 4, at::native::ReduceOp<c10::BFloat16, at::native::func_wrapper_t<c10::BFloat16, at::native::sum_functor<c10::BFloat16, float, c10::BFloat16>::operator()(at::TensorIterator&)::{lambda(float, float)#1}>, unsigned int, c10::BFloat16, 4, 8> >(at::native::ReduceOp<c10::BFloat16, at::native::func_wrapper_t<c10::BFloat16, at::native::sum_functor<c10::BFloat16, float, c10::BFloat16>::operator()(at::TensorIterator&)::{lambda(float, float)#1}>, unsigned int, c10::BFloat16, 4, 8>)",128,512,0,32,0,128,"SQ_CYCLES",31032384.000000,84872259789346,84872259849676
25,25,"Agent 2",1,65418,65418,8388608,445,"void at::native::reduce_kernel<128, 4, at::native::ReduceOp<c10::BFloat16, at::native::func_wrapper_t<c10::BFloat16, at::native::sum_functor<c10::BFloat16, float, c10::BFloat16>::operator()(at::TensorIterator&)::{lambda(float, float)#1}>, unsigned int, c10::BFloat16, 4, 8> >(at::native::ReduceOp<c10::BFloat16, at::native::func_wrapper_t<c10::BFloat16, at::native::sum_functor<c10::BFloat16, float, c10::BFloat16>::operator()(at::TensorIterator&)::{lambda(float, float)#1}>, unsigned int, c10::BFloat16, 4, 8>)",128,512,0,32,0,128,"SQ_WAVES",262144.000000,84872259789346,84872259849676
25,25,"Agent 2",1,65418,65418,8388608,445,"void at::native::reduce_kernel<128, 4, at::native::ReduceOp<c10::BFloat16, at::native::func_wrapper_t<c10::BFloat16, at::native::sum_functor<c10::BFloat16, float, c10::BFloat16>::operator()(at::TensorIterator&)::{lambda(float, float)#1}>, unsigned int, c10::BFloat16, 4, 8> >(at::native::ReduceOp<c10::BFloat16, at::native::func_wrapper_t<c10::BFloat16, at::native::sum_functor<c10::BFloat16, float, c10::BFloat16>::operator()(at::TensorIterator&)::{lambda(float, float)#1}>, unsigned int, c10::BFloat16, 4, 8>)",128,512,0,32,0,128,"SQ_WAVE_CYCLES",0.00000000e+00,84872259789346,84872259849676
26,26,"Agent 2",1,65418,65418,33554432,338,"void at::native::vectorized_elementwise_kernel<4, at::native::FillFunctor<float>, std::array<char*, 1ul> >(int, at::native::FillFunctor<float>, std::array<char*, 1ul>)",256,0,0,8,0,128,"GRBM_COUNT",1145500.000000,84872260289135,84872260344137
26,26,"Agent 2",1,65418,65418,33554432,338,"void at::native::vectorized_elementwise_kernel<4, at::native::FillFunctor<float>, std::array<char*, 1ul> >(int, at::native::FillFunctor<float>, std::array<char*, 1ul>)",256,0,0,8,0,128,"GRBM_GUI_ACTIVE",1145500.000000,84872260289135,84872260344137
26,26,"Agent 2",1,65418,65418,33554432,338,"void at::native::vectorized_elementwise_kernel<4, at::native::FillFunctor<float>, std::array<char*, 1ul> >(int, at::native::FillFunctor<float>, std::array<char*, 1ul>)",256,0,0,8,0,128,"SQ_BUSY_CYCLES",36518357.000000,84872260289135,84872260344137
26,26,"Agent 2",1,65418,65418,33554432,338,"void at::native::vectorized_elementwise_kernel<4, at::native::FillFunctor<float>, std::array<char*, 1ul> >(int, at::native::FillFunctor<float>, std::array<char*, 1ul>)",256,0,0,8,0,128,"SQ_CYCLES",36656512.000000,84872260289135,84872260344137
26,26,"Agent 2",1,65418,65418,33554432,338,"void at::native::vectorized_elementwise_kernel<4, at::native::FillFunctor<float>, std::array<char*, 1ul> >(int, at::native::FillFunctor<float>, std::array<char*, 1ul>)",256,0,0,8,0,128,"SQ_WAVES",1048576.000000,84872260289135,84872260344137
26,26,"Agent 2",1,65418,65418,33554432,338,"void at::native::vectorized_elementwise_kernel<4, at::native::FillFunctor<float>, std::array<char*, 1ul> >(int, at::native::FillFunctor<float>, std::array<char*, 1ul>)",256,0,0,8,0,128,"SQ_WAVE_CYCLES",0.00000000e+00,84872260289135,84872260344137
27,27,"Agent 2",1,65418,65418,1048576,415,"aiter::fmha_bwd_hd128_odo_bf16",128,0,0,24,0,128,"GRBM_COUNT",819392.000000,84872260769134,84872260814722
27,27,"Agent 2",1,65418,65418,1048576,415,"aiter::fmha_bwd_hd128_odo_bf16",128,0,0,24,0,128,"GRBM_GUI_ACTIVE",819392.000000,84872260769134,84872260814722
27,27,"Agent 2",1,65418,65418,1048576,415,"aiter::fmha_bwd_hd128_odo_bf16",128,0,0,24,0,128,"SQ_BUSY_CYCLES",26082309.000000,84872260769134,84872260814722
27,27,"Agent 2",1,65418,65418,1048576,415,"aiter::fmha_bwd_hd128_odo_bf16",128,0,0,24,0,128,"SQ_CYCLES",26221056.000000,84872260769134,84872260814722
27,27,"Agent 2",1,65418,65418,1048576,415,"aiter::fmha_bwd_hd128_odo_bf16",128,0,0,24,0,128,"SQ_WAVES",32768.000000,84872260769134,84872260814722
27,27,"Agent 2",1,65418,65418,1048576,415,"aiter::fmha_bwd_hd128_odo_bf16",128,0,0,24,0,128,"SQ_WAVE_CYCLES",0.00000000e+00,84872260769134,84872260814722
28,28,"Agent 2",1,65418,65418,524288,416,"aiter::fmha_bwd_hd128_bf16_causal_br_a32_pssk",128,327680,0,512,0,128,"GRBM_COUNT",90605167.000000,84872261240880,84872267277322
28,28,"Agent 2",1,65418,65418,524288,416,"aiter::fmha_bwd_hd128_bf16_causal_br_a32_pssk",128,327680,0,512,0,128,"GRBM_GUI_ACTIVE",90605167.000000,84872261240880,84872267277322
28,28,"Agent 2",1,65418,65418,524288,416,"aiter::fmha_bwd_hd128_bf16_causal_br_a32_pssk",128,327680,0,512,0,128,"SQ_BUSY_CYCLES",2887438392.000000,84872261240880,84872267277322
28,28,"Agent 2",1,65418,65418,524288,416,"aiter::fmha_bwd_hd128_bf16_causal_br_a32_pssk",128,327680,0,512,0,128,"SQ_CYCLES",2899365856.000000,84872261240880,84872267277322
28,28,"Agent 2",1,65418,65418,524288,416,"aiter::fmha_bwd_hd128_bf16_causal_br_a32_pssk",128,327680,0,512,0,128,"SQ_WAVES",16384.000000,84872261240880,84872267277322
28,28,"Agent 2",1,65418,65418,524288,416,"aiter::fmha_bwd_hd128_bf16_causal_br_a32_pssk",128,327680,0,512,0,128,"SQ_WAVE_CYCLES",0.00000000e+00,84872261240880,84872267277322
29,29,"Agent 2",1,65418,65418,2097152,417,"aiter::fmha_bwd_hd128_dq_convert_bf16",128,0,0,16,0,128,"GRBM_COUNT",1078486.000000,84872267731763,84872267803430
29,29,"Agent 2",1,65418,65418,2097152,417,"aiter::fmha_bwd_hd128_dq_convert_bf16",128,0,0,16,0,128,"GRBM_GUI_ACTIVE",1078486.000000,84872267731763,84872267803430
29,29,"Agent 2",1,65418,65418,2097152,417,"aiter::fmha_bwd_hd128_dq_convert_bf16",128,0,0,16,0,128,"SQ_BUSY_CYCLES",34176252.000000,84872267731763,84872267803430
29,29,"Agent 2",1,65418,65418,2097152,417,"aiter::fmha_bwd_hd128_dq_convert_bf16",128,0,0,16,0,128,"SQ_CYCLES",34512064.000000,84872267731763,84872267803430
29,29,"Agent 2",1,65418,65418,2097152,417,"aiter::fmha_bwd_hd128_dq_convert_bf16",128,0,0,16,0,128,"SQ_WAVES",65536.000000,84872267731763,84872267803430
29,29,"Agent 2",1,65418,65418,2097152,417,"aiter::fmha_bwd_hd128_dq_convert_bf16",128,0,0,16,0,128,"SQ_WAVE_CYCLES",0.00000000e+00,84872267731763,84872267803430
30,30,"Agent 2",1,65418,65418,8388608,445,"void at::native::reduce_kernel<128, 4, at::native::ReduceOp<c10::BFloat16, at::native::func_wrapper_t<c10::BFloat16, at::native::sum_functor<c10::BFloat16, float, c10::BFloat16>::operator()(at::TensorIterator&)::{lambda(float, float)#1}>, unsigned int, c10::BFloat16, 4, 8> >(at::native::ReduceOp<c10::BFloat16, at::native::func_wrapper_t<c10::BFloat16, at::native::sum_functor<c10::BFloat16, float, c10::BFloat16>::operator()(at::TensorIterator&)::{lambda(float, float)#1}>, unsigned int, c10::BFloat16, 4, 8>)",128,512,0,32,0,128,"GRBM_COUNT",988726.000000,84872268247816,84872268307986
30,30,"Agent 2",1,65418,65418,8388608,445,"void at::native::reduce_kernel<128, 4, at::native::ReduceOp<c10::BFloat16, at::native::func_wrapper_t<c10::BFloat16, at::native::sum_functor<c10::BFloat16, float, c10::BFloat16>::operator()(at::TensorIterator&)::{lambda(float, float)#1}>, unsigned int, c10::BFloat16, 4, 8> >(at::native::ReduceOp<c10::BFloat16, at::native::func_wrapper_t<c10::BFloat16, at::native::sum_functor<c10::BFloat16, float, c10::BFloat16>::operator()(at::TensorIterator&)::{lambda(float, float)#1}>, unsigned int, c10::BFloat16, 4, 8>)",128,512,0,32,0,128,"GRBM_GUI_ACTIVE",988726.000000,84872268247816,84872268307986
30,30,"Agent 2",1,65418,65418,8388608,445,"void at::native::reduce_kernel<128, 4, at::native::ReduceOp<c10::BFloat16, at::native::func_wrapper_t<c10::BFloat16, at::native::sum_functor<c10::BFloat16, float, c10::BFloat16>::operator()(at::TensorIterator&)::{lambda(float, float)#1}>, unsigned int, c10::BFloat16, 4, 8> >(at::native::ReduceOp<c10::BFloat16, at::native::func_wrapper_t<c10::BFloat16, at::native::sum_functor<c10::BFloat16, float, c10::BFloat16>::operator()(at::TensorIterator&)::{lambda(float, float)#1}>, unsigned int, c10::BFloat16, 4, 8>)",128,512,0,32,0,128,"SQ_BUSY_CYCLES",31484606.000000,84872268247816,84872268307986
30,30,"Agent 2",1,65418,65418,8388608,445,"void at::native::reduce_kernel<128, 4, at::native::ReduceOp<c10::BFloat16, at::native::func_wrapper_t<c10::BFloat16, at::native::sum_functor<c10::BFloat16, float, c10::BFloat16>::operator()(at::TensorIterator&)::{lambda(float, float)#1}>, unsigned int, c10::BFloat16, 4, 8> >(at::native::ReduceOp<c10::BFloat16, at::native::func_wrapper_t<c10::BFloat16, at::native::sum_functor<c10::BFloat16, float, c10::BFloat16>::operator()(at::TensorIterator&)::{lambda(float, float)#1}>, unsigned int, c10::BFloat16, 4, 8>)",128,512,0,32,0,128,"SQ_CYCLES",31639744.000000,84872268247816,84872268307986
30,30,"Agent 2",1,65418,65418,8388608,445,"void at::native::reduce_kernel<128, 4, at::native::ReduceOp<c10::BFloat16, at::native::func_wrapper_t<c10::BFloat16, at::native::sum_functor<c10::BFloat16, float, c10::BFloat16>::operator()(at::TensorIterator&)::{lambda(float, float)#1}>, unsigned int, c10::BFloat16, 4, 8> >(at::native::ReduceOp<c10::BFloat16, at::native::func_wrapper_t<c10::BFloat16, at::native::sum_functor<c10::BFloat16, float, c10::BFloat16>::operator()(at::TensorIterator&)::{lambda(float, float)#1}>, unsigned int, c10::BFloat16, 4, 8>)",128,512,0,32,0,128,"SQ_WAVES",262144.000000,84872268247816,84872268307986
30,30,"Agent 2",1,65418,65418,8388608,445,"void at::native::reduce_kernel<128, 4, at::native::ReduceOp<c10::BFloat16, at::native::func_wrapper_t<c10::BFloat16, at::native::sum_functor<c10::BFloat16, float, c10::BFloat16>::operator()(at::TensorIterator&)::{lambda(float, float)#1}>, unsigned int, c10::BFloat16, 4, 8> >(at::native::ReduceOp<c10::BFloat16, at::native::func_wrapper_t<c10::BFloat16, at::native::sum_functor<c10::BFloat16, float, c10::BFloat16>::operator()(at::TensorIterator&)::{lambda(float, float)#1}>, unsigned int, c10::BFloat16, 4, 8>)",128,512,0,32,0,128,"SQ_WAVE_CYCLES",0.00000000e+00,84872268247816,84872268307986
31,31,"Agent 2",1,65418,65418,8388608,445,"void at::native::reduce_kernel<128, 4, at::native::ReduceOp<c10::BFloat16, at::native::func_wrapper_t<c10::BFloat16, at::native::sum_functor<c10::BFloat16, float, c10::BFloat16>::operator()(at::TensorIterator&)::{lambda(float, float)#1}>, unsigned int, c10::BFloat16, 4, 8> >(at::native::ReduceOp<c10::BFloat16, at::native::func_wrapper_t<c10::BFloat16, at::native::sum_functor<c10::BFloat16, float, c10::BFloat16>::operator()(at::TensorIterator&)::{lambda(float, float)#1}>, unsigned int, c10::BFloat16, 4, 8>)",128,512,0,32,0,128,"GRBM_COUNT",976014.000000,84872268747684,84872268807253
31,31,"Agent 2",1,65418,65418,8388608,445,"void at::native::reduce_kernel<128, 4, at::native::ReduceOp<c10::BFloat16, at::native::func_wrapper_t<c10::BFloat16, at::native::sum_functor<c10::BFloat16, float, c10::BFloat16>::operator()(at::TensorIterator&)::{lambda(float, float)#1}>, unsigned int, c10::BFloat16, 4, 8> >(at::native::ReduceOp<c10::BFloat16, at::native::func_wrapper_t<c10::BFloat16, at::native::sum_functor<c10::BFloat16, float, c10::BFloat16>::operator()(at::TensorIterator&)::{lambda(float, float)#1}>, unsigned int, c10::BFloat16, 4, 8>)",128,512,0,32,0,128,"GRBM_GUI_ACTIVE",976014.000000,84872268747684,84872268807253
31,31,"Agent 2",1,65418,65418,8388608,445,"void at::native::reduce_kernel<128, 4, at::native::ReduceOp<c10::BFloat16, at::native::func_wrapper_t<c10::BFloat16, at::native::sum_functor<c10::BFloat16, float, c10::BFloat16>::operator()(at::TensorIterator&)::{lambda(float, float)#1}>, unsigned int, c10::BFloat16, 4, 8> >(at::native::ReduceOp<c10::BFloat16, at::native::func_wrapper_t<c10::BFloat16, at::native::sum_functor<c10::BFloat16, float, c10::BFloat16>::operator()(at::TensorIterator&)::{lambda(float, float)#1}>, unsigned int, c10::BFloat16, 4, 8>)",128,512,0,32,0,128,"SQ_BUSY_CYCLES",31141482.000000,84872268747684,84872268807253
31,31,"Agent 2",1,65418,65418,8388608,445,"void at::native::reduce_kernel<128, 4, at::native::ReduceOp<c10::BFloat16, at::native::func_wrapper_t<c10::BFloat16, at::native::sum_functor<c10::BFloat16, float, c10::BFloat16>::operator()(at::TensorIterator&)::{lambda(float, float)#1}>, unsigned int, c10::BFloat16, 4, 8> >(at::native::ReduceOp<c10::BFloat16, at::native::func_wrapper_t<c10::BFloat16, at::native::sum_functor<c10::BFloat16, float, c10::BFloat16>::operator()(at::TensorIterator&)::{lambda(float, float)#1}>, unsigned int, c10::BFloat16, 4, 8>)",128,512,0,32,0,128,"SQ_CYCLES",31232960.000000,84872268747684,84872268807253
31,31,"Agent 2",1,65418,65418,8388608,445,"void at::native::reduce_kernel<128, 4, at::native::ReduceOp<c10::BFloat16, at::native::func_wrapper_t<c10::BFloat16, at::native::sum_functor<c10::BFloat16, float, c10::BFloat16>::operator()(at::TensorIterator&)::{lambda(float, float)#1}>, unsigned int, c10::BFloat16, 4, 8> >(at::native::ReduceOp<c10::BFloat16, at::native::func_wrapper_t<c10::BFloat16, at::native::sum_functor<c10::BFloat16, float, c10::BFloat16>::operator()(at::TensorIterator&)::{lambda(float, float)#1}>, unsigned int, c10::BFloat16, 4, 8>)",128,512,0,32,0,128,"SQ_WAVES",262144.000000,84872268747684,84872268807253
31,31,"Agent 2",1,65418,65418,8388608,445,"void at::native::reduce_kernel<128, 4, at::native::ReduceOp<c10::BFloat16, at::native::func_wrapper_t<c10::BFloat16, at::native::sum_functor<c10::BFloat16, float, c10::BFloat16>::operator()(at::TensorIterator&)::{lambda(float, float)#1}>, unsigned int, c10::BFloat16, 4, 8> >(at::native::ReduceOp<c10::BFloat16, at::native::func_wrapper_t<c10::BFloat16, at::native::sum_functor<c10::BFloat16, float, c10::BFloat16>::operator()(at::TensorIterator&)::{lambda(float, float)#1}>, unsigned int, c10::BFloat16, 4, 8>)",128,512,0,32,0,128,"SQ_WAVE_CYCLES",0.00000000e+00,84872268747684,84872268807253
32,32,"Agent 2",1,65418,65418,33554432,338,"void at::native::vectorized_elementwise_kernel<4, at::native::FillFunctor<float>, std::array<char*, 1ul> >(int, at::native::FillFunctor<float>, std::array<char*, 1ul>)",256,0,0,8,0,128,"GRBM_COUNT",1133250.000000,84872269244348,84872269298870
32,32,"Agent 2",1,65418,65418,33554432,338,"void at::native::vectorized_elementwise_kernel<4, at::native::FillFunctor<float>, std::array<char*, 1ul> >(int, at::native::FillFunctor<float>, std::array<char*, 1ul>)",256,0,0,8,0,128,"GRBM_GUI_ACTIVE",1133250.000000,84872269244348,84872269298870
32,32,"Agent 2",1,65418,65418,33554432,338,"void at::native::vectorized_elementwise_kernel<4, at::native::FillFunctor<float>, std::array<char*, 1ul> >(int, at::native::FillFunctor<float>, std::array<char*, 1ul>)",256,0,0,8,0,128,"SQ_BUSY_CYCLES",36156123.000000,84872269244348,84872269298870
32,32,"Agent 2",1,65418,65418,33554432,338,"void at::native::vectorized_elementwise_kernel<4, at::native::FillFunctor<float>, std::array<char*, 1ul> >(int, at::native::FillFunctor<float>, std::array<char*, 1ul>)",256,0,0,8,0,128,"SQ_CYCLES",36264512.000000,84872269244348,84872269298870
32,32,"Agent 2",1,65418,65418,33554432,338,"void at::native::vectorized_elementwise_kernel<4, at::native::FillFunctor<float>, std::array<char*, 1ul> >(int, at::native::FillFunctor<float>, std::array<char*, 1ul>)",256,0,0,8,0,128,"SQ_WAVES",1048576.000000,84872269244348,84872269298870
32,32,"Agent 2",1,65418,65418,33554432,338,"void at::native::vectorized_elementwise_kernel<4, at::native::FillFunctor<float>, std::array<char*, 1ul> >(int, at::native::FillFunctor<float>, std::array<char*, 1ul>)",256,0,0,8,0,128,"SQ_WAVE_CYCLES",0.00000000e+00,84872269244348,84872269298870
33,33,"Agent 2",1,65418,65418,1048576,415,"aiter::fmha_bwd_hd128_odo_bf16",128,0,0,24,0,128,"GRBM_COUNT",820253.000000,84872269725709,84872269771858
33,33,"Agent 2",1,65418,65418,1048576,415,"aiter::fmha_bwd_hd128_odo_bf16",128,0,0,24,0,128,"GRBM_GUI_ACTIVE",820253.000000,84872269725709,84872269771858
33,33,"Agent 2",1,65418,65418,1048576,415,"aiter::fmha_bwd_hd128_odo_bf16",128,0,0,24,0,128,"SQ_BUSY_CYCLES",26218776.000000,84872269725709,84872269771858
33,33,"Agent 2",1,65418,65418,1048576,415,"aiter::fmha_bwd_hd128_odo_bf16",128,0,0,24,0,128,"SQ_CYCLES",26248608.000000,84872269725709,84872269771858
33,33,"Agent 2",1,65418,65418,1048576,415,"aiter::fmha_bwd_hd128_odo_bf16",128,0,0,24,0,128,"SQ_WAVES",32768.000000,84872269725709,84872269771858
33,33,"Agent 2",1,65418,65418,1048576,415,"aiter::fmha_bwd_hd128_odo_bf16",128,0,0,24,0,128,"SQ_WAVE_CYCLES",0.00000000e+00,84872269725709,84872269771858
34,34,"Agent 2",1,65418,65418,524288,416,"aiter::fmha_bwd_hd128_bf16_causal_br_a32_pssk",128,327680,0,512,0,128,"GRBM_COUNT",90622068.000000,84872270200540,84872276182661
34,34,"Agent 2",1,65418,65418,524288,416,"aiter::fmha_bwd_hd128_bf16_causal_br_a32_pssk",128,327680,0,512,0,128,"GRBM_GUI_ACTIVE",90622068.000000,84872270200540,84872276182661
34,34,"Agent 2",1,65418,65418,524288,416,"aiter::fmha_bwd_hd128_bf16_causal_br_a32_pssk",128,327680,0,512,0,128,"SQ_BUSY_CYCLES",2884802439.000000,84872270200540,84872276182661
34,34,"Agent 2",1,65418,65418,524288,416,"aiter::fmha_bwd_hd128_bf16_causal_br_a32_pssk",128,327680,0,512,0,128,"SQ_CYCLES",2899906688.000000,84872270200540,84872276182661
34,34,"Agent 2",1,65418,65418,524288,416,"aiter::fmha_bwd_hd128_bf16_causal_br_a32_pssk",128,327680,0,512,0,128,"SQ_WAVES",16384.000000,84872270200540,84872276182661
34,34,"Agent 2",1,65418,65418,524288,416,"aiter::fmha_bwd_hd128_bf16_causal_br_a32_pssk",128,327680,0,512,0,128,"SQ_WAVE_CYCLES",0.00000000e+00,84872270200540,84872276182661
35,35,"Agent 2",1,65418,65418,2097152,417,"aiter::fmha_bwd_hd128_dq_convert_bf16",128,0,0,16,0,128,"GRBM_COUNT",1080647.000000,84872276633822,84872276705730
35,35,"Agent 2",1,65418,65418,2097152,417,"aiter::fmha_bwd_hd128_dq_convert_bf16",128,0,0,16,0,128,"GRBM_GUI_ACTIVE",1080647.000000,84872276633822,84872276705730
35,35,"Agent 2",1,65418,65418,2097152,417,"aiter::fmha_bwd_hd128_dq_convert_bf16",128,0,0,16,0,128,"SQ_BUSY_CYCLES",34333450.000000,84872276633822,84872276705730
35,35,"Agent 2",1,65418,65418,2097152,417,"aiter::fmha_bwd_hd128_dq_convert_bf16",128,0,0,16,0,128,"SQ_CYCLES",34581216.000000,84872276633822,84872276705730
35,35,"Agent 2",1,65418,65418,2097152,417,"aiter::fmha_bwd_hd128_dq_convert_bf16",128,0,0,16,0,128,"SQ_WAVES",65536.000000,84872276633822,84872276705730
35,35,"Agent 2",1,65418,65418,2097152,417,"aiter::fmha_bwd_hd128_dq_convert_bf16",128,0,0,16,0,128,"SQ_WAVE_CYCLES",0.00000000e+00,84872276633822,84872276705730
36,36,"Agent 2",1,65418,65418,8388608,445,"void at::native::reduce_kernel<128, 4, at::native::ReduceOp<c10::BFloat16, at::native::func_wrapper_t<c10::BFloat16, at::native::sum_functor<c10::BFloat16, float, c10::BFloat16>::operator()(at::TensorIterator&)::{lambda(float, float)#1}>, unsigned int, c10::BFloat16, 4, 8> >(at::native::ReduceOp<c10::BFloat16, at::native::func_wrapper_t<c10::BFloat16, at::native::sum_functor<c10::BFloat16, float, c10::BFloat16>::operator()(at::TensorIterator&)::{lambda(float, float)#1}>, unsigned int, c10::BFloat16, 4, 8>)",128,512,0,32,0,128,"GRBM_COUNT",994845.000000,84872277156764,84872277216975
36,36,"Agent 2",1,65418,65418,8388608,445,"void at::native::reduce_kernel<128, 4, at::native::ReduceOp<c10::BFloat16, at::native::func_wrapper_t<c10::BFloat16, at::native::sum_functor<c10::BFloat16, float, c10::BFloat16>::operator()(at::TensorIterator&)::{lambda(float, float)#1}>, unsigned int, c10::BFloat16, 4, 8> >(at::native::ReduceOp<c10::BFloat16, at::native::func_wrapper_t<c10::BFloat16, at::native::sum_functor<c10::BFloat16, float, c10::BFloat16>::operator()(at::TensorIterator&)::{lambda(float, float)#1}>, unsigned int, c10::BFloat16, 4, 8>)",128,512,0,32,0,128,"GRBM_GUI_ACTIVE",994845.000000,84872277156764,84872277216975
36,36,"Agent 2",1,65418,65418,8388608,445,"void at::native::reduce_kernel<128, 4, at::native::ReduceOp<c10::BFloat16, at::native::func_wrapper_t<c10::BFloat16, at::native::sum_functor<c10::BFloat16, float, c10::BFloat16>::operator()(at::TensorIterator&)::{lambda(float, float)#1}>, unsigned int, c10::BFloat16, 4, 8> >(at::native::ReduceOp<c10::BFloat16, at::native::func_wrapper_t<c10::BFloat16, at::native::sum_functor<c10::BFloat16, float, c10::BFloat16>::operator()(at::TensorIterator&)::{lambda(float, float)#1}>, unsigned int, c10::BFloat16, 4, 8>)",128,512,0,32,0,128,"SQ_BUSY_CYCLES",31657203.000000,84872277156764,84872277216975
36,36,"Agent 2",1,65418,65418,8388608,445,"void at::native::reduce_kernel<128, 4, at::native::ReduceOp<c10::BFloat16, at::native::func_wrapper_t<c10::BFloat16, at::native::sum_functor<c10::BFloat16, float, c10::BFloat16>::operator()(at::TensorIterator&)::{lambda(float, float)#1}>, unsigned int, c10::BFloat16, 4, 8> >(at::native::ReduceOp<c10::BFloat16, at::native::func_wrapper_t<c10::BFloat16, at::native::sum_functor<c10::BFloat16, float, c10::BFloat16>::operator()(at::TensorIterator&)::{lambda(float, float)#1}>, unsigned int, c10::BFloat16, 4, 8>)",128,512,0,32,0,128,"SQ_CYCLES",31835552.000000,84872277156764,84872277216975
36,36,"Agent 2",1,65418,65418,8388608,445,"void at::native::reduce_kernel<128, 4, at::native::ReduceOp<c10::BFloat16, at::native::func_wrapper_t<c10::BFloat16, at::native::sum_functor<c10::BFloat16, float, c10::BFloat16>::operator()(at::TensorIterator&)::{lambda(float, float)#1}>, unsigned int, c10::BFloat16, 4, 8> >(at::native::ReduceOp<c10::BFloat16, at::native::func_wrapper_t<c10::BFloat16, at::native::sum_functor<c10::BFloat16, float, c10::BFloat16>::operator()(at::TensorIterator&)::{lambda(float, float)#1}>, unsigned int, c10::BFloat16, 4, 8>)",128,512,0,32,0,128,"SQ_WAVES",262144.000000,84872277156764,84872277216975
36,36,"Agent 2",1,65418,65418,8388608,445,"void at::native::reduce_kernel<128, 4, at::native::ReduceOp<c10::BFloat16, at::native::func_wrapper_t<c10::BFloat16, at::native::sum_functor<c10::BFloat16, float, c10::BFloat16>::operator()(at::TensorIterator&)::{lambda(float, float)#1}>, unsigned int, c10::BFloat16, 4, 8> >(at::native::ReduceOp<c10::BFloat16, at::native::func_wrapper_t<c10::BFloat16, at::native::sum_functor<c10::BFloat16, float, c10::BFloat16>::operator()(at::TensorIterator&)::{lambda(float, float)#1}>, unsigned int, c10::BFloat16, 4, 8>)",128,512,0,32,0,128,"SQ_WAVE_CYCLES",0.00000000e+00,84872277156764,84872277216975
37,37,"Agent 2",1,65418,65418,8388608,445,"void at::native::reduce_kernel<128, 4, at::native::ReduceOp<c10::BFloat16, at::native::func_wrapper_t<c10::BFloat16, at::native::sum_functor<c10::BFloat16, float, c10::BFloat16>::operator()(at::TensorIterator&)::{lambda(float, float)#1}>, unsigned int, c10::BFloat16, 4, 8> >(at::native::ReduceOp<c10::BFloat16, at::native::func_wrapper_t<c10::BFloat16, at::native::sum_functor<c10::BFloat16, float, c10::BFloat16>::operator()(at::TensorIterator&)::{lambda(float, float)#1}>, unsigned int, c10::BFloat16, 4, 8>)",128,512,0,32,0,128,"GRBM_COUNT",972058.000000,84872277655191,84872277714119
37,37,"Agent 2",1,65418,65418,8388608,445,"void at::native::reduce_kernel<128, 4, at::native::ReduceOp<c10::BFloat16, at::native::func_wrapper_t<c10::BFloat16, at::native::sum_functor<c10::BFloat16, float, c10::BFloat16>::operator()(at::TensorIterator&)::{lambda(float, float)#1}>, unsigned int, c10::BFloat16, 4, 8> >(at::native::ReduceOp<c10::BFloat16, at::native::func_wrapper_t<c10::BFloat16, at::native::sum_functor<c10::BFloat16, float, c10::BFloat16>::operator()(at::TensorIterator&)::{lambda(float, float)#1}>, unsigned int, c10::BFloat16, 4, 8>)",128,512,0,32,0,128,"GRBM_GUI_ACTIVE",972058.000000,84872277655191,84872277714119
37,37,"Agent 2",1,65418,65418,8388608,445,"void at::native::reduce_kernel<128, 4, at::native::ReduceOp<c10::BFloat16, at::native::func_wrapper_t<c10::BFloat16, at::native::sum_functor<c10::BFloat16, float, c10::BFloat16>::operator()(at::TensorIterator&)::{lambda(float, float)#1}>, unsigned int, c10::BFloat16, 4, 8> >(at::native::ReduceOp<c10::BFloat16, at::native::func_wrapper_t<c10::BFloat16, at::native::sum_functor<c10::BFloat16, float, c10::BFloat16>::operator()(at::TensorIterator&)::{lambda(float, float)#1}>, unsigned int, c10::BFloat16, 4, 8>)",128,512,0,32,0,128,"SQ_BUSY_CYCLES",30993516.000000,84872277655191,84872277714119
37,37,"Agent 2",1,65418,65418,8388608,445,"void at::native::reduce_kernel<128, 4, at::native::ReduceOp<c10::BFloat16, at::native::func_wrapper_t<c10::BFloat16, at::native::sum_functor<c10::BFloat16, float, c10::BFloat16>::operator()(at::TensorIterator&)::{lambda(float, float)#1}>, unsigned int, c10::BFloat16, 4, 8> >(at::native::ReduceOp<c10::BFloat16, at::native::func_wrapper_t<c10::BFloat16, at::native::sum_functor<c10::BFloat16, float, c10::BFloat16>::operator()(at::TensorIterator&)::{lambda(float, float)#1}>, unsigned int, c10::BFloat16, 4, 8>)",128,512,0,32,0,128,"SQ_CYCLES",31106368.000000,84872277655191,84872277714119
37,37,"Agent 2",1,65418,65418,8388608,445,"void at::native::reduce_kernel<128, 4, at::native::ReduceOp<c10::BFloat16, at::native::func_wrapper_t<c10::BFloat16, at::native::sum_functor<c10::BFloat16, float, c10::BFloat16>::operator()(at::TensorIterator&)::{lambda(float, float)#1}>, unsigned int, c10::BFloat16, 4, 8> >(at::native::ReduceOp<c10::BFloat16, at::native::func_wrapper_t<c10::BFloat16, at::native::sum_functor<c10::BFloat16, float, c10::BFloat16>::operator()(at::TensorIterator&)::{lambda(float, float)#1}>, unsigned int, c10::BFloat16, 4, 8>)",128,512,0,32,0,128,"SQ_WAVES",262144.000000,84872277655191,84872277714119
37,37,"Agent 2",1,65418,65418,8388608,445,"void at::native::reduce_kernel<128, 4, at::native::ReduceOp<c10::BFloat16, at::native::func_wrapper_t<c10::BFloat16, at::native::sum_functor<c10::BFloat16, float, c10::BFloat16>::operator()(at::TensorIterator&)::{lambda(float, float)#1}>, unsigned int, c10::BFloat16, 4, 8> >(at::native::ReduceOp<c10::BFloat16, at::native::func_wrapper_t<c10::BFloat16, at::native::sum_functor<c10::BFloat16, float, c10::BFloat16>::operator()(at::TensorIterator&)::{lambda(float, float)#1}>, unsigned int, c10::BFloat16, 4, 8>)",128,512,0,32,0,128,"SQ_WAVE_CYCLES",0.00000000e+00,84872277655191,84872277714119
38,38,"Agent 2",1,65418,65418,1048576,511,"kn_fmha_fwd_prefill_a16w16_m32x8_bshd_0",256,327680,0,224,0,128,"GRBM_COUNT",18611128.000000,84876567029116,84876568272298
38,38,"Agent 2",1,65418,65418,1048576,511,"kn_fmha_fwd_prefill_a16w16_m32x8_bshd_0",256,327680,0,224,0,128,"GRBM_GUI_ACTIVE",18611128.000000,84876567029116,84876568272298
38,38,"Agent 2",1,65418,65418,1048576,511,"kn_fmha_fwd_prefill_a16w16_m32x8_bshd_0",256,327680,0,224,0,128,"SQ_BUSY_CYCLES",592879052.000000,84876567029116,84876568272298
38,38,"Agent 2",1,65418,65418,1048576,511,"kn_fmha_fwd_prefill_a16w16_m32x8_bshd_0",256,327680,0,224,0,128,"SQ_CYCLES",595556608.000000,84876567029116,84876568272298
38,38,"Agent 2",1,65418,65418,1048576,511,"kn_fmha_fwd_prefill_a16w16_m32x8_bshd_0",256,327680,0,224,0,128,"SQ_WAVES",32768.000000,84876567029116,84876568272298
38,38,"Agent 2",1,65418,65418,1048576,511,"kn_fmha_fwd_prefill_a16w16_m32x8_bshd_0",256,327680,0,224,0,128,"SQ_WAVE_CYCLES",0.00000000e+00,84876567029116,84876568272298
39,39,"Agent 2",1,65418,65418,1048576,511,"kn_fmha_fwd_prefill_a16w16_m32x8_bshd_0",256,327680,0,224,0,128,"GRBM_COUNT",18368987.000000,84876570802807,84876572033971
39,39,"Agent 2",1,65418,65418,1048576,511,"kn_fmha_fwd_prefill_a16w16_m32x8_bshd_0",256,327680,0,224,0,128,"GRBM_GUI_ACTIVE",18368987.000000,84876570802807,84876572033971
39,39,"Agent 2",1,65418,65418,1048576,511,"kn_fmha_fwd_prefill_a16w16_m32x8_bshd_0",256,327680,0,224,0,128,"SQ_BUSY_CYCLES",585872959.000000,84876570802807,84876572033971
39,39,"Agent 2",1,65418,65418,1048576,511,"kn_fmha_fwd_prefill_a16w16_m32x8_bshd_0",256,327680,0,224,0,128,"SQ_CYCLES",587808096.000000,84876570802807,84876572033971
39,39,"Agent 2",1,65418,65418,1048576,511,"kn_fmha_fwd_prefill_a16w16_m32x8_bshd_0",256,327680,0,224,0,128,"SQ_WAVES",32768.000000,84876570802807,84876572033971
39,39,"Agent 2",1,65418,65418,1048576,511,"kn_fmha_fwd_prefill_a16w16_m32x8_bshd_0",256,327680,0,224,0,128,"SQ_WAVE_CYCLES",0.00000000e+00,84876570802807,84876572033971
40,40,"Agent 2",1,65418,65418,1048576,511,"kn_fmha_fwd_prefill_a16w16_m32x8_bshd_0",256,327680,0,224,0,128,"GRBM_COUNT",18551070.000000,84876572456244,84876573814799
40,40,"Agent 2",1,65418,65418,1048576,511,"kn_fmha_fwd_prefill_a16w16_m32x8_bshd_0",256,327680,0,224,0,128,"GRBM_GUI_ACTIVE",18551070.000000,84876572456244,84876573814799
40,40,"Agent 2",1,65418,65418,1048576,511,"kn_fmha_fwd_prefill_a16w16_m32x8_bshd_0",256,327680,0,224,0,128,"SQ_BUSY_CYCLES",590944371.000000,84876572456244,84876573814799
40,40,"Agent 2",1,65418,65418,1048576,511,"kn_fmha_fwd_prefill_a16w16_m32x8_bshd_0",256,327680,0,224,0,128,"SQ_CYCLES",593634752.000000,84876572456244,84876573814799
40,40,"Agent 2",1,65418,65418,1048576,511,"kn_fmha_fwd_prefill_a16w16_m32x8_bshd_0",256,327680,0,224,0,128,"SQ_WAVES",32768.000000,84876572456244,84876573814799
40,40,"Agent 2",1,65418,65418,1048576,511,"kn_fmha_fwd_prefill_a16w16_m32x8_bshd_0",256,327680,0,224,0,128,"SQ_WAVE_CYCLES",0.00000000e+00,84876572456244,84876573814799
41,41,"Agent 2",1,65418,65418,1048576,511,"kn_fmha_fwd_prefill_a16w16_m32x8_bshd_0",256,327680,0,224,0,128,"GRBM_COUNT",18482975.000000,84876574239154,84876575614254
41,41,"Agent 2",1,65418,65418,1048576,511,"kn_fmha_fwd_prefill_a16w16_m32x8_bshd_0",256,327680,0,224,0,128,"GRBM_GUI_ACTIVE",18482975.000000,84876574239154,84876575614254
41,41,"Agent 2",1,65418,65418,1048576,511,"kn_fmha_fwd_prefill_a16w16_m32x8_bshd_0",256,327680,0,224,0,128,"SQ_BUSY_CYCLES",589526543.000000,84876574239154,84876575614254
41,41,"Agent 2",1,65418,65418,1048576,511,"kn_fmha_fwd_prefill_a16w16_m32x8_bshd_0",256,327680,0,224,0,128,"SQ_CYCLES",591455712.000000,84876574239154,84876575614254
41,41,"Agent 2",1,65418,65418,1048576,511,"kn_fmha_fwd_prefill_a16w16_m32x8_bshd_0",256,327680,0,224,0,128,"SQ_WAVES",32768.000000,84876574239154,84876575614254
41,41,"Agent 2",1,65418,65418,1048576,511,"kn_fmha_fwd_prefill_a16w16_m32x8_bshd_0",256,327680,0,224,0,128,"SQ_WAVE_CYCLES",0.00000000e+00,84876574239154,84876575614254
42,42,"Agent 2",1,65418,65418,1048576,511,"kn_fmha_fwd_prefill_a16w16_m32x8_bshd_0",256,327680,0,224,0,128,"GRBM_COUNT",18429920.000000,84876576048705,84876577447800
42,42,"Agent 2",1,65418,65418,1048576,511,"kn_fmha_fwd_prefill_a16w16_m32x8_bshd_0",256,327680,0,224,0,128,"GRBM_GUI_ACTIVE",18429920.000000,84876576048705,84876577447800
42,42,"Agent 2",1,65418,65418,1048576,511,"kn_fmha_fwd_prefill_a16w16_m32x8_bshd_0",256,327680,0,224,0,128,"SQ_BUSY_CYCLES",587097789.000000,84876576048705,84876577447800
42,42,"Agent 2",1,65418,65418,1048576,511,"kn_fmha_fwd_prefill_a16w16_m32x8_bshd_0",256,327680,0,224,0,128,"SQ_CYCLES",589757952.000000,84876576048705,84876577447800
42,42,"Agent 2",1,65418,65418,1048576,511,"kn_fmha_fwd_prefill_a16w16_m32x8_bshd_0",256,327680,0,224,0,128,"SQ_WAVES",32768.000000,84876576048705,84876577447800
42,42,"Agent 2",1,65418,65418,1048576,511,"kn_fmha_fwd_prefill_a16w16_m32x8_bshd_0",256,327680,0,224,0,128,"SQ_WAVE_CYCLES",0.00000000e+00,84876576048705,84876577447800
43,43,"Agent 2",1,65418,65418,8388608,512,"k_delta_bshd_0",256,0,0,24,0,128,"GRBM_COUNT",864973.000000,84877553123718,84877553172511
43,43,"Agent 2",1,65418,65418,8388608,512,"k_delta_bshd_0",256,0,0,24,0,128,"GRBM_GUI_ACTIVE",864973.000000,84877553123718,84877553172511
43,43,"Agent 2",1,65418,65418,8388608,512,"k_delta_bshd_0",256,0,0,24,0,128,"SQ_BUSY_CYCLES",27573349.000000,84877553123718,84877553172511
43,43,"Agent 2",1,65418,65418,8388608,512,"k_delta_bshd_0",256,0,0,24,0,128,"SQ_CYCLES",27679648.000000,84877553123718,84877553172511
43,43,"Agent 2",1,65418,65418,8388608,512,"k_delta_bshd_0",256,0,0,24,0,128,"SQ_WAVES",262144.000000,84877553123718,84877553172511
43,43,"Agent 2",1,65418,65418,8388608,512,"k_delta_bshd_0",256,0,0,24,0,128,"SQ_WAVE_CYCLES",0.00000000e+00,84877553123718,84877553172511
44,44,"Agent 2",1,65418,65418,262144,513,"k_dkdv_0",32,70656,0,456,0,128,"GRBM_COUNT",75340628.000000,84880755697136,84880760685688
44,44,"Agent 2",1,65418,65418,262144,513,"k_dkdv_0",32,70656,0,456,0,128,"GRBM_GUI_ACTIVE",75340628.000000,84880755697136,84880760685688
44,44,"Agent 2",1,65418,65418,262144,513,"k_dkdv_0",32,70656,0,456,0,128,"SQ_BUSY_CYCLES",2405677434.000000,84880755697136,84880760685688
44,44,"Agent 2",1,65418,65418,262144,513,"k_dkdv_0",32,70656,0,456,0,128,"SQ_CYCLES",2410900608.000000,84880755697136,84880760685688
44,44,"Agent 2",1,65418,65418,262144,513,"k_dkdv_0",32,70656,0,456,0,128,"SQ_WAVES",8192.000000,84880755697136,84880760685688
44,44,"Agent 2",1,65418,65418,262144,513,"k_dkdv_0",32,70656,0,456,0,128,"SQ_WAVE_CYCLES",0.00000000e+00,84880755697136,84880760685688
45,45,"Agent 2",1,65418,65418,524288,514,"k_dq_0",32,8704,0,480,0,128,"GRBM_COUNT",48701933.000000,84884259268778,84884262232337
45,45,"Agent 2",1,65418,65418,524288,514,"k_dq_0",32,8704,0,480,0,128,"GRBM_GUI_ACTIVE",48701933.000000,84884259268778,84884262232337
45,45,"Agent 2",1,65418,65418,524288,514,"k_dq_0",32,8704,0,480,0,128,"SQ_BUSY_CYCLES",1552840659.000000,84884259268778,84884262232337
45,45,"Agent 2",1,65418,65418,524288,514,"k_dq_0",32,8704,0,480,0,128,"SQ_CYCLES",1558462368.000000,84884259268778,84884262232337
45,45,"Agent 2",1,65418,65418,524288,514,"k_dq_0",32,8704,0,480,0,128,"SQ_WAVES",16384.000000,84884259268778,84884262232337
45,45,"Agent 2",1,65418,65418,524288,514,"k_dq_0",32,8704,0,480,0,128,"SQ_WAVE_CYCLES",0.00000000e+00,84884259268778,84884262232337
46,46,"Agent 2",1,65418,65418,8388608,512,"k_delta_bshd_0",256,0,0,24,0,128,"GRBM_COUNT",970434.000000,84884262664863,84884262721869
46,46,"Agent 2",1,65418,65418,8388608,512,"k_delta_bshd_0",256,0,0,24,0,128,"GRBM_GUI_ACTIVE",970434.000000,84884262664863,84884262721869
46,46,"Agent 2",1,65418,65418,8388608,512,"k_delta_bshd_0",256,0,0,24,0,128,"SQ_BUSY_CYCLES",30957297.000000,84884262664863,84884262721869
46,46,"Agent 2",1,65418,65418,8388608,512,"k_delta_bshd_0",256,0,0,24,0,128,"SQ_CYCLES",31054400.000000,84884262664863,84884262721869
46,46,"Agent 2",1,65418,65418,8388608,512,"k_delta_bshd_0",256,0,0,24,0,128,"SQ_WAVES",262144.000000,84884262664863,84884262721869
46,46,"Agent 2",1,65418,65418,8388608,512,"k_delta_bshd_0",256,0,0,24,0,128,"SQ_WAVE_CYCLES",0.00000000e+00,84884262664863,84884262721869
47,47,"Agent 2",1,65418,65418,262144,513,"k_dkdv_0",32,70656,0,456,0,128,"GRBM_COUNT",75195528.000000,84884263147026,84884268131732
47,47,"Agent 2",1,65418,65418,262144,513,"k_dkdv_0",32,70656,0,456,0,128,"GRBM_GUI_ACTIVE",75195528.000000,84884263147026,84884268131732
47,47,"Agent 2",1,65418,65418,262144,513,"k_dkdv_0",32,70656,0,456,0,128,"SQ_BUSY_CYCLES",2396276282.000000,84884263147026,84884268131732
47,47,"Agent 2",1,65418,65418,262144,513,"k_dkdv_0",32,70656,0,456,0,128,"SQ_CYCLES",2406257408.000000,84884263147026,84884268131732
47,47,"Agent 2",1,65418,65418,262144,513,"k_dkdv_0",32,70656,0,456,0,128,"SQ_WAVES",8192.000000,84884263147026,84884268131732
47,47,"Agent 2",1,65418,65418,262144,513,"k_dkdv_0",32,70656,0,456,0,128,"SQ_WAVE_CYCLES",0.00000000e+00,84884263147026,84884268131732
48,48,"Agent 2",1,65418,65418,524288,514,"k_dq_0",32,8704,0,480,0,128,"GRBM_COUNT",48215373.000000,84884268570790,84884271699917
48,48,"Agent 2",1,65418,65418,524288,514,"k_dq_0",32,8704,0,480,0,128,"GRBM_GUI_ACTIVE",48215373.000000,84884268570790,84884271699917
48,48,"Agent 2",1,65418,65418,524288,514,"k_dq_0",32,8704,0,480,0,128,"SQ_BUSY_CYCLES",1534420759.000000,84884268570790,84884271699917
48,48,"Agent 2",1,65418,65418,524288,514,"k_dq_0",32,8704,0,480,0,128,"SQ_CYCLES",1542892448.000000,84884268570790,84884271699917
48,48,"Agent 2",1,65418,65418,524288,514,"k_dq_0",32,8704,0,480,0,128,"SQ_WAVES",16384.000000,84884268570790,84884271699917
48,48,"Agent 2",1,65418,65418,524288,514,"k_dq_0",32,8704,0,480,0,128,"SQ_WAVE_CYCLES",0.00000000e+00,84884268570790,84884271699917
49,49,"Agent 2",1,65418,65418,8388608,512,"k_delta_bshd_0",256,0,0,24,0,128,"GRBM_COUNT",827376.000000,84884272129320,84884272178674
49,49,"Agent 2",1,65418,65418,8388608,512,"k_delta_bshd_0",256,0,0,24,0,128,"GRBM_GUI_ACTIVE",827376.000000,84884272129320,84884272178674
49,49,"Agent 2",1,65418,65418,8388608,512,"k_delta_bshd_0",256,0,0,24,0,128,"SQ_BUSY_CYCLES",26351148.000000,84884272129320,84884272178674
49,49,"Agent 2",1,65418,65418,8388608,512,"k_delta_bshd_0",256,0,0,24,0,128,"SQ_CYCLES",26476544.000000,84884272129320,84884272178674
49,49,"Agent 2",1,65418,65418,8388608,512,"k_delta_bshd_0",256,0,0,24,0,128,"SQ_WAVES",262144.000000,84884272129320,84884272178674
49,49,"Agent 2",1,65418,65418,8388608,512,"k_delta_bshd_0",256,0,0,24,0,128,"SQ_WAVE_CYCLES",0.00000000e+00,84884272129320,84884272178674
50,50,"Agent 2",1,65418,65418,262144,513,"k_dkdv_0",32,70656,0,456,0,128,"GRBM_COUNT",75455380.000000,84884272606154,84884277657200
50,50,"Agent 2",1,65418,65418,262144,513,"k_dkdv_0",32,70656,0,456,0,128,"GRBM_GUI_ACTIVE",75455380.000000,84884272606154,84884277657200
50,50,"Agent 2",1,65418,65418,262144,513,"k_dkdv_0",32,70656,0,456,0,128,"SQ_BUSY_CYCLES",2409291947.000000,84884272606154,84884277657200
50,50,"Agent 2",1,65418,65418,262144,513,"k_dkdv_0",32,70656,0,456,0,128,"SQ_CYCLES",2414572672.000000,84884272606154,84884277657200
50,50,"Agent 2",1,65418,65418,262144,513,"k_dkdv_0",32,70656,0,456,0,128,"SQ_WAVES",8192.000000,84884272606154,84884277657200
50,50,"Agent 2",1,65418,65418,262144,513,"k_dkdv_0",32,70656,0,456,0,128,"SQ_WAVE_CYCLES",0.00000000e+00,84884272606154,84884277657200
51,51,"Agent 2",1,65418,65418,524288,514,"k_dq_0",32,8704,0,480,0,128,"GRBM_COUNT",48315647.000000,84884278092692,84884281242731
51,51,"Agent 2",1,65418,65418,524288,514,"k_dq_0",32,8704,0,480,0,128,"GRBM_GUI_ACTIVE",48315647.000000,84884278092692,84884281242731
51,51,"Agent 2",1,65418,65418,524288,514,"k_dq_0",32,8704,0,480,0,128,"SQ_BUSY_CYCLES",1541752739.000000,84884278092692,84884281242731
51,51,"Agent 2",1,65418,65418,524288,514,"k_dq_0",32,8704,0,480,0,128,"SQ_CYCLES",1546101216.000000,84884278092692,84884281242731
51,51,"Agent 2",1,65418,65418,524288,514,"k_dq_0",32,8704,0,480,0,128,"SQ_WAVES",16384.000000,84884278092692,84884281242731
51,51,"Agent 2",1,65418,65418,524288,514,"k_dq_0",32,8704,0,480,0,128,"SQ_WAVE_CYCLES",0.00000000e+00,84884278092692,84884281242731
52,52,"Agent 2",1,65418,65418,8388608,512,"k_delta_bshd_0",256,0,0,24,0,128,"GRBM_COUNT",826998.000000,84884281664963,84884281712915
52,52,"Agent 2",1,65418,65418,8388608,512,"k_delta_bshd_0",256,0,0,24,0,128,"GRBM_GUI_ACTIVE",826998.000000,84884281664963,84884281712915
52,52,"Agent 2",1,65418,65418,8388608,512,"k_delta_bshd_0",256,0,0,24,0,128,"SQ_BUSY_CYCLES",26362045.000000,84884281664963,84884281712915
52,52,"Agent 2",1,65418,65418,8388608,512,"k_delta_bshd_0",256,0,0,24,0,128,"SQ_CYCLES",26464448.000000,84884281664963,84884281712915
52,52,"Agent 2",1,65418,65418,8388608,512,"k_delta_bshd_0",256,0,0,24,0,128,"SQ_WAVES",262144.000000,84884281664963,84884281712915
52,52,"Agent 2",1,65418,65418,8388608,512,"k_delta_bshd_0",256,0,0,24,0,128,"SQ_WAVE_CYCLES",0.00000000e+00,84884281664963,84884281712915
53,53,"Agent 2",1,65418,65418,262144,513,"k_dkdv_0",32,70656,0,456,0,128,"GRBM_COUNT",75101584.000000,84884282130861,84884287076268
53,53,"Agent 2",1,65418,65418,262144,513,"k_dkdv_0",32,70656,0,456,0,128,"GRBM_GUI_ACTIVE",75101584.000000,84884282130861,84884287076268
53,53,"Agent 2",1,65418,65418,262144,513,"k_dkdv_0",32,70656,0,456,0,128,"SQ_BUSY_CYCLES",2396967550.000000,84884282130861,84884287076268
53,53,"Agent 2",1,65418,65418,262144,513,"k_dkdv_0",32,70656,0,456,0,128,"SQ_CYCLES",2403251200.000000,84884282130861,84884287076268
53,53,"Agent 2",1,65418,65418,262144,513,"k_dkdv_0",32,70656,0,456,0,128,"SQ_WAVES",8192.000000,84884282130861,84884287076268
53,53,"Agent 2",1,65418,65418,262144,513,"k_dkdv_0",32,70656,0,456,0,128,"SQ_WAVE_CYCLES",0.00000000e+00,84884282130861,84884287076268
54,54,"Agent 2",1,65418,65418,524288,514,"k_dq_0",32,8704,0,480,0,128,"GRBM_COUNT",48362796.000000,84884287508195,84884290626706
54,54,"Agent 2",1,65418,65418,524288,514,"k_dq_0",32,8704,0,480,0,128,"GRBM_GUI_ACTIVE",48362796.000000,84884287508195,84884290626706
54,54,"Agent 2",1,65418,65418,524288,514,"k_dq_0",32,8704,0,480,0,128,"SQ_BUSY_CYCLES",1540113487.000000,84884287508195,84884290626706
54,54,"Agent 2",1,65418,65418,524288,514,"k_dq_0",32,8704,0,480,0,128,"SQ_CYCLES",1547609984.000000,84884287508195,84884290626706
54,54,"Agent 2",1,65418,65418,524288,514,"k_dq_0",32,8704,0,480,0,128,"SQ_WAVES",16384.000000,84884287508195,84884290626706
54,54,"Agent 2",1,65418,65418,524288,514,"k_dq_0",32,8704,0,480,0,128,"SQ_WAVE_CYCLES",0.00000000e+00,84884287508195,84884290626706
55,55,"Agent 2",1,65418,65418,8388608,512,"k_delta_bshd_0",256,0,0,24,0,128,"GRBM_COUNT",870621.000000,84884291049179,84884291099815
55,55,"Agent 2",1,65418,65418,8388608,512,"k_delta_bshd_0",256,0,0,24,0,128,"GRBM_GUI_ACTIVE",870621.000000,84884291049179,84884291099815
55,55,"Agent 2",1,65418,65418,8388608,512,"k_delta_bshd_0",256,0,0,24,0,128,"SQ_BUSY_CYCLES",27718219.000000,84884291049179,84884291099815
55,55,"Agent 2",1,65418,65418,8388608,512,"k_delta_bshd_0",256,0,0,24,0,128,"SQ_CYCLES",27860384.000000,84884291049179,84884291099815
55,55,"Agent 2",1,65418,65418,8388608,512,"k_delta_bshd_0",256,0,0,24,0,128,"SQ_WAVES",262144.000000,84884291049179,84884291099815
55,55,"Agent 2",1,65418,65418,8388608,512,"k_delta_bshd_0",256,0,0,24,0,128,"SQ_WAVE_CYCLES",0.00000000e+00,84884291049179,84884291099815
56,56,"Agent 2",1,65418,65418,262144,513,"k_dkdv_0",32,70656,0,456,0,128,"GRBM_COUNT",75468334.000000,84884291521527,84884296545852
56,56,"Agent 2",1,65418,65418,262144,513,"k_dkdv_0",32,70656,0,456,0,128,"GRBM_GUI_ACTIVE",75468334.000000,84884291521527,84884296545852
56,56,"Agent 2",1,65418,65418,262144,513,"k_dkdv_0",32,70656,0,456,0,128,"SQ_BUSY_CYCLES",2398416115.000000,84884291521527,84884296545852
56,56,"Agent 2",1,65418,65418,262144,513,"k_dkdv_0",32,70656,0,456,0,128,"SQ_CYCLES",2414987200.000000,84884291521527,84884296545852
56,56,"Agent 2",1,65418,65418,262144,513,"k_dkdv_0",32,70656,0,456,0,128,"SQ_WAVES",8192.000000,84884291521527,84884296545852
56,56,"Agent 2",1,65418,65418,262144,513,"k_dkdv_0",32,70656,0,456,0,128,"SQ_WAVE_CYCLES",0.00000000e+00,84884291521527,84884296545852
57,57,"Agent 2",1,65418,65418,524288,514,"k_dq_0",32,8704,0,480,0,128,"GRBM_COUNT",48337300.000000,84884296976818,84884300098854
57,57,"Agent 2",1,65418,65418,524288,514,"k_dq_0",32,8704,0,480,0,128,"GRBM_GUI_ACTIVE",48337300.000000,84884296976818,84884300098854
57,57,"Agent 2",1,65418,65418,524288,514,"k_dq_0",32,8704,0,480,0,128,"SQ_BUSY_CYCLES",1540470675.000000,84884296976818,84884300098854
57,57,"Agent 2",1,65418,65418,524288,514,"k_dq_0",32,8704,0,480,0,128,"SQ_CYCLES",1546794112.000000,84884296976818,84884300098854
57,57,"Agent 2",1,65418,65418,524288,514,"k_dq_0",32,8704,0,480,0,128,"SQ_WAVES",16384.000000,84884296976818,84884300098854
57,57,"Agent 2",1,65418,65418,524288,514,"k_dq_0",32,8704,0,480,0,128,"SQ_WAVE_CYCLES",0.00000000e+00,84884296976818,84884300098854
