"Correlation_Id","Dispatch_Id","Agent_Id","Queue_Id","Process_Id","Thread_Id","Grid_Size","Kernel_Id","Kernel_Name","Workgroup_Size","LDS_Block_Size","Scratch_Size","VGPR_Count","Accum_VGPR_Count","SGPR_Count","Counter_Name","Counter_Value","Start_Timestamp","End_Timestamp"
1,1,"Agent 2",1,84716,84716,524288,12,"void at::native::(anonymous namespace)::distribution_elementwise_grid_stride_kernel<float, 4, at::native::templates::cuda::normal_and_transform<float, float, at::CUDAGeneratorImpl*, at::native::templates::cuda::normal_kernel<at::CUDAGeneratorImpl*>(at::TensorBase const&, double, double, at::CUDAGeneratorImpl*)::{lambda()#1}::operator()() const::{lambda()#2}::operator()() const::{lambda(float)#1}>(at::TensorIteratorBase&, at::CUDAGeneratorImpl*, at::native::templates::cuda::normal_kernel<at::CUDAGeneratorImpl*>(at::TensorBase const&, double, double, at::CUDAGeneratorImpl*)::{lambda()#1}::operator()() const::{lambda()#2}::operator()() const::{lambda(float)#1})::{lambda(hiprandStatePhilox4_32_10*)#2}, at::native::(anonymous namespace)::distribution_nullary_kernel<float, float, HIP_vector_type<float, 4u>, at::CUDAGeneratorImpl*, at::native::templates::cuda::normal_and_transform<float, float, at::CUDAGeneratorImpl*, at::native::templates::cuda::normal_kernel<at::CUDAGeneratorImpl*>(at::TensorBase const&, double, double, at::CUDAGeneratorImpl*)::{lambda()#1}::operator()() const::{lambda()#2}::operator()() const::{lambda(float)#1}>(at::TensorIteratorBase&, at::CUDAGeneratorImpl*, at::native::templates::cuda::normal_kernel<at::CUDAGeneratorImpl*>(at::TensorBase const&, double, double, at::CUDAGeneratorImpl*)::{lambda()#1}::operator()() const::{lambda()#2}::operator()() const::{lambda(float)#1})::{lambda(hiprandStatePhilox4_32_10*)#2}, at::native::templates::cuda::normal_kernel<at::CUDAGeneratorImpl*>(at::TensorBase const&, double, double, at::CUDAGeneratorImpl*)::{lambda()#1}::operator()() const::{lambda()#2}::operator()() const::{lambda(float)#1}>(at::TensorIteratorBase&, at::CUDAGeneratorImpl*, at::native::templates::cuda::normal_and_transform<float, float, at::CUDAGeneratorImpl*, at::native::templates::cuda::normal_kernel<at::CUDAGeneratorImpl*>(at::TensorBase const&, double, double, at::CUDAGeneratorImpl*)::{lambda()#1}::operator()() const::{lambda()#2}::operator()() const::{lambda(float)#1}>(at::TensorIteratorBase&, at::CUDAGeneratorImpl*, at::native::templates::cuda::normal_kernel<at::CUDAGeneratorImpl*>(at::TensorBase const&, double, double, at::CUDAGeneratorImpl*)::{lambda()#1}::operator()() const::{lambda()#2}::operator()() const::{lambda(float)#1})::{lambda(hiprandStatePhilox4_32_10*)#2} const&, at::native::templates::cuda::normal_kernel<at::CUDAGeneratorImpl*>(at::TensorBase const&, double, double, at::CUDAGeneratorImpl*)::{lambda()#1}::operator()() const::{lambda()#2}::operator()() const::{lambda(float)#1})::{lambda(int, float)#1}>(long, at::PhiloxCudaState, at::native::templates::cuda::normal_and_transform<float, float, at::CUDAGeneratorImpl*, at::native::templates::cuda::normal_kernel<at::CUDAGeneratorImpl*>(at::TensorBase const&, double, double, at::CUDAGeneratorImpl*)::{lambda()#1}::operator()() const::{lambda()#2}::operator()() const::{lambda(float)#1}>(at::TensorIteratorBase&, at::CUDAGeneratorImpl*, at::native::templates::cuda::normal_kernel<at::CUDAGeneratorImpl*>(at::TensorBase const&, double, double, at::CUDAGeneratorImpl*)::{lambda()#1}::operator()() const::{lambda()#2}::operator()() const::{lambda(float)#1})::{lambda(hiprandStatePhilox4_32_10*)#2}, at::native::(anonymous namespace)::distribution_nullary_kernel<float, float, HIP_vector_type<float, 4u>, at::CUDAGeneratorImpl*, at::native::templates::cuda::normal_and_transform<float, float, at::CUDAGeneratorImpl*, at::native::templates::cuda::normal_kernel<at::CUDAGeneratorImpl*>(at::TensorBase const&, double, double, at::CUDAGeneratorImpl*)::{lambda()#1}::operator()() const::{lambda()#2}::operator()() const::{lambda(float)#1}>(at::TensorIteratorBase&, at::CUDAGeneratorImpl*, at::native::templates::cuda::normal_kernel<at::CUDAGeneratorImpl*>(at::TensorBase const&, double, double, at::CUDAGeneratorImpl*)::{lambda()#1}::operator()() const::{lambda()#2}::operator()() const::{lambda(float)#1})::{lambda(hiprandStatePhilox4_32_10*)#2}, at::native::templates::cuda::normal_kernel<at::CUDAGeneratorImpl*>(at::TensorBase const&, double, double, at::CUDAGeneratorImpl*)::{lambda()#1}::operator()() const::{lambda()#2}::operator()() const::{lambda(float)#1}>(at::TensorIteratorBase&, at::CUDAGeneratorImpl*, at::native::templates::cuda::normal_and_transform<float, float, at::CUDAGeneratorImpl*, at::native::templates::cuda::normal_kernel<at::CUDAGeneratorImpl*>(at::TensorBase const&, double, double, at::CUDAGeneratorImpl*)::{lambda()#1}::operator()() const::{lambda()#2}::operator()() const::{lambda(float)#1}>(at::TensorIteratorBase&, at::CUDAGeneratorImpl*, at::native::templates::cuda::normal_kernel<at::CUDAGeneratorImpl*>(at::TensorBase const&, double, double, at::CUDAGeneratorImpl*)::{lambda()#1}::operator()() const::{lambda()#2}::operator()() const::{lambda(float)#1})::{lambda(hiprandStatePhilox4_32_10*)#2} const&, at::native::templates::cuda::normal_kernel<at::CUDAGeneratorImpl*>(at::TensorBase const&, double, double, at::CUDAGeneratorImpl*)::{lambda()#1}::operator()() const::{lambda()#2}::operator()() const::{lambda(float)#1})::{lambda(int, float)#1})",256,0,0,32,0,128,"GRBM_COUNT",7563247.000000,30611516954039,30611517368745
1,1,"Agent 2",1,84716,84716,524288,12,"void at::native::(anonymous namespace)::distribution_elementwise_grid_stride_kernel<float, 4, at::native::templates::cuda::normal_and_transform<float, float, at::CUDAGeneratorImpl*, at::native::templates::cuda::normal_kernel<at::CUDAGeneratorImpl*>(at::TensorBase const&, double, double, at::CUDAGeneratorImpl*)::{lambda()#1}::operator()() const::{lambda()#2}::operator()() const::{lambda(float)#1}>(at::TensorIteratorBase&, at::CUDAGeneratorImpl*, at::native::templates::cuda::normal_kernel<at::CUDAGeneratorImpl*>(at::TensorBase const&, double, double, at::CUDAGeneratorImpl*)::{lambda()#1}::operator()() const::{lambda()#2}::operator()() const::{lambda(float)#1})::{lambda(hiprandStatePhilox4_32_10*)#2}, at::native::(anonymous namespace)::distribution_nullary_kernel<float, float, HIP_vector_type<float, 4u>, at::CUDAGeneratorImpl*, at::native::templates::cuda::normal_and_transform<float, float, at::CUDAGeneratorImpl*, at::native::templates::cuda::normal_kernel<at::CUDAGeneratorImpl*>(at::TensorBase const&, double, double, at::CUDAGeneratorImpl*)::{lambda()#1}::operator()() const::{lambda()#2}::operator()() const::{lambda(float)#1}>(at::TensorIteratorBase&, at::CUDAGeneratorImpl*, at::native::templates::cuda::normal_kernel<at::CUDAGeneratorImpl*>(at::TensorBase const&, double, double, at::CUDAGeneratorImpl*)::{lambda()#1}::operator()() const::{lambda()#2}::operator()() const::{lambda(float)#1})::{lambda(hiprandStatePhilox4_32_10*)#2}, at::native::templates::cuda::normal_kernel<at::CUDAGeneratorImpl*>(at::TensorBase const&, double, double, at::CUDAGeneratorImpl*)::{lambda()#1}::operator()() const::{lambda()#2}::operator()() const::{lambda(float)#1}>(at::TensorIteratorBase&, at::CUDAGeneratorImpl*, at::native::templates::cuda::normal_and_transform<float, float, at::CUDAGeneratorImpl*, at::native::templates::cuda::normal_kernel<at::CUDAGeneratorImpl*>(at::TensorBase const&, double, double, at::CUDAGeneratorImpl*)::{lambda()#1}::operator()() const::{lambda()#2}::operator()() const::{lambda(float)#1}>(at::TensorIteratorBase&, at::CUDAGeneratorImpl*, at::native::templates::cuda::normal_kernel<at::CUDAGeneratorImpl*>(at::TensorBase const&, double, double, at::CUDAGeneratorImpl*)::{lambda()#1}::operator()() const::{lambda()#2}::operator()() const::{lambda(float)#1})::{lambda(hiprandStatePhilox4_32_10*)#2} const&, at::native::templates::cuda::normal_kernel<at::CUDAGeneratorImpl*>(at::TensorBase const&, double, double, at::CUDAGeneratorImpl*)::{lambda()#1}::operator()() const::{lambda()#2}::operator()() const::{lambda(float)#1})::{lambda(int, float)#1}>(long, at::PhiloxCudaState, at::native::templates::cuda::normal_and_transform<float, float, at::CUDAGeneratorImpl*, at::native::templates::cuda::normal_kernel<at::CUDAGeneratorImpl*>(at::TensorBase const&, double, double, at::CUDAGeneratorImpl*)::{lambda()#1}::operator()() const::{lambda()#2}::operator()() const::{lambda(float)#1}>(at::TensorIteratorBase&, at::CUDAGeneratorImpl*, at::native::templates::cuda::normal_kernel<at::CUDAGeneratorImpl*>(at::TensorBase const&, double, double, at::CUDAGeneratorImpl*)::{lambda()#1}::operator()() const::{lambda()#2}::operator()() const::{lambda(float)#1})::{lambda(hiprandStatePhilox4_32_10*)#2}, at::native::(anonymous namespace)::distribution_nullary_kernel<float, float, HIP_vector_type<float, 4u>, at::CUDAGeneratorImpl*, at::native::templates::cuda::normal_and_transform<float, float, at::CUDAGeneratorImpl*, at::native::templates::cuda::normal_kernel<at::CUDAGeneratorImpl*>(at::TensorBase const&, double, double, at::CUDAGeneratorImpl*)::{lambda()#1}::operator()() const::{lambda()#2}::operator()() const::{lambda(float)#1}>(at::TensorIteratorBase&, at::CUDAGeneratorImpl*, at::native::templates::cuda::normal_kernel<at::CUDAGeneratorImpl*>(at::TensorBase const&, double, double, at::CUDAGeneratorImpl*)::{lambda()#1}::operator()() const::{lambda()#2}::operator()() const::{lambda(float)#1})::{lambda(hiprandStatePhilox4_32_10*)#2}, at::native::templates::cuda::normal_kernel<at::CUDAGeneratorImpl*>(at::TensorBase const&, double, double, at::CUDAGeneratorImpl*)::{lambda()#1}::operator()() const::{lambda()#2}::operator()() const::{lambda(float)#1}>(at::TensorIteratorBase&, at::CUDAGeneratorImpl*, at::native::templates::cuda::normal_and_transform<float, float, at::CUDAGeneratorImpl*, at::native::templates::cuda::normal_kernel<at::CUDAGeneratorImpl*>(at::TensorBase const&, double, double, at::CUDAGeneratorImpl*)::{lambda()#1}::operator()() const::{lambda()#2}::operator()() const::{lambda(float)#1}>(at::TensorIteratorBase&, at::CUDAGeneratorImpl*, at::native::templates::cuda::normal_kernel<at::CUDAGeneratorImpl*>(at::TensorBase const&, double, double, at::CUDAGeneratorImpl*)::{lambda()#1}::operator()() const::{lambda()#2}::operator()() const::{lambda(float)#1})::{lambda(hiprandStatePhilox4_32_10*)#2} const&, at::native::templates::cuda::normal_kernel<at::CUDAGeneratorImpl*>(at::TensorBase const&, double, double, at::CUDAGeneratorImpl*)::{lambda()#1}::operator()() const::{lambda()#2}::operator()() const::{lambda(float)#1})::{lambda(int, float)#1})",256,0,0,32,0,128,"GRBM_GUI_ACTIVE",7563247.000000,30611516954039,30611517368745
1,1,"Agent 2",1,84716,84716,524288,12,"void at::native::(anonymous namespace)::distribution_elementwise_grid_stride_kernel<float, 4, at::native::templates::cuda::normal_and_transform<float, float, at::CUDAGeneratorImpl*, at::native::templates::cuda::normal_kernel<at::CUDAGeneratorImpl*>(at::TensorBase const&, double, double, at::CUDAGeneratorImpl*)::{lambda()#1}::operator()() const::{lambda()#2}::operator()() const::{lambda(float)#1}>(at::TensorIteratorBase&, at::CUDAGeneratorImpl*, at::native::templates::cuda::normal_kernel<at::CUDAGeneratorImpl*>(at::TensorBase const&, double, double, at::CUDAGeneratorImpl*)::{lambda()#1}::operator()() const::{lambda()#2}::operator()() const::{lambda(float)#1})::{lambda(hiprandStatePhilox4_32_10*)#2}, at::native::(anonymous namespace)::distribution_nullary_kernel<float, float, HIP_vector_type<float, 4u>, at::CUDAGeneratorImpl*, at::native::templates::cuda::normal_and_transform<float, float, at::CUDAGeneratorImpl*, at::native::templates::cuda::normal_kernel<at::CUDAGeneratorImpl*>(at::TensorBase const&, double, double, at::CUDAGeneratorImpl*)::{lambda()#1}::operator()() const::{lambda()#2}::operator()() const::{lambda(float)#1}>(at::TensorIteratorBase&, at::CUDAGeneratorImpl*, at::native::templates::cuda::normal_kernel<at::CUDAGeneratorImpl*>(at::TensorBase const&, double, double, at::CUDAGeneratorImpl*)::{lambda()#1}::operator()() const::{lambda()#2}::operator()() const::{lambda(float)#1})::{lambda(hiprandStatePhilox4_32_10*)#2}, at::native::templates::cuda::normal_kernel<at::CUDAGeneratorImpl*>(at::TensorBase const&, double, double, at::CUDAGeneratorImpl*)::{lambda()#1}::operator()() const::{lambda()#2}::operator()() const::{lambda(float)#1}>(at::TensorIteratorBase&, at::CUDAGeneratorImpl*, at::native::templates::cuda::normal_and_transform<float, float, at::CUDAGeneratorImpl*, at::native::templates::cuda::normal_kernel<at::CUDAGeneratorImpl*>(at::TensorBase const&, double, double, at::CUDAGeneratorImpl*)::{lambda()#1}::operator()() const::{lambda()#2}::operator()() const::{lambda(float)#1}>(at::TensorIteratorBase&, at::CUDAGeneratorImpl*, at::native::templates::cuda::normal_kernel<at::CUDAGeneratorImpl*>(at::TensorBase const&, double, double, at::CUDAGeneratorImpl*)::{lambda()#1}::operator()() const::{lambda()#2}::operator()() const::{lambda(float)#1})::{lambda(hiprandStatePhilox4_32_10*)#2} const&, at::native::templates::cuda::normal_kernel<at::CUDAGeneratorImpl*>(at::TensorBase const&, double, double, at::CUDAGeneratorImpl*)::{lambda()#1}::operator()() const::{lambda()#2}::operator()() const::{lambda(float)#1})::{lambda(int, float)#1}>(long, at::PhiloxCudaState, at::native::templates::cuda::normal_and_transform<float, float, at::CUDAGeneratorImpl*, at::native::templates::cuda::normal_kernel<at::CUDAGeneratorImpl*>(at::TensorBase const&, double, double, at::CUDAGeneratorImpl*)::{lambda()#1}::operator()() const::{lambda()#2}::operator()() const::{lambda(float)#1}>(at::TensorIteratorBase&, at::CUDAGeneratorImpl*, at::native::templates::cuda::normal_kernel<at::CUDAGeneratorImpl*>(at::TensorBase const&, double, double, at::CUDAGeneratorImpl*)::{lambda()#1}::operator()() const::{lambda()#2}::operator()() const::{lambda(float)#1})::{lambda(hiprandStatePhilox4_32_10*)#2}, at::native::(anonymous namespace)::distribution_nullary_kernel<float, float, HIP_vector_type<float, 4u>, at::CUDAGeneratorImpl*, at::native::templates::cuda::normal_and_transform<float, float, at::CUDAGeneratorImpl*, at::native::templates::cuda::normal_kernel<at::CUDAGeneratorImpl*>(at::TensorBase const&, double, double, at::CUDAGeneratorImpl*)::{lambda()#1}::operator()() const::{lambda()#2}::operator()() const::{lambda(float)#1}>(at::TensorIteratorBase&, at::CUDAGeneratorImpl*, at::native::templates::cuda::normal_kernel<at::CUDAGeneratorImpl*>(at::TensorBase const&, double, double, at::CUDAGeneratorImpl*)::{lambda()#1}::operator()() const::{lambda()#2}::operator()() const::{lambda(float)#1})::{lambda(hiprandStatePhilox4_32_10*)#2}, at::native::templates::cuda::normal_kernel<at::CUDAGeneratorImpl*>(at::TensorBase const&, double, double, at::CUDAGeneratorImpl*)::{lambda()#1}::operator()() const::{lambda()#2}::operator()() const::{lambda(float)#1}>(at::TensorIteratorBase&, at::CUDAGeneratorImpl*, at::native::templates::cuda::normal_and_transform<float, float, at::CUDAGeneratorImpl*, at::native::templates::cuda::normal_kernel<at::CUDAGeneratorImpl*>(at::TensorBase const&, double, double, at::CUDAGeneratorImpl*)::{lambda()#1}::operator()() const::{lambda()#2}::operator()() const::{lambda(float)#1}>(at::TensorIteratorBase&, at::CUDAGeneratorImpl*, at::native::templates::cuda::normal_kernel<at::CUDAGeneratorImpl*>(at::TensorBase const&, double, double, at::CUDAGeneratorImpl*)::{lambda()#1}::operator()() const::{lambda()#2}::operator()() const::{lambda(float)#1})::{lambda(hiprandStatePhilox4_32_10*)#2} const&, at::native::templates::cuda::normal_kernel<at::CUDAGeneratorImpl*>(at::TensorBase const&, double, double, at::CUDAGeneratorImpl*)::{lambda()#1}::operator()() const::{lambda()#2}::operator()() const::{lambda(float)#1})::{lambda(int, float)#1})",256,0,0,32,0,128,"SQ_WAVES",16384.000000,30611516954039,30611517368745
2,2,"Agent 2",1,84716,84716,16777216,145,"void at::native::vectorized_elementwise_kernel<4, at::native::bfloat16_copy_kernel_cuda(at::TensorIteratorBase&)::{lambda(float)#1}, std::array<char*, 2ul> >(int, at::native::bfloat16_copy_kernel_cuda(at::TensorIteratorBase&)::{lambda(float)#1}, std::array<char*, 2ul>)",256,0,0,16,0,128,"GRBM_COUNT",1259690.000000,30611548486417,30611548558052
2,2,"Agent 2",1,84716,84716,16777216,145,"void at::native::vectorized_elementwise_kernel<4, at::native::bfloat16_copy_kernel_cuda(at::TensorIteratorBase&)::{lambda(float)#1}, std::array<char*, 2ul> >(int, at::native::bfloat16_copy_kernel_cuda(at::TensorIteratorBase&)::{lambda(float)#1}, std::array<char*, 2ul>)",256,0,0,16,0,128,"GRBM_GUI_ACTIVE",1259690.000000,30611548486417,30611548558052
2,2,"Agent 2",1,84716,84716,16777216,145,"void at::native::vectorized_elementwise_kernel<4, at::native::bfloat16_copy_kernel_cuda(at::TensorIteratorBase&)::{lambda(float)#1}, std::array<char*, 2ul> >(int, at::native::bfloat16_copy_kernel_cuda(at::TensorIteratorBase&)::{lambda(float)#1}, std::array<char*, 2ul>)",256,0,0,16,0,128,"SQ_WAVES",524288.000000,30611548486417,30611548558052
3,3,"Agent 2",1,84716,84716,524288,12,"void at::native::(anonymous namespace)::distribution_elementwise_grid_stride_kernel<float, 4, at::native::templates::cuda::normal_and_transform<float, float, at::CUDAGeneratorImpl*, at::native::templates::cuda::normal_kernel<at::CUDAGeneratorImpl*>(at::TensorBase const&, double, double, at::CUDAGeneratorImpl*)::{lambda()#1}::operator()() const::{lambda()#2}::operator()() const::{lambda(float)#1}>(at::TensorIteratorBase&, at::CUDAGeneratorImpl*, at::native::templates::cuda::normal_kernel<at::CUDAGeneratorImpl*>(at::TensorBase const&, double, double, at::CUDAGeneratorImpl*)::{lambda()#1}::operator()() const::{lambda()#2}::operator()() const::{lambda(float)#1})::{lambda(hiprandStatePhilox4_32_10*)#2}, at::native::(anonymous namespace)::distribution_nullary_kernel<float, float, HIP_vector_type<float, 4u>, at::CUDAGeneratorImpl*, at::native::templates::cuda::normal_and_transform<float, float, at::CUDAGeneratorImpl*, at::native::templates::cuda::normal_kernel<at::CUDAGeneratorImpl*>(at::TensorBase const&, double, double, at::CUDAGeneratorImpl*)::{lambda()#1}::operator()() const::{lambda()#2}::operator()() const::{lambda(float)#1}>(at::TensorIteratorBase&, at::CUDAGeneratorImpl*, at::native::templates::cuda::normal_kernel<at::CUDAGeneratorImpl*>(at::TensorBase const&, double, double, at::CUDAGeneratorImpl*)::{lambda()#1}::operator()() const::{lambda()#2}::operator()() const::{lambda(float)#1})::{lambda(hiprandStatePhilox4_32_10*)#2}, at::native::templates::cuda::normal_kernel<at::CUDAGeneratorImpl*>(at::TensorBase const&, double, double, at::CUDAGeneratorImpl*)::{lambda()#1}::operator()() const::{lambda()#2}::operator()() const::{lambda(float)#1}>(at::TensorIteratorBase&, at::CUDAGeneratorImpl*, at::native::templates::cuda::normal_and_transform<float, float, at::CUDAGeneratorImpl*, at::native::templates::cuda::normal_kernel<at::CUDAGeneratorImpl*>(at::TensorBase const&, double, double, at::CUDAGeneratorImpl*)::{lambda()#1}::operator()() const::{lambda()#2}::operator()() const::{lambda(float)#1}>(at::TensorIteratorBase&, at::CUDAGeneratorImpl*, at::native::templates::cuda::normal_kernel<at::CUDAGeneratorImpl*>(at::TensorBase const&, double, double, at::CUDAGeneratorImpl*)::{lambda()#1}::operator()() const::{lambda()#2}::operator()() const::{lambda(float)#1})::{lambda(hiprandStatePhilox4_32_10*)#2} const&, at::native::templates::cuda::normal_kernel<at::CUDAGeneratorImpl*>(at::TensorBase const&, double, double, at::CUDAGeneratorImpl*)::{lambda()#1}::operator()() const::{lambda()#2}::operator()() const::{lambda(float)#1})::{lambda(int, float)#1}>(long, at::PhiloxCudaState, at::native::templates::cuda::normal_and_transform<float, float, at::CUDAGeneratorImpl*, at::native::templates::cuda::normal_kernel<at::CUDAGeneratorImpl*>(at::TensorBase const&, double, double, at::CUDAGeneratorImpl*)::{lambda()#1}::operator()() const::{lambda()#2}::operator()() const::{lambda(float)#1}>(at::TensorIteratorBase&, at::CUDAGeneratorImpl*, at::native::templates::cuda::normal_kernel<at::CUDAGeneratorImpl*>(at::TensorBase const&, double, double, at::CUDAGeneratorImpl*)::{lambda()#1}::operator()() const::{lambda()#2}::operator()() const::{lambda(float)#1})::{lambda(hiprandStatePhilox4_32_10*)#2}, at::native::(anonymous namespace)::distribution_nullary_kernel<float, float, HIP_vector_type<float, 4u>, at::CUDAGeneratorImpl*, at::native::templates::cuda::normal_and_transform<float, float, at::CUDAGeneratorImpl*, at::native::templates::cuda::normal_kernel<at::CUDAGeneratorImpl*>(at::TensorBase const&, double, double, at::CUDAGeneratorImpl*)::{lambda()#1}::operator()() const::{lambda()#2}::operator()() const::{lambda(float)#1}>(at::TensorIteratorBase&, at::CUDAGeneratorImpl*, at::native::templates::cuda::normal_kernel<at::CUDAGeneratorImpl*>(at::TensorBase const&, double, double, at::CUDAGeneratorImpl*)::{lambda()#1}::operator()() const::{lambda()#2}::operator()() const::{lambda(float)#1})::{lambda(hiprandStatePhilox4_32_10*)#2}, at::native::templates::cuda::normal_kernel<at::CUDAGeneratorImpl*>(at::TensorBase const&, double, double, at::CUDAGeneratorImpl*)::{lambda()#1}::operator()() const::{lambda()#2}::operator()() const::{lambda(float)#1}>(at::TensorIteratorBase&, at::CUDAGeneratorImpl*, at::native::templates::cuda::normal_and_transform<float, float, at::CUDAGeneratorImpl*, at::native::templates::cuda::normal_kernel<at::CUDAGeneratorImpl*>(at::TensorBase const&, double, double, at::CUDAGeneratorImpl*)::{lambda()#1}::operator()() const::{lambda()#2}::operator()() const::{lambda(float)#1}>(at::TensorIteratorBase&, at::CUDAGeneratorImpl*, at::native::templates::cuda::normal_kernel<at::CUDAGeneratorImpl*>(at::TensorBase const&, double, double, at::CUDAGeneratorImpl*)::{lambda()#1}::operator()() const::{lambda()#2}::operator()() const::{lambda(float)#1})::{lambda(hiprandStatePhilox4_32_10*)#2} const&, at::native::templates::cuda::normal_kernel<at::CUDAGeneratorImpl*>(at::TensorBase const&, double, double, at::CUDAGeneratorImpl*)::{lambda()#1}::operator()() const::{lambda()#2}::operator()() const::{lambda(float)#1})::{lambda(int, float)#1})",256,0,0,32,0,128,"GRBM_COUNT",2481196.000000,30611548719687,30611548841716
3,3,"Agent 2",1,84716,84716,524288,12,"void at::native::(anonymous namespace)::distribution_elementwise_grid_stride_kernel<float, 4, at::native::templates::cuda::normal_and_transform<float, float, at::CUDAGeneratorImpl*, at::native::templates::cuda::normal_kernel<at::CUDAGeneratorImpl*>(at::TensorBase const&, double, double, at::CUDAGeneratorImpl*)::{lambda()#1}::operator()() const::{lambda()#2}::operator()() const::{lambda(float)#1}>(at::TensorIteratorBase&, at::CUDAGeneratorImpl*, at::native::templates::cuda::normal_kernel<at::CUDAGeneratorImpl*>(at::TensorBase const&, double, double, at::CUDAGeneratorImpl*)::{lambda()#1}::operator()() const::{lambda()#2}::operator()() const::{lambda(float)#1})::{lambda(hiprandStatePhilox4_32_10*)#2}, at::native::(anonymous namespace)::distribution_nullary_kernel<float, float, HIP_vector_type<float, 4u>, at::CUDAGeneratorImpl*, at::native::templates::cuda::normal_and_transform<float, float, at::CUDAGeneratorImpl*, at::native::templates::cuda::normal_kernel<at::CUDAGeneratorImpl*>(at::TensorBase const&, double, double, at::CUDAGeneratorImpl*)::{lambda()#1}::operator()() const::{lambda()#2}::operator()() const::{lambda(float)#1}>(at::TensorIteratorBase&, at::CUDAGeneratorImpl*, at::native::templates::cuda::normal_kernel<at::CUDAGeneratorImpl*>(at::TensorBase const&, double, double, at::CUDAGeneratorImpl*)::{lambda()#1}::operator()() const::{lambda()#2}::operator()() const::{lambda(float)#1})::{lambda(hiprandStatePhilox4_32_10*)#2}, at::native::templates::cuda::normal_kernel<at::CUDAGeneratorImpl*>(at::TensorBase const&, double, double, at::CUDAGeneratorImpl*)::{lambda()#1}::operator()() const::{lambda()#2}::operator()() const::{lambda(float)#1}>(at::TensorIteratorBase&, at::CUDAGeneratorImpl*, at::native::templates::cuda::normal_and_transform<float, float, at::CUDAGeneratorImpl*, at::native::templates::cuda::normal_kernel<at::CUDAGeneratorImpl*>(at::TensorBase const&, double, double, at::CUDAGeneratorImpl*)::{lambda()#1}::operator()() const::{lambda()#2}::operator()() const::{lambda(float)#1}>(at::TensorIteratorBase&, at::CUDAGeneratorImpl*, at::native::templates::cuda::normal_kernel<at::CUDAGeneratorImpl*>(at::TensorBase const&, double, double, at::CUDAGeneratorImpl*)::{lambda()#1}::operator()() const::{lambda()#2}::operator()() const::{lambda(float)#1})::{lambda(hiprandStatePhilox4_32_10*)#2} const&, at::native::templates::cuda::normal_kernel<at::CUDAGeneratorImpl*>(at::TensorBase const&, double, double, at::CUDAGeneratorImpl*)::{lambda()#1}::operator()() const::{lambda()#2}::operator()() const::{lambda(float)#1})::{lambda(int, float)#1}>(long, at::PhiloxCudaState, at::native::templates::cuda::normal_and_transform<float, float, at::CUDAGeneratorImpl*, at::native::templates::cuda::normal_kernel<at::CUDAGeneratorImpl*>(at::TensorBase const&, double, double, at::CUDAGeneratorImpl*)::{lambda()#1}::operator()() const::{lambda()#2}::operator()() const::{lambda(float)#1}>(at::TensorIteratorBase&, at::CUDAGeneratorImpl*, at::native::templates::cuda::normal_kernel<at::CUDAGeneratorImpl*>(at::TensorBase const&, double, double, at::CUDAGeneratorImpl*)::{lambda()#1}::operator()() const::{lambda()#2}::operator()() const::{lambda(float)#1})::{lambda(hiprandStatePhilox4_32_10*)#2}, at::native::(anonymous namespace)::distribution_nullary_kernel<float, float, HIP_vector_type<float, 4u>, at::CUDAGeneratorImpl*, at::native::templates::cuda::normal_and_transform<float, float, at::CUDAGeneratorImpl*, at::native::templates::cuda::normal_kernel<at::CUDAGeneratorImpl*>(at::TensorBase const&, double, double, at::CUDAGeneratorImpl*)::{lambda()#1}::operator()() const::{lambda()#2}::operator()() const::{lambda(float)#1}>(at::TensorIteratorBase&, at::CUDAGeneratorImpl*, at::native::templates::cuda::normal_kernel<at::CUDAGeneratorImpl*>(at::TensorBase const&, double, double, at::CUDAGeneratorImpl*)::{lambda()#1}::operator()() const::{lambda()#2}::operator()() const::{lambda(float)#1})::{lambda(hiprandStatePhilox4_32_10*)#2}, at::native::templates::cuda::normal_kernel<at::CUDAGeneratorImpl*>(at::TensorBase const&, double, double, at::CUDAGeneratorImpl*)::{lambda()#1}::operator()() const::{lambda()#2}::operator()() const::{lambda(float)#1}>(at::TensorIteratorBase&, at::CUDAGeneratorImpl*, at::native::templates::cuda::normal_and_transform<float, float, at::CUDAGeneratorImpl*, at::native::templates::cuda::normal_kernel<at::CUDAGeneratorImpl*>(at::TensorBase const&, double, double, at::CUDAGeneratorImpl*)::{lambda()#1}::operator()() const::{lambda()#2}::operator()() const::{lambda(float)#1}>(at::TensorIteratorBase&, at::CUDAGeneratorImpl*, at::native::templates::cuda::normal_kernel<at::CUDAGeneratorImpl*>(at::TensorBase const&, double, double, at::CUDAGeneratorImpl*)::{lambda()#1}::operator()() const::{lambda()#2}::operator()() const::{lambda(float)#1})::{lambda(hiprandStatePhilox4_32_10*)#2} const&, at::native::templates::cuda::normal_kernel<at::CUDAGeneratorImpl*>(at::TensorBase const&, double, double, at::CUDAGeneratorImpl*)::{lambda()#1}::operator()() const::{lambda()#2}::operator()() const::{lambda(float)#1})::{lambda(int, float)#1})",256,0,0,32,0,128,"GRBM_GUI_ACTIVE",2481196.000000,30611548719687,30611548841716
3,3,"Agent 2",1,84716,84716,524288,12,"void at::native::(anonymous namespace)::distribution_elementwise_grid_stride_kernel<float, 4, at::native::templates::cuda::normal_and_transform<float, float, at::CUDAGeneratorImpl*, at::native::templates::cuda::normal_kernel<at::CUDAGeneratorImpl*>(at::TensorBase const&, double, double, at::CUDAGeneratorImpl*)::{lambda()#1}::operator()() const::{lambda()#2}::operator()() const::{lambda(float)#1}>(at::TensorIteratorBase&, at::CUDAGeneratorImpl*, at::native::templates::cuda::normal_kernel<at::CUDAGeneratorImpl*>(at::TensorBase const&, double, double, at::CUDAGeneratorImpl*)::{lambda()#1}::operator()() const::{lambda()#2}::operator()() const::{lambda(float)#1})::{lambda(hiprandStatePhilox4_32_10*)#2}, at::native::(anonymous namespace)::distribution_nullary_kernel<float, float, HIP_vector_type<float, 4u>, at::CUDAGeneratorImpl*, at::native::templates::cuda::normal_and_transform<float, float, at::CUDAGeneratorImpl*, at::native::templates::cuda::normal_kernel<at::CUDAGeneratorImpl*>(at::TensorBase const&, double, double, at::CUDAGeneratorImpl*)::{lambda()#1}::operator()() const::{lambda()#2}::operator()() const::{lambda(float)#1}>(at::TensorIteratorBase&, at::CUDAGeneratorImpl*, at::native::templates::cuda::normal_kernel<at::CUDAGeneratorImpl*>(at::TensorBase const&, double, double, at::CUDAGeneratorImpl*)::{lambda()#1}::operator()() const::{lambda()#2}::operator()() const::{lambda(float)#1})::{lambda(hiprandStatePhilox4_32_10*)#2}, at::native::templates::cuda::normal_kernel<at::CUDAGeneratorImpl*>(at::TensorBase const&, double, double, at::CUDAGeneratorImpl*)::{lambda()#1}::operator()() const::{lambda()#2}::operator()() const::{lambda(float)#1}>(at::TensorIteratorBase&, at::CUDAGeneratorImpl*, at::native::templates::cuda::normal_and_transform<float, float, at::CUDAGeneratorImpl*, at::native::templates::cuda::normal_kernel<at::CUDAGeneratorImpl*>(at::TensorBase const&, double, double, at::CUDAGeneratorImpl*)::{lambda()#1}::operator()() const::{lambda()#2}::operator()() const::{lambda(float)#1}>(at::TensorIteratorBase&, at::CUDAGeneratorImpl*, at::native::templates::cuda::normal_kernel<at::CUDAGeneratorImpl*>(at::TensorBase const&, double, double, at::CUDAGeneratorImpl*)::{lambda()#1}::operator()() const::{lambda()#2}::operator()() const::{lambda(float)#1})::{lambda(hiprandStatePhilox4_32_10*)#2} const&, at::native::templates::cuda::normal_kernel<at::CUDAGeneratorImpl*>(at::TensorBase const&, double, double, at::CUDAGeneratorImpl*)::{lambda()#1}::operator()() const::{lambda()#2}::operator()() const::{lambda(float)#1})::{lambda(int, float)#1}>(long, at::PhiloxCudaState, at::native::templates::cuda::normal_and_transform<float, float, at::CUDAGeneratorImpl*, at::native::templates::cuda::normal_kernel<at::CUDAGeneratorImpl*>(at::TensorBase const&, double, double, at::CUDAGeneratorImpl*)::{lambda()#1}::operator()() const::{lambda()#2}::operator()() const::{lambda(float)#1}>(at::TensorIteratorBase&, at::CUDAGeneratorImpl*, at::native::templates::cuda::normal_kernel<at::CUDAGeneratorImpl*>(at::TensorBase const&, double, double, at::CUDAGeneratorImpl*)::{lambda()#1}::operator()() const::{lambda()#2}::operator()() const::{lambda(float)#1})::{lambda(hiprandStatePhilox4_32_10*)#2}, at::native::(anonymous namespace)::distribution_nullary_kernel<float, float, HIP_vector_type<float, 4u>, at::CUDAGeneratorImpl*, at::native::templates::cuda::normal_and_transform<float, float, at::CUDAGeneratorImpl*, at::native::templates::cuda::normal_kernel<at::CUDAGeneratorImpl*>(at::TensorBase const&, double, double, at::CUDAGeneratorImpl*)::{lambda()#1}::operator()() const::{lambda()#2}::operator()() const::{lambda(float)#1}>(at::TensorIteratorBase&, at::CUDAGeneratorImpl*, at::native::templates::cuda::normal_kernel<at::CUDAGeneratorImpl*>(at::TensorBase const&, double, double, at::CUDAGeneratorImpl*)::{lambda()#1}::operator()() const::{lambda()#2}::operator()() const::{lambda(float)#1})::{lambda(hiprandStatePhilox4_32_10*)#2}, at::native::templates::cuda::normal_kernel<at::CUDAGeneratorImpl*>(at::TensorBase const&, double, double, at::CUDAGeneratorImpl*)::{lambda()#1}::operator()() const::{lambda()#2}::operator()() const::{lambda(float)#1}>(at::TensorIteratorBase&, at::CUDAGeneratorImpl*, at::native::templates::cuda::normal_and_transform<float, float, at::CUDAGeneratorImpl*, at::native::templates::cuda::normal_kernel<at::CUDAGeneratorImpl*>(at::TensorBase const&, double, double, at::CUDAGeneratorImpl*)::{lambda()#1}::operator()() const::{lambda()#2}::operator()() const::{lambda(float)#1}>(at::TensorIteratorBase&, at::CUDAGeneratorImpl*, at::native::templates::cuda::normal_kernel<at::CUDAGeneratorImpl*>(at::TensorBase const&, double, double, at::CUDAGeneratorImpl*)::{lambda()#1}::operator()() const::{lambda()#2}::operator()() const::{lambda(float)#1})::{lambda(hiprandStatePhilox4_32_10*)#2} const&, at::native::templates::cuda::normal_kernel<at::CUDAGeneratorImpl*>(at::TensorBase const&, double, double, at::CUDAGeneratorImpl*)::{lambda()#1}::operator()() const::{lambda()#2}::operator()() const::{lambda(float)#1})::{lambda(int, float)#1})",256,0,0,32,0,128,"SQ_WAVES",16384.000000,30611548719687,30611548841716
4,4,"Agent 2",1,84716,84716,4194304,145,"void at::native::vectorized_elementwise_kernel<4, at::native::bfloat16_copy_kernel_cuda(at::TensorIteratorBase&)::{lambda(float)#1}, std::array<char*, 2ul> >(int, at::native::bfloat16_copy_kernel_cuda(at::TensorIteratorBase&)::{lambda(float)#1}, std::array<char*, 2ul>)",256,0,0,16,0,128,"GRBM_COUNT",536163.000000,30611548990958,30611549011908
4,4,"Agent 2",1,84716,84716,4194304,145,"void at::native::vectorized_elementwise_kernel<4, at::native::bfloat16_copy_kernel_cuda(at::TensorIteratorBase&)::{lambda(float)#1}, std::array<char*, 2ul> >(int, at::native::bfloat16_copy_kernel_cuda(at::TensorIteratorBase&)::{lambda(float)#1}, std::array<char*, 2ul>)",256,0,0,16,0,128,"GRBM_GUI_ACTIVE",536163.000000,30611548990958,30611549011908
4,4,"Agent 2",1,84716,84716,4194304,145,"void at::native::vectorized_elementwise_kernel<4, at::native::bfloat16_copy_kernel_cuda(at::TensorIteratorBase&)::{lambda(float)#1}, std::array<char*, 2ul> >(int, at::native::bfloat16_copy_kernel_cuda(at::TensorIteratorBase&)::{lambda(float)#1}, std::array<char*, 2ul>)",256,0,0,16,0,128,"SQ_WAVES",131072.000000,30611548990958,30611549011908
5,5,"Agent 2",1,84716,84716,524288,12,"void at::native::(anonymous namespace)::distribution_elementwise_grid_stride_kernel<float, 4, at::native::templates::cuda::normal_and_transform<float, float, at::CUDAGeneratorImpl*, at::native::templates::cuda::normal_kernel<at::CUDAGeneratorImpl*>(at::TensorBase const&, double, double, at::CUDAGeneratorImpl*)::{lambda()#1}::operator()() const::{lambda()#2}::operator()() const::{lambda(float)#1}>(at::TensorIteratorBase&, at::CUDAGeneratorImpl*, at::native::templates::cuda::normal_kernel<at::CUDAGeneratorImpl*>(at::TensorBase const&, double, double, at::CUDAGeneratorImpl*)::{lambda()#1}::operator()() const::{lambda()#2}::operator()() const::{lambda(float)#1})::{lambda(hiprandStatePhilox4_32_10*)#2}, at::native::(anonymous namespace)::distribution_nullary_kernel<float, float, HIP_vector_type<float, 4u>, at::CUDAGeneratorImpl*, at::native::templates::cuda::normal_and_transform<float, float, at::CUDAGeneratorImpl*, at::native::templates::cuda::normal_kernel<at::CUDAGeneratorImpl*>(at::TensorBase const&, double, double, at::CUDAGeneratorImpl*)::{lambda()#1}::operator()() const::{lambda()#2}::operator()() const::{lambda(float)#1}>(at::TensorIteratorBase&, at::CUDAGeneratorImpl*, at::native::templates::cuda::normal_kernel<at::CUDAGeneratorImpl*>(at::TensorBase const&, double, double, at::CUDAGeneratorImpl*)::{lambda()#1}::operator()() const::{lambda()#2}::operator()() const::{lambda(float)#1})::{lambda(hiprandStatePhilox4_32_10*)#2}, at::native::templates::cuda::normal_kernel<at::CUDAGeneratorImpl*>(at::TensorBase const&, double, double, at::CUDAGeneratorImpl*)::{lambda()#1}::operator()() const::{lambda()#2}::operator()() const::{lambda(float)#1}>(at::TensorIteratorBase&, at::CUDAGeneratorImpl*, at::native::templates::cuda::normal_and_transform<float, float, at::CUDAGeneratorImpl*, at::native::templates::cuda::normal_kernel<at::CUDAGeneratorImpl*>(at::TensorBase const&, double, double, at::CUDAGeneratorImpl*)::{lambda()#1}::operator()() const::{lambda()#2}::operator()() const::{lambda(float)#1}>(at::TensorIteratorBase&, at::CUDAGeneratorImpl*, at::native::templates::cuda::normal_kernel<at::CUDAGeneratorImpl*>(at::TensorBase const&, double, double, at::CUDAGeneratorImpl*)::{lambda()#1}::operator()() const::{lambda()#2}::operator()() const::{lambda(float)#1})::{lambda(hiprandStatePhilox4_32_10*)#2} const&, at::native::templates::cuda::normal_kernel<at::CUDAGeneratorImpl*>(at::TensorBase const&, double, double, at::CUDAGeneratorImpl*)::{lambda()#1}::operator()() const::{lambda()#2}::operator()() const::{lambda(float)#1})::{lambda(int, float)#1}>(long, at::PhiloxCudaState, at::native::templates::cuda::normal_and_transform<float, float, at::CUDAGeneratorImpl*, at::native::templates::cuda::normal_kernel<at::CUDAGeneratorImpl*>(at::TensorBase const&, double, double, at::CUDAGeneratorImpl*)::{lambda()#1}::operator()() const::{lambda()#2}::operator()() const::{lambda(float)#1}>(at::TensorIteratorBase&, at::CUDAGeneratorImpl*, at::native::templates::cuda::normal_kernel<at::CUDAGeneratorImpl*>(at::TensorBase const&, double, double, at::CUDAGeneratorImpl*)::{lambda()#1}::operator()() const::{lambda()#2}::operator()() const::{lambda(float)#1})::{lambda(hiprandStatePhilox4_32_10*)#2}, at::native::(anonymous namespace)::distribution_nullary_kernel<float, float, HIP_vector_type<float, 4u>, at::CUDAGeneratorImpl*, at::native::templates::cuda::normal_and_transform<float, float, at::CUDAGeneratorImpl*, at::native::templates::cuda::normal_kernel<at::CUDAGeneratorImpl*>(at::TensorBase const&, double, double, at::CUDAGeneratorImpl*)::{lambda()#1}::operator()() const::{lambda()#2}::operator()() const::{lambda(float)#1}>(at::TensorIteratorBase&, at::CUDAGeneratorImpl*, at::native::templates::cuda::normal_kernel<at::CUDAGeneratorImpl*>(at::TensorBase const&, double, double, at::CUDAGeneratorImpl*)::{lambda()#1}::operator()() const::{lambda()#2}::operator()() const::{lambda(float)#1})::{lambda(hiprandStatePhilox4_32_10*)#2}, at::native::templates::cuda::normal_kernel<at::CUDAGeneratorImpl*>(at::TensorBase const&, double, double, at::CUDAGeneratorImpl*)::{lambda()#1}::operator()() const::{lambda()#2}::operator()() const::{lambda(float)#1}>(at::TensorIteratorBase&, at::CUDAGeneratorImpl*, at::native::templates::cuda::normal_and_transform<float, float, at::CUDAGeneratorImpl*, at::native::templates::cuda::normal_kernel<at::CUDAGeneratorImpl*>(at::TensorBase const&, double, double, at::CUDAGeneratorImpl*)::{lambda()#1}::operator()() const::{lambda()#2}::operator()() const::{lambda(float)#1}>(at::TensorIteratorBase&, at::CUDAGeneratorImpl*, at::native::templates::cuda::normal_kernel<at::CUDAGeneratorImpl*>(at::TensorBase const&, double, double, at::CUDAGeneratorImpl*)::{lambda()#1}::operator()() const::{lambda()#2}::operator()() const::{lambda(float)#1})::{lambda(hiprandStatePhilox4_32_10*)#2} const&, at::native::templates::cuda::normal_kernel<at::CUDAGeneratorImpl*>(at::TensorBase const&, double, double, at::CUDAGeneratorImpl*)::{lambda()#1}::operator()() const::{lambda()#2}::operator()() const::{lambda(float)#1})::{lambda(int, float)#1})",256,0,0,32,0,128,"GRBM_COUNT",2162427.000000,30611549165481,30611549278472
5,5,"Agent 2",1,84716,84716,524288,12,"void at::native::(anonymous namespace)::distribution_elementwise_grid_stride_kernel<float, 4, at::native::templates::cuda::normal_and_transform<float, float, at::CUDAGeneratorImpl*, at::native::templates::cuda::normal_kernel<at::CUDAGeneratorImpl*>(at::TensorBase const&, double, double, at::CUDAGeneratorImpl*)::{lambda()#1}::operator()() const::{lambda()#2}::operator()() const::{lambda(float)#1}>(at::TensorIteratorBase&, at::CUDAGeneratorImpl*, at::native::templates::cuda::normal_kernel<at::CUDAGeneratorImpl*>(at::TensorBase const&, double, double, at::CUDAGeneratorImpl*)::{lambda()#1}::operator()() const::{lambda()#2}::operator()() const::{lambda(float)#1})::{lambda(hiprandStatePhilox4_32_10*)#2}, at::native::(anonymous namespace)::distribution_nullary_kernel<float, float, HIP_vector_type<float, 4u>, at::CUDAGeneratorImpl*, at::native::templates::cuda::normal_and_transform<float, float, at::CUDAGeneratorImpl*, at::native::templates::cuda::normal_kernel<at::CUDAGeneratorImpl*>(at::TensorBase const&, double, double, at::CUDAGeneratorImpl*)::{lambda()#1}::operator()() const::{lambda()#2}::operator()() const::{lambda(float)#1}>(at::TensorIteratorBase&, at::CUDAGeneratorImpl*, at::native::templates::cuda::normal_kernel<at::CUDAGeneratorImpl*>(at::TensorBase const&, double, double, at::CUDAGeneratorImpl*)::{lambda()#1}::operator()() const::{lambda()#2}::operator()() const::{lambda(float)#1})::{lambda(hiprandStatePhilox4_32_10*)#2}, at::native::templates::cuda::normal_kernel<at::CUDAGeneratorImpl*>(at::TensorBase const&, double, double, at::CUDAGeneratorImpl*)::{lambda()#1}::operator()() const::{lambda()#2}::operator()() const::{lambda(float)#1}>(at::TensorIteratorBase&, at::CUDAGeneratorImpl*, at::native::templates::cuda::normal_and_transform<float, float, at::CUDAGeneratorImpl*, at::native::templates::cuda::normal_kernel<at::CUDAGeneratorImpl*>(at::TensorBase const&, double, double, at::CUDAGeneratorImpl*)::{lambda()#1}::operator()() const::{lambda()#2}::operator()() const::{lambda(float)#1}>(at::TensorIteratorBase&, at::CUDAGeneratorImpl*, at::native::templates::cuda::normal_kernel<at::CUDAGeneratorImpl*>(at::TensorBase const&, double, double, at::CUDAGeneratorImpl*)::{lambda()#1}::operator()() const::{lambda()#2}::operator()() const::{lambda(float)#1})::{lambda(hiprandStatePhilox4_32_10*)#2} const&, at::native::templates::cuda::normal_kernel<at::CUDAGeneratorImpl*>(at::TensorBase const&, double, double, at::CUDAGeneratorImpl*)::{lambda()#1}::operator()() const::{lambda()#2}::operator()() const::{lambda(float)#1})::{lambda(int, float)#1}>(long, at::PhiloxCudaState, at::native::templates::cuda::normal_and_transform<float, float, at::CUDAGeneratorImpl*, at::native::templates::cuda::normal_kernel<at::CUDAGeneratorImpl*>(at::TensorBase const&, double, double, at::CUDAGeneratorImpl*)::{lambda()#1}::operator()() const::{lambda()#2}::operator()() const::{lambda(float)#1}>(at::TensorIteratorBase&, at::CUDAGeneratorImpl*, at::native::templates::cuda::normal_kernel<at::CUDAGeneratorImpl*>(at::TensorBase const&, double, double, at::CUDAGeneratorImpl*)::{lambda()#1}::operator()() const::{lambda()#2}::operator()() const::{lambda(float)#1})::{lambda(hiprandStatePhilox4_32_10*)#2}, at::native::(anonymous namespace)::distribution_nullary_kernel<float, float, HIP_vector_type<float, 4u>, at::CUDAGeneratorImpl*, at::native::templates::cuda::normal_and_transform<float, float, at::CUDAGeneratorImpl*, at::native::templates::cuda::normal_kernel<at::CUDAGeneratorImpl*>(at::TensorBase const&, double, double, at::CUDAGeneratorImpl*)::{lambda()#1}::operator()() const::{lambda()#2}::operator()() const::{lambda(float)#1}>(at::TensorIteratorBase&, at::CUDAGeneratorImpl*, at::native::templates::cuda::normal_kernel<at::CUDAGeneratorImpl*>(at::TensorBase const&, double, double, at::CUDAGeneratorImpl*)::{lambda()#1}::operator()() const::{lambda()#2}::operator()() const::{lambda(float)#1})::{lambda(hiprandStatePhilox4_32_10*)#2}, at::native::templates::cuda::normal_kernel<at::CUDAGeneratorImpl*>(at::TensorBase const&, double, double, at::CUDAGeneratorImpl*)::{lambda()#1}::operator()() const::{lambda()#2}::operator()() const::{lambda(float)#1}>(at::TensorIteratorBase&, at::CUDAGeneratorImpl*, at::native::templates::cuda::normal_and_transform<float, float, at::CUDAGeneratorImpl*, at::native::templates::cuda::normal_kernel<at::CUDAGeneratorImpl*>(at::TensorBase const&, double, double, at::CUDAGeneratorImpl*)::{lambda()#1}::operator()() const::{lambda()#2}::operator()() const::{lambda(float)#1}>(at::TensorIteratorBase&, at::CUDAGeneratorImpl*, at::native::templates::cuda::normal_kernel<at::CUDAGeneratorImpl*>(at::TensorBase const&, double, double, at::CUDAGeneratorImpl*)::{lambda()#1}::operator()() const::{lambda()#2}::operator()() const::{lambda(float)#1})::{lambda(hiprandStatePhilox4_32_10*)#2} const&, at::native::templates::cuda::normal_kernel<at::CUDAGeneratorImpl*>(at::TensorBase const&, double, double, at::CUDAGeneratorImpl*)::{lambda()#1}::operator()() const::{lambda()#2}::operator()() const::{lambda(float)#1})::{lambda(int, float)#1})",256,0,0,32,0,128,"GRBM_GUI_ACTIVE",2162427.000000,30611549165481,30611549278472
5,5,"Agent 2",1,84716,84716,524288,12,"void at::native::(anonymous namespace)::distribution_elementwise_grid_stride_kernel<float, 4, at::native::templates::cuda::normal_and_transform<float, float, at::CUDAGeneratorImpl*, at::native::templates::cuda::normal_kernel<at::CUDAGeneratorImpl*>(at::TensorBase const&, double, double, at::CUDAGeneratorImpl*)::{lambda()#1}::operator()() const::{lambda()#2}::operator()() const::{lambda(float)#1}>(at::TensorIteratorBase&, at::CUDAGeneratorImpl*, at::native::templates::cuda::normal_kernel<at::CUDAGeneratorImpl*>(at::TensorBase const&, double, double, at::CUDAGeneratorImpl*)::{lambda()#1}::operator()() const::{lambda()#2}::operator()() const::{lambda(float)#1})::{lambda(hiprandStatePhilox4_32_10*)#2}, at::native::(anonymous namespace)::distribution_nullary_kernel<float, float, HIP_vector_type<float, 4u>, at::CUDAGeneratorImpl*, at::native::templates::cuda::normal_and_transform<float, float, at::CUDAGeneratorImpl*, at::native::templates::cuda::normal_kernel<at::CUDAGeneratorImpl*>(at::TensorBase const&, double, double, at::CUDAGeneratorImpl*)::{lambda()#1}::operator()() const::{lambda()#2}::operator()() const::{lambda(float)#1}>(at::TensorIteratorBase&, at::CUDAGeneratorImpl*, at::native::templates::cuda::normal_kernel<at::CUDAGeneratorImpl*>(at::TensorBase const&, double, double, at::CUDAGeneratorImpl*)::{lambda()#1}::operator()() const::{lambda()#2}::operator()() const::{lambda(float)#1})::{lambda(hiprandStatePhilox4_32_10*)#2}, at::native::templates::cuda::normal_kernel<at::CUDAGeneratorImpl*>(at::TensorBase const&, double, double, at::CUDAGeneratorImpl*)::{lambda()#1}::operator()() const::{lambda()#2}::operator()() const::{lambda(float)#1}>(at::TensorIteratorBase&, at::CUDAGeneratorImpl*, at::native::templates::cuda::normal_and_transform<float, float, at::CUDAGeneratorImpl*, at::native::templates::cuda::normal_kernel<at::CUDAGeneratorImpl*>(at::TensorBase const&, double, double, at::CUDAGeneratorImpl*)::{lambda()#1}::operator()() const::{lambda()#2}::operator()() const::{lambda(float)#1}>(at::TensorIteratorBase&, at::CUDAGeneratorImpl*, at::native::templates::cuda::normal_kernel<at::CUDAGeneratorImpl*>(at::TensorBase const&, double, double, at::CUDAGeneratorImpl*)::{lambda()#1}::operator()() const::{lambda()#2}::operator()() const::{lambda(float)#1})::{lambda(hiprandStatePhilox4_32_10*)#2} const&, at::native::templates::cuda::normal_kernel<at::CUDAGeneratorImpl*>(at::TensorBase const&, double, double, at::CUDAGeneratorImpl*)::{lambda()#1}::operator()() const::{lambda()#2}::operator()() const::{lambda(float)#1})::{lambda(int, float)#1}>(long, at::PhiloxCudaState, at::native::templates::cuda::normal_and_transform<float, float, at::CUDAGeneratorImpl*, at::native::templates::cuda::normal_kernel<at::CUDAGeneratorImpl*>(at::TensorBase const&, double, double, at::CUDAGeneratorImpl*)::{lambda()#1}::operator()() const::{lambda()#2}::operator()() const::{lambda(float)#1}>(at::TensorIteratorBase&, at::CUDAGeneratorImpl*, at::native::templates::cuda::normal_kernel<at::CUDAGeneratorImpl*>(at::TensorBase const&, double, double, at::CUDAGeneratorImpl*)::{lambda()#1}::operator()() const::{lambda()#2}::operator()() const::{lambda(float)#1})::{lambda(hiprandStatePhilox4_32_10*)#2}, at::native::(anonymous namespace)::distribution_nullary_kernel<float, float, HIP_vector_type<float, 4u>, at::CUDAGeneratorImpl*, at::native::templates::cuda::normal_and_transform<float, float, at::CUDAGeneratorImpl*, at::native::templates::cuda::normal_kernel<at::CUDAGeneratorImpl*>(at::TensorBase const&, double, double, at::CUDAGeneratorImpl*)::{lambda()#1}::operator()() const::{lambda()#2}::operator()() const::{lambda(float)#1}>(at::TensorIteratorBase&, at::CUDAGeneratorImpl*, at::native::templates::cuda::normal_kernel<at::CUDAGeneratorImpl*>(at::TensorBase const&, double, double, at::CUDAGeneratorImpl*)::{lambda()#1}::operator()() const::{lambda()#2}::operator()() const::{lambda(float)#1})::{lambda(hiprandStatePhilox4_32_10*)#2}, at::native::templates::cuda::normal_kernel<at::CUDAGeneratorImpl*>(at::TensorBase const&, double, double, at::CUDAGeneratorImpl*)::{lambda()#1}::operator()() const::{lambda()#2}::operator()() const::{lambda(float)#1}>(at::TensorIteratorBase&, at::CUDAGeneratorImpl*, at::native::templates::cuda::normal_and_transform<float, float, at::CUDAGeneratorImpl*, at::native::templates::cuda::normal_kernel<at::CUDAGeneratorImpl*>(at::TensorBase const&, double, double, at::CUDAGeneratorImpl*)::{lambda()#1}::operator()() const::{lambda()#2}::operator()() const::{lambda(float)#1}>(at::TensorIteratorBase&, at::CUDAGeneratorImpl*, at::native::templates::cuda::normal_kernel<at::CUDAGeneratorImpl*>(at::TensorBase const&, double, double, at::CUDAGeneratorImpl*)::{lambda()#1}::operator()() const::{lambda()#2}::operator()() const::{lambda(float)#1})::{lambda(hiprandStatePhilox4_32_10*)#2} const&, at::native::templates::cuda::normal_kernel<at::CUDAGeneratorImpl*>(at::TensorBase const&, double, double, at::CUDAGeneratorImpl*)::{lambda()#1}::operator()() const::{lambda()#2}::operator()() const::{lambda(float)#1})::{lambda(int, float)#1})",256,0,0,32,0,128,"SQ_WAVES",16384.000000,30611549165481,30611549278472
6,6,"Agent 2",1,84716,84716,4194304,145,"void at::native::vectorized_elementwise_kernel<4, at::native::bfloat16_copy_kernel_cuda(at::TensorIteratorBase&)::{lambda(float)#1}, std::array<char*, 2ul> >(int, at::native::bfloat16_copy_kernel_cuda(at::TensorIteratorBase&)::{lambda(float)#1}, std::array<char*, 2ul>)",256,0,0,16,0,128,"GRBM_COUNT",412928.000000,30611549426233,30611549443284
6,6,"Agent 2",1,84716,84716,4194304,145,"void at::native::vectorized_elementwise_kernel<4, at::native::bfloat16_copy_kernel_cuda(at::TensorIteratorBase&)::{lambda(float)#1}, std::array<char*, 2ul> >(int, at::native::bfloat16_copy_kernel_cuda(at::TensorIteratorBase&)::{lambda(float)#1}, std::array<char*, 2ul>)",256,0,0,16,0,128,"GRBM_GUI_ACTIVE",412928.000000,30611549426233,30611549443284
6,6,"Agent 2",1,84716,84716,4194304,145,"void at::native::vectorized_elementwise_kernel<4, at::native::bfloat16_copy_kernel_cuda(at::TensorIteratorBase&)::{lambda(float)#1}, std::array<char*, 2ul> >(int, at::native::bfloat16_copy_kernel_cuda(at::TensorIteratorBase&)::{lambda(float)#1}, std::array<char*, 2ul>)",256,0,0,16,0,128,"SQ_WAVES",131072.000000,30611549426233,30611549443284
7,7,"Agent 2",1,84716,84716,524288,12,"void at::native::(anonymous namespace)::distribution_elementwise_grid_stride_kernel<float, 4, at::native::templates::cuda::normal_and_transform<float, float, at::CUDAGeneratorImpl*, at::native::templates::cuda::normal_kernel<at::CUDAGeneratorImpl*>(at::TensorBase const&, double, double, at::CUDAGeneratorImpl*)::{lambda()#1}::operator()() const::{lambda()#2}::operator()() const::{lambda(float)#1}>(at::TensorIteratorBase&, at::CUDAGeneratorImpl*, at::native::templates::cuda::normal_kernel<at::CUDAGeneratorImpl*>(at::TensorBase const&, double, double, at::CUDAGeneratorImpl*)::{lambda()#1}::operator()() const::{lambda()#2}::operator()() const::{lambda(float)#1})::{lambda(hiprandStatePhilox4_32_10*)#2}, at::native::(anonymous namespace)::distribution_nullary_kernel<float, float, HIP_vector_type<float, 4u>, at::CUDAGeneratorImpl*, at::native::templates::cuda::normal_and_transform<float, float, at::CUDAGeneratorImpl*, at::native::templates::cuda::normal_kernel<at::CUDAGeneratorImpl*>(at::TensorBase const&, double, double, at::CUDAGeneratorImpl*)::{lambda()#1}::operator()() const::{lambda()#2}::operator()() const::{lambda(float)#1}>(at::TensorIteratorBase&, at::CUDAGeneratorImpl*, at::native::templates::cuda::normal_kernel<at::CUDAGeneratorImpl*>(at::TensorBase const&, double, double, at::CUDAGeneratorImpl*)::{lambda()#1}::operator()() const::{lambda()#2}::operator()() const::{lambda(float)#1})::{lambda(hiprandStatePhilox4_32_10*)#2}, at::native::templates::cuda::normal_kernel<at::CUDAGeneratorImpl*>(at::TensorBase const&, double, double, at::CUDAGeneratorImpl*)::{lambda()#1}::operator()() const::{lambda()#2}::operator()() const::{lambda(float)#1}>(at::TensorIteratorBase&, at::CUDAGeneratorImpl*, at::native::templates::cuda::normal_and_transform<float, float, at::CUDAGeneratorImpl*, at::native::templates::cuda::normal_kernel<at::CUDAGeneratorImpl*>(at::TensorBase const&, double, double, at::CUDAGeneratorImpl*)::{lambda()#1}::operator()() const::{lambda()#2}::operator()() const::{lambda(float)#1}>(at::TensorIteratorBase&, at::CUDAGeneratorImpl*, at::native::templates::cuda::normal_kernel<at::CUDAGeneratorImpl*>(at::TensorBase const&, double, double, at::CUDAGeneratorImpl*)::{lambda()#1}::operator()() const::{lambda()#2}::operator()() const::{lambda(float)#1})::{lambda(hiprandStatePhilox4_32_10*)#2} const&, at::native::templates::cuda::normal_kernel<at::CUDAGeneratorImpl*>(at::TensorBase const&, double, double, at::CUDAGeneratorImpl*)::{lambda()#1}::operator()() const::{lambda()#2}::operator()() const::{lambda(float)#1})::{lambda(int, float)#1}>(long, at::PhiloxCudaState, at::native::templates::cuda::normal_and_transform<float, float, at::CUDAGeneratorImpl*, at::native::templates::cuda::normal_kernel<at::CUDAGeneratorImpl*>(at::TensorBase const&, double, double, at::CUDAGeneratorImpl*)::{lambda()#1}::operator()() const::{lambda()#2}::operator()() const::{lambda(float)#1}>(at::TensorIteratorBase&, at::CUDAGeneratorImpl*, at::native::templates::cuda::normal_kernel<at::CUDAGeneratorImpl*>(at::TensorBase const&, double, double, at::CUDAGeneratorImpl*)::{lambda()#1}::operator()() const::{lambda()#2}::operator()() const::{lambda(float)#1})::{lambda(hiprandStatePhilox4_32_10*)#2}, at::native::(anonymous namespace)::distribution_nullary_kernel<float, float, HIP_vector_type<float, 4u>, at::CUDAGeneratorImpl*, at::native::templates::cuda::normal_and_transform<float, float, at::CUDAGeneratorImpl*, at::native::templates::cuda::normal_kernel<at::CUDAGeneratorImpl*>(at::TensorBase const&, double, double, at::CUDAGeneratorImpl*)::{lambda()#1}::operator()() const::{lambda()#2}::operator()() const::{lambda(float)#1}>(at::TensorIteratorBase&, at::CUDAGeneratorImpl*, at::native::templates::cuda::normal_kernel<at::CUDAGeneratorImpl*>(at::TensorBase const&, double, double, at::CUDAGeneratorImpl*)::{lambda()#1}::operator()() const::{lambda()#2}::operator()() const::{lambda(float)#1})::{lambda(hiprandStatePhilox4_32_10*)#2}, at::native::templates::cuda::normal_kernel<at::CUDAGeneratorImpl*>(at::TensorBase const&, double, double, at::CUDAGeneratorImpl*)::{lambda()#1}::operator()() const::{lambda()#2}::operator()() const::{lambda(float)#1}>(at::TensorIteratorBase&, at::CUDAGeneratorImpl*, at::native::templates::cuda::normal_and_transform<float, float, at::CUDAGeneratorImpl*, at::native::templates::cuda::normal_kernel<at::CUDAGeneratorImpl*>(at::TensorBase const&, double, double, at::CUDAGeneratorImpl*)::{lambda()#1}::operator()() const::{lambda()#2}::operator()() const::{lambda(float)#1}>(at::TensorIteratorBase&, at::CUDAGeneratorImpl*, at::native::templates::cuda::normal_kernel<at::CUDAGeneratorImpl*>(at::TensorBase const&, double, double, at::CUDAGeneratorImpl*)::{lambda()#1}::operator()() const::{lambda()#2}::operator()() const::{lambda(float)#1})::{lambda(hiprandStatePhilox4_32_10*)#2} const&, at::native::templates::cuda::normal_kernel<at::CUDAGeneratorImpl*>(at::TensorBase const&, double, double, at::CUDAGeneratorImpl*)::{lambda()#1}::operator()() const::{lambda()#2}::operator()() const::{lambda(float)#1})::{lambda(int, float)#1})",256,0,0,32,0,128,"GRBM_COUNT",7472337.000000,30611549589670,30611550003772
7,7,"Agent 2",1,84716,84716,524288,12,"void at::native::(anonymous namespace)::distribution_elementwise_grid_stride_kernel<float, 4, at::native::templates::cuda::normal_and_transform<float, float, at::CUDAGeneratorImpl*, at::native::templates::cuda::normal_kernel<at::CUDAGeneratorImpl*>(at::TensorBase const&, double, double, at::CUDAGeneratorImpl*)::{lambda()#1}::operator()() const::{lambda()#2}::operator()() const::{lambda(float)#1}>(at::TensorIteratorBase&, at::CUDAGeneratorImpl*, at::native::templates::cuda::normal_kernel<at::CUDAGeneratorImpl*>(at::TensorBase const&, double, double, at::CUDAGeneratorImpl*)::{lambda()#1}::operator()() const::{lambda()#2}::operator()() const::{lambda(float)#1})::{lambda(hiprandStatePhilox4_32_10*)#2}, at::native::(anonymous namespace)::distribution_nullary_kernel<float, float, HIP_vector_type<float, 4u>, at::CUDAGeneratorImpl*, at::native::templates::cuda::normal_and_transform<float, float, at::CUDAGeneratorImpl*, at::native::templates::cuda::normal_kernel<at::CUDAGeneratorImpl*>(at::TensorBase const&, double, double, at::CUDAGeneratorImpl*)::{lambda()#1}::operator()() const::{lambda()#2}::operator()() const::{lambda(float)#1}>(at::TensorIteratorBase&, at::CUDAGeneratorImpl*, at::native::templates::cuda::normal_kernel<at::CUDAGeneratorImpl*>(at::TensorBase const&, double, double, at::CUDAGeneratorImpl*)::{lambda()#1}::operator()() const::{lambda()#2}::operator()() const::{lambda(float)#1})::{lambda(hiprandStatePhilox4_32_10*)#2}, at::native::templates::cuda::normal_kernel<at::CUDAGeneratorImpl*>(at::TensorBase const&, double, double, at::CUDAGeneratorImpl*)::{lambda()#1}::operator()() const::{lambda()#2}::operator()() const::{lambda(float)#1}>(at::TensorIteratorBase&, at::CUDAGeneratorImpl*, at::native::templates::cuda::normal_and_transform<float, float, at::CUDAGeneratorImpl*, at::native::templates::cuda::normal_kernel<at::CUDAGeneratorImpl*>(at::TensorBase const&, double, double, at::CUDAGeneratorImpl*)::{lambda()#1}::operator()() const::{lambda()#2}::operator()() const::{lambda(float)#1}>(at::TensorIteratorBase&, at::CUDAGeneratorImpl*, at::native::templates::cuda::normal_kernel<at::CUDAGeneratorImpl*>(at::TensorBase const&, double, double, at::CUDAGeneratorImpl*)::{lambda()#1}::operator()() const::{lambda()#2}::operator()() const::{lambda(float)#1})::{lambda(hiprandStatePhilox4_32_10*)#2} const&, at::native::templates::cuda::normal_kernel<at::CUDAGeneratorImpl*>(at::TensorBase const&, double, double, at::CUDAGeneratorImpl*)::{lambda()#1}::operator()() const::{lambda()#2}::operator()() const::{lambda(float)#1})::{lambda(int, float)#1}>(long, at::PhiloxCudaState, at::native::templates::cuda::normal_and_transform<float, float, at::CUDAGeneratorImpl*, at::native::templates::cuda::normal_kernel<at::CUDAGeneratorImpl*>(at::TensorBase const&, double, double, at::CUDAGeneratorImpl*)::{lambda()#1}::operator()() const::{lambda()#2}::operator()() const::{lambda(float)#1}>(at::TensorIteratorBase&, at::CUDAGeneratorImpl*, at::native::templates::cuda::normal_kernel<at::CUDAGeneratorImpl*>(at::TensorBase const&, double, double, at::CUDAGeneratorImpl*)::{lambda()#1}::operator()() const::{lambda()#2}::operator()() const::{lambda(float)#1})::{lambda(hiprandStatePhilox4_32_10*)#2}, at::native::(anonymous namespace)::distribution_nullary_kernel<float, float, HIP_vector_type<float, 4u>, at::CUDAGeneratorImpl*, at::native::templates::cuda::normal_and_transform<float, float, at::CUDAGeneratorImpl*, at::native::templates::cuda::normal_kernel<at::CUDAGeneratorImpl*>(at::TensorBase const&, double, double, at::CUDAGeneratorImpl*)::{lambda()#1}::operator()() const::{lambda()#2}::operator()() const::{lambda(float)#1}>(at::TensorIteratorBase&, at::CUDAGeneratorImpl*, at::native::templates::cuda::normal_kernel<at::CUDAGeneratorImpl*>(at::TensorBase const&, double, double, at::CUDAGeneratorImpl*)::{lambda()#1}::operator()() const::{lambda()#2}::operator()() const::{lambda(float)#1})::{lambda(hiprandStatePhilox4_32_10*)#2}, at::native::templates::cuda::normal_kernel<at::CUDAGeneratorImpl*>(at::TensorBase const&, double, double, at::CUDAGeneratorImpl*)::{lambda()#1}::operator()() const::{lambda()#2}::operator()() const::{lambda(float)#1}>(at::TensorIteratorBase&, at::CUDAGeneratorImpl*, at::native::templates::cuda::normal_and_transform<float, float, at::CUDAGeneratorImpl*, at::native::templates::cuda::normal_kernel<at::CUDAGeneratorImpl*>(at::TensorBase const&, double, double, at::CUDAGeneratorImpl*)::{lambda()#1}::operator()() const::{lambda()#2}::operator()() const::{lambda(float)#1}>(at::TensorIteratorBase&, at::CUDAGeneratorImpl*, at::native::templates::cuda::normal_kernel<at::CUDAGeneratorImpl*>(at::TensorBase const&, double, double, at::CUDAGeneratorImpl*)::{lambda()#1}::operator()() const::{lambda()#2}::operator()() const::{lambda(float)#1})::{lambda(hiprandStatePhilox4_32_10*)#2} const&, at::native::templates::cuda::normal_kernel<at::CUDAGeneratorImpl*>(at::TensorBase const&, double, double, at::CUDAGeneratorImpl*)::{lambda()#1}::operator()() const::{lambda()#2}::operator()() const::{lambda(float)#1})::{lambda(int, float)#1})",256,0,0,32,0,128,"GRBM_GUI_ACTIVE",7472337.000000,30611549589670,30611550003772
7,7,"Agent 2",1,84716,84716,524288,12,"void at::native::(anonymous namespace)::distribution_elementwise_grid_stride_kernel<float, 4, at::native::templates::cuda::normal_and_transform<float, float, at::CUDAGeneratorImpl*, at::native::templates::cuda::normal_kernel<at::CUDAGeneratorImpl*>(at::TensorBase const&, double, double, at::CUDAGeneratorImpl*)::{lambda()#1}::operator()() const::{lambda()#2}::operator()() const::{lambda(float)#1}>(at::TensorIteratorBase&, at::CUDAGeneratorImpl*, at::native::templates::cuda::normal_kernel<at::CUDAGeneratorImpl*>(at::TensorBase const&, double, double, at::CUDAGeneratorImpl*)::{lambda()#1}::operator()() const::{lambda()#2}::operator()() const::{lambda(float)#1})::{lambda(hiprandStatePhilox4_32_10*)#2}, at::native::(anonymous namespace)::distribution_nullary_kernel<float, float, HIP_vector_type<float, 4u>, at::CUDAGeneratorImpl*, at::native::templates::cuda::normal_and_transform<float, float, at::CUDAGeneratorImpl*, at::native::templates::cuda::normal_kernel<at::CUDAGeneratorImpl*>(at::TensorBase const&, double, double, at::CUDAGeneratorImpl*)::{lambda()#1}::operator()() const::{lambda()#2}::operator()() const::{lambda(float)#1}>(at::TensorIteratorBase&, at::CUDAGeneratorImpl*, at::native::templates::cuda::normal_kernel<at::CUDAGeneratorImpl*>(at::TensorBase const&, double, double, at::CUDAGeneratorImpl*)::{lambda()#1}::operator()() const::{lambda()#2}::operator()() const::{lambda(float)#1})::{lambda(hiprandStatePhilox4_32_10*)#2}, at::native::templates::cuda::normal_kernel<at::CUDAGeneratorImpl*>(at::TensorBase const&, double, double, at::CUDAGeneratorImpl*)::{lambda()#1}::operator()() const::{lambda()#2}::operator()() const::{lambda(float)#1}>(at::TensorIteratorBase&, at::CUDAGeneratorImpl*, at::native::templates::cuda::normal_and_transform<float, float, at::CUDAGeneratorImpl*, at::native::templates::cuda::normal_kernel<at::CUDAGeneratorImpl*>(at::TensorBase const&, double, double, at::CUDAGeneratorImpl*)::{lambda()#1}::operator()() const::{lambda()#2}::operator()() const::{lambda(float)#1}>(at::TensorIteratorBase&, at::CUDAGeneratorImpl*, at::native::templates::cuda::normal_kernel<at::CUDAGeneratorImpl*>(at::TensorBase const&, double, double, at::CUDAGeneratorImpl*)::{lambda()#1}::operator()() const::{lambda()#2}::operator()() const::{lambda(float)#1})::{lambda(hiprandStatePhilox4_32_10*)#2} const&, at::native::templates::cuda::normal_kernel<at::CUDAGeneratorImpl*>(at::TensorBase const&, double, double, at::CUDAGeneratorImpl*)::{lambda()#1}::operator()() const::{lambda()#2}::operator()() const::{lambda(float)#1})::{lambda(int, float)#1}>(long, at::PhiloxCudaState, at::native::templates::cuda::normal_and_transform<float, float, at::CUDAGeneratorImpl*, at::native::templates::cuda::normal_kernel<at::CUDAGeneratorImpl*>(at::TensorBase const&, double, double, at::CUDAGeneratorImpl*)::{lambda()#1}::operator()() const::{lambda()#2}::operator()() const::{lambda(float)#1}>(at::TensorIteratorBase&, at::CUDAGeneratorImpl*, at::native::templates::cuda::normal_kernel<at::CUDAGeneratorImpl*>(at::TensorBase const&, double, double, at::CUDAGeneratorImpl*)::{lambda()#1}::operator()() const::{lambda()#2}::operator()() const::{lambda(float)#1})::{lambda(hiprandStatePhilox4_32_10*)#2}, at::native::(anonymous namespace)::distribution_nullary_kernel<float, float, HIP_vector_type<float, 4u>, at::CUDAGeneratorImpl*, at::native::templates::cuda::normal_and_transform<float, float, at::CUDAGeneratorImpl*, at::native::templates::cuda::normal_kernel<at::CUDAGeneratorImpl*>(at::TensorBase const&, double, double, at::CUDAGeneratorImpl*)::{lambda()#1}::operator()() const::{lambda()#2}::operator()() const::{lambda(float)#1}>(at::TensorIteratorBase&, at::CUDAGeneratorImpl*, at::native::templates::cuda::normal_kernel<at::CUDAGeneratorImpl*>(at::TensorBase const&, double, double, at::CUDAGeneratorImpl*)::{lambda()#1}::operator()() const::{lambda()#2}::operator()() const::{lambda(float)#1})::{lambda(hiprandStatePhilox4_32_10*)#2}, at::native::templates::cuda::normal_kernel<at::CUDAGeneratorImpl*>(at::TensorBase const&, double, double, at::CUDAGeneratorImpl*)::{lambda()#1}::operator()() const::{lambda()#2}::operator()() const::{lambda(float)#1}>(at::TensorIteratorBase&, at::CUDAGeneratorImpl*, at::native::templates::cuda::normal_and_transform<float, float, at::CUDAGeneratorImpl*, at::native::templates::cuda::normal_kernel<at::CUDAGeneratorImpl*>(at::TensorBase const&, double, double, at::CUDAGeneratorImpl*)::{lambda()#1}::operator()() const::{lambda()#2}::operator()() const::{lambda(float)#1}>(at::TensorIteratorBase&, at::CUDAGeneratorImpl*, at::native::templates::cuda::normal_kernel<at::CUDAGeneratorImpl*>(at::TensorBase const&, double, double, at::CUDAGeneratorImpl*)::{lambda()#1}::operator()() const::{lambda()#2}::operator()() const::{lambda(float)#1})::{lambda(hiprandStatePhilox4_32_10*)#2} const&, at::native::templates::cuda::normal_kernel<at::CUDAGeneratorImpl*>(at::TensorBase const&, double, double, at::CUDAGeneratorImpl*)::{lambda()#1}::operator()() const::{lambda()#2}::operator()() const::{lambda(float)#1})::{lambda(int, float)#1})",256,0,0,32,0,128,"SQ_WAVES",16384.000000,30611549589670,30611550003772
8,8,"Agent 2",1,84716,84716,16777216,145,"void at::native::vectorized_elementwise_kernel<4, at::native::bfloat16_copy_kernel_cuda(at::TensorIteratorBase&)::{lambda(float)#1}, std::array<char*, 2ul> >(int, at::native::bfloat16_copy_kernel_cuda(at::TensorIteratorBase&)::{lambda(float)#1}, std::array<char*, 2ul>)",256,0,0,16,0,128,"GRBM_COUNT",1164586.000000,30611550154549,30611550223306
8,8,"Agent 2",1,84716,84716,16777216,145,"void at::native::vectorized_elementwise_kernel<4, at::native::bfloat16_copy_kernel_cuda(at::TensorIteratorBase&)::{lambda(float)#1}, std::array<char*, 2ul> >(int, at::native::bfloat16_copy_kernel_cuda(at::TensorIteratorBase&)::{lambda(float)#1}, std::array<char*, 2ul>)",256,0,0,16,0,128,"GRBM_GUI_ACTIVE",1164586.000000,30611550154549,30611550223306
8,8,"Agent 2",1,84716,84716,16777216,145,"void at::native::vectorized_elementwise_kernel<4, at::native::bfloat16_copy_kernel_cuda(at::TensorIteratorBase&)::{lambda(float)#1}, std::array<char*, 2ul> >(int, at::native::bfloat16_copy_kernel_cuda(at::TensorIteratorBase&)::{lambda(float)#1}, std::array<char*, 2ul>)",256,0,0,16,0,128,"SQ_WAVES",524288.000000,30611550154549,30611550223306
9,9,"Agent 2",1,84716,84716,8388608,388,"k_delta_bshd_0",256,0,0,24,0,128,"GRBM_COUNT",790769.000000,30612837730301,30612837774999
9,9,"Agent 2",1,84716,84716,8388608,388,"k_delta_bshd_0",256,0,0,24,0,128,"GRBM_GUI_ACTIVE",790769.000000,30612837730301,30612837774999
9,9,"Agent 2",1,84716,84716,8388608,388,"k_delta_bshd_0",256,0,0,24,0,128,"SQ_WAVES",262144.000000,30612837730301,30612837774999
10,10,"Agent 2",1,84716,84716,262144,389,"k_dkdv_0",32,70656,0,368,0,128,"GRBM_COUNT",58244227.000000,30615462619336,30615467109391
10,10,"Agent 2",1,84716,84716,262144,389,"k_dkdv_0",32,70656,0,368,0,128,"GRBM_GUI_ACTIVE",58244227.000000,30615462619336,30615467109391
10,10,"Agent 2",1,84716,84716,262144,389,"k_dkdv_0",32,70656,0,368,0,128,"SQ_WAVES",8192.000000,30615462619336,30615467109391
11,11,"Agent 2",1,84716,84716,524288,390,"k_dqg_0",32,8704,0,496,0,128,"GRBM_COUNT",32409610.000000,30619658120750,30619660261884
11,11,"Agent 2",1,84716,84716,524288,390,"k_dqg_0",32,8704,0,496,0,128,"GRBM_GUI_ACTIVE",32409610.000000,30619658120750,30619660261884
11,11,"Agent 2",1,84716,84716,524288,390,"k_dqg_0",32,8704,0,496,0,128,"SQ_WAVES",16384.000000,30619658120750,30619660261884
12,12,"Agent 2",1,84716,84716,33554432,423,"void at::native::vectorized_elementwise_kernel<4, at::native::FillFunctor<float>, std::array<char*, 1ul> >(int, at::native::FillFunctor<float>, std::array<char*, 1ul>)",256,0,0,8,0,128,"GRBM_COUNT",1126735.000000,30619673573168,30619673627085
12,12,"Agent 2",1,84716,84716,33554432,423,"void at::native::vectorized_elementwise_kernel<4, at::native::FillFunctor<float>, std::array<char*, 1ul> >(int, at::native::FillFunctor<float>, std::array<char*, 1ul>)",256,0,0,8,0,128,"GRBM_GUI_ACTIVE",1126735.000000,30619673573168,30619673627085
12,12,"Agent 2",1,84716,84716,33554432,423,"void at::native::vectorized_elementwise_kernel<4, at::native::FillFunctor<float>, std::array<char*, 1ul> >(int, at::native::FillFunctor<float>, std::array<char*, 1ul>)",256,0,0,8,0,128,"SQ_WAVES",1048576.000000,30619673573168,30619673627085
13,13,"Agent 2",1,84716,84716,1048576,559,"aiter::fmha_bwd_hd128_odo_bf16",128,0,0,24,0,128,"GRBM_COUNT",871506.000000,30619674773797,30619674820702
13,13,"Agent 2",1,84716,84716,1048576,559,"aiter::fmha_bwd_hd128_odo_bf16",128,0,0,24,0,128,"GRBM_GUI_ACTIVE",871506.000000,30619674773797,30619674820702
13,13,"Agent 2",1,84716,84716,1048576,559,"aiter::fmha_bwd_hd128_odo_bf16",128,0,0,24,0,128,"SQ_WAVES",32768.000000,30619674773797,30619674820702
14,14,"Agent 2",1,84716,84716,524288,560,"aiter::fmha_bwd_hd128_bf16_causal_br_a32_pssk",128,327680,0,512,0,128,"GRBM_COUNT",59220674.000000,30619675002143,30619680013767
14,14,"Agent 2",1,84716,84716,524288,560,"aiter::fmha_bwd_hd128_bf16_causal_br_a32_pssk",128,327680,0,512,0,128,"GRBM_GUI_ACTIVE",59220674.000000,30619675002143,30619680013767
14,14,"Agent 2",1,84716,84716,524288,560,"aiter::fmha_bwd_hd128_bf16_causal_br_a32_pssk",128,327680,0,512,0,128,"SQ_WAVES",16384.000000,30619675002143,30619680013767
15,15,"Agent 2",1,84716,84716,2097152,561,"aiter::fmha_bwd_hd128_dq_convert_bf16",128,0,0,16,0,128,"GRBM_COUNT",891901.000000,30619680322090,30619680407552
15,15,"Agent 2",1,84716,84716,2097152,561,"aiter::fmha_bwd_hd128_dq_convert_bf16",128,0,0,16,0,128,"GRBM_GUI_ACTIVE",891901.000000,30619680322090,30619680407552
15,15,"Agent 2",1,84716,84716,2097152,561,"aiter::fmha_bwd_hd128_dq_convert_bf16",128,0,0,16,0,128,"SQ_WAVES",65536.000000,30619680322090,30619680407552
16,16,"Agent 2",1,84716,84716,8388608,636,"void at::native::reduce_kernel<128, 4, at::native::ReduceOp<c10::BFloat16, at::native::func_wrapper_t<c10::BFloat16, at::native::sum_functor<c10::BFloat16, float, c10::BFloat16>::operator()(at::TensorIterator&)::{lambda(float, float)#1}>, unsigned int, c10::BFloat16, 4, 8> >(at::native::ReduceOp<c10::BFloat16, at::native::func_wrapper_t<c10::BFloat16, at::native::sum_functor<c10::BFloat16, float, c10::BFloat16>::operator()(at::TensorIterator&)::{lambda(float, float)#1}>, unsigned int, c10::BFloat16, 4, 8>)",128,512,0,32,0,128,"GRBM_COUNT",1212749.000000,30619684703989,30619684770285
16,16,"Agent 2",1,84716,84716,8388608,636,"void at::native::reduce_kernel<128, 4, at::native::ReduceOp<c10::BFloat16, at::native::func_wrapper_t<c10::BFloat16, at::native::sum_functor<c10::BFloat16, float, c10::BFloat16>::operator()(at::TensorIterator&)::{lambda(float, float)#1}>, unsigned int, c10::BFloat16, 4, 8> >(at::native::ReduceOp<c10::BFloat16, at::native::func_wrapper_t<c10::BFloat16, at::native::sum_functor<c10::BFloat16, float, c10::BFloat16>::operator()(at::TensorIterator&)::{lambda(float, float)#1}>, unsigned int, c10::BFloat16, 4, 8>)",128,512,0,32,0,128,"GRBM_GUI_ACTIVE",1212749.000000,30619684703989,30619684770285
16,16,"Agent 2",1,84716,84716,8388608,636,"void at::native::reduce_kernel<128, 4, at::native::ReduceOp<c10::BFloat16, at::native::func_wrapper_t<c10::BFloat16, at::native::sum_functor<c10::BFloat16, float, c10::BFloat16>::operator()(at::TensorIterator&)::{lambda(float, float)#1}>, unsigned int, c10::BFloat16, 4, 8> >(at::native::ReduceOp<c10::BFloat16, at::native::func_wrapper_t<c10::BFloat16, at::native::sum_functor<c10::BFloat16, float, c10::BFloat16>::operator()(at::TensorIterator&)::{lambda(float, float)#1}>, unsigned int, c10::BFloat16, 4, 8>)",128,512,0,32,0,128,"SQ_WAVES",262144.000000,30619684703989,30619684770285
17,17,"Agent 2",1,84716,84716,8388608,636,"void at::native::reduce_kernel<128, 4, at::native::ReduceOp<c10::BFloat16, at::native::func_wrapper_t<c10::BFloat16, at::native::sum_functor<c10::BFloat16, float, c10::BFloat16>::operator()(at::TensorIterator&)::{lambda(float, float)#1}>, unsigned int, c10::BFloat16, 4, 8> >(at::native::ReduceOp<c10::BFloat16, at::native::func_wrapper_t<c10::BFloat16, at::native::sum_functor<c10::BFloat16, float, c10::BFloat16>::operator()(at::TensorIterator&)::{lambda(float, float)#1}>, unsigned int, c10::BFloat16, 4, 8>)",128,512,0,32,0,128,"GRBM_COUNT",1172450.000000,30619684911215,30619684977598
17,17,"Agent 2",1,84716,84716,8388608,636,"void at::native::reduce_kernel<128, 4, at::native::ReduceOp<c10::BFloat16, at::native::func_wrapper_t<c10::BFloat16, at::native::sum_functor<c10::BFloat16, float, c10::BFloat16>::operator()(at::TensorIterator&)::{lambda(float, float)#1}>, unsigned int, c10::BFloat16, 4, 8> >(at::native::ReduceOp<c10::BFloat16, at::native::func_wrapper_t<c10::BFloat16, at::native::sum_functor<c10::BFloat16, float, c10::BFloat16>::operator()(at::TensorIterator&)::{lambda(float, float)#1}>, unsigned int, c10::BFloat16, 4, 8>)",128,512,0,32,0,128,"GRBM_GUI_ACTIVE",1172450.000000,30619684911215,30619684977598
17,17,"Agent 2",1,84716,84716,8388608,636,"void at::native::reduce_kernel<128, 4, at::native::ReduceOp<c10::BFloat16, at::native::func_wrapper_t<c10::BFloat16, at::native::sum_functor<c10::BFloat16, float, c10::BFloat16>::operator()(at::TensorIterator&)::{lambda(float, float)#1}>, unsigned int, c10::BFloat16, 4, 8> >(at::native::ReduceOp<c10::BFloat16, at::native::func_wrapper_t<c10::BFloat16, at::native::sum_functor<c10::BFloat16, float, c10::BFloat16>::operator()(at::TensorIterator&)::{lambda(float, float)#1}>, unsigned int, c10::BFloat16, 4, 8>)",128,512,0,32,0,128,"SQ_WAVES",262144.000000,30619684911215,30619684977598
18,18,"Agent 2",1,84716,84716,16777216,423,"void at::native::vectorized_elementwise_kernel<4, at::native::FillFunctor<float>, std::array<char*, 1ul> >(int, at::native::FillFunctor<float>, std::array<char*, 1ul>)",256,0,0,8,0,128,"GRBM_COUNT",661129.000000,30619685282536,30619685307742
18,18,"Agent 2",1,84716,84716,16777216,423,"void at::native::vectorized_elementwise_kernel<4, at::native::FillFunctor<float>, std::array<char*, 1ul> >(int, at::native::FillFunctor<float>, std::array<char*, 1ul>)",256,0,0,8,0,128,"GRBM_GUI_ACTIVE",661129.000000,30619685282536,30619685307742
18,18,"Agent 2",1,84716,84716,16777216,423,"void at::native::vectorized_elementwise_kernel<4, at::native::FillFunctor<float>, std::array<char*, 1ul> >(int, at::native::FillFunctor<float>, std::array<char*, 1ul>)",256,0,0,8,0,128,"SQ_WAVES",524288.000000,30619685282536,30619685307742
19,19,"Agent 2",1,84716,84716,8388608,388,"k_delta_bshd_0",256,0,0,24,0,128,"GRBM_COUNT",1477652.000000,30619685449378,30619685531086
19,19,"Agent 2",1,84716,84716,8388608,388,"k_delta_bshd_0",256,0,0,24,0,128,"GRBM_GUI_ACTIVE",1477652.000000,30619685449378,30619685531086
19,19,"Agent 2",1,84716,84716,8388608,388,"k_delta_bshd_0",256,0,0,24,0,128,"SQ_WAVES",262144.000000,30619685449378,30619685531086
20,20,"Agent 2",1,84716,84716,262144,389,"k_dkdv_0",32,70656,0,368,0,128,"GRBM_COUNT",57309716.000000,30619685688251,30619690138302
20,20,"Agent 2",1,84716,84716,262144,389,"k_dkdv_0",32,70656,0,368,0,128,"GRBM_GUI_ACTIVE",57309716.000000,30619685688251,30619690138302
20,20,"Agent 2",1,84716,84716,262144,389,"k_dkdv_0",32,70656,0,368,0,128,"SQ_WAVES",8192.000000,30619685688251,30619690138302
21,21,"Agent 2",1,84716,84716,524288,390,"k_dqg_0",32,8704,0,496,0,128,"GRBM_COUNT",31641495.000000,30619690287223,30619692809680
21,21,"Agent 2",1,84716,84716,524288,390,"k_dqg_0",32,8704,0,496,0,128,"GRBM_GUI_ACTIVE",31641495.000000,30619690287223,30619692809680
21,21,"Agent 2",1,84716,84716,524288,390,"k_dqg_0",32,8704,0,496,0,128,"SQ_WAVES",16384.000000,30619690287223,30619692809680
22,22,"Agent 2",1,84716,84716,16777216,423,"void at::native::vectorized_elementwise_kernel<4, at::native::FillFunctor<float>, std::array<char*, 1ul> >(int, at::native::FillFunctor<float>, std::array<char*, 1ul>)",256,0,0,8,0,128,"GRBM_COUNT",586826.000000,30619693013989,30619693040943
22,22,"Agent 2",1,84716,84716,16777216,423,"void at::native::vectorized_elementwise_kernel<4, at::native::FillFunctor<float>, std::array<char*, 1ul> >(int, at::native::FillFunctor<float>, std::array<char*, 1ul>)",256,0,0,8,0,128,"GRBM_GUI_ACTIVE",586826.000000,30619693013989,30619693040943
22,22,"Agent 2",1,84716,84716,16777216,423,"void at::native::vectorized_elementwise_kernel<4, at::native::FillFunctor<float>, std::array<char*, 1ul> >(int, at::native::FillFunctor<float>, std::array<char*, 1ul>)",256,0,0,8,0,128,"SQ_WAVES",524288.000000,30619693013989,30619693040943
23,23,"Agent 2",1,84716,84716,8388608,388,"k_delta_bshd_0",256,0,0,24,0,128,"GRBM_COUNT",1414763.000000,30619693188475,30619693280767
23,23,"Agent 2",1,84716,84716,8388608,388,"k_delta_bshd_0",256,0,0,24,0,128,"GRBM_GUI_ACTIVE",1414763.000000,30619693188475,30619693280767
23,23,"Agent 2",1,84716,84716,8388608,388,"k_delta_bshd_0",256,0,0,24,0,128,"SQ_WAVES",262144.000000,30619693188475,30619693280767
24,24,"Agent 2",1,84716,84716,262144,389,"k_dkdv_0",32,70656,0,368,0,128,"GRBM_COUNT",57490842.000000,30619693431579,30619697688070
24,24,"Agent 2",1,84716,84716,262144,389,"k_dkdv_0",32,70656,0,368,0,128,"GRBM_GUI_ACTIVE",57490842.000000,30619693431579,30619697688070
24,24,"Agent 2",1,84716,84716,262144,389,"k_dkdv_0",32,70656,0,368,0,128,"SQ_WAVES",8192.000000,30619693431579,30619697688070
25,25,"Agent 2",1,84716,84716,524288,390,"k_dqg_0",32,8704,0,496,0,128,"GRBM_COUNT",31853834.000000,30619697838456,30619700165055
25,25,"Agent 2",1,84716,84716,524288,390,"k_dqg_0",32,8704,0,496,0,128,"GRBM_GUI_ACTIVE",31853834.000000,30619697838456,30619700165055
25,25,"Agent 2",1,84716,84716,524288,390,"k_dqg_0",32,8704,0,496,0,128,"SQ_WAVES",16384.000000,30619697838456,30619700165055
26,26,"Agent 2",1,84716,84716,16777216,423,"void at::native::vectorized_elementwise_kernel<4, at::native::FillFunctor<float>, std::array<char*, 1ul> >(int, at::native::FillFunctor<float>, std::array<char*, 1ul>)",256,0,0,8,0,128,"GRBM_COUNT",581231.000000,30619700365274,30619700390078
26,26,"Agent 2",1,84716,84716,16777216,423,"void at::native::vectorized_elementwise_kernel<4, at::native::FillFunctor<float>, std::array<char*, 1ul> >(int, at::native::FillFunctor<float>, std::array<char*, 1ul>)",256,0,0,8,0,128,"GRBM_GUI_ACTIVE",581231.000000,30619700365274,30619700390078
26,26,"Agent 2",1,84716,84716,16777216,423,"void at::native::vectorized_elementwise_kernel<4, at::native::FillFunctor<float>, std::array<char*, 1ul> >(int, at::native::FillFunctor<float>, std::array<char*, 1ul>)",256,0,0,8,0,128,"SQ_WAVES",524288.000000,30619700365274,30619700390078
27,27,"Agent 2",1,84716,84716,8388608,388,"k_delta_bshd_0",256,0,0,24,0,128,"GRBM_COUNT",1479856.000000,30619700538149,30619700629602
27,27,"Agent 2",1,84716,84716,8388608,388,"k_delta_bshd_0",256,0,0,24,0,128,"GRBM_GUI_ACTIVE",1479856.000000,30619700538149,30619700629602
27,27,"Agent 2",1,84716,84716,8388608,388,"k_delta_bshd_0",256,0,0,24,0,128,"SQ_WAVES",262144.000000,30619700538149,30619700629602
28,28,"Agent 2",1,84716,84716,262144,389,"k_dkdv_0",32,70656,0,368,0,128,"GRBM_COUNT",58076534.000000,30619700778646,30619704933943
28,28,"Agent 2",1,84716,84716,262144,389,"k_dkdv_0",32,70656,0,368,0,128,"GRBM_GUI_ACTIVE",58076534.000000,30619700778646,30619704933943
28,28,"Agent 2",1,84716,84716,262144,389,"k_dkdv_0",32,70656,0,368,0,128,"SQ_WAVES",8192.000000,30619700778646,30619704933943
29,29,"Agent 2",1,84716,84716,524288,390,"k_dqg_0",32,8704,0,496,0,128,"GRBM_COUNT",31924027.000000,30619705076090,30619707335628
29,29,"Agent 2",1,84716,84716,524288,390,"k_dqg_0",32,8704,0,496,0,128,"GRBM_GUI_ACTIVE",31924027.000000,30619705076090,30619707335628
29,29,"Agent 2",1,84716,84716,524288,390,"k_dqg_0",32,8704,0,496,0,128,"SQ_WAVES",16384.000000,30619705076090,30619707335628
30,30,"Agent 2",1,84716,84716,16777216,423,"void at::native::vectorized_elementwise_kernel<4, at::native::FillFunctor<float>, std::array<char*, 1ul> >(int, at::native::FillFunctor<float>, std::array<char*, 1ul>)",256,0,0,8,0,128,"GRBM_COUNT",588892.000000,30619707527249,30619707551281
30,30,"Agent 2",1,84716,84716,16777216,423,"void at::native::vectorized_elementwise_kernel<4, at::native::FillFunctor<float>, std::array<char*, 1ul> >(int, at::native::FillFunctor<float>, std::array<char*, 1ul>)",256,0,0,8,0,128,"GRBM_GUI_ACTIVE",588892.000000,30619707527249,30619707551281
30,30,"Agent 2",1,84716,84716,16777216,423,"void at::native::vectorized_elementwise_kernel<4, at::native::FillFunctor<float>, std::array<char*, 1ul> >(int, at::native::FillFunctor<float>, std::array<char*, 1ul>)",256,0,0,8,0,128,"SQ_WAVES",524288.000000,30619707527249,30619707551281
31,31,"Agent 2",1,84716,84716,8388608,388,"k_delta_bshd_0",256,0,0,24,0,128,"GRBM_COUNT",1443476.000000,30619707693532,30619707778934
31,31,"Agent 2",1,84716,84716,8388608,388,"k_delta_bshd_0",256,0,0,24,0,128,"GRBM_GUI_ACTIVE",1443476.000000,30619707693532,30619707778934
31,31,"Agent 2",1,84716,84716,8388608,388,"k_delta_bshd_0",256,0,0,24,0,128,"SQ_WAVES",262144.000000,30619707693532,30619707778934
32,32,"Agent 2",1,84716,84716,262144,389,"k_dkdv_0",32,70656,0,368,0,128,"GRBM_COUNT",58310105.000000,30619707931508,30619712040295
32,32,"Agent 2",1,84716,84716,262144,389,"k_dkdv_0",32,70656,0,368,0,128,"GRBM_GUI_ACTIVE",58310105.000000,30619707931508,30619712040295
32,32,"Agent 2",1,84716,84716,262144,389,"k_dkdv_0",32,70656,0,368,0,128,"SQ_WAVES",8192.000000,30619707931508,30619712040295
33,33,"Agent 2",1,84716,84716,524288,390,"k_dqg_0",32,8704,0,496,0,128,"GRBM_COUNT",32015720.000000,30619712180753,30619714379399
33,33,"Agent 2",1,84716,84716,524288,390,"k_dqg_0",32,8704,0,496,0,128,"GRBM_GUI_ACTIVE",32015720.000000,30619712180753,30619714379399
33,33,"Agent 2",1,84716,84716,524288,390,"k_dqg_0",32,8704,0,496,0,128,"SQ_WAVES",16384.000000,30619712180753,30619714379399
34,34,"Agent 2",1,84716,84716,16777216,423,"void at::native::vectorized_elementwise_kernel<4, at::native::FillFunctor<float>, std::array<char*, 1ul> >(int, at::native::FillFunctor<float>, std::array<char*, 1ul>)",256,0,0,8,0,128,"GRBM_COUNT",564272.000000,30619714576061,30619714598942
34,34,"Agent 2",1,84716,84716,16777216,423,"void at::native::vectorized_elementwise_kernel<4, at::native::FillFunctor<float>, std::array<char*, 1ul> >(int, at::native::FillFunctor<float>, std::array<char*, 1ul>)",256,0,0,8,0,128,"GRBM_GUI_ACTIVE",564272.000000,30619714576061,30619714598942
34,34,"Agent 2",1,84716,84716,16777216,423,"void at::native::vectorized_elementwise_kernel<4, at::native::FillFunctor<float>, std::array<char*, 1ul> >(int, at::native::FillFunctor<float>, std::array<char*, 1ul>)",256,0,0,8,0,128,"SQ_WAVES",524288.000000,30619714576061,30619714598942
35,35,"Agent 2",1,84716,84716,33554432,423,"void at::native::vectorized_elementwise_kernel<4, at::native::FillFunctor<float>, std::array<char*, 1ul> >(int, at::native::FillFunctor<float>, std::array<char*, 1ul>)",256,0,0,8,0,128,"GRBM_COUNT",969489.000000,30619714744946,30619714792625
35,35,"Agent 2",1,84716,84716,33554432,423,"void at::native::vectorized_elementwise_kernel<4, at::native::FillFunctor<float>, std::array<char*, 1ul> >(int, at::native::FillFunctor<float>, std::array<char*, 1ul>)",256,0,0,8,0,128,"GRBM_GUI_ACTIVE",969489.000000,30619714744946,30619714792625
35,35,"Agent 2",1,84716,84716,33554432,423,"void at::native::vectorized_elementwise_kernel<4, at::native::FillFunctor<float>, std::array<char*, 1ul> >(int, at::native::FillFunctor<float>, std::array<char*, 1ul>)",256,0,0,8,0,128,"SQ_WAVES",1048576.000000,30619714744946,30619714792625
36,36,"Agent 2",1,84716,84716,1048576,559,"aiter::fmha_bwd_hd128_odo_bf16",128,0,0,24,0,128,"GRBM_COUNT",798828.000000,30619714935002,30619714981057
36,36,"Agent 2",1,84716,84716,1048576,559,"aiter::fmha_bwd_hd128_odo_bf16",128,0,0,24,0,128,"GRBM_GUI_ACTIVE",798828.000000,30619714935002,30619714981057
36,36,"Agent 2",1,84716,84716,1048576,559,"aiter::fmha_bwd_hd128_odo_bf16",128,0,0,24,0,128,"SQ_WAVES",32768.000000,30619714935002,30619714981057
37,37,"Agent 2",1,84716,84716,524288,560,"aiter::fmha_bwd_hd128_bf16_causal_br_a32_pssk",128,327680,0,512,0,128,"GRBM_COUNT",63076701.000000,30619715140358,30619719796456
37,37,"Agent 2",1,84716,84716,524288,560,"aiter::fmha_bwd_hd128_bf16_causal_br_a32_pssk",128,327680,0,512,0,128,"GRBM_GUI_ACTIVE",63076701.000000,30619715140358,30619719796456
37,37,"Agent 2",1,84716,84716,524288,560,"aiter::fmha_bwd_hd128_bf16_causal_br_a32_pssk",128,327680,0,512,0,128,"SQ_WAVES",16384.000000,30619715140358,30619719796456
38,38,"Agent 2",1,84716,84716,2097152,561,"aiter::fmha_bwd_hd128_dq_convert_bf16",128,0,0,16,0,128,"GRBM_COUNT",772532.000000,30619719957147,30619720021800
38,38,"Agent 2",1,84716,84716,2097152,561,"aiter::fmha_bwd_hd128_dq_convert_bf16",128,0,0,16,0,128,"GRBM_GUI_ACTIVE",772532.000000,30619719957147,30619720021800
38,38,"Agent 2",1,84716,84716,2097152,561,"aiter::fmha_bwd_hd128_dq_convert_bf16",128,0,0,16,0,128,"SQ_WAVES",65536.000000,30619719957147,30619720021800
39,39,"Agent 2",1,84716,84716,8388608,636,"void at::native::reduce_kernel<128, 4, at::native::ReduceOp<c10::BFloat16, at::native::func_wrapper_t<c10::BFloat16, at::native::sum_functor<c10::BFloat16, float, c10::BFloat16>::operator()(at::TensorIterator&)::{lambda(float, float)#1}>, unsigned int, c10::BFloat16, 4, 8> >(at::native::ReduceOp<c10::BFloat16, at::native::func_wrapper_t<c10::BFloat16, at::native::sum_functor<c10::BFloat16, float, c10::BFloat16>::operator()(at::TensorIterator&)::{lambda(float, float)#1}>, unsigned int, c10::BFloat16, 4, 8>)",128,512,0,32,0,128,"GRBM_COUNT",971518.000000,30619720175778,30619720254883
39,39,"Agent 2",1,84716,84716,8388608,636,"void at::native::reduce_kernel<128, 4, at::native::ReduceOp<c10::BFloat16, at::native::func_wrapper_t<c10::BFloat16, at::native::sum_functor<c10::BFloat16, float, c10::BFloat16>::operator()(at::TensorIterator&)::{lambda(float, float)#1}>, unsigned int, c10::BFloat16, 4, 8> >(at::native::ReduceOp<c10::BFloat16, at::native::func_wrapper_t<c10::BFloat16, at::native::sum_functor<c10::BFloat16, float, c10::BFloat16>::operator()(at::TensorIterator&)::{lambda(float, float)#1}>, unsigned int, c10::BFloat16, 4, 8>)",128,512,0,32,0,128,"GRBM_GUI_ACTIVE",971518.000000,30619720175778,30619720254883
39,39,"Agent 2",1,84716,84716,8388608,636,"void at::native::reduce_kernel<128, 4, at::native::ReduceOp<c10::BFloat16, at::native::func_wrapper_t<c10::BFloat16, at::native::sum_functor<c10::BFloat16, float, c10::BFloat16>::operator()(at::TensorIterator&)::{lambda(float, float)#1}>, unsigned int, c10::BFloat16, 4, 8> >(at::native::ReduceOp<c10::BFloat16, at::native::func_wrapper_t<c10::BFloat16, at::native::sum_functor<c10::BFloat16, float, c10::BFloat16>::operator()(at::TensorIterator&)::{lambda(float, float)#1}>, unsigned int, c10::BFloat16, 4, 8>)",128,512,0,32,0,128,"SQ_WAVES",262144.000000,30619720175778,30619720254883
40,40,"Agent 2",1,84716,84716,8388608,636,"void at::native::reduce_kernel<128, 4, at::native::ReduceOp<c10::BFloat16, at::native::func_wrapper_t<c10::BFloat16, at::native::sum_functor<c10::BFloat16, float, c10::BFloat16>::operator()(at::TensorIterator&)::{lambda(float, float)#1}>, unsigned int, c10::BFloat16, 4, 8> >(at::native::ReduceOp<c10::BFloat16, at::native::func_wrapper_t<c10::BFloat16, at::native::sum_functor<c10::BFloat16, float, c10::BFloat16>::operator()(at::TensorIterator&)::{lambda(float, float)#1}>, unsigned int, c10::BFloat16, 4, 8>)",128,512,0,32,0,128,"GRBM_COUNT",963062.000000,30619720421603,30619720500857
40,40,"Agent 2",1,84716,84716,8388608,636,"void at::native::reduce_kernel<128, 4, at::native::ReduceOp<c10::BFloat16, at::native::func_wrapper_t<c10::BFloat16, at::native::sum_functor<c10::BFloat16, float, c10::BFloat16>::operator()(at::TensorIterator&)::{lambda(float, float)#1}>, unsigned int, c10::BFloat16, 4, 8> >(at::native::ReduceOp<c10::BFloat16, at::native::func_wrapper_t<c10::BFloat16, at::native::sum_functor<c10::BFloat16, float, c10::BFloat16>::operator()(at::TensorIterator&)::{lambda(float, float)#1}>, unsigned int, c10::BFloat16, 4, 8>)",128,512,0,32,0,128,"GRBM_GUI_ACTIVE",963062.000000,30619720421603,30619720500857
40,40,"Agent 2",1,84716,84716,8388608,636,"void at::native::reduce_kernel<128, 4, at::native::ReduceOp<c10::BFloat16, at::native::func_wrapper_t<c10::BFloat16, at::native::sum_functor<c10::BFloat16, float, c10::BFloat16>::operator()(at::TensorIterator&)::{lambda(float, float)#1}>, unsigned int, c10::BFloat16, 4, 8> >(at::native::ReduceOp<c10::BFloat16, at::native::func_wrapper_t<c10::BFloat16, at::native::sum_functor<c10::BFloat16, float, c10::BFloat16>::operator()(at::TensorIterator&)::{lambda(float, float)#1}>, unsigned int, c10::BFloat16, 4, 8>)",128,512,0,32,0,128,"SQ_WAVES",262144.000000,30619720421603,30619720500857
41,41,"Agent 2",1,84716,84716,16777216,423,"void at::native::vectorized_elementwise_kernel<4, at::native::FillFunctor<float>, std::array<char*, 1ul> >(int, at::native::FillFunctor<float>, std::array<char*, 1ul>)",256,0,0,8,0,128,"GRBM_COUNT",525710.000000,30619720708586,30619720739590
41,41,"Agent 2",1,84716,84716,16777216,423,"void at::native::vectorized_elementwise_kernel<4, at::native::FillFunctor<float>, std::array<char*, 1ul> >(int, at::native::FillFunctor<float>, std::array<char*, 1ul>)",256,0,0,8,0,128,"GRBM_GUI_ACTIVE",525710.000000,30619720708586,30619720739590
41,41,"Agent 2",1,84716,84716,16777216,423,"void at::native::vectorized_elementwise_kernel<4, at::native::FillFunctor<float>, std::array<char*, 1ul> >(int, at::native::FillFunctor<float>, std::array<char*, 1ul>)",256,0,0,8,0,128,"SQ_WAVES",524288.000000,30619720708586,30619720739590
42,42,"Agent 2",1,84716,84716,33554432,423,"void at::native::vectorized_elementwise_kernel<4, at::native::FillFunctor<float>, std::array<char*, 1ul> >(int, at::native::FillFunctor<float>, std::array<char*, 1ul>)",256,0,0,8,0,128,"GRBM_COUNT",909451.000000,30619720911045,30619720973143
42,42,"Agent 2",1,84716,84716,33554432,423,"void at::native::vectorized_elementwise_kernel<4, at::native::FillFunctor<float>, std::array<char*, 1ul> >(int, at::native::FillFunctor<float>, std::array<char*, 1ul>)",256,0,0,8,0,128,"GRBM_GUI_ACTIVE",909451.000000,30619720911045,30619720973143
42,42,"Agent 2",1,84716,84716,33554432,423,"void at::native::vectorized_elementwise_kernel<4, at::native::FillFunctor<float>, std::array<char*, 1ul> >(int, at::native::FillFunctor<float>, std::array<char*, 1ul>)",256,0,0,8,0,128,"SQ_WAVES",1048576.000000,30619720911045,30619720973143
43,43,"Agent 2",1,84716,84716,1048576,559,"aiter::fmha_bwd_hd128_odo_bf16",128,0,0,24,0,128,"GRBM_COUNT",785582.000000,30619721130984,30619721193347
43,43,"Agent 2",1,84716,84716,1048576,559,"aiter::fmha_bwd_hd128_odo_bf16",128,0,0,24,0,128,"GRBM_GUI_ACTIVE",785582.000000,30619721130984,30619721193347
43,43,"Agent 2",1,84716,84716,1048576,559,"aiter::fmha_bwd_hd128_odo_bf16",128,0,0,24,0,128,"SQ_WAVES",32768.000000,30619721130984,30619721193347
44,44,"Agent 2",1,84716,84716,524288,560,"aiter::fmha_bwd_hd128_bf16_causal_br_a32_pssk",128,327680,0,512,0,128,"GRBM_COUNT",62426397.000000,30619721350603,30619726064696
44,44,"Agent 2",1,84716,84716,524288,560,"aiter::fmha_bwd_hd128_bf16_causal_br_a32_pssk",128,327680,0,512,0,128,"GRBM_GUI_ACTIVE",62426397.000000,30619721350603,30619726064696
44,44,"Agent 2",1,84716,84716,524288,560,"aiter::fmha_bwd_hd128_bf16_causal_br_a32_pssk",128,327680,0,512,0,128,"SQ_WAVES",16384.000000,30619721350603,30619726064696
45,45,"Agent 2",1,84716,84716,2097152,561,"aiter::fmha_bwd_hd128_dq_convert_bf16",128,0,0,16,0,128,"GRBM_COUNT",749013.000000,30619726218821,30619726284209
45,45,"Agent 2",1,84716,84716,2097152,561,"aiter::fmha_bwd_hd128_dq_convert_bf16",128,0,0,16,0,128,"GRBM_GUI_ACTIVE",749013.000000,30619726218821,30619726284209
45,45,"Agent 2",1,84716,84716,2097152,561,"aiter::fmha_bwd_hd128_dq_convert_bf16",128,0,0,16,0,128,"SQ_WAVES",65536.000000,30619726218821,30619726284209
46,46,"Agent 2",1,84716,84716,8388608,636,"void at::native::reduce_kernel<128, 4, at::native::ReduceOp<c10::BFloat16, at::native::func_wrapper_t<c10::BFloat16, at::native::sum_functor<c10::BFloat16, float, c10::BFloat16>::operator()(at::TensorIterator&)::{lambda(float, float)#1}>, unsigned int, c10::BFloat16, 4, 8> >(at::native::ReduceOp<c10::BFloat16, at::native::func_wrapper_t<c10::BFloat16, at::native::sum_functor<c10::BFloat16, float, c10::BFloat16>::operator()(at::TensorIterator&)::{lambda(float, float)#1}>, unsigned int, c10::BFloat16, 4, 8>)",128,512,0,32,0,128,"GRBM_COUNT",1055266.000000,30619726439336,30619726526233
46,46,"Agent 2",1,84716,84716,8388608,636,"void at::native::reduce_kernel<128, 4, at::native::ReduceOp<c10::BFloat16, at::native::func_wrapper_t<c10::BFloat16, at::native::sum_functor<c10::BFloat16, float, c10::BFloat16>::operator()(at::TensorIterator&)::{lambda(float, float)#1}>, unsigned int, c10::BFloat16, 4, 8> >(at::native::ReduceOp<c10::BFloat16, at::native::func_wrapper_t<c10::BFloat16, at::native::sum_functor<c10::BFloat16, float, c10::BFloat16>::operator()(at::TensorIterator&)::{lambda(float, float)#1}>, unsigned int, c10::BFloat16, 4, 8>)",128,512,0,32,0,128,"GRBM_GUI_ACTIVE",1055266.000000,30619726439336,30619726526233
46,46,"Agent 2",1,84716,84716,8388608,636,"void at::native::reduce_kernel<128, 4, at::native::ReduceOp<c10::BFloat16, at::native::func_wrapper_t<c10::BFloat16, at::native::sum_functor<c10::BFloat16, float, c10::BFloat16>::operator()(at::TensorIterator&)::{lambda(float, float)#1}>, unsigned int, c10::BFloat16, 4, 8> >(at::native::ReduceOp<c10::BFloat16, at::native::func_wrapper_t<c10::BFloat16, at::native::sum_functor<c10::BFloat16, float, c10::BFloat16>::operator()(at::TensorIterator&)::{lambda(float, float)#1}>, unsigned int, c10::BFloat16, 4, 8>)",128,512,0,32,0,128,"SQ_WAVES",262144.000000,30619726439336,30619726526233
47,47,"Agent 2",1,84716,84716,8388608,636,"void at::native::reduce_kernel<128, 4, at::native::ReduceOp<c10::BFloat16, at::native::func_wrapper_t<c10::BFloat16, at::native::sum_functor<c10::BFloat16, float, c10::BFloat16>::operator()(at::TensorIterator&)::{lambda(float, float)#1}>, unsigned int, c10::BFloat16, 4, 8> >(at::native::ReduceOp<c10::BFloat16, at::native::func_wrapper_t<c10::BFloat16, at::native::sum_functor<c10::BFloat16, float, c10::BFloat16>::operator()(at::TensorIterator&)::{lambda(float, float)#1}>, unsigned int, c10::BFloat16, 4, 8>)",128,512,0,32,0,128,"GRBM_COUNT",957497.000000,30619726687928,30619726767376
47,47,"Agent 2",1,84716,84716,8388608,636,"void at::native::reduce_kernel<128, 4, at::native::ReduceOp<c10::BFloat16, at::native::func_wrapper_t<c10::BFloat16, at::native::sum_functor<c10::BFloat16, float, c10::BFloat16>::operator()(at::TensorIterator&)::{lambda(float, float)#1}>, unsigned int, c10::BFloat16, 4, 8> >(at::native::ReduceOp<c10::BFloat16, at::native::func_wrapper_t<c10::BFloat16, at::native::sum_functor<c10::BFloat16, float, c10::BFloat16>::operator()(at::TensorIterator&)::{lambda(float, float)#1}>, unsigned int, c10::BFloat16, 4, 8>)",128,512,0,32,0,128,"GRBM_GUI_ACTIVE",957497.000000,30619726687928,30619726767376
47,47,"Agent 2",1,84716,84716,8388608,636,"void at::native::reduce_kernel<128, 4, at::native::ReduceOp<c10::BFloat16, at::native::func_wrapper_t<c10::BFloat16, at::native::sum_functor<c10::BFloat16, float, c10::BFloat16>::operator()(at::TensorIterator&)::{lambda(float, float)#1}>, unsigned int, c10::BFloat16, 4, 8> >(at::native::ReduceOp<c10::BFloat16, at::native::func_wrapper_t<c10::BFloat16, at::native::sum_functor<c10::BFloat16, float, c10::BFloat16>::operator()(at::TensorIterator&)::{lambda(float, float)#1}>, unsigned int, c10::BFloat16, 4, 8>)",128,512,0,32,0,128,"SQ_WAVES",262144.000000,30619726687928,30619726767376
48,48,"Agent 2",1,84716,84716,16777216,423,"void at::native::vectorized_elementwise_kernel<4, at::native::FillFunctor<float>, std::array<char*, 1ul> >(int, at::native::FillFunctor<float>, std::array<char*, 1ul>)",256,0,0,8,0,128,"GRBM_COUNT",535390.000000,30619726978876,30619727010200
48,48,"Agent 2",1,84716,84716,16777216,423,"void at::native::vectorized_elementwise_kernel<4, at::native::FillFunctor<float>, std::array<char*, 1ul> >(int, at::native::FillFunctor<float>, std::array<char*, 1ul>)",256,0,0,8,0,128,"GRBM_GUI_ACTIVE",535390.000000,30619726978876,30619727010200
48,48,"Agent 2",1,84716,84716,16777216,423,"void at::native::vectorized_elementwise_kernel<4, at::native::FillFunctor<float>, std::array<char*, 1ul> >(int, at::native::FillFunctor<float>, std::array<char*, 1ul>)",256,0,0,8,0,128,"SQ_WAVES",524288.000000,30619726978876,30619727010200
49,49,"Agent 2",1,84716,84716,33554432,423,"void at::native::vectorized_elementwise_kernel<4, at::native::FillFunctor<float>, std::array<char*, 1ul> >(int, at::native::FillFunctor<float>, std::array<char*, 1ul>)",256,0,0,8,0,128,"GRBM_COUNT",956413.000000,30619727179981,30619727246323
49,49,"Agent 2",1,84716,84716,33554432,423,"void at::native::vectorized_elementwise_kernel<4, at::native::FillFunctor<float>, std::array<char*, 1ul> >(int, at::native::FillFunctor<float>, std::array<char*, 1ul>)",256,0,0,8,0,128,"GRBM_GUI_ACTIVE",956413.000000,30619727179981,30619727246323
49,49,"Agent 2",1,84716,84716,33554432,423,"void at::native::vectorized_elementwise_kernel<4, at::native::FillFunctor<float>, std::array<char*, 1ul> >(int, at::native::FillFunctor<float>, std::array<char*, 1ul>)",256,0,0,8,0,128,"SQ_WAVES",1048576.000000,30619727179981,30619727246323
50,50,"Agent 2",1,84716,84716,1048576,559,"aiter::fmha_bwd_hd128_odo_bf16",128,0,0,24,0,128,"GRBM_COUNT",843765.000000,30619727391635,30619727441546
50,50,"Agent 2",1,84716,84716,1048576,559,"aiter::fmha_bwd_hd128_odo_bf16",128,0,0,24,0,128,"GRBM_GUI_ACTIVE",843765.000000,30619727391635,30619727441546
50,50,"Agent 2",1,84716,84716,1048576,559,"aiter::fmha_bwd_hd128_odo_bf16",128,0,0,24,0,128,"SQ_WAVES",32768.000000,30619727391635,30619727441546
51,51,"Agent 2",1,84716,84716,524288,560,"aiter::fmha_bwd_hd128_bf16_causal_br_a32_pssk",128,327680,0,512,0,128,"GRBM_COUNT",61691465.000000,30619727598561,30619732356006
51,51,"Agent 2",1,84716,84716,524288,560,"aiter::fmha_bwd_hd128_bf16_causal_br_a32_pssk",128,327680,0,512,0,128,"GRBM_GUI_ACTIVE",61691465.000000,30619727598561,30619732356006
51,51,"Agent 2",1,84716,84716,524288,560,"aiter::fmha_bwd_hd128_bf16_causal_br_a32_pssk",128,327680,0,512,0,128,"SQ_WAVES",16384.000000,30619727598561,30619732356006
52,52,"Agent 2",1,84716,84716,2097152,561,"aiter::fmha_bwd_hd128_dq_convert_bf16",128,0,0,16,0,128,"GRBM_COUNT",790955.000000,30619732515736,30619732582430
52,52,"Agent 2",1,84716,84716,2097152,561,"aiter::fmha_bwd_hd128_dq_convert_bf16",128,0,0,16,0,128,"GRBM_GUI_ACTIVE",790955.000000,30619732515736,30619732582430
52,52,"Agent 2",1,84716,84716,2097152,561,"aiter::fmha_bwd_hd128_dq_convert_bf16",128,0,0,16,0,128,"SQ_WAVES",65536.000000,30619732515736,30619732582430
53,53,"Agent 2",1,84716,84716,8388608,636,"void at::native::reduce_kernel<128, 4, at::native::ReduceOp<c10::BFloat16, at::native::func_wrapper_t<c10::BFloat16, at::native::sum_functor<c10::BFloat16, float, c10::BFloat16>::operator()(at::TensorIterator&)::{lambda(float, float)#1}>, unsigned int, c10::BFloat16, 4, 8> >(at::native::ReduceOp<c10::BFloat16, at::native::func_wrapper_t<c10::BFloat16, at::native::sum_functor<c10::BFloat16, float, c10::BFloat16>::operator()(at::TensorIterator&)::{lambda(float, float)#1}>, unsigned int, c10::BFloat16, 4, 8>)",128,512,0,32,0,128,"GRBM_COUNT",1077953.000000,30619732751848,30619732840543
53,53,"Agent 2",1,84716,84716,8388608,636,"void at::native::reduce_kernel<128, 4, at::native::ReduceOp<c10::BFloat16, at::native::func_wrapper_t<c10::BFloat16, at::native::sum_functor<c10::BFloat16, float, c10::BFloat16>::operator()(at::TensorIterator&)::{lambda(float, float)#1}>, unsigned int, c10::BFloat16, 4, 8> >(at::native::ReduceOp<c10::BFloat16, at::native::func_wrapper_t<c10::BFloat16, at::native::sum_functor<c10::BFloat16, float, c10::BFloat16>::operator()(at::TensorIterator&)::{lambda(float, float)#1}>, unsigned int, c10::BFloat16, 4, 8>)",128,512,0,32,0,128,"GRBM_GUI_ACTIVE",1077953.000000,30619732751848,30619732840543
53,53,"Agent 2",1,84716,84716,8388608,636,"void at::native::reduce_kernel<128, 4, at::native::ReduceOp<c10::BFloat16, at::native::func_wrapper_t<c10::BFloat16, at::native::sum_functor<c10::BFloat16, float, c10::BFloat16>::operator()(at::TensorIterator&)::{lambda(float, float)#1}>, unsigned int, c10::BFloat16, 4, 8> >(at::native::ReduceOp<c10::BFloat16, at::native::func_wrapper_t<c10::BFloat16, at::native::sum_functor<c10::BFloat16, float, c10::BFloat16>::operator()(at::TensorIterator&)::{lambda(float, float)#1}>, unsigned int, c10::BFloat16, 4, 8>)",128,512,0,32,0,128,"SQ_WAVES",262144.000000,30619732751848,30619732840543
54,54,"Agent 2",1,84716,84716,8388608,636,"void at::native::reduce_kernel<128, 4, at::native::ReduceOp<c10::BFloat16, at::native::func_wrapper_t<c10::BFloat16, at::native::sum_functor<c10::BFloat16, float, c10::BFloat16>::operator()(at::TensorIterator&)::{lambda(float, float)#1}>, unsigned int, c10::BFloat16, 4, 8> >(at::native::ReduceOp<c10::BFloat16, at::native::func_wrapper_t<c10::BFloat16, at::native::sum_functor<c10::BFloat16, float, c10::BFloat16>::operator()(at::TensorIterator&)::{lambda(float, float)#1}>, unsigned int, c10::BFloat16, 4, 8>)",128,512,0,32,0,128,"GRBM_COUNT",987787.000000,30619732995882,30619733076677
54,54,"Agent 2",1,84716,84716,8388608,636,"void at::native::reduce_kernel<128, 4, at::native::ReduceOp<c10::BFloat16, at::native::func_wrapper_t<c10::BFloat16, at::native::sum_functor<c10::BFloat16, float, c10::BFloat16>::operator()(at::TensorIterator&)::{lambda(float, float)#1}>, unsigned int, c10::BFloat16, 4, 8> >(at::native::ReduceOp<c10::BFloat16, at::native::func_wrapper_t<c10::BFloat16, at::native::sum_functor<c10::BFloat16, float, c10::BFloat16>::operator()(at::TensorIterator&)::{lambda(float, float)#1}>, unsigned int, c10::BFloat16, 4, 8>)",128,512,0,32,0,128,"GRBM_GUI_ACTIVE",987787.000000,30619732995882,30619733076677
54,54,"Agent 2",1,84716,84716,8388608,636,"void at::native::reduce_kernel<128, 4, at::native::ReduceOp<c10::BFloat16, at::native::func_wrapper_t<c10::BFloat16, at::native::sum_functor<c10::BFloat16, float, c10::BFloat16>::operator()(at::TensorIterator&)::{lambda(float, float)#1}>, unsigned int, c10::BFloat16, 4, 8> >(at::native::ReduceOp<c10::BFloat16, at::native::func_wrapper_t<c10::BFloat16, at::native::sum_functor<c10::BFloat16, float, c10::BFloat16>::operator()(at::TensorIterator&)::{lambda(float, float)#1}>, unsigned int, c10::BFloat16, 4, 8>)",128,512,0,32,0,128,"SQ_WAVES",262144.000000,30619732995882,30619733076677
55,55,"Agent 2",1,84716,84716,16777216,423,"void at::native::vectorized_elementwise_kernel<4, at::native::FillFunctor<float>, std::array<char*, 1ul> >(int, at::native::FillFunctor<float>, std::array<char*, 1ul>)",256,0,0,8,0,128,"GRBM_COUNT",519580.000000,30619733290800,30619733322290
55,55,"Agent 2",1,84716,84716,16777216,423,"void at::native::vectorized_elementwise_kernel<4, at::native::FillFunctor<float>, std::array<char*, 1ul> >(int, at::native::FillFunctor<float>, std::array<char*, 1ul>)",256,0,0,8,0,128,"GRBM_GUI_ACTIVE",519580.000000,30619733290800,30619733322290
55,55,"Agent 2",1,84716,84716,16777216,423,"void at::native::vectorized_elementwise_kernel<4, at::native::FillFunctor<float>, std::array<char*, 1ul> >(int, at::native::FillFunctor<float>, std::array<char*, 1ul>)",256,0,0,8,0,128,"SQ_WAVES",524288.000000,30619733290800,30619733322290
56,56,"Agent 2",1,84716,84716,33554432,423,"void at::native::vectorized_elementwise_kernel<4, at::native::FillFunctor<float>, std::array<char*, 1ul> >(int, at::native::FillFunctor<float>, std::array<char*, 1ul>)",256,0,0,8,0,128,"GRBM_COUNT",945181.000000,30619733474683,30619733529773
56,56,"Agent 2",1,84716,84716,33554432,423,"void at::native::vectorized_elementwise_kernel<4, at::native::FillFunctor<float>, std::array<char*, 1ul> >(int, at::native::FillFunctor<float>, std::array<char*, 1ul>)",256,0,0,8,0,128,"GRBM_GUI_ACTIVE",945181.000000,30619733474683,30619733529773
56,56,"Agent 2",1,84716,84716,33554432,423,"void at::native::vectorized_elementwise_kernel<4, at::native::FillFunctor<float>, std::array<char*, 1ul> >(int, at::native::FillFunctor<float>, std::array<char*, 1ul>)",256,0,0,8,0,128,"SQ_WAVES",1048576.000000,30619733474683,30619733529773
57,57,"Agent 2",1,84716,84716,1048576,559,"aiter::fmha_bwd_hd128_odo_bf16",128,0,0,24,0,128,"GRBM_COUNT",775939.000000,30619733677954,30619733730776
57,57,"Agent 2",1,84716,84716,1048576,559,"aiter::fmha_bwd_hd128_odo_bf16",128,0,0,24,0,128,"GRBM_GUI_ACTIVE",775939.000000,30619733677954,30619733730776
57,57,"Agent 2",1,84716,84716,1048576,559,"aiter::fmha_bwd_hd128_odo_bf16",128,0,0,24,0,128,"SQ_WAVES",32768.000000,30619733677954,30619733730776
58,58,"Agent 2",1,84716,84716,524288,560,"aiter::fmha_bwd_hd128_bf16_causal_br_a32_pssk",128,327680,0,512,0,128,"GRBM_COUNT",61493814.000000,30619733890850,30619738597136
58,58,"Agent 2",1,84716,84716,524288,560,"aiter::fmha_bwd_hd128_bf16_causal_br_a32_pssk",128,327680,0,512,0,128,"GRBM_GUI_ACTIVE",61493814.000000,30619733890850,30619738597136
58,58,"Agent 2",1,84716,84716,524288,560,"aiter::fmha_bwd_hd128_bf16_causal_br_a32_pssk",128,327680,0,512,0,128,"SQ_WAVES",16384.000000,30619733890850,30619738597136
59,59,"Agent 2",1,84716,84716,2097152,561,"aiter::fmha_bwd_hd128_dq_convert_bf16",128,0,0,16,0,128,"GRBM_COUNT",827950.000000,30619738756903,30619738825589
59,59,"Agent 2",1,84716,84716,2097152,561,"aiter::fmha_bwd_hd128_dq_convert_bf16",128,0,0,16,0,128,"GRBM_GUI_ACTIVE",827950.000000,30619738756903,30619738825589
59,59,"Agent 2",1,84716,84716,2097152,561,"aiter::fmha_bwd_hd128_dq_convert_bf16",128,0,0,16,0,128,"SQ_WAVES",65536.000000,30619738756903,30619738825589
60,60,"Agent 2",1,84716,84716,8388608,636,"void at::native::reduce_kernel<128, 4, at::native::ReduceOp<c10::BFloat16, at::native::func_wrapper_t<c10::BFloat16, at::native::sum_functor<c10::BFloat16, float, c10::BFloat16>::operator()(at::TensorIterator&)::{lambda(float, float)#1}>, unsigned int, c10::BFloat16, 4, 8> >(at::native::ReduceOp<c10::BFloat16, at::native::func_wrapper_t<c10::BFloat16, at::native::sum_functor<c10::BFloat16, float, c10::BFloat16>::operator()(at::TensorIterator&)::{lambda(float, float)#1}>, unsigned int, c10::BFloat16, 4, 8>)",128,512,0,32,0,128,"GRBM_COUNT",1019221.000000,30619738995992,30619739074863
60,60,"Agent 2",1,84716,84716,8388608,636,"void at::native::reduce_kernel<128, 4, at::native::ReduceOp<c10::BFloat16, at::native::func_wrapper_t<c10::BFloat16, at::native::sum_functor<c10::BFloat16, float, c10::BFloat16>::operator()(at::TensorIterator&)::{lambda(float, float)#1}>, unsigned int, c10::BFloat16, 4, 8> >(at::native::ReduceOp<c10::BFloat16, at::native::func_wrapper_t<c10::BFloat16, at::native::sum_functor<c10::BFloat16, float, c10::BFloat16>::operator()(at::TensorIterator&)::{lambda(float, float)#1}>, unsigned int, c10::BFloat16, 4, 8>)",128,512,0,32,0,128,"GRBM_GUI_ACTIVE",1019221.000000,30619738995992,30619739074863
60,60,"Agent 2",1,84716,84716,8388608,636,"void at::native::reduce_kernel<128, 4, at::native::ReduceOp<c10::BFloat16, at::native::func_wrapper_t<c10::BFloat16, at::native::sum_functor<c10::BFloat16, float, c10::BFloat16>::operator()(at::TensorIterator&)::{lambda(float, float)#1}>, unsigned int, c10::BFloat16, 4, 8> >(at::native::ReduceOp<c10::BFloat16, at::native::func_wrapper_t<c10::BFloat16, at::native::sum_functor<c10::BFloat16, float, c10::BFloat16>::operator()(at::TensorIterator&)::{lambda(float, float)#1}>, unsigned int, c10::BFloat16, 4, 8>)",128,512,0,32,0,128,"SQ_WAVES",262144.000000,30619738995992,30619739074863
61,61,"Agent 2",1,84716,84716,8388608,636,"void at::native::reduce_kernel<128, 4, at::native::ReduceOp<c10::BFloat16, at::native::func_wrapper_t<c10::BFloat16, at::native::sum_functor<c10::BFloat16, float, c10::BFloat16>::operator()(at::TensorIterator&)::{lambda(float, float)#1}>, unsigned int, c10::BFloat16, 4, 8> >(at::native::ReduceOp<c10::BFloat16, at::native::func_wrapper_t<c10::BFloat16, at::native::sum_functor<c10::BFloat16, float, c10::BFloat16>::operator()(at::TensorIterator&)::{lambda(float, float)#1}>, unsigned int, c10::BFloat16, 4, 8>)",128,512,0,32,0,128,"GRBM_COUNT",961248.000000,30619739230156,30619739306666
61,61,"Agent 2",1,84716,84716,8388608,636,"void at::native::reduce_kernel<128, 4, at::native::ReduceOp<c10::BFloat16, at::native::func_wrapper_t<c10::BFloat16, at::native::sum_functor<c10::BFloat16, float, c10::BFloat16>::operator()(at::TensorIterator&)::{lambda(float, float)#1}>, unsigned int, c10::BFloat16, 4, 8> >(at::native::ReduceOp<c10::BFloat16, at::native::func_wrapper_t<c10::BFloat16, at::native::sum_functor<c10::BFloat16, float, c10::BFloat16>::operator()(at::TensorIterator&)::{lambda(float, float)#1}>, unsigned int, c10::BFloat16, 4, 8>)",128,512,0,32,0,128,"GRBM_GUI_ACTIVE",961248.000000,30619739230156,30619739306666
61,61,"Agent 2",1,84716,84716,8388608,636,"void at::native::reduce_kernel<128, 4, at::native::ReduceOp<c10::BFloat16, at::native::func_wrapper_t<c10::BFloat16, at::native::sum_functor<c10::BFloat16, float, c10::BFloat16>::operator()(at::TensorIterator&)::{lambda(float, float)#1}>, unsigned int, c10::BFloat16, 4, 8> >(at::native::ReduceOp<c10::BFloat16, at::native::func_wrapper_t<c10::BFloat16, at::native::sum_functor<c10::BFloat16, float, c10::BFloat16>::operator()(at::TensorIterator&)::{lambda(float, float)#1}>, unsigned int, c10::BFloat16, 4, 8>)",128,512,0,32,0,128,"SQ_WAVES",262144.000000,30619739230156,30619739306666
62,62,"Agent 2",1,84716,84716,16777216,423,"void at::native::vectorized_elementwise_kernel<4, at::native::FillFunctor<float>, std::array<char*, 1ul> >(int, at::native::FillFunctor<float>, std::array<char*, 1ul>)",256,0,0,8,0,128,"GRBM_COUNT",533461.000000,30619739514833,30619739544789
62,62,"Agent 2",1,84716,84716,16777216,423,"void at::native::vectorized_elementwise_kernel<4, at::native::FillFunctor<float>, std::array<char*, 1ul> >(int, at::native::FillFunctor<float>, std::array<char*, 1ul>)",256,0,0,8,0,128,"GRBM_GUI_ACTIVE",533461.000000,30619739514833,30619739544789
62,62,"Agent 2",1,84716,84716,16777216,423,"void at::native::vectorized_elementwise_kernel<4, at::native::FillFunctor<float>, std::array<char*, 1ul> >(int, at::native::FillFunctor<float>, std::array<char*, 1ul>)",256,0,0,8,0,128,"SQ_WAVES",524288.000000,30619739514833,30619739544789
63,63,"Agent 2",1,84716,84716,33554432,423,"void at::native::vectorized_elementwise_kernel<4, at::native::FillFunctor<float>, std::array<char*, 1ul> >(int, at::native::FillFunctor<float>, std::array<char*, 1ul>)",256,0,0,8,0,128,"GRBM_COUNT",907727.000000,30619739708677,30619739768473
63,63,"Agent 2",1,84716,84716,33554432,423,"void at::native::vectorized_elementwise_kernel<4, at::native::FillFunctor<float>, std::array<char*, 1ul> >(int, at::native::FillFunctor<float>, std::array<char*, 1ul>)",256,0,0,8,0,128,"GRBM_GUI_ACTIVE",907727.000000,30619739708677,30619739768473
63,63,"Agent 2",1,84716,84716,33554432,423,"void at::native::vectorized_elementwise_kernel<4, at::native::FillFunctor<float>, std::array<char*, 1ul> >(int, at::native::FillFunctor<float>, std::array<char*, 1ul>)",256,0,0,8,0,128,"SQ_WAVES",1048576.000000,30619739708677,30619739768473
64,64,"Agent 2",1,84716,84716,1048576,559,"aiter::fmha_bwd_hd128_odo_bf16",128,0,0,24,0,128,"GRBM_COUNT",749706.000000,30619739922275,30619739978396
64,64,"Agent 2",1,84716,84716,1048576,559,"aiter::fmha_bwd_hd128_odo_bf16",128,0,0,24,0,128,"GRBM_GUI_ACTIVE",749706.000000,30619739922275,30619739978396
64,64,"Agent 2",1,84716,84716,1048576,559,"aiter::fmha_bwd_hd128_odo_bf16",128,0,0,24,0,128,"SQ_WAVES",32768.000000,30619739922275,30619739978396
65,65,"Agent 2",1,84716,84716,524288,560,"aiter::fmha_bwd_hd128_bf16_causal_br_a32_pssk",128,327680,0,512,0,128,"GRBM_COUNT",63172443.000000,30619740135942,30619744840225
65,65,"Agent 2",1,84716,84716,524288,560,"aiter::fmha_bwd_hd128_bf16_causal_br_a32_pssk",128,327680,0,512,0,128,"GRBM_GUI_ACTIVE",63172443.000000,30619740135942,30619744840225
65,65,"Agent 2",1,84716,84716,524288,560,"aiter::fmha_bwd_hd128_bf16_causal_br_a32_pssk",128,327680,0,512,0,128,"SQ_WAVES",16384.000000,30619740135942,30619744840225
66,66,"Agent 2",1,84716,84716,2097152,561,"aiter::fmha_bwd_hd128_dq_convert_bf16",128,0,0,16,0,128,"GRBM_COUNT",821633.000000,30619745000986,30619745068969
66,66,"Agent 2",1,84716,84716,2097152,561,"aiter::fmha_bwd_hd128_dq_convert_bf16",128,0,0,16,0,128,"GRBM_GUI_ACTIVE",821633.000000,30619745000986,30619745068969
66,66,"Agent 2",1,84716,84716,2097152,561,"aiter::fmha_bwd_hd128_dq_convert_bf16",128,0,0,16,0,128,"SQ_WAVES",65536.000000,30619745000986,30619745068969
67,67,"Agent 2",1,84716,84716,8388608,636,"void at::native::reduce_kernel<128, 4, at::native::ReduceOp<c10::BFloat16, at::native::func_wrapper_t<c10::BFloat16, at::native::sum_functor<c10::BFloat16, float, c10::BFloat16>::operator()(at::TensorIterator&)::{lambda(float, float)#1}>, unsigned int, c10::BFloat16, 4, 8> >(at::native::ReduceOp<c10::BFloat16, at::native::func_wrapper_t<c10::BFloat16, at::native::sum_functor<c10::BFloat16, float, c10::BFloat16>::operator()(at::TensorIterator&)::{lambda(float, float)#1}>, unsigned int, c10::BFloat16, 4, 8>)",128,512,0,32,0,128,"GRBM_COUNT",1019708.000000,30619745226141,30619745311772
67,67,"Agent 2",1,84716,84716,8388608,636,"void at::native::reduce_kernel<128, 4, at::native::ReduceOp<c10::BFloat16, at::native::func_wrapper_t<c10::BFloat16, at::native::sum_functor<c10::BFloat16, float, c10::BFloat16>::operator()(at::TensorIterator&)::{lambda(float, float)#1}>, unsigned int, c10::BFloat16, 4, 8> >(at::native::ReduceOp<c10::BFloat16, at::native::func_wrapper_t<c10::BFloat16, at::native::sum_functor<c10::BFloat16, float, c10::BFloat16>::operator()(at::TensorIterator&)::{lambda(float, float)#1}>, unsigned int, c10::BFloat16, 4, 8>)",128,512,0,32,0,128,"GRBM_GUI_ACTIVE",1019708.000000,30619745226141,30619745311772
67,67,"Agent 2",1,84716,84716,8388608,636,"void at::native::reduce_kernel<128, 4, at::native::ReduceOp<c10::BFloat16, at::native::func_wrapper_t<c10::BFloat16, at::native::sum_functor<c10::BFloat16, float, c10::BFloat16>::operator()(at::TensorIterator&)::{lambda(float, float)#1}>, unsigned int, c10::BFloat16, 4, 8> >(at::native::ReduceOp<c10::BFloat16, at::native::func_wrapper_t<c10::BFloat16, at::native::sum_functor<c10::BFloat16, float, c10::BFloat16>::operator()(at::TensorIterator&)::{lambda(float, float)#1}>, unsigned int, c10::BFloat16, 4, 8>)",128,512,0,32,0,128,"SQ_WAVES",262144.000000,30619745226141,30619745311772
68,68,"Agent 2",1,84716,84716,8388608,636,"void at::native::reduce_kernel<128, 4, at::native::ReduceOp<c10::BFloat16, at::native::func_wrapper_t<c10::BFloat16, at::native::sum_functor<c10::BFloat16, float, c10::BFloat16>::operator()(at::TensorIterator&)::{lambda(float, float)#1}>, unsigned int, c10::BFloat16, 4, 8> >(at::native::ReduceOp<c10::BFloat16, at::native::func_wrapper_t<c10::BFloat16, at::native::sum_functor<c10::BFloat16, float, c10::BFloat16>::operator()(at::TensorIterator&)::{lambda(float, float)#1}>, unsigned int, c10::BFloat16, 4, 8>)",128,512,0,32,0,128,"GRBM_COUNT",982393.000000,30619745480245,30619745560645
68,68,"Agent 2",1,84716,84716,8388608,636,"void at::native::reduce_kernel<128, 4, at::native::ReduceOp<c10::BFloat16, at::native::func_wrapper_t<c10::BFloat16, at::native::sum_functor<c10::BFloat16, float, c10::BFloat16>::operator()(at::TensorIterator&)::{lambda(float, float)#1}>, unsigned int, c10::BFloat16, 4, 8> >(at::native::ReduceOp<c10::BFloat16, at::native::func_wrapper_t<c10::BFloat16, at::native::sum_functor<c10::BFloat16, float, c10::BFloat16>::operator()(at::TensorIterator&)::{lambda(float, float)#1}>, unsigned int, c10::BFloat16, 4, 8>)",128,512,0,32,0,128,"GRBM_GUI_ACTIVE",982393.000000,30619745480245,30619745560645
68,68,"Agent 2",1,84716,84716,8388608,636,"void at::native::reduce_kernel<128, 4, at::native::ReduceOp<c10::BFloat16, at::native::func_wrapper_t<c10::BFloat16, at::native::sum_functor<c10::BFloat16, float, c10::BFloat16>::operator()(at::TensorIterator&)::{lambda(float, float)#1}>, unsigned int, c10::BFloat16, 4, 8> >(at::native::ReduceOp<c10::BFloat16, at::native::func_wrapper_t<c10::BFloat16, at::native::sum_functor<c10::BFloat16, float, c10::BFloat16>::operator()(at::TensorIterator&)::{lambda(float, float)#1}>, unsigned int, c10::BFloat16, 4, 8>)",128,512,0,32,0,128,"SQ_WAVES",262144.000000,30619745480245,30619745560645
69,69,"Agent 2",1,84716,84716,16777216,423,"void at::native::vectorized_elementwise_kernel<4, at::native::FillFunctor<float>, std::array<char*, 1ul> >(int, at::native::FillFunctor<float>, std::array<char*, 1ul>)",256,0,0,8,0,128,"GRBM_COUNT",561347.000000,30619745784965,30619745819219
69,69,"Agent 2",1,84716,84716,16777216,423,"void at::native::vectorized_elementwise_kernel<4, at::native::FillFunctor<float>, std::array<char*, 1ul> >(int, at::native::FillFunctor<float>, std::array<char*, 1ul>)",256,0,0,8,0,128,"GRBM_GUI_ACTIVE",561347.000000,30619745784965,30619745819219
69,69,"Agent 2",1,84716,84716,16777216,423,"void at::native::vectorized_elementwise_kernel<4, at::native::FillFunctor<float>, std::array<char*, 1ul> >(int, at::native::FillFunctor<float>, std::array<char*, 1ul>)",256,0,0,8,0,128,"SQ_WAVES",524288.000000,30619745784965,30619745819219
70,70,"Agent 2",1,84716,84716,33554432,423,"void at::native::vectorized_elementwise_kernel<4, at::native::FillFunctor<float>, std::array<char*, 1ul> >(int, at::native::FillFunctor<float>, std::array<char*, 1ul>)",256,0,0,8,0,128,"GRBM_COUNT",906888.000000,30619745984659,30619746049932
70,70,"Agent 2",1,84716,84716,33554432,423,"void at::native::vectorized_elementwise_kernel<4, at::native::FillFunctor<float>, std::array<char*, 1ul> >(int, at::native::FillFunctor<float>, std::array<char*, 1ul>)",256,0,0,8,0,128,"GRBM_GUI_ACTIVE",906888.000000,30619745984659,30619746049932
70,70,"Agent 2",1,84716,84716,33554432,423,"void at::native::vectorized_elementwise_kernel<4, at::native::FillFunctor<float>, std::array<char*, 1ul> >(int, at::native::FillFunctor<float>, std::array<char*, 1ul>)",256,0,0,8,0,128,"SQ_WAVES",1048576.000000,30619745984659,30619746049932
71,71,"Agent 2",1,84716,84716,1048576,559,"aiter::fmha_bwd_hd128_odo_bf16",128,0,0,24,0,128,"GRBM_COUNT",740572.000000,30619746210815,30619746270346
71,71,"Agent 2",1,84716,84716,1048576,559,"aiter::fmha_bwd_hd128_odo_bf16",128,0,0,24,0,128,"GRBM_GUI_ACTIVE",740572.000000,30619746210815,30619746270346
71,71,"Agent 2",1,84716,84716,1048576,559,"aiter::fmha_bwd_hd128_odo_bf16",128,0,0,24,0,128,"SQ_WAVES",32768.000000,30619746210815,30619746270346
72,72,"Agent 2",1,84716,84716,524288,560,"aiter::fmha_bwd_hd128_bf16_causal_br_a32_pssk",128,327680,0,512,0,128,"GRBM_COUNT",62052853.000000,30619746429829,30619751163986
72,72,"Agent 2",1,84716,84716,524288,560,"aiter::fmha_bwd_hd128_bf16_causal_br_a32_pssk",128,327680,0,512,0,128,"GRBM_GUI_ACTIVE",62052853.000000,30619746429829,30619751163986
72,72,"Agent 2",1,84716,84716,524288,560,"aiter::fmha_bwd_hd128_bf16_causal_br_a32_pssk",128,327680,0,512,0,128,"SQ_WAVES",16384.000000,30619746429829,30619751163986
73,73,"Agent 2",1,84716,84716,2097152,561,"aiter::fmha_bwd_hd128_dq_convert_bf16",128,0,0,16,0,128,"GRBM_COUNT",774236.000000,30619751320145,30619751385919
73,73,"Agent 2",1,84716,84716,2097152,561,"aiter::fmha_bwd_hd128_dq_convert_bf16",128,0,0,16,0,128,"GRBM_GUI_ACTIVE",774236.000000,30619751320145,30619751385919
73,73,"Agent 2",1,84716,84716,2097152,561,"aiter::fmha_bwd_hd128_dq_convert_bf16",128,0,0,16,0,128,"SQ_WAVES",65536.000000,30619751320145,30619751385919
74,74,"Agent 2",1,84716,84716,8388608,636,"void at::native::reduce_kernel<128, 4, at::native::ReduceOp<c10::BFloat16, at::native::func_wrapper_t<c10::BFloat16, at::native::sum_functor<c10::BFloat16, float, c10::BFloat16>::operator()(at::TensorIterator&)::{lambda(float, float)#1}>, unsigned int, c10::BFloat16, 4, 8> >(at::native::ReduceOp<c10::BFloat16, at::native::func_wrapper_t<c10::BFloat16, at::native::sum_functor<c10::BFloat16, float, c10::BFloat16>::operator()(at::TensorIterator&)::{lambda(float, float)#1}>, unsigned int, c10::BFloat16, 4, 8>)",128,512,0,32,0,128,"GRBM_COUNT",1034908.000000,30619751550382,30619751636743
74,74,"Agent 2",1,84716,84716,8388608,636,"void at::native::reduce_kernel<128, 4, at::native::ReduceOp<c10::BFloat16, at::native::func_wrapper_t<c10::BFloat16, at::native::sum_functor<c10::BFloat16, float, c10::BFloat16>::operator()(at::TensorIterator&)::{lambda(float, float)#1}>, unsigned int, c10::BFloat16, 4, 8> >(at::native::ReduceOp<c10::BFloat16, at::native::func_wrapper_t<c10::BFloat16, at::native::sum_functor<c10::BFloat16, float, c10::BFloat16>::operator()(at::TensorIterator&)::{lambda(float, float)#1}>, unsigned int, c10::BFloat16, 4, 8>)",128,512,0,32,0,128,"GRBM_GUI_ACTIVE",1034908.000000,30619751550382,30619751636743
74,74,"Agent 2",1,84716,84716,8388608,636,"void at::native::reduce_kernel<128, 4, at::native::ReduceOp<c10::BFloat16, at::native::func_wrapper_t<c10::BFloat16, at::native::sum_functor<c10::BFloat16, float, c10::BFloat16>::operator()(at::TensorIterator&)::{lambda(float, float)#1}>, unsigned int, c10::BFloat16, 4, 8> >(at::native::ReduceOp<c10::BFloat16, at::native::func_wrapper_t<c10::BFloat16, at::native::sum_functor<c10::BFloat16, float, c10::BFloat16>::operator()(at::TensorIterator&)::{lambda(float, float)#1}>, unsigned int, c10::BFloat16, 4, 8>)",128,512,0,32,0,128,"SQ_WAVES",262144.000000,30619751550382,30619751636743
75,75,"Agent 2",1,84716,84716,8388608,636,"void at::native::reduce_kernel<128, 4, at::native::ReduceOp<c10::BFloat16, at::native::func_wrapper_t<c10::BFloat16, at::native::sum_functor<c10::BFloat16, float, c10::BFloat16>::operator()(at::TensorIterator&)::{lambda(float, float)#1}>, unsigned int, c10::BFloat16, 4, 8> >(at::native::ReduceOp<c10::BFloat16, at::native::func_wrapper_t<c10::BFloat16, at::native::sum_functor<c10::BFloat16, float, c10::BFloat16>::operator()(at::TensorIterator&)::{lambda(float, float)#1}>, unsigned int, c10::BFloat16, 4, 8>)",128,512,0,32,0,128,"GRBM_COUNT",968699.000000,30619751797819,30619751878866
75,75,"Agent 2",1,84716,84716,8388608,636,"void at::native::reduce_kernel<128, 4, at::native::ReduceOp<c10::BFloat16, at::native::func_wrapper_t<c10::BFloat16, at::native::sum_functor<c10::BFloat16, float, c10::BFloat16>::operator()(at::TensorIterator&)::{lambda(float, float)#1}>, unsigned int, c10::BFloat16, 4, 8> >(at::native::ReduceOp<c10::BFloat16, at::native::func_wrapper_t<c10::BFloat16, at::native::sum_functor<c10::BFloat16, float, c10::BFloat16>::operator()(at::TensorIterator&)::{lambda(float, float)#1}>, unsigned int, c10::BFloat16, 4, 8>)",128,512,0,32,0,128,"GRBM_GUI_ACTIVE",968699.000000,30619751797819,30619751878866
75,75,"Agent 2",1,84716,84716,8388608,636,"void at::native::reduce_kernel<128, 4, at::native::ReduceOp<c10::BFloat16, at::native::func_wrapper_t<c10::BFloat16, at::native::sum_functor<c10::BFloat16, float, c10::BFloat16>::operator()(at::TensorIterator&)::{lambda(float, float)#1}>, unsigned int, c10::BFloat16, 4, 8> >(at::native::ReduceOp<c10::BFloat16, at::native::func_wrapper_t<c10::BFloat16, at::native::sum_functor<c10::BFloat16, float, c10::BFloat16>::operator()(at::TensorIterator&)::{lambda(float, float)#1}>, unsigned int, c10::BFloat16, 4, 8>)",128,512,0,32,0,128,"SQ_WAVES",262144.000000,30619751797819,30619751878866
76,76,"Agent 2",1,84716,84716,16777216,423,"void at::native::vectorized_elementwise_kernel<4, at::native::FillFunctor<float>, std::array<char*, 1ul> >(int, at::native::FillFunctor<float>, std::array<char*, 1ul>)",256,0,0,8,0,128,"GRBM_COUNT",567483.000000,30619752096331,30619752130870
76,76,"Agent 2",1,84716,84716,16777216,423,"void at::native::vectorized_elementwise_kernel<4, at::native::FillFunctor<float>, std::array<char*, 1ul> >(int, at::native::FillFunctor<float>, std::array<char*, 1ul>)",256,0,0,8,0,128,"GRBM_GUI_ACTIVE",567483.000000,30619752096331,30619752130870
76,76,"Agent 2",1,84716,84716,16777216,423,"void at::native::vectorized_elementwise_kernel<4, at::native::FillFunctor<float>, std::array<char*, 1ul> >(int, at::native::FillFunctor<float>, std::array<char*, 1ul>)",256,0,0,8,0,128,"SQ_WAVES",524288.000000,30619752096331,30619752130870
77,77,"Agent 2",1,84716,84716,33554432,423,"void at::native::vectorized_elementwise_kernel<4, at::native::FillFunctor<float>, std::array<char*, 1ul> >(int, at::native::FillFunctor<float>, std::array<char*, 1ul>)",256,0,0,8,0,128,"GRBM_COUNT",913986.000000,30619752291524,30619752354903
77,77,"Agent 2",1,84716,84716,33554432,423,"void at::native::vectorized_elementwise_kernel<4, at::native::FillFunctor<float>, std::array<char*, 1ul> >(int, at::native::FillFunctor<float>, std::array<char*, 1ul>)",256,0,0,8,0,128,"GRBM_GUI_ACTIVE",913986.000000,30619752291524,30619752354903
77,77,"Agent 2",1,84716,84716,33554432,423,"void at::native::vectorized_elementwise_kernel<4, at::native::FillFunctor<float>, std::array<char*, 1ul> >(int, at::native::FillFunctor<float>, std::array<char*, 1ul>)",256,0,0,8,0,128,"SQ_WAVES",1048576.000000,30619752291524,30619752354903
78,78,"Agent 2",1,84716,84716,1048576,559,"aiter::fmha_bwd_hd128_odo_bf16",128,0,0,24,0,128,"GRBM_COUNT",842266.000000,30619752498769,30619752551966
78,78,"Agent 2",1,84716,84716,1048576,559,"aiter::fmha_bwd_hd128_odo_bf16",128,0,0,24,0,128,"GRBM_GUI_ACTIVE",842266.000000,30619752498769,30619752551966
78,78,"Agent 2",1,84716,84716,1048576,559,"aiter::fmha_bwd_hd128_odo_bf16",128,0,0,24,0,128,"SQ_WAVES",32768.000000,30619752498769,30619752551966
79,79,"Agent 2",1,84716,84716,524288,560,"aiter::fmha_bwd_hd128_bf16_causal_br_a32_pssk",128,327680,0,512,0,128,"GRBM_COUNT",60913282.000000,30619752708070,30619757475516
79,79,"Agent 2",1,84716,84716,524288,560,"aiter::fmha_bwd_hd128_bf16_causal_br_a32_pssk",128,327680,0,512,0,128,"GRBM_GUI_ACTIVE",60913282.000000,30619752708070,30619757475516
79,79,"Agent 2",1,84716,84716,524288,560,"aiter::fmha_bwd_hd128_bf16_causal_br_a32_pssk",128,327680,0,512,0,128,"SQ_WAVES",16384.000000,30619752708070,30619757475516
80,80,"Agent 2",1,84716,84716,2097152,561,"aiter::fmha_bwd_hd128_dq_convert_bf16",128,0,0,16,0,128,"GRBM_COUNT",774860.000000,30619757634676,30619757699819
80,80,"Agent 2",1,84716,84716,2097152,561,"aiter::fmha_bwd_hd128_dq_convert_bf16",128,0,0,16,0,128,"GRBM_GUI_ACTIVE",774860.000000,30619757634676,30619757699819
80,80,"Agent 2",1,84716,84716,2097152,561,"aiter::fmha_bwd_hd128_dq_convert_bf16",128,0,0,16,0,128,"SQ_WAVES",65536.000000,30619757634676,30619757699819
81,81,"Agent 2",1,84716,84716,8388608,636,"void at::native::reduce_kernel<128, 4, at::native::ReduceOp<c10::BFloat16, at::native::func_wrapper_t<c10::BFloat16, at::native::sum_functor<c10::BFloat16, float, c10::BFloat16>::operator()(at::TensorIterator&)::{lambda(float, float)#1}>, unsigned int, c10::BFloat16, 4, 8> >(at::native::ReduceOp<c10::BFloat16, at::native::func_wrapper_t<c10::BFloat16, at::native::sum_functor<c10::BFloat16, float, c10::BFloat16>::operator()(at::TensorIterator&)::{lambda(float, float)#1}>, unsigned int, c10::BFloat16, 4, 8>)",128,512,0,32,0,128,"GRBM_COUNT",1034466.000000,30619757856643,30619757941893
81,81,"Agent 2",1,84716,84716,8388608,636,"void at::native::reduce_kernel<128, 4, at::native::ReduceOp<c10::BFloat16, at::native::func_wrapper_t<c10::BFloat16, at::native::sum_functor<c10::BFloat16, float, c10::BFloat16>::operator()(at::TensorIterator&)::{lambda(float, float)#1}>, unsigned int, c10::BFloat16, 4, 8> >(at::native::ReduceOp<c10::BFloat16, at::native::func_wrapper_t<c10::BFloat16, at::native::sum_functor<c10::BFloat16, float, c10::BFloat16>::operator()(at::TensorIterator&)::{lambda(float, float)#1}>, unsigned int, c10::BFloat16, 4, 8>)",128,512,0,32,0,128,"GRBM_GUI_ACTIVE",1034466.000000,30619757856643,30619757941893
81,81,"Agent 2",1,84716,84716,8388608,636,"void at::native::reduce_kernel<128, 4, at::native::ReduceOp<c10::BFloat16, at::native::func_wrapper_t<c10::BFloat16, at::native::sum_functor<c10::BFloat16, float, c10::BFloat16>::operator()(at::TensorIterator&)::{lambda(float, float)#1}>, unsigned int, c10::BFloat16, 4, 8> >(at::native::ReduceOp<c10::BFloat16, at::native::func_wrapper_t<c10::BFloat16, at::native::sum_functor<c10::BFloat16, float, c10::BFloat16>::operator()(at::TensorIterator&)::{lambda(float, float)#1}>, unsigned int, c10::BFloat16, 4, 8>)",128,512,0,32,0,128,"SQ_WAVES",262144.000000,30619757856643,30619757941893
82,82,"Agent 2",1,84716,84716,8388608,636,"void at::native::reduce_kernel<128, 4, at::native::ReduceOp<c10::BFloat16, at::native::func_wrapper_t<c10::BFloat16, at::native::sum_functor<c10::BFloat16, float, c10::BFloat16>::operator()(at::TensorIterator&)::{lambda(float, float)#1}>, unsigned int, c10::BFloat16, 4, 8> >(at::native::ReduceOp<c10::BFloat16, at::native::func_wrapper_t<c10::BFloat16, at::native::sum_functor<c10::BFloat16, float, c10::BFloat16>::operator()(at::TensorIterator&)::{lambda(float, float)#1}>, unsigned int, c10::BFloat16, 4, 8>)",128,512,0,32,0,128,"GRBM_COUNT",1004736.000000,30619758111540,30619758193216
82,82,"Agent 2",1,84716,84716,8388608,636,"void at::native::reduce_kernel<128, 4, at::native::ReduceOp<c10::BFloat16, at::native::func_wrapper_t<c10::BFloat16, at::native::sum_functor<c10::BFloat16, float, c10::BFloat16>::operator()(at::TensorIterator&)::{lambda(float, float)#1}>, unsigned int, c10::BFloat16, 4, 8> >(at::native::ReduceOp<c10::BFloat16, at::native::func_wrapper_t<c10::BFloat16, at::native::sum_functor<c10::BFloat16, float, c10::BFloat16>::operator()(at::TensorIterator&)::{lambda(float, float)#1}>, unsigned int, c10::BFloat16, 4, 8>)",128,512,0,32,0,128,"GRBM_GUI_ACTIVE",1004736.000000,30619758111540,30619758193216
82,82,"Agent 2",1,84716,84716,8388608,636,"void at::native::reduce_kernel<128, 4, at::native::ReduceOp<c10::BFloat16, at::native::func_wrapper_t<c10::BFloat16, at::native::sum_functor<c10::BFloat16, float, c10::BFloat16>::operator()(at::TensorIterator&)::{lambda(float, float)#1}>, unsigned int, c10::BFloat16, 4, 8> >(at::native::ReduceOp<c10::BFloat16, at::native::func_wrapper_t<c10::BFloat16, at::native::sum_functor<c10::BFloat16, float, c10::BFloat16>::operator()(at::TensorIterator&)::{lambda(float, float)#1}>, unsigned int, c10::BFloat16, 4, 8>)",128,512,0,32,0,128,"SQ_WAVES",262144.000000,30619758111540,30619758193216
83,83,"Agent 2",1,84716,84716,16777216,423,"void at::native::vectorized_elementwise_kernel<4, at::native::FillFunctor<float>, std::array<char*, 1ul> >(int, at::native::FillFunctor<float>, std::array<char*, 1ul>)",256,0,0,8,0,128,"GRBM_COUNT",556084.000000,30619758392440,30619758421190
83,83,"Agent 2",1,84716,84716,16777216,423,"void at::native::vectorized_elementwise_kernel<4, at::native::FillFunctor<float>, std::array<char*, 1ul> >(int, at::native::FillFunctor<float>, std::array<char*, 1ul>)",256,0,0,8,0,128,"GRBM_GUI_ACTIVE",556084.000000,30619758392440,30619758421190
83,83,"Agent 2",1,84716,84716,16777216,423,"void at::native::vectorized_elementwise_kernel<4, at::native::FillFunctor<float>, std::array<char*, 1ul> >(int, at::native::FillFunctor<float>, std::array<char*, 1ul>)",256,0,0,8,0,128,"SQ_WAVES",524288.000000,30619758392440,30619758421190
84,84,"Agent 2",1,84716,84716,33554432,423,"void at::native::vectorized_elementwise_kernel<4, at::native::FillFunctor<float>, std::array<char*, 1ul> >(int, at::native::FillFunctor<float>, std::array<char*, 1ul>)",256,0,0,8,0,128,"GRBM_COUNT",923509.000000,30619758585623,30619758641703
84,84,"Agent 2",1,84716,84716,33554432,423,"void at::native::vectorized_elementwise_kernel<4, at::native::FillFunctor<float>, std::array<char*, 1ul> >(int, at::native::FillFunctor<float>, std::array<char*, 1ul>)",256,0,0,8,0,128,"GRBM_GUI_ACTIVE",923509.000000,30619758585623,30619758641703
84,84,"Agent 2",1,84716,84716,33554432,423,"void at::native::vectorized_elementwise_kernel<4, at::native::FillFunctor<float>, std::array<char*, 1ul> >(int, at::native::FillFunctor<float>, std::array<char*, 1ul>)",256,0,0,8,0,128,"SQ_WAVES",1048576.000000,30619758585623,30619758641703
85,85,"Agent 2",1,84716,84716,1048576,559,"aiter::fmha_bwd_hd128_odo_bf16",128,0,0,24,0,128,"GRBM_COUNT",746493.000000,30619758792199,30619758846156
85,85,"Agent 2",1,84716,84716,1048576,559,"aiter::fmha_bwd_hd128_odo_bf16",128,0,0,24,0,128,"GRBM_GUI_ACTIVE",746493.000000,30619758792199,30619758846156
85,85,"Agent 2",1,84716,84716,1048576,559,"aiter::fmha_bwd_hd128_odo_bf16",128,0,0,24,0,128,"SQ_WAVES",32768.000000,30619758792199,30619758846156
86,86,"Agent 2",1,84716,84716,524288,560,"aiter::fmha_bwd_hd128_bf16_causal_br_a32_pssk",128,327680,0,512,0,128,"GRBM_COUNT",61705947.000000,30619759003567,30619763714616
86,86,"Agent 2",1,84716,84716,524288,560,"aiter::fmha_bwd_hd128_bf16_causal_br_a32_pssk",128,327680,0,512,0,128,"GRBM_GUI_ACTIVE",61705947.000000,30619759003567,30619763714616
86,86,"Agent 2",1,84716,84716,524288,560,"aiter::fmha_bwd_hd128_bf16_causal_br_a32_pssk",128,327680,0,512,0,128,"SQ_WAVES",16384.000000,30619759003567,30619763714616
87,87,"Agent 2",1,84716,84716,2097152,561,"aiter::fmha_bwd_hd128_dq_convert_bf16",128,0,0,16,0,128,"GRBM_COUNT",779319.000000,30619763876355,30619763941579
87,87,"Agent 2",1,84716,84716,2097152,561,"aiter::fmha_bwd_hd128_dq_convert_bf16",128,0,0,16,0,128,"GRBM_GUI_ACTIVE",779319.000000,30619763876355,30619763941579
87,87,"Agent 2",1,84716,84716,2097152,561,"aiter::fmha_bwd_hd128_dq_convert_bf16",128,0,0,16,0,128,"SQ_WAVES",65536.000000,30619763876355,30619763941579
88,88,"Agent 2",1,84716,84716,8388608,636,"void at::native::reduce_kernel<128, 4, at::native::ReduceOp<c10::BFloat16, at::native::func_wrapper_t<c10::BFloat16, at::native::sum_functor<c10::BFloat16, float, c10::BFloat16>::operator()(at::TensorIterator&)::{lambda(float, float)#1}>, unsigned int, c10::BFloat16, 4, 8> >(at::native::ReduceOp<c10::BFloat16, at::native::func_wrapper_t<c10::BFloat16, at::native::sum_functor<c10::BFloat16, float, c10::BFloat16>::operator()(at::TensorIterator&)::{lambda(float, float)#1}>, unsigned int, c10::BFloat16, 4, 8>)",128,512,0,32,0,128,"GRBM_COUNT",1050046.000000,30619764102658,30619764188752
88,88,"Agent 2",1,84716,84716,8388608,636,"void at::native::reduce_kernel<128, 4, at::native::ReduceOp<c10::BFloat16, at::native::func_wrapper_t<c10::BFloat16, at::native::sum_functor<c10::BFloat16, float, c10::BFloat16>::operator()(at::TensorIterator&)::{lambda(float, float)#1}>, unsigned int, c10::BFloat16, 4, 8> >(at::native::ReduceOp<c10::BFloat16, at::native::func_wrapper_t<c10::BFloat16, at::native::sum_functor<c10::BFloat16, float, c10::BFloat16>::operator()(at::TensorIterator&)::{lambda(float, float)#1}>, unsigned int, c10::BFloat16, 4, 8>)",128,512,0,32,0,128,"GRBM_GUI_ACTIVE",1050046.000000,30619764102658,30619764188752
88,88,"Agent 2",1,84716,84716,8388608,636,"void at::native::reduce_kernel<128, 4, at::native::ReduceOp<c10::BFloat16, at::native::func_wrapper_t<c10::BFloat16, at::native::sum_functor<c10::BFloat16, float, c10::BFloat16>::operator()(at::TensorIterator&)::{lambda(float, float)#1}>, unsigned int, c10::BFloat16, 4, 8> >(at::native::ReduceOp<c10::BFloat16, at::native::func_wrapper_t<c10::BFloat16, at::native::sum_functor<c10::BFloat16, float, c10::BFloat16>::operator()(at::TensorIterator&)::{lambda(float, float)#1}>, unsigned int, c10::BFloat16, 4, 8>)",128,512,0,32,0,128,"SQ_WAVES",262144.000000,30619764102658,30619764188752
89,89,"Agent 2",1,84716,84716,8388608,636,"void at::native::reduce_kernel<128, 4, at::native::ReduceOp<c10::BFloat16, at::native::func_wrapper_t<c10::BFloat16, at::native::sum_functor<c10::BFloat16, float, c10::BFloat16>::operator()(at::TensorIterator&)::{lambda(float, float)#1}>, unsigned int, c10::BFloat16, 4, 8> >(at::native::ReduceOp<c10::BFloat16, at::native::func_wrapper_t<c10::BFloat16, at::native::sum_functor<c10::BFloat16, float, c10::BFloat16>::operator()(at::TensorIterator&)::{lambda(float, float)#1}>, unsigned int, c10::BFloat16, 4, 8>)",128,512,0,32,0,128,"GRBM_COUNT",961320.000000,30619764350366,30619764432306
89,89,"Agent 2",1,84716,84716,8388608,636,"void at::native::reduce_kernel<128, 4, at::native::ReduceOp<c10::BFloat16, at::native::func_wrapper_t<c10::BFloat16, at::native::sum_functor<c10::BFloat16, float, c10::BFloat16>::operator()(at::TensorIterator&)::{lambda(float, float)#1}>, unsigned int, c10::BFloat16, 4, 8> >(at::native::ReduceOp<c10::BFloat16, at::native::func_wrapper_t<c10::BFloat16, at::native::sum_functor<c10::BFloat16, float, c10::BFloat16>::operator()(at::TensorIterator&)::{lambda(float, float)#1}>, unsigned int, c10::BFloat16, 4, 8>)",128,512,0,32,0,128,"GRBM_GUI_ACTIVE",961320.000000,30619764350366,30619764432306
89,89,"Agent 2",1,84716,84716,8388608,636,"void at::native::reduce_kernel<128, 4, at::native::ReduceOp<c10::BFloat16, at::native::func_wrapper_t<c10::BFloat16, at::native::sum_functor<c10::BFloat16, float, c10::BFloat16>::operator()(at::TensorIterator&)::{lambda(float, float)#1}>, unsigned int, c10::BFloat16, 4, 8> >(at::native::ReduceOp<c10::BFloat16, at::native::func_wrapper_t<c10::BFloat16, at::native::sum_functor<c10::BFloat16, float, c10::BFloat16>::operator()(at::TensorIterator&)::{lambda(float, float)#1}>, unsigned int, c10::BFloat16, 4, 8>)",128,512,0,32,0,128,"SQ_WAVES",262144.000000,30619764350366,30619764432306
90,90,"Agent 2",1,84716,84716,16777216,423,"void at::native::vectorized_elementwise_kernel<4, at::native::FillFunctor<float>, std::array<char*, 1ul> >(int, at::native::FillFunctor<float>, std::array<char*, 1ul>)",256,0,0,8,0,128,"GRBM_COUNT",528455.000000,30619764641216,30619764672139
90,90,"Agent 2",1,84716,84716,16777216,423,"void at::native::vectorized_elementwise_kernel<4, at::native::FillFunctor<float>, std::array<char*, 1ul> >(int, at::native::FillFunctor<float>, std::array<char*, 1ul>)",256,0,0,8,0,128,"GRBM_GUI_ACTIVE",528455.000000,30619764641216,30619764672139
90,90,"Agent 2",1,84716,84716,16777216,423,"void at::native::vectorized_elementwise_kernel<4, at::native::FillFunctor<float>, std::array<char*, 1ul> >(int, at::native::FillFunctor<float>, std::array<char*, 1ul>)",256,0,0,8,0,128,"SQ_WAVES",524288.000000,30619764641216,30619764672139
91,91,"Agent 2",1,84716,84716,8388608,388,"k_delta_bshd_0",256,0,0,24,0,128,"GRBM_COUNT",1342777.000000,30619764834484,30619764942953
91,91,"Agent 2",1,84716,84716,8388608,388,"k_delta_bshd_0",256,0,0,24,0,128,"GRBM_GUI_ACTIVE",1342777.000000,30619764834484,30619764942953
91,91,"Agent 2",1,84716,84716,8388608,388,"k_delta_bshd_0",256,0,0,24,0,128,"SQ_WAVES",262144.000000,30619764834484,30619764942953
92,92,"Agent 2",1,84716,84716,262144,389,"k_dkdv_0",32,70656,0,368,0,128,"GRBM_COUNT",58248935.000000,30619765094255,30619769305356
92,92,"Agent 2",1,84716,84716,262144,389,"k_dkdv_0",32,70656,0,368,0,128,"GRBM_GUI_ACTIVE",58248935.000000,30619765094255,30619769305356
92,92,"Agent 2",1,84716,84716,262144,389,"k_dkdv_0",32,70656,0,368,0,128,"SQ_WAVES",8192.000000,30619765094255,30619769305356
93,93,"Agent 2",1,84716,84716,524288,390,"k_dqg_0",32,8704,0,496,0,128,"GRBM_COUNT",32628615.000000,30619769446449,30619771788031
93,93,"Agent 2",1,84716,84716,524288,390,"k_dqg_0",32,8704,0,496,0,128,"GRBM_GUI_ACTIVE",32628615.000000,30619769446449,30619771788031
93,93,"Agent 2",1,84716,84716,524288,390,"k_dqg_0",32,8704,0,496,0,128,"SQ_WAVES",16384.000000,30619769446449,30619771788031
94,94,"Agent 2",1,84716,84716,16777216,423,"void at::native::vectorized_elementwise_kernel<4, at::native::FillFunctor<float>, std::array<char*, 1ul> >(int, at::native::FillFunctor<float>, std::array<char*, 1ul>)",256,0,0,8,0,128,"GRBM_COUNT",654307.000000,30619771982687,30619772006264
94,94,"Agent 2",1,84716,84716,16777216,423,"void at::native::vectorized_elementwise_kernel<4, at::native::FillFunctor<float>, std::array<char*, 1ul> >(int, at::native::FillFunctor<float>, std::array<char*, 1ul>)",256,0,0,8,0,128,"GRBM_GUI_ACTIVE",654307.000000,30619771982687,30619772006264
94,94,"Agent 2",1,84716,84716,16777216,423,"void at::native::vectorized_elementwise_kernel<4, at::native::FillFunctor<float>, std::array<char*, 1ul> >(int, at::native::FillFunctor<float>, std::array<char*, 1ul>)",256,0,0,8,0,128,"SQ_WAVES",524288.000000,30619771982687,30619772006264
95,95,"Agent 2",1,84716,84716,8388608,388,"k_delta_bshd_0",256,0,0,24,0,128,"GRBM_COUNT",1490820.000000,30619772148772,30619772235148
95,95,"Agent 2",1,84716,84716,8388608,388,"k_delta_bshd_0",256,0,0,24,0,128,"GRBM_GUI_ACTIVE",1490820.000000,30619772148772,30619772235148
95,95,"Agent 2",1,84716,84716,8388608,388,"k_delta_bshd_0",256,0,0,24,0,128,"SQ_WAVES",262144.000000,30619772148772,30619772235148
96,96,"Agent 2",1,84716,84716,262144,389,"k_dkdv_0",32,70656,0,368,0,128,"GRBM_COUNT",58643802.000000,30619772386663,30619776534919
96,96,"Agent 2",1,84716,84716,262144,389,"k_dkdv_0",32,70656,0,368,0,128,"GRBM_GUI_ACTIVE",58643802.000000,30619772386663,30619776534919
96,96,"Agent 2",1,84716,84716,262144,389,"k_dkdv_0",32,70656,0,368,0,128,"SQ_WAVES",8192.000000,30619772386663,30619776534919
97,97,"Agent 2",1,84716,84716,524288,390,"k_dqg_0",32,8704,0,496,0,128,"GRBM_COUNT",31997993.000000,30619776672942,30619778894793
97,97,"Agent 2",1,84716,84716,524288,390,"k_dqg_0",32,8704,0,496,0,128,"GRBM_GUI_ACTIVE",31997993.000000,30619776672942,30619778894793
97,97,"Agent 2",1,84716,84716,524288,390,"k_dqg_0",32,8704,0,496,0,128,"SQ_WAVES",16384.000000,30619776672942,30619778894793
98,98,"Agent 2",1,84716,84716,16777216,423,"void at::native::vectorized_elementwise_kernel<4, at::native::FillFunctor<float>, std::array<char*, 1ul> >(int, at::native::FillFunctor<float>, std::array<char*, 1ul>)",256,0,0,8,0,128,"GRBM_COUNT",583125.000000,30619779089779,30619779113816
98,98,"Agent 2",1,84716,84716,16777216,423,"void at::native::vectorized_elementwise_kernel<4, at::native::FillFunctor<float>, std::array<char*, 1ul> >(int, at::native::FillFunctor<float>, std::array<char*, 1ul>)",256,0,0,8,0,128,"GRBM_GUI_ACTIVE",583125.000000,30619779089779,30619779113816
98,98,"Agent 2",1,84716,84716,16777216,423,"void at::native::vectorized_elementwise_kernel<4, at::native::FillFunctor<float>, std::array<char*, 1ul> >(int, at::native::FillFunctor<float>, std::array<char*, 1ul>)",256,0,0,8,0,128,"SQ_WAVES",524288.000000,30619779089779,30619779113816
99,99,"Agent 2",1,84716,84716,8388608,388,"k_delta_bshd_0",256,0,0,24,0,128,"GRBM_COUNT",1413419.000000,30619779254577,30619779341419
99,99,"Agent 2",1,84716,84716,8388608,388,"k_delta_bshd_0",256,0,0,24,0,128,"GRBM_GUI_ACTIVE",1413419.000000,30619779254577,30619779341419
99,99,"Agent 2",1,84716,84716,8388608,388,"k_delta_bshd_0",256,0,0,24,0,128,"SQ_WAVES",262144.000000,30619779254577,30619779341419
100,100,"Agent 2",1,84716,84716,262144,389,"k_dkdv_0",32,70656,0,368,0,128,"GRBM_COUNT",58260294.000000,30619779487731,30619783611461
100,100,"Agent 2",1,84716,84716,262144,389,"k_dkdv_0",32,70656,0,368,0,128,"GRBM_GUI_ACTIVE",58260294.000000,30619779487731,30619783611461
100,100,"Agent 2",1,84716,84716,262144,389,"k_dkdv_0",32,70656,0,368,0,128,"SQ_WAVES",8192.000000,30619779487731,30619783611461
101,101,"Agent 2",1,84716,84716,524288,390,"k_dqg_0",32,8704,0,496,0,128,"GRBM_COUNT",32020987.000000,30619783749786,30619785968164
101,101,"Agent 2",1,84716,84716,524288,390,"k_dqg_0",32,8704,0,496,0,128,"GRBM_GUI_ACTIVE",32020987.000000,30619783749786,30619785968164
101,101,"Agent 2",1,84716,84716,524288,390,"k_dqg_0",32,8704,0,496,0,128,"SQ_WAVES",16384.000000,30619783749786,30619785968164
102,102,"Agent 2",1,84716,84716,16777216,423,"void at::native::vectorized_elementwise_kernel<4, at::native::FillFunctor<float>, std::array<char*, 1ul> >(int, at::native::FillFunctor<float>, std::array<char*, 1ul>)",256,0,0,8,0,128,"GRBM_COUNT",572131.000000,30619786159016,30619786181727
102,102,"Agent 2",1,84716,84716,16777216,423,"void at::native::vectorized_elementwise_kernel<4, at::native::FillFunctor<float>, std::array<char*, 1ul> >(int, at::native::FillFunctor<float>, std::array<char*, 1ul>)",256,0,0,8,0,128,"GRBM_GUI_ACTIVE",572131.000000,30619786159016,30619786181727
102,102,"Agent 2",1,84716,84716,16777216,423,"void at::native::vectorized_elementwise_kernel<4, at::native::FillFunctor<float>, std::array<char*, 1ul> >(int, at::native::FillFunctor<float>, std::array<char*, 1ul>)",256,0,0,8,0,128,"SQ_WAVES",524288.000000,30619786159016,30619786181727
103,103,"Agent 2",1,84716,84716,8388608,388,"k_delta_bshd_0",256,0,0,24,0,128,"GRBM_COUNT",1426366.000000,30619786324809,30619786407771
103,103,"Agent 2",1,84716,84716,8388608,388,"k_delta_bshd_0",256,0,0,24,0,128,"GRBM_GUI_ACTIVE",1426366.000000,30619786324809,30619786407771
103,103,"Agent 2",1,84716,84716,8388608,388,"k_delta_bshd_0",256,0,0,24,0,128,"SQ_WAVES",262144.000000,30619786324809,30619786407771
104,104,"Agent 2",1,84716,84716,262144,389,"k_dkdv_0",32,70656,0,368,0,128,"GRBM_COUNT",58127735.000000,30619786554857,30619790673752
104,104,"Agent 2",1,84716,84716,262144,389,"k_dkdv_0",32,70656,0,368,0,128,"GRBM_GUI_ACTIVE",58127735.000000,30619786554857,30619790673752
104,104,"Agent 2",1,84716,84716,262144,389,"k_dkdv_0",32,70656,0,368,0,128,"SQ_WAVES",8192.000000,30619786554857,30619790673752
105,105,"Agent 2",1,84716,84716,524288,390,"k_dqg_0",32,8704,0,496,0,128,"GRBM_COUNT",32120693.000000,30619790819327,30619793046816
105,105,"Agent 2",1,84716,84716,524288,390,"k_dqg_0",32,8704,0,496,0,128,"GRBM_GUI_ACTIVE",32120693.000000,30619790819327,30619793046816
105,105,"Agent 2",1,84716,84716,524288,390,"k_dqg_0",32,8704,0,496,0,128,"SQ_WAVES",16384.000000,30619790819327,30619793046816
106,106,"Agent 2",1,84716,84716,16777216,423,"void at::native::vectorized_elementwise_kernel<4, at::native::FillFunctor<float>, std::array<char*, 1ul> >(int, at::native::FillFunctor<float>, std::array<char*, 1ul>)",256,0,0,8,0,128,"GRBM_COUNT",595769.000000,30619793235839,30619793258669
106,106,"Agent 2",1,84716,84716,16777216,423,"void at::native::vectorized_elementwise_kernel<4, at::native::FillFunctor<float>, std::array<char*, 1ul> >(int, at::native::FillFunctor<float>, std::array<char*, 1ul>)",256,0,0,8,0,128,"GRBM_GUI_ACTIVE",595769.000000,30619793235839,30619793258669
106,106,"Agent 2",1,84716,84716,16777216,423,"void at::native::vectorized_elementwise_kernel<4, at::native::FillFunctor<float>, std::array<char*, 1ul> >(int, at::native::FillFunctor<float>, std::array<char*, 1ul>)",256,0,0,8,0,128,"SQ_WAVES",524288.000000,30619793235839,30619793258669
107,107,"Agent 2",1,84716,84716,8388608,388,"k_delta_bshd_0",256,0,0,24,0,128,"GRBM_COUNT",1551822.000000,30619793405750,30619793492222
107,107,"Agent 2",1,84716,84716,8388608,388,"k_delta_bshd_0",256,0,0,24,0,128,"GRBM_GUI_ACTIVE",1551822.000000,30619793405750,30619793492222
107,107,"Agent 2",1,84716,84716,8388608,388,"k_delta_bshd_0",256,0,0,24,0,128,"SQ_WAVES",262144.000000,30619793405750,30619793492222
108,108,"Agent 2",1,84716,84716,262144,389,"k_dkdv_0",32,70656,0,368,0,128,"GRBM_COUNT",57852200.000000,30619793636588,30619797761283
108,108,"Agent 2",1,84716,84716,262144,389,"k_dkdv_0",32,70656,0,368,0,128,"GRBM_GUI_ACTIVE",57852200.000000,30619793636588,30619797761283
108,108,"Agent 2",1,84716,84716,262144,389,"k_dkdv_0",32,70656,0,368,0,128,"SQ_WAVES",8192.000000,30619793636588,30619797761283
109,109,"Agent 2",1,84716,84716,524288,390,"k_dqg_0",32,8704,0,496,0,128,"GRBM_COUNT",32068161.000000,30619797900889,30619800101177
109,109,"Agent 2",1,84716,84716,524288,390,"k_dqg_0",32,8704,0,496,0,128,"GRBM_GUI_ACTIVE",32068161.000000,30619797900889,30619800101177
109,109,"Agent 2",1,84716,84716,524288,390,"k_dqg_0",32,8704,0,496,0,128,"SQ_WAVES",16384.000000,30619797900889,30619800101177
110,110,"Agent 2",1,84716,84716,16777216,423,"void at::native::vectorized_elementwise_kernel<4, at::native::FillFunctor<float>, std::array<char*, 1ul> >(int, at::native::FillFunctor<float>, std::array<char*, 1ul>)",256,0,0,8,0,128,"GRBM_COUNT",567251.000000,30619800292099,30619800314860
110,110,"Agent 2",1,84716,84716,16777216,423,"void at::native::vectorized_elementwise_kernel<4, at::native::FillFunctor<float>, std::array<char*, 1ul> >(int, at::native::FillFunctor<float>, std::array<char*, 1ul>)",256,0,0,8,0,128,"GRBM_GUI_ACTIVE",567251.000000,30619800292099,30619800314860
110,110,"Agent 2",1,84716,84716,16777216,423,"void at::native::vectorized_elementwise_kernel<4, at::native::FillFunctor<float>, std::array<char*, 1ul> >(int, at::native::FillFunctor<float>, std::array<char*, 1ul>)",256,0,0,8,0,128,"SQ_WAVES",524288.000000,30619800292099,30619800314860
111,111,"Agent 2",1,84716,84716,8388608,388,"k_delta_bshd_0",256,0,0,24,0,128,"GRBM_COUNT",1597175.000000,30619800456989,30619800545463
111,111,"Agent 2",1,84716,84716,8388608,388,"k_delta_bshd_0",256,0,0,24,0,128,"GRBM_GUI_ACTIVE",1597175.000000,30619800456989,30619800545463
111,111,"Agent 2",1,84716,84716,8388608,388,"k_delta_bshd_0",256,0,0,24,0,128,"SQ_WAVES",262144.000000,30619800456989,30619800545463
112,112,"Agent 2",1,84716,84716,262144,389,"k_dkdv_0",32,70656,0,368,0,128,"GRBM_COUNT",57951092.000000,30619800697895,30619804825874
112,112,"Agent 2",1,84716,84716,262144,389,"k_dkdv_0",32,70656,0,368,0,128,"GRBM_GUI_ACTIVE",57951092.000000,30619800697895,30619804825874
112,112,"Agent 2",1,84716,84716,262144,389,"k_dkdv_0",32,70656,0,368,0,128,"SQ_WAVES",8192.000000,30619800697895,30619804825874
113,113,"Agent 2",1,84716,84716,524288,390,"k_dqg_0",32,8704,0,496,0,128,"GRBM_COUNT",31929009.000000,30619804962754,30619807173478
113,113,"Agent 2",1,84716,84716,524288,390,"k_dqg_0",32,8704,0,496,0,128,"GRBM_GUI_ACTIVE",31929009.000000,30619804962754,30619807173478
113,113,"Agent 2",1,84716,84716,524288,390,"k_dqg_0",32,8704,0,496,0,128,"SQ_WAVES",16384.000000,30619804962754,30619807173478
114,114,"Agent 2",1,84716,84716,16777216,423,"void at::native::vectorized_elementwise_kernel<4, at::native::FillFunctor<float>, std::array<char*, 1ul> >(int, at::native::FillFunctor<float>, std::array<char*, 1ul>)",256,0,0,8,0,128,"GRBM_COUNT",581773.000000,30619807367770,30619807390921
114,114,"Agent 2",1,84716,84716,16777216,423,"void at::native::vectorized_elementwise_kernel<4, at::native::FillFunctor<float>, std::array<char*, 1ul> >(int, at::native::FillFunctor<float>, std::array<char*, 1ul>)",256,0,0,8,0,128,"GRBM_GUI_ACTIVE",581773.000000,30619807367770,30619807390921
114,114,"Agent 2",1,84716,84716,16777216,423,"void at::native::vectorized_elementwise_kernel<4, at::native::FillFunctor<float>, std::array<char*, 1ul> >(int, at::native::FillFunctor<float>, std::array<char*, 1ul>)",256,0,0,8,0,128,"SQ_WAVES",524288.000000,30619807367770,30619807390921
115,115,"Agent 2",1,84716,84716,8388608,388,"k_delta_bshd_0",256,0,0,24,0,128,"GRBM_COUNT",1573775.000000,30619807529068,30619807615724
115,115,"Agent 2",1,84716,84716,8388608,388,"k_delta_bshd_0",256,0,0,24,0,128,"GRBM_GUI_ACTIVE",1573775.000000,30619807529068,30619807615724
115,115,"Agent 2",1,84716,84716,8388608,388,"k_delta_bshd_0",256,0,0,24,0,128,"SQ_WAVES",262144.000000,30619807529068,30619807615724
116,116,"Agent 2",1,84716,84716,262144,389,"k_dkdv_0",32,70656,0,368,0,128,"GRBM_COUNT",57990286.000000,30619807761728,30619811891546
116,116,"Agent 2",1,84716,84716,262144,389,"k_dkdv_0",32,70656,0,368,0,128,"GRBM_GUI_ACTIVE",57990286.000000,30619807761728,30619811891546
116,116,"Agent 2",1,84716,84716,262144,389,"k_dkdv_0",32,70656,0,368,0,128,"SQ_WAVES",8192.000000,30619807761728,30619811891546
117,117,"Agent 2",1,84716,84716,524288,390,"k_dqg_0",32,8704,0,496,0,128,"GRBM_COUNT",31942572.000000,30619812029362,30619814228969
117,117,"Agent 2",1,84716,84716,524288,390,"k_dqg_0",32,8704,0,496,0,128,"GRBM_GUI_ACTIVE",31942572.000000,30619812029362,30619814228969
117,117,"Agent 2",1,84716,84716,524288,390,"k_dqg_0",32,8704,0,496,0,128,"SQ_WAVES",16384.000000,30619812029362,30619814228969
118,118,"Agent 2",1,84716,84716,16777216,423,"void at::native::vectorized_elementwise_kernel<4, at::native::FillFunctor<float>, std::array<char*, 1ul> >(int, at::native::FillFunctor<float>, std::array<char*, 1ul>)",256,0,0,8,0,128,"GRBM_COUNT",582004.000000,30619814422593,30619814444822
118,118,"Agent 2",1,84716,84716,16777216,423,"void at::native::vectorized_elementwise_kernel<4, at::native::FillFunctor<float>, std::array<char*, 1ul> >(int, at::native::FillFunctor<float>, std::array<char*, 1ul>)",256,0,0,8,0,128,"GRBM_GUI_ACTIVE",582004.000000,30619814422593,30619814444822
118,118,"Agent 2",1,84716,84716,16777216,423,"void at::native::vectorized_elementwise_kernel<4, at::native::FillFunctor<float>, std::array<char*, 1ul> >(int, at::native::FillFunctor<float>, std::array<char*, 1ul>)",256,0,0,8,0,128,"SQ_WAVES",524288.000000,30619814422593,30619814444822
119,119,"Agent 2",1,84716,84716,8388608,388,"k_delta_bshd_0",256,0,0,24,0,128,"GRBM_COUNT",1459241.000000,30619814582965,30619814666005
119,119,"Agent 2",1,84716,84716,8388608,388,"k_delta_bshd_0",256,0,0,24,0,128,"GRBM_GUI_ACTIVE",1459241.000000,30619814582965,30619814666005
119,119,"Agent 2",1,84716,84716,8388608,388,"k_delta_bshd_0",256,0,0,24,0,128,"SQ_WAVES",262144.000000,30619814582965,30619814666005
120,120,"Agent 2",1,84716,84716,262144,389,"k_dkdv_0",32,70656,0,368,0,128,"GRBM_COUNT",57794199.000000,30619814809547,30619818943347
120,120,"Agent 2",1,84716,84716,262144,389,"k_dkdv_0",32,70656,0,368,0,128,"GRBM_GUI_ACTIVE",57794199.000000,30619814809547,30619818943347
120,120,"Agent 2",1,84716,84716,262144,389,"k_dkdv_0",32,70656,0,368,0,128,"SQ_WAVES",8192.000000,30619814809547,30619818943347
121,121,"Agent 2",1,84716,84716,524288,390,"k_dqg_0",32,8704,0,496,0,128,"GRBM_COUNT",31915526.000000,30619819088085,30619821293460
121,121,"Agent 2",1,84716,84716,524288,390,"k_dqg_0",32,8704,0,496,0,128,"GRBM_GUI_ACTIVE",31915526.000000,30619819088085,30619821293460
121,121,"Agent 2",1,84716,84716,524288,390,"k_dqg_0",32,8704,0,496,0,128,"SQ_WAVES",16384.000000,30619819088085,30619821293460
122,122,"Agent 2",1,84716,84716,16777216,423,"void at::native::vectorized_elementwise_kernel<4, at::native::FillFunctor<float>, std::array<char*, 1ul> >(int, at::native::FillFunctor<float>, std::array<char*, 1ul>)",256,0,0,8,0,128,"GRBM_COUNT",589349.000000,30619821480961,30619821504073
122,122,"Agent 2",1,84716,84716,16777216,423,"void at::native::vectorized_elementwise_kernel<4, at::native::FillFunctor<float>, std::array<char*, 1ul> >(int, at::native::FillFunctor<float>, std::array<char*, 1ul>)",256,0,0,8,0,128,"GRBM_GUI_ACTIVE",589349.000000,30619821480961,30619821504073
122,122,"Agent 2",1,84716,84716,16777216,423,"void at::native::vectorized_elementwise_kernel<4, at::native::FillFunctor<float>, std::array<char*, 1ul> >(int, at::native::FillFunctor<float>, std::array<char*, 1ul>)",256,0,0,8,0,128,"SQ_WAVES",524288.000000,30619821480961,30619821504073
123,123,"Agent 2",1,84716,84716,33554432,423,"void at::native::vectorized_elementwise_kernel<4, at::native::FillFunctor<float>, std::array<char*, 1ul> >(int, at::native::FillFunctor<float>, std::array<char*, 1ul>)",256,0,0,8,0,128,"GRBM_COUNT",987461.000000,30619821645954,30619821695636
123,123,"Agent 2",1,84716,84716,33554432,423,"void at::native::vectorized_elementwise_kernel<4, at::native::FillFunctor<float>, std::array<char*, 1ul> >(int, at::native::FillFunctor<float>, std::array<char*, 1ul>)",256,0,0,8,0,128,"GRBM_GUI_ACTIVE",987461.000000,30619821645954,30619821695636
123,123,"Agent 2",1,84716,84716,33554432,423,"void at::native::vectorized_elementwise_kernel<4, at::native::FillFunctor<float>, std::array<char*, 1ul> >(int, at::native::FillFunctor<float>, std::array<char*, 1ul>)",256,0,0,8,0,128,"SQ_WAVES",1048576.000000,30619821645954,30619821695636
124,124,"Agent 2",1,84716,84716,1048576,559,"aiter::fmha_bwd_hd128_odo_bf16",128,0,0,24,0,128,"GRBM_COUNT",879041.000000,30619821843247,30619821895599
124,124,"Agent 2",1,84716,84716,1048576,559,"aiter::fmha_bwd_hd128_odo_bf16",128,0,0,24,0,128,"GRBM_GUI_ACTIVE",879041.000000,30619821843247,30619821895599
124,124,"Agent 2",1,84716,84716,1048576,559,"aiter::fmha_bwd_hd128_odo_bf16",128,0,0,24,0,128,"SQ_WAVES",32768.000000,30619821843247,30619821895599
125,125,"Agent 2",1,84716,84716,524288,560,"aiter::fmha_bwd_hd128_bf16_causal_br_a32_pssk",128,327680,0,512,0,128,"GRBM_COUNT",61309998.000000,30619822048143,30619826710518
125,125,"Agent 2",1,84716,84716,524288,560,"aiter::fmha_bwd_hd128_bf16_causal_br_a32_pssk",128,327680,0,512,0,128,"GRBM_GUI_ACTIVE",61309998.000000,30619822048143,30619826710518
125,125,"Agent 2",1,84716,84716,524288,560,"aiter::fmha_bwd_hd128_bf16_causal_br_a32_pssk",128,327680,0,512,0,128,"SQ_WAVES",16384.000000,30619822048143,30619826710518
126,126,"Agent 2",1,84716,84716,2097152,561,"aiter::fmha_bwd_hd128_dq_convert_bf16",128,0,0,16,0,128,"GRBM_COUNT",795591.000000,30619826867397,30619826932851
126,126,"Agent 2",1,84716,84716,2097152,561,"aiter::fmha_bwd_hd128_dq_convert_bf16",128,0,0,16,0,128,"GRBM_GUI_ACTIVE",795591.000000,30619826867397,30619826932851
126,126,"Agent 2",1,84716,84716,2097152,561,"aiter::fmha_bwd_hd128_dq_convert_bf16",128,0,0,16,0,128,"SQ_WAVES",65536.000000,30619826867397,30619826932851
127,127,"Agent 2",1,84716,84716,8388608,636,"void at::native::reduce_kernel<128, 4, at::native::ReduceOp<c10::BFloat16, at::native::func_wrapper_t<c10::BFloat16, at::native::sum_functor<c10::BFloat16, float, c10::BFloat16>::operator()(at::TensorIterator&)::{lambda(float, float)#1}>, unsigned int, c10::BFloat16, 4, 8> >(at::native::ReduceOp<c10::BFloat16, at::native::func_wrapper_t<c10::BFloat16, at::native::sum_functor<c10::BFloat16, float, c10::BFloat16>::operator()(at::TensorIterator&)::{lambda(float, float)#1}>, unsigned int, c10::BFloat16, 4, 8>)",128,512,0,32,0,128,"GRBM_COUNT",1050243.000000,30619827096945,30619827182415
127,127,"Agent 2",1,84716,84716,8388608,636,"void at::native::reduce_kernel<128, 4, at::native::ReduceOp<c10::BFloat16, at::native::func_wrapper_t<c10::BFloat16, at::native::sum_functor<c10::BFloat16, float, c10::BFloat16>::operator()(at::TensorIterator&)::{lambda(float, float)#1}>, unsigned int, c10::BFloat16, 4, 8> >(at::native::ReduceOp<c10::BFloat16, at::native::func_wrapper_t<c10::BFloat16, at::native::sum_functor<c10::BFloat16, float, c10::BFloat16>::operator()(at::TensorIterator&)::{lambda(float, float)#1}>, unsigned int, c10::BFloat16, 4, 8>)",128,512,0,32,0,128,"GRBM_GUI_ACTIVE",1050243.000000,30619827096945,30619827182415
127,127,"Agent 2",1,84716,84716,8388608,636,"void at::native::reduce_kernel<128, 4, at::native::ReduceOp<c10::BFloat16, at::native::func_wrapper_t<c10::BFloat16, at::native::sum_functor<c10::BFloat16, float, c10::BFloat16>::operator()(at::TensorIterator&)::{lambda(float, float)#1}>, unsigned int, c10::BFloat16, 4, 8> >(at::native::ReduceOp<c10::BFloat16, at::native::func_wrapper_t<c10::BFloat16, at::native::sum_functor<c10::BFloat16, float, c10::BFloat16>::operator()(at::TensorIterator&)::{lambda(float, float)#1}>, unsigned int, c10::BFloat16, 4, 8>)",128,512,0,32,0,128,"SQ_WAVES",262144.000000,30619827096945,30619827182415
128,128,"Agent 2",1,84716,84716,8388608,636,"void at::native::reduce_kernel<128, 4, at::native::ReduceOp<c10::BFloat16, at::native::func_wrapper_t<c10::BFloat16, at::native::sum_functor<c10::BFloat16, float, c10::BFloat16>::operator()(at::TensorIterator&)::{lambda(float, float)#1}>, unsigned int, c10::BFloat16, 4, 8> >(at::native::ReduceOp<c10::BFloat16, at::native::func_wrapper_t<c10::BFloat16, at::native::sum_functor<c10::BFloat16, float, c10::BFloat16>::operator()(at::TensorIterator&)::{lambda(float, float)#1}>, unsigned int, c10::BFloat16, 4, 8>)",128,512,0,32,0,128,"GRBM_COUNT",985812.000000,30619827334044,30619827414308
128,128,"Agent 2",1,84716,84716,8388608,636,"void at::native::reduce_kernel<128, 4, at::native::ReduceOp<c10::BFloat16, at::native::func_wrapper_t<c10::BFloat16, at::native::sum_functor<c10::BFloat16, float, c10::BFloat16>::operator()(at::TensorIterator&)::{lambda(float, float)#1}>, unsigned int, c10::BFloat16, 4, 8> >(at::native::ReduceOp<c10::BFloat16, at::native::func_wrapper_t<c10::BFloat16, at::native::sum_functor<c10::BFloat16, float, c10::BFloat16>::operator()(at::TensorIterator&)::{lambda(float, float)#1}>, unsigned int, c10::BFloat16, 4, 8>)",128,512,0,32,0,128,"GRBM_GUI_ACTIVE",985812.000000,30619827334044,30619827414308
128,128,"Agent 2",1,84716,84716,8388608,636,"void at::native::reduce_kernel<128, 4, at::native::ReduceOp<c10::BFloat16, at::native::func_wrapper_t<c10::BFloat16, at::native::sum_functor<c10::BFloat16, float, c10::BFloat16>::operator()(at::TensorIterator&)::{lambda(float, float)#1}>, unsigned int, c10::BFloat16, 4, 8> >(at::native::ReduceOp<c10::BFloat16, at::native::func_wrapper_t<c10::BFloat16, at::native::sum_functor<c10::BFloat16, float, c10::BFloat16>::operator()(at::TensorIterator&)::{lambda(float, float)#1}>, unsigned int, c10::BFloat16, 4, 8>)",128,512,0,32,0,128,"SQ_WAVES",262144.000000,30619827334044,30619827414308
129,129,"Agent 2",1,84716,84716,16777216,423,"void at::native::vectorized_elementwise_kernel<4, at::native::FillFunctor<float>, std::array<char*, 1ul> >(int, at::native::FillFunctor<float>, std::array<char*, 1ul>)",256,0,0,8,0,128,"GRBM_COUNT",565196.000000,30619827626543,30619827654971
129,129,"Agent 2",1,84716,84716,16777216,423,"void at::native::vectorized_elementwise_kernel<4, at::native::FillFunctor<float>, std::array<char*, 1ul> >(int, at::native::FillFunctor<float>, std::array<char*, 1ul>)",256,0,0,8,0,128,"GRBM_GUI_ACTIVE",565196.000000,30619827626543,30619827654971
129,129,"Agent 2",1,84716,84716,16777216,423,"void at::native::vectorized_elementwise_kernel<4, at::native::FillFunctor<float>, std::array<char*, 1ul> >(int, at::native::FillFunctor<float>, std::array<char*, 1ul>)",256,0,0,8,0,128,"SQ_WAVES",524288.000000,30619827626543,30619827654971
130,130,"Agent 2",1,84716,84716,33554432,423,"void at::native::vectorized_elementwise_kernel<4, at::native::FillFunctor<float>, std::array<char*, 1ul> >(int, at::native::FillFunctor<float>, std::array<char*, 1ul>)",256,0,0,8,0,128,"GRBM_COUNT",933931.000000,30619827808391,30619827863994
130,130,"Agent 2",1,84716,84716,33554432,423,"void at::native::vectorized_elementwise_kernel<4, at::native::FillFunctor<float>, std::array<char*, 1ul> >(int, at::native::FillFunctor<float>, std::array<char*, 1ul>)",256,0,0,8,0,128,"GRBM_GUI_ACTIVE",933931.000000,30619827808391,30619827863994
130,130,"Agent 2",1,84716,84716,33554432,423,"void at::native::vectorized_elementwise_kernel<4, at::native::FillFunctor<float>, std::array<char*, 1ul> >(int, at::native::FillFunctor<float>, std::array<char*, 1ul>)",256,0,0,8,0,128,"SQ_WAVES",1048576.000000,30619827808391,30619827863994
131,131,"Agent 2",1,84716,84716,1048576,559,"aiter::fmha_bwd_hd128_odo_bf16",128,0,0,24,0,128,"GRBM_COUNT",761202.000000,30619828014162,30619828067527
131,131,"Agent 2",1,84716,84716,1048576,559,"aiter::fmha_bwd_hd128_odo_bf16",128,0,0,24,0,128,"GRBM_GUI_ACTIVE",761202.000000,30619828014162,30619828067527
131,131,"Agent 2",1,84716,84716,1048576,559,"aiter::fmha_bwd_hd128_odo_bf16",128,0,0,24,0,128,"SQ_WAVES",32768.000000,30619828014162,30619828067527
132,132,"Agent 2",1,84716,84716,524288,560,"aiter::fmha_bwd_hd128_bf16_causal_br_a32_pssk",128,327680,0,512,0,128,"GRBM_COUNT",62735391.000000,30619828221903,30619832906917
132,132,"Agent 2",1,84716,84716,524288,560,"aiter::fmha_bwd_hd128_bf16_causal_br_a32_pssk",128,327680,0,512,0,128,"GRBM_GUI_ACTIVE",62735391.000000,30619828221903,30619832906917
132,132,"Agent 2",1,84716,84716,524288,560,"aiter::fmha_bwd_hd128_bf16_causal_br_a32_pssk",128,327680,0,512,0,128,"SQ_WAVES",16384.000000,30619828221903,30619832906917
133,133,"Agent 2",1,84716,84716,2097152,561,"aiter::fmha_bwd_hd128_dq_convert_bf16",128,0,0,16,0,128,"GRBM_COUNT",769724.000000,30619833067770,30619833132720
133,133,"Agent 2",1,84716,84716,2097152,561,"aiter::fmha_bwd_hd128_dq_convert_bf16",128,0,0,16,0,128,"GRBM_GUI_ACTIVE",769724.000000,30619833067770,30619833132720
133,133,"Agent 2",1,84716,84716,2097152,561,"aiter::fmha_bwd_hd128_dq_convert_bf16",128,0,0,16,0,128,"SQ_WAVES",65536.000000,30619833067770,30619833132720
134,134,"Agent 2",1,84716,84716,8388608,636,"void at::native::reduce_kernel<128, 4, at::native::ReduceOp<c10::BFloat16, at::native::func_wrapper_t<c10::BFloat16, at::native::sum_functor<c10::BFloat16, float, c10::BFloat16>::operator()(at::TensorIterator&)::{lambda(float, float)#1}>, unsigned int, c10::BFloat16, 4, 8> >(at::native::ReduceOp<c10::BFloat16, at::native::func_wrapper_t<c10::BFloat16, at::native::sum_functor<c10::BFloat16, float, c10::BFloat16>::operator()(at::TensorIterator&)::{lambda(float, float)#1}>, unsigned int, c10::BFloat16, 4, 8>)",128,512,0,32,0,128,"GRBM_COUNT",1029086.000000,30619833291491,30619833375693
134,134,"Agent 2",1,84716,84716,8388608,636,"void at::native::reduce_kernel<128, 4, at::native::ReduceOp<c10::BFloat16, at::native::func_wrapper_t<c10::BFloat16, at::native::sum_functor<c10::BFloat16, float, c10::BFloat16>::operator()(at::TensorIterator&)::{lambda(float, float)#1}>, unsigned int, c10::BFloat16, 4, 8> >(at::native::ReduceOp<c10::BFloat16, at::native::func_wrapper_t<c10::BFloat16, at::native::sum_functor<c10::BFloat16, float, c10::BFloat16>::operator()(at::TensorIterator&)::{lambda(float, float)#1}>, unsigned int, c10::BFloat16, 4, 8>)",128,512,0,32,0,128,"GRBM_GUI_ACTIVE",1029086.000000,30619833291491,30619833375693
134,134,"Agent 2",1,84716,84716,8388608,636,"void at::native::reduce_kernel<128, 4, at::native::ReduceOp<c10::BFloat16, at::native::func_wrapper_t<c10::BFloat16, at::native::sum_functor<c10::BFloat16, float, c10::BFloat16>::operator()(at::TensorIterator&)::{lambda(float, float)#1}>, unsigned int, c10::BFloat16, 4, 8> >(at::native::ReduceOp<c10::BFloat16, at::native::func_wrapper_t<c10::BFloat16, at::native::sum_functor<c10::BFloat16, float, c10::BFloat16>::operator()(at::TensorIterator&)::{lambda(float, float)#1}>, unsigned int, c10::BFloat16, 4, 8>)",128,512,0,32,0,128,"SQ_WAVES",262144.000000,30619833291491,30619833375693
135,135,"Agent 2",1,84716,84716,8388608,636,"void at::native::reduce_kernel<128, 4, at::native::ReduceOp<c10::BFloat16, at::native::func_wrapper_t<c10::BFloat16, at::native::sum_functor<c10::BFloat16, float, c10::BFloat16>::operator()(at::TensorIterator&)::{lambda(float, float)#1}>, unsigned int, c10::BFloat16, 4, 8> >(at::native::ReduceOp<c10::BFloat16, at::native::func_wrapper_t<c10::BFloat16, at::native::sum_functor<c10::BFloat16, float, c10::BFloat16>::operator()(at::TensorIterator&)::{lambda(float, float)#1}>, unsigned int, c10::BFloat16, 4, 8>)",128,512,0,32,0,128,"GRBM_COUNT",1017224.000000,30619833529441,30619833610217
135,135,"Agent 2",1,84716,84716,8388608,636,"void at::native::reduce_kernel<128, 4, at::native::ReduceOp<c10::BFloat16, at::native::func_wrapper_t<c10::BFloat16, at::native::sum_functor<c10::BFloat16, float, c10::BFloat16>::operator()(at::TensorIterator&)::{lambda(float, float)#1}>, unsigned int, c10::BFloat16, 4, 8> >(at::native::ReduceOp<c10::BFloat16, at::native::func_wrapper_t<c10::BFloat16, at::native::sum_functor<c10::BFloat16, float, c10::BFloat16>::operator()(at::TensorIterator&)::{lambda(float, float)#1}>, unsigned int, c10::BFloat16, 4, 8>)",128,512,0,32,0,128,"GRBM_GUI_ACTIVE",1017224.000000,30619833529441,30619833610217
135,135,"Agent 2",1,84716,84716,8388608,636,"void at::native::reduce_kernel<128, 4, at::native::ReduceOp<c10::BFloat16, at::native::func_wrapper_t<c10::BFloat16, at::native::sum_functor<c10::BFloat16, float, c10::BFloat16>::operator()(at::TensorIterator&)::{lambda(float, float)#1}>, unsigned int, c10::BFloat16, 4, 8> >(at::native::ReduceOp<c10::BFloat16, at::native::func_wrapper_t<c10::BFloat16, at::native::sum_functor<c10::BFloat16, float, c10::BFloat16>::operator()(at::TensorIterator&)::{lambda(float, float)#1}>, unsigned int, c10::BFloat16, 4, 8>)",128,512,0,32,0,128,"SQ_WAVES",262144.000000,30619833529441,30619833610217
136,136,"Agent 2",1,84716,84716,16777216,423,"void at::native::vectorized_elementwise_kernel<4, at::native::FillFunctor<float>, std::array<char*, 1ul> >(int, at::native::FillFunctor<float>, std::array<char*, 1ul>)",256,0,0,8,0,128,"GRBM_COUNT",533166.000000,30619833816971,30619833847290
136,136,"Agent 2",1,84716,84716,16777216,423,"void at::native::vectorized_elementwise_kernel<4, at::native::FillFunctor<float>, std::array<char*, 1ul> >(int, at::native::FillFunctor<float>, std::array<char*, 1ul>)",256,0,0,8,0,128,"GRBM_GUI_ACTIVE",533166.000000,30619833816971,30619833847290
136,136,"Agent 2",1,84716,84716,16777216,423,"void at::native::vectorized_elementwise_kernel<4, at::native::FillFunctor<float>, std::array<char*, 1ul> >(int, at::native::FillFunctor<float>, std::array<char*, 1ul>)",256,0,0,8,0,128,"SQ_WAVES",524288.000000,30619833816971,30619833847290
137,137,"Agent 2",1,84716,84716,33554432,423,"void at::native::vectorized_elementwise_kernel<4, at::native::FillFunctor<float>, std::array<char*, 1ul> >(int, at::native::FillFunctor<float>, std::array<char*, 1ul>)",256,0,0,8,0,128,"GRBM_COUNT",905562.000000,30619834007355,30619834067773
137,137,"Agent 2",1,84716,84716,33554432,423,"void at::native::vectorized_elementwise_kernel<4, at::native::FillFunctor<float>, std::array<char*, 1ul> >(int, at::native::FillFunctor<float>, std::array<char*, 1ul>)",256,0,0,8,0,128,"GRBM_GUI_ACTIVE",905562.000000,30619834007355,30619834067773
137,137,"Agent 2",1,84716,84716,33554432,423,"void at::native::vectorized_elementwise_kernel<4, at::native::FillFunctor<float>, std::array<char*, 1ul> >(int, at::native::FillFunctor<float>, std::array<char*, 1ul>)",256,0,0,8,0,128,"SQ_WAVES",1048576.000000,30619834007355,30619834067773
138,138,"Agent 2",1,84716,84716,1048576,559,"aiter::fmha_bwd_hd128_odo_bf16",128,0,0,24,0,128,"GRBM_COUNT",735408.000000,30619834228900,30619834285106
138,138,"Agent 2",1,84716,84716,1048576,559,"aiter::fmha_bwd_hd128_odo_bf16",128,0,0,24,0,128,"GRBM_GUI_ACTIVE",735408.000000,30619834228900,30619834285106
138,138,"Agent 2",1,84716,84716,1048576,559,"aiter::fmha_bwd_hd128_odo_bf16",128,0,0,24,0,128,"SQ_WAVES",32768.000000,30619834228900,30619834285106
139,139,"Agent 2",1,84716,84716,524288,560,"aiter::fmha_bwd_hd128_bf16_causal_br_a32_pssk",128,327680,0,512,0,128,"GRBM_COUNT",62706073.000000,30619834443368,30619839168006
139,139,"Agent 2",1,84716,84716,524288,560,"aiter::fmha_bwd_hd128_bf16_causal_br_a32_pssk",128,327680,0,512,0,128,"GRBM_GUI_ACTIVE",62706073.000000,30619834443368,30619839168006
139,139,"Agent 2",1,84716,84716,524288,560,"aiter::fmha_bwd_hd128_bf16_causal_br_a32_pssk",128,327680,0,512,0,128,"SQ_WAVES",16384.000000,30619834443368,30619839168006
140,140,"Agent 2",1,84716,84716,2097152,561,"aiter::fmha_bwd_hd128_dq_convert_bf16",128,0,0,16,0,128,"GRBM_COUNT",777328.000000,30619839328220,30619839393480
140,140,"Agent 2",1,84716,84716,2097152,561,"aiter::fmha_bwd_hd128_dq_convert_bf16",128,0,0,16,0,128,"GRBM_GUI_ACTIVE",777328.000000,30619839328220,30619839393480
140,140,"Agent 2",1,84716,84716,2097152,561,"aiter::fmha_bwd_hd128_dq_convert_bf16",128,0,0,16,0,128,"SQ_WAVES",65536.000000,30619839328220,30619839393480
141,141,"Agent 2",1,84716,84716,8388608,636,"void at::native::reduce_kernel<128, 4, at::native::ReduceOp<c10::BFloat16, at::native::func_wrapper_t<c10::BFloat16, at::native::sum_functor<c10::BFloat16, float, c10::BFloat16>::operator()(at::TensorIterator&)::{lambda(float, float)#1}>, unsigned int, c10::BFloat16, 4, 8> >(at::native::ReduceOp<c10::BFloat16, at::native::func_wrapper_t<c10::BFloat16, at::native::sum_functor<c10::BFloat16, float, c10::BFloat16>::operator()(at::TensorIterator&)::{lambda(float, float)#1}>, unsigned int, c10::BFloat16, 4, 8>)",128,512,0,32,0,128,"GRBM_COUNT",1024133.000000,30619839550485,30619839635193
141,141,"Agent 2",1,84716,84716,8388608,636,"void at::native::reduce_kernel<128, 4, at::native::ReduceOp<c10::BFloat16, at::native::func_wrapper_t<c10::BFloat16, at::native::sum_functor<c10::BFloat16, float, c10::BFloat16>::operator()(at::TensorIterator&)::{lambda(float, float)#1}>, unsigned int, c10::BFloat16, 4, 8> >(at::native::ReduceOp<c10::BFloat16, at::native::func_wrapper_t<c10::BFloat16, at::native::sum_functor<c10::BFloat16, float, c10::BFloat16>::operator()(at::TensorIterator&)::{lambda(float, float)#1}>, unsigned int, c10::BFloat16, 4, 8>)",128,512,0,32,0,128,"GRBM_GUI_ACTIVE",1024133.000000,30619839550485,30619839635193
141,141,"Agent 2",1,84716,84716,8388608,636,"void at::native::reduce_kernel<128, 4, at::native::ReduceOp<c10::BFloat16, at::native::func_wrapper_t<c10::BFloat16, at::native::sum_functor<c10::BFloat16, float, c10::BFloat16>::operator()(at::TensorIterator&)::{lambda(float, float)#1}>, unsigned int, c10::BFloat16, 4, 8> >(at::native::ReduceOp<c10::BFloat16, at::native::func_wrapper_t<c10::BFloat16, at::native::sum_functor<c10::BFloat16, float, c10::BFloat16>::operator()(at::TensorIterator&)::{lambda(float, float)#1}>, unsigned int, c10::BFloat16, 4, 8>)",128,512,0,32,0,128,"SQ_WAVES",262144.000000,30619839550485,30619839635193
142,142,"Agent 2",1,84716,84716,8388608,636,"void at::native::reduce_kernel<128, 4, at::native::ReduceOp<c10::BFloat16, at::native::func_wrapper_t<c10::BFloat16, at::native::sum_functor<c10::BFloat16, float, c10::BFloat16>::operator()(at::TensorIterator&)::{lambda(float, float)#1}>, unsigned int, c10::BFloat16, 4, 8> >(at::native::ReduceOp<c10::BFloat16, at::native::func_wrapper_t<c10::BFloat16, at::native::sum_functor<c10::BFloat16, float, c10::BFloat16>::operator()(at::TensorIterator&)::{lambda(float, float)#1}>, unsigned int, c10::BFloat16, 4, 8>)",128,512,0,32,0,128,"GRBM_COUNT",967142.000000,30619839803168,30619839882976
142,142,"Agent 2",1,84716,84716,8388608,636,"void at::native::reduce_kernel<128, 4, at::native::ReduceOp<c10::BFloat16, at::native::func_wrapper_t<c10::BFloat16, at::native::sum_functor<c10::BFloat16, float, c10::BFloat16>::operator()(at::TensorIterator&)::{lambda(float, float)#1}>, unsigned int, c10::BFloat16, 4, 8> >(at::native::ReduceOp<c10::BFloat16, at::native::func_wrapper_t<c10::BFloat16, at::native::sum_functor<c10::BFloat16, float, c10::BFloat16>::operator()(at::TensorIterator&)::{lambda(float, float)#1}>, unsigned int, c10::BFloat16, 4, 8>)",128,512,0,32,0,128,"GRBM_GUI_ACTIVE",967142.000000,30619839803168,30619839882976
142,142,"Agent 2",1,84716,84716,8388608,636,"void at::native::reduce_kernel<128, 4, at::native::ReduceOp<c10::BFloat16, at::native::func_wrapper_t<c10::BFloat16, at::native::sum_functor<c10::BFloat16, float, c10::BFloat16>::operator()(at::TensorIterator&)::{lambda(float, float)#1}>, unsigned int, c10::BFloat16, 4, 8> >(at::native::ReduceOp<c10::BFloat16, at::native::func_wrapper_t<c10::BFloat16, at::native::sum_functor<c10::BFloat16, float, c10::BFloat16>::operator()(at::TensorIterator&)::{lambda(float, float)#1}>, unsigned int, c10::BFloat16, 4, 8>)",128,512,0,32,0,128,"SQ_WAVES",262144.000000,30619839803168,30619839882976
143,143,"Agent 2",1,84716,84716,16777216,423,"void at::native::vectorized_elementwise_kernel<4, at::native::FillFunctor<float>, std::array<char*, 1ul> >(int, at::native::FillFunctor<float>, std::array<char*, 1ul>)",256,0,0,8,0,128,"GRBM_COUNT",537032.000000,30619840096555,30619840128440
143,143,"Agent 2",1,84716,84716,16777216,423,"void at::native::vectorized_elementwise_kernel<4, at::native::FillFunctor<float>, std::array<char*, 1ul> >(int, at::native::FillFunctor<float>, std::array<char*, 1ul>)",256,0,0,8,0,128,"GRBM_GUI_ACTIVE",537032.000000,30619840096555,30619840128440
143,143,"Agent 2",1,84716,84716,16777216,423,"void at::native::vectorized_elementwise_kernel<4, at::native::FillFunctor<float>, std::array<char*, 1ul> >(int, at::native::FillFunctor<float>, std::array<char*, 1ul>)",256,0,0,8,0,128,"SQ_WAVES",524288.000000,30619840096555,30619840128440
144,144,"Agent 2",1,84716,84716,33554432,423,"void at::native::vectorized_elementwise_kernel<4, at::native::FillFunctor<float>, std::array<char*, 1ul> >(int, at::native::FillFunctor<float>, std::array<char*, 1ul>)",256,0,0,8,0,128,"GRBM_COUNT",913362.000000,30619840303429,30619840367923
144,144,"Agent 2",1,84716,84716,33554432,423,"void at::native::vectorized_elementwise_kernel<4, at::native::FillFunctor<float>, std::array<char*, 1ul> >(int, at::native::FillFunctor<float>, std::array<char*, 1ul>)",256,0,0,8,0,128,"GRBM_GUI_ACTIVE",913362.000000,30619840303429,30619840367923
144,144,"Agent 2",1,84716,84716,33554432,423,"void at::native::vectorized_elementwise_kernel<4, at::native::FillFunctor<float>, std::array<char*, 1ul> >(int, at::native::FillFunctor<float>, std::array<char*, 1ul>)",256,0,0,8,0,128,"SQ_WAVES",1048576.000000,30619840303429,30619840367923
145,145,"Agent 2",1,84716,84716,1048576,559,"aiter::fmha_bwd_hd128_odo_bf16",128,0,0,24,0,128,"GRBM_COUNT",796800.000000,30619840516953,30619840567996
145,145,"Agent 2",1,84716,84716,1048576,559,"aiter::fmha_bwd_hd128_odo_bf16",128,0,0,24,0,128,"GRBM_GUI_ACTIVE",796800.000000,30619840516953,30619840567996
145,145,"Agent 2",1,84716,84716,1048576,559,"aiter::fmha_bwd_hd128_odo_bf16",128,0,0,24,0,128,"SQ_WAVES",32768.000000,30619840516953,30619840567996
146,146,"Agent 2",1,84716,84716,524288,560,"aiter::fmha_bwd_hd128_bf16_causal_br_a32_pssk",128,327680,0,512,0,128,"GRBM_COUNT",61080809.000000,30619840725014,30619845464256
146,146,"Agent 2",1,84716,84716,524288,560,"aiter::fmha_bwd_hd128_bf16_causal_br_a32_pssk",128,327680,0,512,0,128,"GRBM_GUI_ACTIVE",61080809.000000,30619840725014,30619845464256
146,146,"Agent 2",1,84716,84716,524288,560,"aiter::fmha_bwd_hd128_bf16_causal_br_a32_pssk",128,327680,0,512,0,128,"SQ_WAVES",16384.000000,30619840725014,30619845464256
147,147,"Agent 2",1,84716,84716,2097152,561,"aiter::fmha_bwd_hd128_dq_convert_bf16",128,0,0,16,0,128,"GRBM_COUNT",802598.000000,30619845629113,30619845695700
147,147,"Agent 2",1,84716,84716,2097152,561,"aiter::fmha_bwd_hd128_dq_convert_bf16",128,0,0,16,0,128,"GRBM_GUI_ACTIVE",802598.000000,30619845629113,30619845695700
147,147,"Agent 2",1,84716,84716,2097152,561,"aiter::fmha_bwd_hd128_dq_convert_bf16",128,0,0,16,0,128,"SQ_WAVES",65536.000000,30619845629113,30619845695700
148,148,"Agent 2",1,84716,84716,8388608,636,"void at::native::reduce_kernel<128, 4, at::native::ReduceOp<c10::BFloat16, at::native::func_wrapper_t<c10::BFloat16, at::native::sum_functor<c10::BFloat16, float, c10::BFloat16>::operator()(at::TensorIterator&)::{lambda(float, float)#1}>, unsigned int, c10::BFloat16, 4, 8> >(at::native::ReduceOp<c10::BFloat16, at::native::func_wrapper_t<c10::BFloat16, at::native::sum_functor<c10::BFloat16, float, c10::BFloat16>::operator()(at::TensorIterator&)::{lambda(float, float)#1}>, unsigned int, c10::BFloat16, 4, 8>)",128,512,0,32,0,128,"GRBM_COUNT",1048191.000000,30619845849808,30619845935653
148,148,"Agent 2",1,84716,84716,8388608,636,"void at::native::reduce_kernel<128, 4, at::native::ReduceOp<c10::BFloat16, at::native::func_wrapper_t<c10::BFloat16, at::native::sum_functor<c10::BFloat16, float, c10::BFloat16>::operator()(at::TensorIterator&)::{lambda(float, float)#1}>, unsigned int, c10::BFloat16, 4, 8> >(at::native::ReduceOp<c10::BFloat16, at::native::func_wrapper_t<c10::BFloat16, at::native::sum_functor<c10::BFloat16, float, c10::BFloat16>::operator()(at::TensorIterator&)::{lambda(float, float)#1}>, unsigned int, c10::BFloat16, 4, 8>)",128,512,0,32,0,128,"GRBM_GUI_ACTIVE",1048191.000000,30619845849808,30619845935653
148,148,"Agent 2",1,84716,84716,8388608,636,"void at::native::reduce_kernel<128, 4, at::native::ReduceOp<c10::BFloat16, at::native::func_wrapper_t<c10::BFloat16, at::native::sum_functor<c10::BFloat16, float, c10::BFloat16>::operator()(at::TensorIterator&)::{lambda(float, float)#1}>, unsigned int, c10::BFloat16, 4, 8> >(at::native::ReduceOp<c10::BFloat16, at::native::func_wrapper_t<c10::BFloat16, at::native::sum_functor<c10::BFloat16, float, c10::BFloat16>::operator()(at::TensorIterator&)::{lambda(float, float)#1}>, unsigned int, c10::BFloat16, 4, 8>)",128,512,0,32,0,128,"SQ_WAVES",262144.000000,30619845849808,30619845935653
149,149,"Agent 2",1,84716,84716,8388608,636,"void at::native::reduce_kernel<128, 4, at::native::ReduceOp<c10::BFloat16, at::native::func_wrapper_t<c10::BFloat16, at::native::sum_functor<c10::BFloat16, float, c10::BFloat16>::operator()(at::TensorIterator&)::{lambda(float, float)#1}>, unsigned int, c10::BFloat16, 4, 8> >(at::native::ReduceOp<c10::BFloat16, at::native::func_wrapper_t<c10::BFloat16, at::native::sum_functor<c10::BFloat16, float, c10::BFloat16>::operator()(at::TensorIterator&)::{lambda(float, float)#1}>, unsigned int, c10::BFloat16, 4, 8>)",128,512,0,32,0,128,"GRBM_COUNT",969534.000000,30619846093449,30619846173817
149,149,"Agent 2",1,84716,84716,8388608,636,"void at::native::reduce_kernel<128, 4, at::native::ReduceOp<c10::BFloat16, at::native::func_wrapper_t<c10::BFloat16, at::native::sum_functor<c10::BFloat16, float, c10::BFloat16>::operator()(at::TensorIterator&)::{lambda(float, float)#1}>, unsigned int, c10::BFloat16, 4, 8> >(at::native::ReduceOp<c10::BFloat16, at::native::func_wrapper_t<c10::BFloat16, at::native::sum_functor<c10::BFloat16, float, c10::BFloat16>::operator()(at::TensorIterator&)::{lambda(float, float)#1}>, unsigned int, c10::BFloat16, 4, 8>)",128,512,0,32,0,128,"GRBM_GUI_ACTIVE",969534.000000,30619846093449,30619846173817
149,149,"Agent 2",1,84716,84716,8388608,636,"void at::native::reduce_kernel<128, 4, at::native::ReduceOp<c10::BFloat16, at::native::func_wrapper_t<c10::BFloat16, at::native::sum_functor<c10::BFloat16, float, c10::BFloat16>::operator()(at::TensorIterator&)::{lambda(float, float)#1}>, unsigned int, c10::BFloat16, 4, 8> >(at::native::ReduceOp<c10::BFloat16, at::native::func_wrapper_t<c10::BFloat16, at::native::sum_functor<c10::BFloat16, float, c10::BFloat16>::operator()(at::TensorIterator&)::{lambda(float, float)#1}>, unsigned int, c10::BFloat16, 4, 8>)",128,512,0,32,0,128,"SQ_WAVES",262144.000000,30619846093449,30619846173817
150,150,"Agent 2",1,84716,84716,16777216,423,"void at::native::vectorized_elementwise_kernel<4, at::native::FillFunctor<float>, std::array<char*, 1ul> >(int, at::native::FillFunctor<float>, std::array<char*, 1ul>)",256,0,0,8,0,128,"GRBM_COUNT",540587.000000,30619846383910,30619846415800
150,150,"Agent 2",1,84716,84716,16777216,423,"void at::native::vectorized_elementwise_kernel<4, at::native::FillFunctor<float>, std::array<char*, 1ul> >(int, at::native::FillFunctor<float>, std::array<char*, 1ul>)",256,0,0,8,0,128,"GRBM_GUI_ACTIVE",540587.000000,30619846383910,30619846415800
150,150,"Agent 2",1,84716,84716,16777216,423,"void at::native::vectorized_elementwise_kernel<4, at::native::FillFunctor<float>, std::array<char*, 1ul> >(int, at::native::FillFunctor<float>, std::array<char*, 1ul>)",256,0,0,8,0,128,"SQ_WAVES",524288.000000,30619846383910,30619846415800
151,151,"Agent 2",1,84716,84716,33554432,423,"void at::native::vectorized_elementwise_kernel<4, at::native::FillFunctor<float>, std::array<char*, 1ul> >(int, at::native::FillFunctor<float>, std::array<char*, 1ul>)",256,0,0,8,0,128,"GRBM_COUNT",942774.000000,30619846570285,30619846624763
151,151,"Agent 2",1,84716,84716,33554432,423,"void at::native::vectorized_elementwise_kernel<4, at::native::FillFunctor<float>, std::array<char*, 1ul> >(int, at::native::FillFunctor<float>, std::array<char*, 1ul>)",256,0,0,8,0,128,"GRBM_GUI_ACTIVE",942774.000000,30619846570285,30619846624763
151,151,"Agent 2",1,84716,84716,33554432,423,"void at::native::vectorized_elementwise_kernel<4, at::native::FillFunctor<float>, std::array<char*, 1ul> >(int, at::native::FillFunctor<float>, std::array<char*, 1ul>)",256,0,0,8,0,128,"SQ_WAVES",1048576.000000,30619846570285,30619846624763
152,152,"Agent 2",1,84716,84716,1048576,559,"aiter::fmha_bwd_hd128_odo_bf16",128,0,0,24,0,128,"GRBM_COUNT",784929.000000,30619846776249,30619846829776
152,152,"Agent 2",1,84716,84716,1048576,559,"aiter::fmha_bwd_hd128_odo_bf16",128,0,0,24,0,128,"GRBM_GUI_ACTIVE",784929.000000,30619846776249,30619846829776
152,152,"Agent 2",1,84716,84716,1048576,559,"aiter::fmha_bwd_hd128_odo_bf16",128,0,0,24,0,128,"SQ_WAVES",32768.000000,30619846776249,30619846829776
153,153,"Agent 2",1,84716,84716,524288,560,"aiter::fmha_bwd_hd128_bf16_causal_br_a32_pssk",128,327680,0,512,0,128,"GRBM_COUNT",60708988.000000,30619846988631,30619851701796
153,153,"Agent 2",1,84716,84716,524288,560,"aiter::fmha_bwd_hd128_bf16_causal_br_a32_pssk",128,327680,0,512,0,128,"GRBM_GUI_ACTIVE",60708988.000000,30619846988631,30619851701796
153,153,"Agent 2",1,84716,84716,524288,560,"aiter::fmha_bwd_hd128_bf16_causal_br_a32_pssk",128,327680,0,512,0,128,"SQ_WAVES",16384.000000,30619846988631,30619851701796
154,154,"Agent 2",1,84716,84716,2097152,561,"aiter::fmha_bwd_hd128_dq_convert_bf16",128,0,0,16,0,128,"GRBM_COUNT",866233.000000,30619851863206,30619851934869
154,154,"Agent 2",1,84716,84716,2097152,561,"aiter::fmha_bwd_hd128_dq_convert_bf16",128,0,0,16,0,128,"GRBM_GUI_ACTIVE",866233.000000,30619851863206,30619851934869
154,154,"Agent 2",1,84716,84716,2097152,561,"aiter::fmha_bwd_hd128_dq_convert_bf16",128,0,0,16,0,128,"SQ_WAVES",65536.000000,30619851863206,30619851934869
155,155,"Agent 2",1,84716,84716,8388608,636,"void at::native::reduce_kernel<128, 4, at::native::ReduceOp<c10::BFloat16, at::native::func_wrapper_t<c10::BFloat16, at::native::sum_functor<c10::BFloat16, float, c10::BFloat16>::operator()(at::TensorIterator&)::{lambda(float, float)#1}>, unsigned int, c10::BFloat16, 4, 8> >(at::native::ReduceOp<c10::BFloat16, at::native::func_wrapper_t<c10::BFloat16, at::native::sum_functor<c10::BFloat16, float, c10::BFloat16>::operator()(at::TensorIterator&)::{lambda(float, float)#1}>, unsigned int, c10::BFloat16, 4, 8>)",128,512,0,32,0,128,"GRBM_COUNT",1021187.000000,30619852106850,30619852187843
155,155,"Agent 2",1,84716,84716,8388608,636,"void at::native::reduce_kernel<128, 4, at::native::ReduceOp<c10::BFloat16, at::native::func_wrapper_t<c10::BFloat16, at::native::sum_functor<c10::BFloat16, float, c10::BFloat16>::operator()(at::TensorIterator&)::{lambda(float, float)#1}>, unsigned int, c10::BFloat16, 4, 8> >(at::native::ReduceOp<c10::BFloat16, at::native::func_wrapper_t<c10::BFloat16, at::native::sum_functor<c10::BFloat16, float, c10::BFloat16>::operator()(at::TensorIterator&)::{lambda(float, float)#1}>, unsigned int, c10::BFloat16, 4, 8>)",128,512,0,32,0,128,"GRBM_GUI_ACTIVE",1021187.000000,30619852106850,30619852187843
155,155,"Agent 2",1,84716,84716,8388608,636,"void at::native::reduce_kernel<128, 4, at::native::ReduceOp<c10::BFloat16, at::native::func_wrapper_t<c10::BFloat16, at::native::sum_functor<c10::BFloat16, float, c10::BFloat16>::operator()(at::TensorIterator&)::{lambda(float, float)#1}>, unsigned int, c10::BFloat16, 4, 8> >(at::native::ReduceOp<c10::BFloat16, at::native::func_wrapper_t<c10::BFloat16, at::native::sum_functor<c10::BFloat16, float, c10::BFloat16>::operator()(at::TensorIterator&)::{lambda(float, float)#1}>, unsigned int, c10::BFloat16, 4, 8>)",128,512,0,32,0,128,"SQ_WAVES",262144.000000,30619852106850,30619852187843
156,156,"Agent 2",1,84716,84716,8388608,636,"void at::native::reduce_kernel<128, 4, at::native::ReduceOp<c10::BFloat16, at::native::func_wrapper_t<c10::BFloat16, at::native::sum_functor<c10::BFloat16, float, c10::BFloat16>::operator()(at::TensorIterator&)::{lambda(float, float)#1}>, unsigned int, c10::BFloat16, 4, 8> >(at::native::ReduceOp<c10::BFloat16, at::native::func_wrapper_t<c10::BFloat16, at::native::sum_functor<c10::BFloat16, float, c10::BFloat16>::operator()(at::TensorIterator&)::{lambda(float, float)#1}>, unsigned int, c10::BFloat16, 4, 8>)",128,512,0,32,0,128,"GRBM_COUNT",964169.000000,30619852342807,30619852421176
156,156,"Agent 2",1,84716,84716,8388608,636,"void at::native::reduce_kernel<128, 4, at::native::ReduceOp<c10::BFloat16, at::native::func_wrapper_t<c10::BFloat16, at::native::sum_functor<c10::BFloat16, float, c10::BFloat16>::operator()(at::TensorIterator&)::{lambda(float, float)#1}>, unsigned int, c10::BFloat16, 4, 8> >(at::native::ReduceOp<c10::BFloat16, at::native::func_wrapper_t<c10::BFloat16, at::native::sum_functor<c10::BFloat16, float, c10::BFloat16>::operator()(at::TensorIterator&)::{lambda(float, float)#1}>, unsigned int, c10::BFloat16, 4, 8>)",128,512,0,32,0,128,"GRBM_GUI_ACTIVE",964169.000000,30619852342807,30619852421176
156,156,"Agent 2",1,84716,84716,8388608,636,"void at::native::reduce_kernel<128, 4, at::native::ReduceOp<c10::BFloat16, at::native::func_wrapper_t<c10::BFloat16, at::native::sum_functor<c10::BFloat16, float, c10::BFloat16>::operator()(at::TensorIterator&)::{lambda(float, float)#1}>, unsigned int, c10::BFloat16, 4, 8> >(at::native::ReduceOp<c10::BFloat16, at::native::func_wrapper_t<c10::BFloat16, at::native::sum_functor<c10::BFloat16, float, c10::BFloat16>::operator()(at::TensorIterator&)::{lambda(float, float)#1}>, unsigned int, c10::BFloat16, 4, 8>)",128,512,0,32,0,128,"SQ_WAVES",262144.000000,30619852342807,30619852421176
157,157,"Agent 2",1,84716,84716,16777216,423,"void at::native::vectorized_elementwise_kernel<4, at::native::FillFunctor<float>, std::array<char*, 1ul> >(int, at::native::FillFunctor<float>, std::array<char*, 1ul>)",256,0,0,8,0,128,"GRBM_COUNT",541821.000000,30619852638335,30619852667600
157,157,"Agent 2",1,84716,84716,16777216,423,"void at::native::vectorized_elementwise_kernel<4, at::native::FillFunctor<float>, std::array<char*, 1ul> >(int, at::native::FillFunctor<float>, std::array<char*, 1ul>)",256,0,0,8,0,128,"GRBM_GUI_ACTIVE",541821.000000,30619852638335,30619852667600
157,157,"Agent 2",1,84716,84716,16777216,423,"void at::native::vectorized_elementwise_kernel<4, at::native::FillFunctor<float>, std::array<char*, 1ul> >(int, at::native::FillFunctor<float>, std::array<char*, 1ul>)",256,0,0,8,0,128,"SQ_WAVES",524288.000000,30619852638335,30619852667600
158,158,"Agent 2",1,84716,84716,33554432,423,"void at::native::vectorized_elementwise_kernel<4, at::native::FillFunctor<float>, std::array<char*, 1ul> >(int, at::native::FillFunctor<float>, std::array<char*, 1ul>)",256,0,0,8,0,128,"GRBM_COUNT",933375.000000,30619852824724,30619852885523
158,158,"Agent 2",1,84716,84716,33554432,423,"void at::native::vectorized_elementwise_kernel<4, at::native::FillFunctor<float>, std::array<char*, 1ul> >(int, at::native::FillFunctor<float>, std::array<char*, 1ul>)",256,0,0,8,0,128,"GRBM_GUI_ACTIVE",933375.000000,30619852824724,30619852885523
158,158,"Agent 2",1,84716,84716,33554432,423,"void at::native::vectorized_elementwise_kernel<4, at::native::FillFunctor<float>, std::array<char*, 1ul> >(int, at::native::FillFunctor<float>, std::array<char*, 1ul>)",256,0,0,8,0,128,"SQ_WAVES",1048576.000000,30619852824724,30619852885523
159,159,"Agent 2",1,84716,84716,1048576,559,"aiter::fmha_bwd_hd128_odo_bf16",128,0,0,24,0,128,"GRBM_COUNT",741110.000000,30619853039288,30619853093406
159,159,"Agent 2",1,84716,84716,1048576,559,"aiter::fmha_bwd_hd128_odo_bf16",128,0,0,24,0,128,"GRBM_GUI_ACTIVE",741110.000000,30619853039288,30619853093406
159,159,"Agent 2",1,84716,84716,1048576,559,"aiter::fmha_bwd_hd128_odo_bf16",128,0,0,24,0,128,"SQ_WAVES",32768.000000,30619853039288,30619853093406
160,160,"Agent 2",1,84716,84716,524288,560,"aiter::fmha_bwd_hd128_bf16_causal_br_a32_pssk",128,327680,0,512,0,128,"GRBM_COUNT",62466208.000000,30619853252275,30619857971816
160,160,"Agent 2",1,84716,84716,524288,560,"aiter::fmha_bwd_hd128_bf16_causal_br_a32_pssk",128,327680,0,512,0,128,"GRBM_GUI_ACTIVE",62466208.000000,30619853252275,30619857971816
160,160,"Agent 2",1,84716,84716,524288,560,"aiter::fmha_bwd_hd128_bf16_causal_br_a32_pssk",128,327680,0,512,0,128,"SQ_WAVES",16384.000000,30619853252275,30619857971816
161,161,"Agent 2",1,84716,84716,2097152,561,"aiter::fmha_bwd_hd128_dq_convert_bf16",128,0,0,16,0,128,"GRBM_COUNT",780172.000000,30619858137099,30619858202789
161,161,"Agent 2",1,84716,84716,2097152,561,"aiter::fmha_bwd_hd128_dq_convert_bf16",128,0,0,16,0,128,"GRBM_GUI_ACTIVE",780172.000000,30619858137099,30619858202789
161,161,"Agent 2",1,84716,84716,2097152,561,"aiter::fmha_bwd_hd128_dq_convert_bf16",128,0,0,16,0,128,"SQ_WAVES",65536.000000,30619858137099,30619858202789
162,162,"Agent 2",1,84716,84716,8388608,636,"void at::native::reduce_kernel<128, 4, at::native::ReduceOp<c10::BFloat16, at::native::func_wrapper_t<c10::BFloat16, at::native::sum_functor<c10::BFloat16, float, c10::BFloat16>::operator()(at::TensorIterator&)::{lambda(float, float)#1}>, unsigned int, c10::BFloat16, 4, 8> >(at::native::ReduceOp<c10::BFloat16, at::native::func_wrapper_t<c10::BFloat16, at::native::sum_functor<c10::BFloat16, float, c10::BFloat16>::operator()(at::TensorIterator&)::{lambda(float, float)#1}>, unsigned int, c10::BFloat16, 4, 8>)",128,512,0,32,0,128,"GRBM_COUNT",1009240.000000,30619858359193,30619858442162
162,162,"Agent 2",1,84716,84716,8388608,636,"void at::native::reduce_kernel<128, 4, at::native::ReduceOp<c10::BFloat16, at::native::func_wrapper_t<c10::BFloat16, at::native::sum_functor<c10::BFloat16, float, c10::BFloat16>::operator()(at::TensorIterator&)::{lambda(float, float)#1}>, unsigned int, c10::BFloat16, 4, 8> >(at::native::ReduceOp<c10::BFloat16, at::native::func_wrapper_t<c10::BFloat16, at::native::sum_functor<c10::BFloat16, float, c10::BFloat16>::operator()(at::TensorIterator&)::{lambda(float, float)#1}>, unsigned int, c10::BFloat16, 4, 8>)",128,512,0,32,0,128,"GRBM_GUI_ACTIVE",1009240.000000,30619858359193,30619858442162
162,162,"Agent 2",1,84716,84716,8388608,636,"void at::native::reduce_kernel<128, 4, at::native::ReduceOp<c10::BFloat16, at::native::func_wrapper_t<c10::BFloat16, at::native::sum_functor<c10::BFloat16, float, c10::BFloat16>::operator()(at::TensorIterator&)::{lambda(float, float)#1}>, unsigned int, c10::BFloat16, 4, 8> >(at::native::ReduceOp<c10::BFloat16, at::native::func_wrapper_t<c10::BFloat16, at::native::sum_functor<c10::BFloat16, float, c10::BFloat16>::operator()(at::TensorIterator&)::{lambda(float, float)#1}>, unsigned int, c10::BFloat16, 4, 8>)",128,512,0,32,0,128,"SQ_WAVES",262144.000000,30619858359193,30619858442162
163,163,"Agent 2",1,84716,84716,8388608,636,"void at::native::reduce_kernel<128, 4, at::native::ReduceOp<c10::BFloat16, at::native::func_wrapper_t<c10::BFloat16, at::native::sum_functor<c10::BFloat16, float, c10::BFloat16>::operator()(at::TensorIterator&)::{lambda(float, float)#1}>, unsigned int, c10::BFloat16, 4, 8> >(at::native::ReduceOp<c10::BFloat16, at::native::func_wrapper_t<c10::BFloat16, at::native::sum_functor<c10::BFloat16, float, c10::BFloat16>::operator()(at::TensorIterator&)::{lambda(float, float)#1}>, unsigned int, c10::BFloat16, 4, 8>)",128,512,0,32,0,128,"GRBM_COUNT",962151.000000,30619858597866,30619858678206
163,163,"Agent 2",1,84716,84716,8388608,636,"void at::native::reduce_kernel<128, 4, at::native::ReduceOp<c10::BFloat16, at::native::func_wrapper_t<c10::BFloat16, at::native::sum_functor<c10::BFloat16, float, c10::BFloat16>::operator()(at::TensorIterator&)::{lambda(float, float)#1}>, unsigned int, c10::BFloat16, 4, 8> >(at::native::ReduceOp<c10::BFloat16, at::native::func_wrapper_t<c10::BFloat16, at::native::sum_functor<c10::BFloat16, float, c10::BFloat16>::operator()(at::TensorIterator&)::{lambda(float, float)#1}>, unsigned int, c10::BFloat16, 4, 8>)",128,512,0,32,0,128,"GRBM_GUI_ACTIVE",962151.000000,30619858597866,30619858678206
163,163,"Agent 2",1,84716,84716,8388608,636,"void at::native::reduce_kernel<128, 4, at::native::ReduceOp<c10::BFloat16, at::native::func_wrapper_t<c10::BFloat16, at::native::sum_functor<c10::BFloat16, float, c10::BFloat16>::operator()(at::TensorIterator&)::{lambda(float, float)#1}>, unsigned int, c10::BFloat16, 4, 8> >(at::native::ReduceOp<c10::BFloat16, at::native::func_wrapper_t<c10::BFloat16, at::native::sum_functor<c10::BFloat16, float, c10::BFloat16>::operator()(at::TensorIterator&)::{lambda(float, float)#1}>, unsigned int, c10::BFloat16, 4, 8>)",128,512,0,32,0,128,"SQ_WAVES",262144.000000,30619858597866,30619858678206
164,164,"Agent 2",1,84716,84716,16777216,423,"void at::native::vectorized_elementwise_kernel<4, at::native::FillFunctor<float>, std::array<char*, 1ul> >(int, at::native::FillFunctor<float>, std::array<char*, 1ul>)",256,0,0,8,0,128,"GRBM_COUNT",522637.000000,30619858888710,30619858920789
164,164,"Agent 2",1,84716,84716,16777216,423,"void at::native::vectorized_elementwise_kernel<4, at::native::FillFunctor<float>, std::array<char*, 1ul> >(int, at::native::FillFunctor<float>, std::array<char*, 1ul>)",256,0,0,8,0,128,"GRBM_GUI_ACTIVE",522637.000000,30619858888710,30619858920789
164,164,"Agent 2",1,84716,84716,16777216,423,"void at::native::vectorized_elementwise_kernel<4, at::native::FillFunctor<float>, std::array<char*, 1ul> >(int, at::native::FillFunctor<float>, std::array<char*, 1ul>)",256,0,0,8,0,128,"SQ_WAVES",524288.000000,30619858888710,30619858920789
165,165,"Agent 2",1,84716,84716,33554432,423,"void at::native::vectorized_elementwise_kernel<4, at::native::FillFunctor<float>, std::array<char*, 1ul> >(int, at::native::FillFunctor<float>, std::array<char*, 1ul>)",256,0,0,8,0,128,"GRBM_COUNT",893613.000000,30619859082109,30619859145932
165,165,"Agent 2",1,84716,84716,33554432,423,"void at::native::vectorized_elementwise_kernel<4, at::native::FillFunctor<float>, std::array<char*, 1ul> >(int, at::native::FillFunctor<float>, std::array<char*, 1ul>)",256,0,0,8,0,128,"GRBM_GUI_ACTIVE",893613.000000,30619859082109,30619859145932
165,165,"Agent 2",1,84716,84716,33554432,423,"void at::native::vectorized_elementwise_kernel<4, at::native::FillFunctor<float>, std::array<char*, 1ul> >(int, at::native::FillFunctor<float>, std::array<char*, 1ul>)",256,0,0,8,0,128,"SQ_WAVES",1048576.000000,30619859082109,30619859145932
166,166,"Agent 2",1,84716,84716,1048576,559,"aiter::fmha_bwd_hd128_odo_bf16",128,0,0,24,0,128,"GRBM_COUNT",754278.000000,30619859311351,30619859370636
166,166,"Agent 2",1,84716,84716,1048576,559,"aiter::fmha_bwd_hd128_odo_bf16",128,0,0,24,0,128,"GRBM_GUI_ACTIVE",754278.000000,30619859311351,30619859370636
166,166,"Agent 2",1,84716,84716,1048576,559,"aiter::fmha_bwd_hd128_odo_bf16",128,0,0,24,0,128,"SQ_WAVES",32768.000000,30619859311351,30619859370636
167,167,"Agent 2",1,84716,84716,524288,560,"aiter::fmha_bwd_hd128_bf16_causal_br_a32_pssk",128,327680,0,512,0,128,"GRBM_COUNT",62071871.000000,30619859532164,30619864242085
167,167,"Agent 2",1,84716,84716,524288,560,"aiter::fmha_bwd_hd128_bf16_causal_br_a32_pssk",128,327680,0,512,0,128,"GRBM_GUI_ACTIVE",62071871.000000,30619859532164,30619864242085
167,167,"Agent 2",1,84716,84716,524288,560,"aiter::fmha_bwd_hd128_bf16_causal_br_a32_pssk",128,327680,0,512,0,128,"SQ_WAVES",16384.000000,30619859532164,30619864242085
168,168,"Agent 2",1,84716,84716,2097152,561,"aiter::fmha_bwd_hd128_dq_convert_bf16",128,0,0,16,0,128,"GRBM_COUNT",824289.000000,30619864401365,30619864472469
168,168,"Agent 2",1,84716,84716,2097152,561,"aiter::fmha_bwd_hd128_dq_convert_bf16",128,0,0,16,0,128,"GRBM_GUI_ACTIVE",824289.000000,30619864401365,30619864472469
168,168,"Agent 2",1,84716,84716,2097152,561,"aiter::fmha_bwd_hd128_dq_convert_bf16",128,0,0,16,0,128,"SQ_WAVES",65536.000000,30619864401365,30619864472469
169,169,"Agent 2",1,84716,84716,8388608,636,"void at::native::reduce_kernel<128, 4, at::native::ReduceOp<c10::BFloat16, at::native::func_wrapper_t<c10::BFloat16, at::native::sum_functor<c10::BFloat16, float, c10::BFloat16>::operator()(at::TensorIterator&)::{lambda(float, float)#1}>, unsigned int, c10::BFloat16, 4, 8> >(at::native::ReduceOp<c10::BFloat16, at::native::func_wrapper_t<c10::BFloat16, at::native::sum_functor<c10::BFloat16, float, c10::BFloat16>::operator()(at::TensorIterator&)::{lambda(float, float)#1}>, unsigned int, c10::BFloat16, 4, 8>)",128,512,0,32,0,128,"GRBM_COUNT",1031826.000000,30619864629253,30619864714322
169,169,"Agent 2",1,84716,84716,8388608,636,"void at::native::reduce_kernel<128, 4, at::native::ReduceOp<c10::BFloat16, at::native::func_wrapper_t<c10::BFloat16, at::native::sum_functor<c10::BFloat16, float, c10::BFloat16>::operator()(at::TensorIterator&)::{lambda(float, float)#1}>, unsigned int, c10::BFloat16, 4, 8> >(at::native::ReduceOp<c10::BFloat16, at::native::func_wrapper_t<c10::BFloat16, at::native::sum_functor<c10::BFloat16, float, c10::BFloat16>::operator()(at::TensorIterator&)::{lambda(float, float)#1}>, unsigned int, c10::BFloat16, 4, 8>)",128,512,0,32,0,128,"GRBM_GUI_ACTIVE",1031826.000000,30619864629253,30619864714322
169,169,"Agent 2",1,84716,84716,8388608,636,"void at::native::reduce_kernel<128, 4, at::native::ReduceOp<c10::BFloat16, at::native::func_wrapper_t<c10::BFloat16, at::native::sum_functor<c10::BFloat16, float, c10::BFloat16>::operator()(at::TensorIterator&)::{lambda(float, float)#1}>, unsigned int, c10::BFloat16, 4, 8> >(at::native::ReduceOp<c10::BFloat16, at::native::func_wrapper_t<c10::BFloat16, at::native::sum_functor<c10::BFloat16, float, c10::BFloat16>::operator()(at::TensorIterator&)::{lambda(float, float)#1}>, unsigned int, c10::BFloat16, 4, 8>)",128,512,0,32,0,128,"SQ_WAVES",262144.000000,30619864629253,30619864714322
170,170,"Agent 2",1,84716,84716,8388608,636,"void at::native::reduce_kernel<128, 4, at::native::ReduceOp<c10::BFloat16, at::native::func_wrapper_t<c10::BFloat16, at::native::sum_functor<c10::BFloat16, float, c10::BFloat16>::operator()(at::TensorIterator&)::{lambda(float, float)#1}>, unsigned int, c10::BFloat16, 4, 8> >(at::native::ReduceOp<c10::BFloat16, at::native::func_wrapper_t<c10::BFloat16, at::native::sum_functor<c10::BFloat16, float, c10::BFloat16>::operator()(at::TensorIterator&)::{lambda(float, float)#1}>, unsigned int, c10::BFloat16, 4, 8>)",128,512,0,32,0,128,"GRBM_COUNT",972241.000000,30619864883518,30619864962896
170,170,"Agent 2",1,84716,84716,8388608,636,"void at::native::reduce_kernel<128, 4, at::native::ReduceOp<c10::BFloat16, at::native::func_wrapper_t<c10::BFloat16, at::native::sum_functor<c10::BFloat16, float, c10::BFloat16>::operator()(at::TensorIterator&)::{lambda(float, float)#1}>, unsigned int, c10::BFloat16, 4, 8> >(at::native::ReduceOp<c10::BFloat16, at::native::func_wrapper_t<c10::BFloat16, at::native::sum_functor<c10::BFloat16, float, c10::BFloat16>::operator()(at::TensorIterator&)::{lambda(float, float)#1}>, unsigned int, c10::BFloat16, 4, 8>)",128,512,0,32,0,128,"GRBM_GUI_ACTIVE",972241.000000,30619864883518,30619864962896
170,170,"Agent 2",1,84716,84716,8388608,636,"void at::native::reduce_kernel<128, 4, at::native::ReduceOp<c10::BFloat16, at::native::func_wrapper_t<c10::BFloat16, at::native::sum_functor<c10::BFloat16, float, c10::BFloat16>::operator()(at::TensorIterator&)::{lambda(float, float)#1}>, unsigned int, c10::BFloat16, 4, 8> >(at::native::ReduceOp<c10::BFloat16, at::native::func_wrapper_t<c10::BFloat16, at::native::sum_functor<c10::BFloat16, float, c10::BFloat16>::operator()(at::TensorIterator&)::{lambda(float, float)#1}>, unsigned int, c10::BFloat16, 4, 8>)",128,512,0,32,0,128,"SQ_WAVES",262144.000000,30619864883518,30619864962896
171,171,"Agent 2",1,84716,84716,16777216,423,"void at::native::vectorized_elementwise_kernel<4, at::native::FillFunctor<float>, std::array<char*, 1ul> >(int, at::native::FillFunctor<float>, std::array<char*, 1ul>)",256,0,0,8,0,128,"GRBM_COUNT",567703.000000,30619865178221,30619865212779
171,171,"Agent 2",1,84716,84716,16777216,423,"void at::native::vectorized_elementwise_kernel<4, at::native::FillFunctor<float>, std::array<char*, 1ul> >(int, at::native::FillFunctor<float>, std::array<char*, 1ul>)",256,0,0,8,0,128,"GRBM_GUI_ACTIVE",567703.000000,30619865178221,30619865212779
171,171,"Agent 2",1,84716,84716,16777216,423,"void at::native::vectorized_elementwise_kernel<4, at::native::FillFunctor<float>, std::array<char*, 1ul> >(int, at::native::FillFunctor<float>, std::array<char*, 1ul>)",256,0,0,8,0,128,"SQ_WAVES",524288.000000,30619865178221,30619865212779
172,172,"Agent 2",1,84716,84716,33554432,423,"void at::native::vectorized_elementwise_kernel<4, at::native::FillFunctor<float>, std::array<char*, 1ul> >(int, at::native::FillFunctor<float>, std::array<char*, 1ul>)",256,0,0,8,0,128,"GRBM_COUNT",914613.000000,30619865386915,30619865451563
172,172,"Agent 2",1,84716,84716,33554432,423,"void at::native::vectorized_elementwise_kernel<4, at::native::FillFunctor<float>, std::array<char*, 1ul> >(int, at::native::FillFunctor<float>, std::array<char*, 1ul>)",256,0,0,8,0,128,"GRBM_GUI_ACTIVE",914613.000000,30619865386915,30619865451563
172,172,"Agent 2",1,84716,84716,33554432,423,"void at::native::vectorized_elementwise_kernel<4, at::native::FillFunctor<float>, std::array<char*, 1ul> >(int, at::native::FillFunctor<float>, std::array<char*, 1ul>)",256,0,0,8,0,128,"SQ_WAVES",1048576.000000,30619865386915,30619865451563
173,173,"Agent 2",1,84716,84716,1048576,559,"aiter::fmha_bwd_hd128_odo_bf16",128,0,0,24,0,128,"GRBM_COUNT",885956.000000,30619865598561,30619865650286
173,173,"Agent 2",1,84716,84716,1048576,559,"aiter::fmha_bwd_hd128_odo_bf16",128,0,0,24,0,128,"GRBM_GUI_ACTIVE",885956.000000,30619865598561,30619865650286
173,173,"Agent 2",1,84716,84716,1048576,559,"aiter::fmha_bwd_hd128_odo_bf16",128,0,0,24,0,128,"SQ_WAVES",32768.000000,30619865598561,30619865650286
174,174,"Agent 2",1,84716,84716,524288,560,"aiter::fmha_bwd_hd128_bf16_causal_br_a32_pssk",128,327680,0,512,0,128,"GRBM_COUNT",60989249.000000,30619865805839,30619870555436
174,174,"Agent 2",1,84716,84716,524288,560,"aiter::fmha_bwd_hd128_bf16_causal_br_a32_pssk",128,327680,0,512,0,128,"GRBM_GUI_ACTIVE",60989249.000000,30619865805839,30619870555436
174,174,"Agent 2",1,84716,84716,524288,560,"aiter::fmha_bwd_hd128_bf16_causal_br_a32_pssk",128,327680,0,512,0,128,"SQ_WAVES",16384.000000,30619865805839,30619870555436
175,175,"Agent 2",1,84716,84716,2097152,561,"aiter::fmha_bwd_hd128_dq_convert_bf16",128,0,0,16,0,128,"GRBM_COUNT",774228.000000,30619870721219,30619870786039
175,175,"Agent 2",1,84716,84716,2097152,561,"aiter::fmha_bwd_hd128_dq_convert_bf16",128,0,0,16,0,128,"GRBM_GUI_ACTIVE",774228.000000,30619870721219,30619870786039
175,175,"Agent 2",1,84716,84716,2097152,561,"aiter::fmha_bwd_hd128_dq_convert_bf16",128,0,0,16,0,128,"SQ_WAVES",65536.000000,30619870721219,30619870786039
176,176,"Agent 2",1,84716,84716,8388608,636,"void at::native::reduce_kernel<128, 4, at::native::ReduceOp<c10::BFloat16, at::native::func_wrapper_t<c10::BFloat16, at::native::sum_functor<c10::BFloat16, float, c10::BFloat16>::operator()(at::TensorIterator&)::{lambda(float, float)#1}>, unsigned int, c10::BFloat16, 4, 8> >(at::native::ReduceOp<c10::BFloat16, at::native::func_wrapper_t<c10::BFloat16, at::native::sum_functor<c10::BFloat16, float, c10::BFloat16>::operator()(at::TensorIterator&)::{lambda(float, float)#1}>, unsigned int, c10::BFloat16, 4, 8>)",128,512,0,32,0,128,"GRBM_COUNT",1024301.000000,30619870942159,30619871026523
176,176,"Agent 2",1,84716,84716,8388608,636,"void at::native::reduce_kernel<128, 4, at::native::ReduceOp<c10::BFloat16, at::native::func_wrapper_t<c10::BFloat16, at::native::sum_functor<c10::BFloat16, float, c10::BFloat16>::operator()(at::TensorIterator&)::{lambda(float, float)#1}>, unsigned int, c10::BFloat16, 4, 8> >(at::native::ReduceOp<c10::BFloat16, at::native::func_wrapper_t<c10::BFloat16, at::native::sum_functor<c10::BFloat16, float, c10::BFloat16>::operator()(at::TensorIterator&)::{lambda(float, float)#1}>, unsigned int, c10::BFloat16, 4, 8>)",128,512,0,32,0,128,"GRBM_GUI_ACTIVE",1024301.000000,30619870942159,30619871026523
176,176,"Agent 2",1,84716,84716,8388608,636,"void at::native::reduce_kernel<128, 4, at::native::ReduceOp<c10::BFloat16, at::native::func_wrapper_t<c10::BFloat16, at::native::sum_functor<c10::BFloat16, float, c10::BFloat16>::operator()(at::TensorIterator&)::{lambda(float, float)#1}>, unsigned int, c10::BFloat16, 4, 8> >(at::native::ReduceOp<c10::BFloat16, at::native::func_wrapper_t<c10::BFloat16, at::native::sum_functor<c10::BFloat16, float, c10::BFloat16>::operator()(at::TensorIterator&)::{lambda(float, float)#1}>, unsigned int, c10::BFloat16, 4, 8>)",128,512,0,32,0,128,"SQ_WAVES",262144.000000,30619870942159,30619871026523
177,177,"Agent 2",1,84716,84716,8388608,636,"void at::native::reduce_kernel<128, 4, at::native::ReduceOp<c10::BFloat16, at::native::func_wrapper_t<c10::BFloat16, at::native::sum_functor<c10::BFloat16, float, c10::BFloat16>::operator()(at::TensorIterator&)::{lambda(float, float)#1}>, unsigned int, c10::BFloat16, 4, 8> >(at::native::ReduceOp<c10::BFloat16, at::native::func_wrapper_t<c10::BFloat16, at::native::sum_functor<c10::BFloat16, float, c10::BFloat16>::operator()(at::TensorIterator&)::{lambda(float, float)#1}>, unsigned int, c10::BFloat16, 4, 8>)",128,512,0,32,0,128,"GRBM_COUNT",991420.000000,30619871187428,30619871269116
177,177,"Agent 2",1,84716,84716,8388608,636,"void at::native::reduce_kernel<128, 4, at::native::ReduceOp<c10::BFloat16, at::native::func_wrapper_t<c10::BFloat16, at::native::sum_functor<c10::BFloat16, float, c10::BFloat16>::operator()(at::TensorIterator&)::{lambda(float, float)#1}>, unsigned int, c10::BFloat16, 4, 8> >(at::native::ReduceOp<c10::BFloat16, at::native::func_wrapper_t<c10::BFloat16, at::native::sum_functor<c10::BFloat16, float, c10::BFloat16>::operator()(at::TensorIterator&)::{lambda(float, float)#1}>, unsigned int, c10::BFloat16, 4, 8>)",128,512,0,32,0,128,"GRBM_GUI_ACTIVE",991420.000000,30619871187428,30619871269116
177,177,"Agent 2",1,84716,84716,8388608,636,"void at::native::reduce_kernel<128, 4, at::native::ReduceOp<c10::BFloat16, at::native::func_wrapper_t<c10::BFloat16, at::native::sum_functor<c10::BFloat16, float, c10::BFloat16>::operator()(at::TensorIterator&)::{lambda(float, float)#1}>, unsigned int, c10::BFloat16, 4, 8> >(at::native::ReduceOp<c10::BFloat16, at::native::func_wrapper_t<c10::BFloat16, at::native::sum_functor<c10::BFloat16, float, c10::BFloat16>::operator()(at::TensorIterator&)::{lambda(float, float)#1}>, unsigned int, c10::BFloat16, 4, 8>)",128,512,0,32,0,128,"SQ_WAVES",262144.000000,30619871187428,30619871269116
178,178,"Agent 2",1,84716,84716,16777216,423,"void at::native::vectorized_elementwise_kernel<4, at::native::FillFunctor<float>, std::array<char*, 1ul> >(int, at::native::FillFunctor<float>, std::array<char*, 1ul>)",256,0,0,8,0,128,"GRBM_COUNT",521606.000000,30619871474770,30619871506649
178,178,"Agent 2",1,84716,84716,16777216,423,"void at::native::vectorized_elementwise_kernel<4, at::native::FillFunctor<float>, std::array<char*, 1ul> >(int, at::native::FillFunctor<float>, std::array<char*, 1ul>)",256,0,0,8,0,128,"GRBM_GUI_ACTIVE",521606.000000,30619871474770,30619871506649
178,178,"Agent 2",1,84716,84716,16777216,423,"void at::native::vectorized_elementwise_kernel<4, at::native::FillFunctor<float>, std::array<char*, 1ul> >(int, at::native::FillFunctor<float>, std::array<char*, 1ul>)",256,0,0,8,0,128,"SQ_WAVES",524288.000000,30619871474770,30619871506649
179,179,"Agent 2",1,84716,84716,8388608,388,"k_delta_bshd_0",256,0,0,24,0,128,"GRBM_COUNT",1470799.000000,30619871654821,30619871759203
179,179,"Agent 2",1,84716,84716,8388608,388,"k_delta_bshd_0",256,0,0,24,0,128,"GRBM_GUI_ACTIVE",1470799.000000,30619871654821,30619871759203
179,179,"Agent 2",1,84716,84716,8388608,388,"k_delta_bshd_0",256,0,0,24,0,128,"SQ_WAVES",262144.000000,30619871654821,30619871759203
180,180,"Agent 2",1,84716,84716,262144,389,"k_dkdv_0",32,70656,0,368,0,128,"GRBM_COUNT",57872286.000000,30619871912186,30619876159876
180,180,"Agent 2",1,84716,84716,262144,389,"k_dkdv_0",32,70656,0,368,0,128,"GRBM_GUI_ACTIVE",57872286.000000,30619871912186,30619876159876
180,180,"Agent 2",1,84716,84716,262144,389,"k_dkdv_0",32,70656,0,368,0,128,"SQ_WAVES",8192.000000,30619871912186,30619876159876
181,181,"Agent 2",1,84716,84716,524288,390,"k_dqg_0",32,8704,0,496,0,128,"GRBM_COUNT",32703924.000000,30619876301862,30619878663822
181,181,"Agent 2",1,84716,84716,524288,390,"k_dqg_0",32,8704,0,496,0,128,"GRBM_GUI_ACTIVE",32703924.000000,30619876301862,30619878663822
181,181,"Agent 2",1,84716,84716,524288,390,"k_dqg_0",32,8704,0,496,0,128,"SQ_WAVES",16384.000000,30619876301862,30619878663822
182,182,"Agent 2",1,84716,84716,16777216,423,"void at::native::vectorized_elementwise_kernel<4, at::native::FillFunctor<float>, std::array<char*, 1ul> >(int, at::native::FillFunctor<float>, std::array<char*, 1ul>)",256,0,0,8,0,128,"GRBM_COUNT",580822.000000,30619878856772,30619878881165
182,182,"Agent 2",1,84716,84716,16777216,423,"void at::native::vectorized_elementwise_kernel<4, at::native::FillFunctor<float>, std::array<char*, 1ul> >(int, at::native::FillFunctor<float>, std::array<char*, 1ul>)",256,0,0,8,0,128,"GRBM_GUI_ACTIVE",580822.000000,30619878856772,30619878881165
182,182,"Agent 2",1,84716,84716,16777216,423,"void at::native::vectorized_elementwise_kernel<4, at::native::FillFunctor<float>, std::array<char*, 1ul> >(int, at::native::FillFunctor<float>, std::array<char*, 1ul>)",256,0,0,8,0,128,"SQ_WAVES",524288.000000,30619878856772,30619878881165
183,183,"Agent 2",1,84716,84716,8388608,388,"k_delta_bshd_0",256,0,0,24,0,128,"GRBM_COUNT",1459301.000000,30619879022528,30619879109968
183,183,"Agent 2",1,84716,84716,8388608,388,"k_delta_bshd_0",256,0,0,24,0,128,"GRBM_GUI_ACTIVE",1459301.000000,30619879022528,30619879109968
183,183,"Agent 2",1,84716,84716,8388608,388,"k_delta_bshd_0",256,0,0,24,0,128,"SQ_WAVES",262144.000000,30619879022528,30619879109968
184,184,"Agent 2",1,84716,84716,262144,389,"k_dkdv_0",32,70656,0,368,0,128,"GRBM_COUNT",57993448.000000,30619879260670,30619883368230
184,184,"Agent 2",1,84716,84716,262144,389,"k_dkdv_0",32,70656,0,368,0,128,"GRBM_GUI_ACTIVE",57993448.000000,30619879260670,30619883368230
184,184,"Agent 2",1,84716,84716,262144,389,"k_dkdv_0",32,70656,0,368,0,128,"SQ_WAVES",8192.000000,30619879260670,30619883368230
185,185,"Agent 2",1,84716,84716,524288,390,"k_dqg_0",32,8704,0,496,0,128,"GRBM_COUNT",32253719.000000,30619883506186,30619885744323
185,185,"Agent 2",1,84716,84716,524288,390,"k_dqg_0",32,8704,0,496,0,128,"GRBM_GUI_ACTIVE",32253719.000000,30619883506186,30619885744323
185,185,"Agent 2",1,84716,84716,524288,390,"k_dqg_0",32,8704,0,496,0,128,"SQ_WAVES",16384.000000,30619883506186,30619885744323
186,186,"Agent 2",1,84716,84716,16777216,423,"void at::native::vectorized_elementwise_kernel<4, at::native::FillFunctor<float>, std::array<char*, 1ul> >(int, at::native::FillFunctor<float>, std::array<char*, 1ul>)",256,0,0,8,0,128,"GRBM_COUNT",599144.000000,30619885933865,30619885957896
186,186,"Agent 2",1,84716,84716,16777216,423,"void at::native::vectorized_elementwise_kernel<4, at::native::FillFunctor<float>, std::array<char*, 1ul> >(int, at::native::FillFunctor<float>, std::array<char*, 1ul>)",256,0,0,8,0,128,"GRBM_GUI_ACTIVE",599144.000000,30619885933865,30619885957896
186,186,"Agent 2",1,84716,84716,16777216,423,"void at::native::vectorized_elementwise_kernel<4, at::native::FillFunctor<float>, std::array<char*, 1ul> >(int, at::native::FillFunctor<float>, std::array<char*, 1ul>)",256,0,0,8,0,128,"SQ_WAVES",524288.000000,30619885933865,30619885957896
187,187,"Agent 2",1,84716,84716,8388608,388,"k_delta_bshd_0",256,0,0,24,0,128,"GRBM_COUNT",1433536.000000,30619886097149,30619886180760
187,187,"Agent 2",1,84716,84716,8388608,388,"k_delta_bshd_0",256,0,0,24,0,128,"GRBM_GUI_ACTIVE",1433536.000000,30619886097149,30619886180760
187,187,"Agent 2",1,84716,84716,8388608,388,"k_delta_bshd_0",256,0,0,24,0,128,"SQ_WAVES",262144.000000,30619886097149,30619886180760
188,188,"Agent 2",1,84716,84716,262144,389,"k_dkdv_0",32,70656,0,368,0,128,"GRBM_COUNT",58303367.000000,30619886325753,30619890411280
188,188,"Agent 2",1,84716,84716,262144,389,"k_dkdv_0",32,70656,0,368,0,128,"GRBM_GUI_ACTIVE",58303367.000000,30619886325753,30619890411280
188,188,"Agent 2",1,84716,84716,262144,389,"k_dkdv_0",32,70656,0,368,0,128,"SQ_WAVES",8192.000000,30619886325753,30619890411280
189,189,"Agent 2",1,84716,84716,524288,390,"k_dqg_0",32,8704,0,496,0,128,"GRBM_COUNT",32224417.000000,30619890557625,30619892794125
189,189,"Agent 2",1,84716,84716,524288,390,"k_dqg_0",32,8704,0,496,0,128,"GRBM_GUI_ACTIVE",32224417.000000,30619890557625,30619892794125
189,189,"Agent 2",1,84716,84716,524288,390,"k_dqg_0",32,8704,0,496,0,128,"SQ_WAVES",16384.000000,30619890557625,30619892794125
190,190,"Agent 2",1,84716,84716,16777216,423,"void at::native::vectorized_elementwise_kernel<4, at::native::FillFunctor<float>, std::array<char*, 1ul> >(int, at::native::FillFunctor<float>, std::array<char*, 1ul>)",256,0,0,8,0,128,"GRBM_COUNT",589711.000000,30619892980719,30619893004548
190,190,"Agent 2",1,84716,84716,16777216,423,"void at::native::vectorized_elementwise_kernel<4, at::native::FillFunctor<float>, std::array<char*, 1ul> >(int, at::native::FillFunctor<float>, std::array<char*, 1ul>)",256,0,0,8,0,128,"GRBM_GUI_ACTIVE",589711.000000,30619892980719,30619893004548
190,190,"Agent 2",1,84716,84716,16777216,423,"void at::native::vectorized_elementwise_kernel<4, at::native::FillFunctor<float>, std::array<char*, 1ul> >(int, at::native::FillFunctor<float>, std::array<char*, 1ul>)",256,0,0,8,0,128,"SQ_WAVES",524288.000000,30619892980719,30619893004548
191,191,"Agent 2",1,84716,84716,8388608,388,"k_delta_bshd_0",256,0,0,24,0,128,"GRBM_COUNT",1450994.000000,30619893143647,30619893227421
191,191,"Agent 2",1,84716,84716,8388608,388,"k_delta_bshd_0",256,0,0,24,0,128,"GRBM_GUI_ACTIVE",1450994.000000,30619893143647,30619893227421
191,191,"Agent 2",1,84716,84716,8388608,388,"k_delta_bshd_0",256,0,0,24,0,128,"SQ_WAVES",262144.000000,30619893143647,30619893227421
192,192,"Agent 2",1,84716,84716,262144,389,"k_dkdv_0",32,70656,0,368,0,128,"GRBM_COUNT",58908873.000000,30619893378158,30619897482692
192,192,"Agent 2",1,84716,84716,262144,389,"k_dkdv_0",32,70656,0,368,0,128,"GRBM_GUI_ACTIVE",58908873.000000,30619893378158,30619897482692
192,192,"Agent 2",1,84716,84716,262144,389,"k_dkdv_0",32,70656,0,368,0,128,"SQ_WAVES",8192.000000,30619893378158,30619897482692
193,193,"Agent 2",1,84716,84716,524288,390,"k_dqg_0",32,8704,0,496,0,128,"GRBM_COUNT",32216151.000000,30619897620430,30619899843105
193,193,"Agent 2",1,84716,84716,524288,390,"k_dqg_0",32,8704,0,496,0,128,"GRBM_GUI_ACTIVE",32216151.000000,30619897620430,30619899843105
193,193,"Agent 2",1,84716,84716,524288,390,"k_dqg_0",32,8704,0,496,0,128,"SQ_WAVES",16384.000000,30619897620430,30619899843105
