"Correlation_Id","Dispatch_Id","Agent_Id","Queue_Id","Process_Id","Thread_Id","Grid_Size","Kernel_Id","Kernel_Name","Workgroup_Size","LDS_Block_Size","Scratch_Size","VGPR_Count","Accum_VGPR_Count","SGPR_Count","Counter_Name","Counter_Value","Start_Timestamp","End_Timestamp"
1,1,"Agent 2",1,82892,82892,1536,30,"__amd_rocclr_fillBufferAligned",256,0,0,8,0,128,"GRBM_COUNT",253193.000000,26878860189613,26878860217568
1,1,"Agent 2",1,82892,82892,1536,30,"__amd_rocclr_fillBufferAligned",256,0,0,8,0,128,"GRBM_GUI_ACTIVE",253193.000000,26878860189613,26878860217568
1,1,"Agent 2",1,82892,82892,1536,30,"__amd_rocclr_fillBufferAligned",256,0,0,8,0,128,"SQ_BUSY_CYCLES",75982.000000,26878860189613,26878860217568
1,1,"Agent 2",1,82892,82892,1536,30,"__amd_rocclr_fillBufferAligned",256,0,0,8,0,128,"SQ_CYCLES",8102688.000000,26878860189613,26878860217568
1,1,"Agent 2",1,82892,82892,1536,30,"__amd_rocclr_fillBufferAligned",256,0,0,8,0,128,"SQ_WAVES",48.000000,26878860189613,26878860217568
2,2,"Agent 2",1,82892,82892,32768,16,"wmma_k1",128,0,0,16,0,128,"GRBM_COUNT",8727138.000000,26878860587622,26878861105721
2,2,"Agent 2",1,82892,82892,32768,16,"wmma_k1",128,0,0,16,0,128,"GRBM_GUI_ACTIVE",8727138.000000,26878860587622,26878861105721
2,2,"Agent 2",1,82892,82892,32768,16,"wmma_k1",128,0,0,16,0,128,"SQ_BUSY_CYCLES",11708896.000000,26878860587622,26878861105721
2,2,"Agent 2",1,82892,82892,32768,16,"wmma_k1",128,0,0,16,0,128,"SQ_CYCLES",279268928.000000,26878860587622,26878861105721
2,2,"Agent 2",1,82892,82892,32768,16,"wmma_k1",128,0,0,16,0,128,"SQ_WAVES",1024.000000,26878860587622,26878861105721
3,3,"Agent 2",1,82892,82892,1536,30,"__amd_rocclr_fillBufferAligned",256,0,0,8,0,128,"GRBM_COUNT",203004.000000,26878861446752,26878861509746
3,3,"Agent 2",1,82892,82892,1536,30,"__amd_rocclr_fillBufferAligned",256,0,0,8,0,128,"GRBM_GUI_ACTIVE",203004.000000,26878861446752,26878861509746
3,3,"Agent 2",1,82892,82892,1536,30,"__amd_rocclr_fillBufferAligned",256,0,0,8,0,128,"SQ_BUSY_CYCLES",6496128.000000,26878861446752,26878861509746
3,3,"Agent 2",1,82892,82892,1536,30,"__amd_rocclr_fillBufferAligned",256,0,0,8,0,128,"SQ_CYCLES",6496640.000000,26878861446752,26878861509746
3,3,"Agent 2",1,82892,82892,1536,30,"__amd_rocclr_fillBufferAligned",256,0,0,8,0,128,"SQ_WAVES",48.000000,26878861446752,26878861509746
4,4,"Agent 2",1,82892,82892,32768,16,"wmma_k1",128,0,0,16,0,128,"GRBM_COUNT",8610598.000000,26878861879783,26878862365549
4,4,"Agent 2",1,82892,82892,32768,16,"wmma_k1",128,0,0,16,0,128,"GRBM_GUI_ACTIVE",8610598.000000,26878861879783,26878862365549
4,4,"Agent 2",1,82892,82892,32768,16,"wmma_k1",128,0,0,16,0,128,"SQ_BUSY_CYCLES",275539136.000000,26878861879783,26878862365549
4,4,"Agent 2",1,82892,82892,32768,16,"wmma_k1",128,0,0,16,0,128,"SQ_CYCLES",275539648.000000,26878861879783,26878862365549
4,4,"Agent 2",1,82892,82892,32768,16,"wmma_k1",128,0,0,16,0,128,"SQ_WAVES",1024.000000,26878861879783,26878862365549
5,5,"Agent 2",1,82892,82892,1536,30,"__amd_rocclr_fillBufferAligned",256,0,0,8,0,128,"GRBM_COUNT",184379.000000,26878862771372,26878862797075
5,5,"Agent 2",1,82892,82892,1536,30,"__amd_rocclr_fillBufferAligned",256,0,0,8,0,128,"GRBM_GUI_ACTIVE",184379.000000,26878862771372,26878862797075
5,5,"Agent 2",1,82892,82892,1536,30,"__amd_rocclr_fillBufferAligned",256,0,0,8,0,128,"SQ_BUSY_CYCLES",5900128.000000,26878862771372,26878862797075
5,5,"Agent 2",1,82892,82892,1536,30,"__amd_rocclr_fillBufferAligned",256,0,0,8,0,128,"SQ_CYCLES",5900640.000000,26878862771372,26878862797075
5,5,"Agent 2",1,82892,82892,1536,30,"__amd_rocclr_fillBufferAligned",256,0,0,8,0,128,"SQ_WAVES",48.000000,26878862771372,26878862797075
6,6,"Agent 2",1,82892,82892,32768,16,"wmma_k1",128,0,0,16,0,128,"GRBM_COUNT",8606689.000000,26878863164957,26878863689697
6,6,"Agent 2",1,82892,82892,32768,16,"wmma_k1",128,0,0,16,0,128,"GRBM_GUI_ACTIVE",8606689.000000,26878863164957,26878863689697
6,6,"Agent 2",1,82892,82892,32768,16,"wmma_k1",128,0,0,16,0,128,"SQ_BUSY_CYCLES",275414048.000000,26878863164957,26878863689697
6,6,"Agent 2",1,82892,82892,32768,16,"wmma_k1",128,0,0,16,0,128,"SQ_CYCLES",275414560.000000,26878863164957,26878863689697
6,6,"Agent 2",1,82892,82892,32768,16,"wmma_k1",128,0,0,16,0,128,"SQ_WAVES",1024.000000,26878863164957,26878863689697
7,7,"Agent 2",1,82892,82892,1536,30,"__amd_rocclr_fillBufferAligned",256,0,0,8,0,128,"GRBM_COUNT",180744.000000,26878864179286,26878864182575
7,7,"Agent 2",1,82892,82892,1536,30,"__amd_rocclr_fillBufferAligned",256,0,0,8,0,128,"GRBM_GUI_ACTIVE",180744.000000,26878864179286,26878864182575
7,7,"Agent 2",1,82892,82892,1536,30,"__amd_rocclr_fillBufferAligned",256,0,0,8,0,128,"SQ_BUSY_CYCLES",5783808.000000,26878864179286,26878864182575
7,7,"Agent 2",1,82892,82892,1536,30,"__amd_rocclr_fillBufferAligned",256,0,0,8,0,128,"SQ_CYCLES",5784320.000000,26878864179286,26878864182575
7,7,"Agent 2",1,82892,82892,1536,30,"__amd_rocclr_fillBufferAligned",256,0,0,8,0,128,"SQ_WAVES",48.000000,26878864179286,26878864182575
8,8,"Agent 2",1,82892,82892,32768,16,"wmma_k1",128,0,0,16,0,128,"GRBM_COUNT",8607572.000000,26878864470090,26878865048047
8,8,"Agent 2",1,82892,82892,32768,16,"wmma_k1",128,0,0,16,0,128,"GRBM_GUI_ACTIVE",8607572.000000,26878864470090,26878865048047
8,8,"Agent 2",1,82892,82892,32768,16,"wmma_k1",128,0,0,16,0,128,"SQ_BUSY_CYCLES",275442304.000000,26878864470090,26878865048047
8,8,"Agent 2",1,82892,82892,32768,16,"wmma_k1",128,0,0,16,0,128,"SQ_CYCLES",275442816.000000,26878864470090,26878865048047
8,8,"Agent 2",1,82892,82892,32768,16,"wmma_k1",128,0,0,16,0,128,"SQ_WAVES",1024.000000,26878864470090,26878865048047
9,9,"Agent 2",1,82892,82892,1536,30,"__amd_rocclr_fillBufferAligned",256,0,0,8,0,128,"GRBM_COUNT",223224.000000,26878865614672,26878865621725
9,9,"Agent 2",1,82892,82892,1536,30,"__amd_rocclr_fillBufferAligned",256,0,0,8,0,128,"GRBM_GUI_ACTIVE",223224.000000,26878865614672,26878865621725
9,9,"Agent 2",1,82892,82892,1536,30,"__amd_rocclr_fillBufferAligned",256,0,0,8,0,128,"SQ_BUSY_CYCLES",7143168.000000,26878865614672,26878865621725
9,9,"Agent 2",1,82892,82892,1536,30,"__amd_rocclr_fillBufferAligned",256,0,0,8,0,128,"SQ_CYCLES",7143680.000000,26878865614672,26878865621725
9,9,"Agent 2",1,82892,82892,1536,30,"__amd_rocclr_fillBufferAligned",256,0,0,8,0,128,"SQ_WAVES",48.000000,26878865614672,26878865621725
10,10,"Agent 2",1,82892,82892,32768,16,"wmma_k1",128,0,0,16,0,128,"GRBM_COUNT",8653136.000000,26878865942849,26878866492737
10,10,"Agent 2",1,82892,82892,32768,16,"wmma_k1",128,0,0,16,0,128,"GRBM_GUI_ACTIVE",8653136.000000,26878865942849,26878866492737
10,10,"Agent 2",1,82892,82892,32768,16,"wmma_k1",128,0,0,16,0,128,"SQ_BUSY_CYCLES",276900352.000000,26878865942849,26878866492737
10,10,"Agent 2",1,82892,82892,32768,16,"wmma_k1",128,0,0,16,0,128,"SQ_CYCLES",276900864.000000,26878865942849,26878866492737
10,10,"Agent 2",1,82892,82892,32768,16,"wmma_k1",128,0,0,16,0,128,"SQ_WAVES",1024.000000,26878865942849,26878866492737
11,11,"Agent 2",1,82892,82892,1536,30,"__amd_rocclr_fillBufferAligned",256,0,0,8,0,128,"GRBM_COUNT",190700.000000,26878866921093,26878866933414
11,11,"Agent 2",1,82892,82892,1536,30,"__amd_rocclr_fillBufferAligned",256,0,0,8,0,128,"GRBM_GUI_ACTIVE",190700.000000,26878866921093,26878866933414
11,11,"Agent 2",1,82892,82892,1536,30,"__amd_rocclr_fillBufferAligned",256,0,0,8,0,128,"SQ_BUSY_CYCLES",6102400.000000,26878866921093,26878866933414
11,11,"Agent 2",1,82892,82892,1536,30,"__amd_rocclr_fillBufferAligned",256,0,0,8,0,128,"SQ_CYCLES",6102912.000000,26878866921093,26878866933414
11,11,"Agent 2",1,82892,82892,1536,30,"__amd_rocclr_fillBufferAligned",256,0,0,8,0,128,"SQ_WAVES",48.000000,26878866921093,26878866933414
12,12,"Agent 2",1,82892,82892,32768,16,"wmma_k1",128,0,0,16,0,128,"GRBM_COUNT",8610631.000000,26878867267211,26878867790316
12,12,"Agent 2",1,82892,82892,32768,16,"wmma_k1",128,0,0,16,0,128,"GRBM_GUI_ACTIVE",8610631.000000,26878867267211,26878867790316
12,12,"Agent 2",1,82892,82892,32768,16,"wmma_k1",128,0,0,16,0,128,"SQ_BUSY_CYCLES",275540192.000000,26878867267211,26878867790316
12,12,"Agent 2",1,82892,82892,32768,16,"wmma_k1",128,0,0,16,0,128,"SQ_CYCLES",275540704.000000,26878867267211,26878867790316
12,12,"Agent 2",1,82892,82892,32768,16,"wmma_k1",128,0,0,16,0,128,"SQ_WAVES",1024.000000,26878867267211,26878867790316
13,13,"Agent 2",1,82892,82892,1536,30,"__amd_rocclr_fillBufferAligned",256,0,0,8,0,128,"GRBM_COUNT",184372.000000,26878868215817,26878868227912
13,13,"Agent 2",1,82892,82892,1536,30,"__amd_rocclr_fillBufferAligned",256,0,0,8,0,128,"GRBM_GUI_ACTIVE",184372.000000,26878868215817,26878868227912
13,13,"Agent 2",1,82892,82892,1536,30,"__amd_rocclr_fillBufferAligned",256,0,0,8,0,128,"SQ_BUSY_CYCLES",5899904.000000,26878868215817,26878868227912
13,13,"Agent 2",1,82892,82892,1536,30,"__amd_rocclr_fillBufferAligned",256,0,0,8,0,128,"SQ_CYCLES",5900416.000000,26878868215817,26878868227912
13,13,"Agent 2",1,82892,82892,1536,30,"__amd_rocclr_fillBufferAligned",256,0,0,8,0,128,"SQ_WAVES",48.000000,26878868215817,26878868227912
14,14,"Agent 2",1,82892,82892,32768,16,"wmma_k1",128,0,0,16,0,128,"GRBM_COUNT",8597420.000000,26878868512649,26878869084264
14,14,"Agent 2",1,82892,82892,32768,16,"wmma_k1",128,0,0,16,0,128,"GRBM_GUI_ACTIVE",8597420.000000,26878868512649,26878869084264
14,14,"Agent 2",1,82892,82892,32768,16,"wmma_k1",128,0,0,16,0,128,"SQ_BUSY_CYCLES",275117440.000000,26878868512649,26878869084264
14,14,"Agent 2",1,82892,82892,32768,16,"wmma_k1",128,0,0,16,0,128,"SQ_CYCLES",275117952.000000,26878868512649,26878869084264
14,14,"Agent 2",1,82892,82892,32768,16,"wmma_k1",128,0,0,16,0,128,"SQ_WAVES",1024.000000,26878868512649,26878869084264
15,15,"Agent 2",1,82892,82892,3072,30,"__amd_rocclr_fillBufferAligned",256,0,0,8,0,128,"GRBM_COUNT",181275.000000,26878869562700,26878869591182
15,15,"Agent 2",1,82892,82892,3072,30,"__amd_rocclr_fillBufferAligned",256,0,0,8,0,128,"GRBM_GUI_ACTIVE",181275.000000,26878869562700,26878869591182
15,15,"Agent 2",1,82892,82892,3072,30,"__amd_rocclr_fillBufferAligned",256,0,0,8,0,128,"SQ_BUSY_CYCLES",5800800.000000,26878869562700,26878869591182
15,15,"Agent 2",1,82892,82892,3072,30,"__amd_rocclr_fillBufferAligned",256,0,0,8,0,128,"SQ_CYCLES",5801312.000000,26878869562700,26878869591182
15,15,"Agent 2",1,82892,82892,3072,30,"__amd_rocclr_fillBufferAligned",256,0,0,8,0,128,"SQ_WAVES",96.000000,26878869562700,26878869591182
16,16,"Agent 2",1,82892,82892,65536,16,"wmma_k1",256,0,0,16,0,128,"GRBM_COUNT",4928389.000000,26878869894795,26878870253291
16,16,"Agent 2",1,82892,82892,65536,16,"wmma_k1",256,0,0,16,0,128,"GRBM_GUI_ACTIVE",4928389.000000,26878869894795,26878870253291
16,16,"Agent 2",1,82892,82892,65536,16,"wmma_k1",256,0,0,16,0,128,"SQ_BUSY_CYCLES",157708448.000000,26878869894795,26878870253291
16,16,"Agent 2",1,82892,82892,65536,16,"wmma_k1",256,0,0,16,0,128,"SQ_CYCLES",157708960.000000,26878869894795,26878870253291
16,16,"Agent 2",1,82892,82892,65536,16,"wmma_k1",256,0,0,16,0,128,"SQ_WAVES",2048.000000,26878869894795,26878870253291
17,17,"Agent 2",1,82892,82892,3072,30,"__amd_rocclr_fillBufferAligned",256,0,0,8,0,128,"GRBM_COUNT",184677.000000,26878870634576,26878870654277
17,17,"Agent 2",1,82892,82892,3072,30,"__amd_rocclr_fillBufferAligned",256,0,0,8,0,128,"GRBM_GUI_ACTIVE",184677.000000,26878870634576,26878870654277
17,17,"Agent 2",1,82892,82892,3072,30,"__amd_rocclr_fillBufferAligned",256,0,0,8,0,128,"SQ_BUSY_CYCLES",5909664.000000,26878870634576,26878870654277
17,17,"Agent 2",1,82892,82892,3072,30,"__amd_rocclr_fillBufferAligned",256,0,0,8,0,128,"SQ_CYCLES",5910176.000000,26878870634576,26878870654277
17,17,"Agent 2",1,82892,82892,3072,30,"__amd_rocclr_fillBufferAligned",256,0,0,8,0,128,"SQ_WAVES",96.000000,26878870634576,26878870654277
18,18,"Agent 2",1,82892,82892,65536,16,"wmma_k1",256,0,0,16,0,128,"GRBM_COUNT",4926363.000000,26878870992707,26878871327037
18,18,"Agent 2",1,82892,82892,65536,16,"wmma_k1",256,0,0,16,0,128,"GRBM_GUI_ACTIVE",4926363.000000,26878870992707,26878871327037
18,18,"Agent 2",1,82892,82892,65536,16,"wmma_k1",256,0,0,16,0,128,"SQ_BUSY_CYCLES",157643616.000000,26878870992707,26878871327037
18,18,"Agent 2",1,82892,82892,65536,16,"wmma_k1",256,0,0,16,0,128,"SQ_CYCLES",157644128.000000,26878870992707,26878871327037
18,18,"Agent 2",1,82892,82892,65536,16,"wmma_k1",256,0,0,16,0,128,"SQ_WAVES",2048.000000,26878870992707,26878871327037
19,19,"Agent 2",1,82892,82892,3072,30,"__amd_rocclr_fillBufferAligned",256,0,0,8,0,128,"GRBM_COUNT",188434.000000,26878871695170,26878871722362
19,19,"Agent 2",1,82892,82892,3072,30,"__amd_rocclr_fillBufferAligned",256,0,0,8,0,128,"GRBM_GUI_ACTIVE",188434.000000,26878871695170,26878871722362
19,19,"Agent 2",1,82892,82892,3072,30,"__amd_rocclr_fillBufferAligned",256,0,0,8,0,128,"SQ_BUSY_CYCLES",6029888.000000,26878871695170,26878871722362
19,19,"Agent 2",1,82892,82892,3072,30,"__amd_rocclr_fillBufferAligned",256,0,0,8,0,128,"SQ_CYCLES",6030400.000000,26878871695170,26878871722362
19,19,"Agent 2",1,82892,82892,3072,30,"__amd_rocclr_fillBufferAligned",256,0,0,8,0,128,"SQ_WAVES",96.000000,26878871695170,26878871722362
20,20,"Agent 2",1,82892,82892,65536,16,"wmma_k1",256,0,0,16,0,128,"GRBM_COUNT",4936588.000000,26878872024660,26878872389212
20,20,"Agent 2",1,82892,82892,65536,16,"wmma_k1",256,0,0,16,0,128,"GRBM_GUI_ACTIVE",4936588.000000,26878872024660,26878872389212
20,20,"Agent 2",1,82892,82892,65536,16,"wmma_k1",256,0,0,16,0,128,"SQ_BUSY_CYCLES",157970816.000000,26878872024660,26878872389212
20,20,"Agent 2",1,82892,82892,65536,16,"wmma_k1",256,0,0,16,0,128,"SQ_CYCLES",157971328.000000,26878872024660,26878872389212
20,20,"Agent 2",1,82892,82892,65536,16,"wmma_k1",256,0,0,16,0,128,"SQ_WAVES",2048.000000,26878872024660,26878872389212
21,21,"Agent 2",1,82892,82892,3072,30,"__amd_rocclr_fillBufferAligned",256,0,0,8,0,128,"GRBM_COUNT",192296.000000,26878872899016,26878872902799
21,21,"Agent 2",1,82892,82892,3072,30,"__amd_rocclr_fillBufferAligned",256,0,0,8,0,128,"GRBM_GUI_ACTIVE",192296.000000,26878872899016,26878872902799
21,21,"Agent 2",1,82892,82892,3072,30,"__amd_rocclr_fillBufferAligned",256,0,0,8,0,128,"SQ_BUSY_CYCLES",6153472.000000,26878872899016,26878872902799
21,21,"Agent 2",1,82892,82892,3072,30,"__amd_rocclr_fillBufferAligned",256,0,0,8,0,128,"SQ_CYCLES",6153984.000000,26878872899016,26878872902799
21,21,"Agent 2",1,82892,82892,3072,30,"__amd_rocclr_fillBufferAligned",256,0,0,8,0,128,"SQ_WAVES",96.000000,26878872899016,26878872902799
22,22,"Agent 2",1,82892,82892,65536,16,"wmma_k1",256,0,0,16,0,128,"GRBM_COUNT",4952252.000000,26878873270011,26878873574689
22,22,"Agent 2",1,82892,82892,65536,16,"wmma_k1",256,0,0,16,0,128,"GRBM_GUI_ACTIVE",4952252.000000,26878873270011,26878873574689
22,22,"Agent 2",1,82892,82892,65536,16,"wmma_k1",256,0,0,16,0,128,"SQ_BUSY_CYCLES",158472064.000000,26878873270011,26878873574689
22,22,"Agent 2",1,82892,82892,65536,16,"wmma_k1",256,0,0,16,0,128,"SQ_CYCLES",158472576.000000,26878873270011,26878873574689
22,22,"Agent 2",1,82892,82892,65536,16,"wmma_k1",256,0,0,16,0,128,"SQ_WAVES",2048.000000,26878873270011,26878873574689
23,23,"Agent 2",1,82892,82892,3072,30,"__amd_rocclr_fillBufferAligned",256,0,0,8,0,128,"GRBM_COUNT",189614.000000,26878874044038,26878874084916
23,23,"Agent 2",1,82892,82892,3072,30,"__amd_rocclr_fillBufferAligned",256,0,0,8,0,128,"GRBM_GUI_ACTIVE",189614.000000,26878874044038,26878874084916
23,23,"Agent 2",1,82892,82892,3072,30,"__amd_rocclr_fillBufferAligned",256,0,0,8,0,128,"SQ_BUSY_CYCLES",6067648.000000,26878874044038,26878874084916
23,23,"Agent 2",1,82892,82892,3072,30,"__amd_rocclr_fillBufferAligned",256,0,0,8,0,128,"SQ_CYCLES",6068160.000000,26878874044038,26878874084916
23,23,"Agent 2",1,82892,82892,3072,30,"__amd_rocclr_fillBufferAligned",256,0,0,8,0,128,"SQ_WAVES",96.000000,26878874044038,26878874084916
24,24,"Agent 2",1,82892,82892,65536,16,"wmma_k1",256,0,0,16,0,128,"GRBM_COUNT",4934769.000000,26878874402560,26878874750625
24,24,"Agent 2",1,82892,82892,65536,16,"wmma_k1",256,0,0,16,0,128,"GRBM_GUI_ACTIVE",4934769.000000,26878874402560,26878874750625
24,24,"Agent 2",1,82892,82892,65536,16,"wmma_k1",256,0,0,16,0,128,"SQ_BUSY_CYCLES",157912608.000000,26878874402560,26878874750625
24,24,"Agent 2",1,82892,82892,65536,16,"wmma_k1",256,0,0,16,0,128,"SQ_CYCLES",157913120.000000,26878874402560,26878874750625
24,24,"Agent 2",1,82892,82892,65536,16,"wmma_k1",256,0,0,16,0,128,"SQ_WAVES",2048.000000,26878874402560,26878874750625
25,25,"Agent 2",1,82892,82892,3072,30,"__amd_rocclr_fillBufferAligned",256,0,0,8,0,128,"GRBM_COUNT",190077.000000,26878875238760,26878875256362
25,25,"Agent 2",1,82892,82892,3072,30,"__amd_rocclr_fillBufferAligned",256,0,0,8,0,128,"GRBM_GUI_ACTIVE",190077.000000,26878875238760,26878875256362
25,25,"Agent 2",1,82892,82892,3072,30,"__amd_rocclr_fillBufferAligned",256,0,0,8,0,128,"SQ_BUSY_CYCLES",6082464.000000,26878875238760,26878875256362
25,25,"Agent 2",1,82892,82892,3072,30,"__amd_rocclr_fillBufferAligned",256,0,0,8,0,128,"SQ_CYCLES",6082976.000000,26878875238760,26878875256362
25,25,"Agent 2",1,82892,82892,3072,30,"__amd_rocclr_fillBufferAligned",256,0,0,8,0,128,"SQ_WAVES",96.000000,26878875238760,26878875256362
26,26,"Agent 2",1,82892,82892,65536,16,"wmma_k1",256,0,0,16,0,128,"GRBM_COUNT",4931841.000000,26878875592167,26878875925372
26,26,"Agent 2",1,82892,82892,65536,16,"wmma_k1",256,0,0,16,0,128,"GRBM_GUI_ACTIVE",4931841.000000,26878875592167,26878875925372
26,26,"Agent 2",1,82892,82892,65536,16,"wmma_k1",256,0,0,16,0,128,"SQ_BUSY_CYCLES",157818912.000000,26878875592167,26878875925372
26,26,"Agent 2",1,82892,82892,65536,16,"wmma_k1",256,0,0,16,0,128,"SQ_CYCLES",157819424.000000,26878875592167,26878875925372
26,26,"Agent 2",1,82892,82892,65536,16,"wmma_k1",256,0,0,16,0,128,"SQ_WAVES",2048.000000,26878875592167,26878875925372
27,27,"Agent 2",1,82892,82892,3072,30,"__amd_rocclr_fillBufferAligned",256,0,0,8,0,128,"GRBM_COUNT",184688.000000,26878876426623,26878876429039
27,27,"Agent 2",1,82892,82892,3072,30,"__amd_rocclr_fillBufferAligned",256,0,0,8,0,128,"GRBM_GUI_ACTIVE",184688.000000,26878876426623,26878876429039
27,27,"Agent 2",1,82892,82892,3072,30,"__amd_rocclr_fillBufferAligned",256,0,0,8,0,128,"SQ_BUSY_CYCLES",5910016.000000,26878876426623,26878876429039
27,27,"Agent 2",1,82892,82892,3072,30,"__amd_rocclr_fillBufferAligned",256,0,0,8,0,128,"SQ_CYCLES",5910528.000000,26878876426623,26878876429039
27,27,"Agent 2",1,82892,82892,3072,30,"__amd_rocclr_fillBufferAligned",256,0,0,8,0,128,"SQ_WAVES",96.000000,26878876426623,26878876429039
28,28,"Agent 2",1,82892,82892,65536,16,"wmma_k1",256,0,0,16,0,128,"GRBM_COUNT",4930441.000000,26878876753735,26878877092249
28,28,"Agent 2",1,82892,82892,65536,16,"wmma_k1",256,0,0,16,0,128,"GRBM_GUI_ACTIVE",4930441.000000,26878876753735,26878877092249
28,28,"Agent 2",1,82892,82892,65536,16,"wmma_k1",256,0,0,16,0,128,"SQ_BUSY_CYCLES",157774112.000000,26878876753735,26878877092249
28,28,"Agent 2",1,82892,82892,65536,16,"wmma_k1",256,0,0,16,0,128,"SQ_CYCLES",157774624.000000,26878876753735,26878877092249
28,28,"Agent 2",1,82892,82892,65536,16,"wmma_k1",256,0,0,16,0,128,"SQ_WAVES",2048.000000,26878876753735,26878877092249
29,29,"Agent 2",1,82892,82892,6144,30,"__amd_rocclr_fillBufferAligned",256,0,0,8,0,128,"GRBM_COUNT",191429.000000,26878877690630,26878877700167
29,29,"Agent 2",1,82892,82892,6144,30,"__amd_rocclr_fillBufferAligned",256,0,0,8,0,128,"GRBM_GUI_ACTIVE",191429.000000,26878877690630,26878877700167
29,29,"Agent 2",1,82892,82892,6144,30,"__amd_rocclr_fillBufferAligned",256,0,0,8,0,128,"SQ_BUSY_CYCLES",6125728.000000,26878877690630,26878877700167
29,29,"Agent 2",1,82892,82892,6144,30,"__amd_rocclr_fillBufferAligned",256,0,0,8,0,128,"SQ_CYCLES",6126240.000000,26878877690630,26878877700167
29,29,"Agent 2",1,82892,82892,6144,30,"__amd_rocclr_fillBufferAligned",256,0,0,8,0,128,"SQ_WAVES",192.000000,26878877690630,26878877700167
30,30,"Agent 2",1,82892,82892,131072,16,"wmma_k1",512,0,0,16,0,128,"GRBM_COUNT",4671546.000000,26878878046962,26878878351797
30,30,"Agent 2",1,82892,82892,131072,16,"wmma_k1",512,0,0,16,0,128,"GRBM_GUI_ACTIVE",4671546.000000,26878878046962,26878878351797
30,30,"Agent 2",1,82892,82892,131072,16,"wmma_k1",512,0,0,16,0,128,"SQ_BUSY_CYCLES",149489472.000000,26878878046962,26878878351797
30,30,"Agent 2",1,82892,82892,131072,16,"wmma_k1",512,0,0,16,0,128,"SQ_CYCLES",149489984.000000,26878878046962,26878878351797
30,30,"Agent 2",1,82892,82892,131072,16,"wmma_k1",512,0,0,16,0,128,"SQ_WAVES",4096.000000,26878878046962,26878878351797
31,31,"Agent 2",1,82892,82892,6144,30,"__amd_rocclr_fillBufferAligned",256,0,0,8,0,128,"GRBM_COUNT",189716.000000,26878878735607,26878878738132
31,31,"Agent 2",1,82892,82892,6144,30,"__amd_rocclr_fillBufferAligned",256,0,0,8,0,128,"GRBM_GUI_ACTIVE",189716.000000,26878878735607,26878878738132
31,31,"Agent 2",1,82892,82892,6144,30,"__amd_rocclr_fillBufferAligned",256,0,0,8,0,128,"SQ_BUSY_CYCLES",6070912.000000,26878878735607,26878878738132
31,31,"Agent 2",1,82892,82892,6144,30,"__amd_rocclr_fillBufferAligned",256,0,0,8,0,128,"SQ_CYCLES",6071424.000000,26878878735607,26878878738132
31,31,"Agent 2",1,82892,82892,6144,30,"__amd_rocclr_fillBufferAligned",256,0,0,8,0,128,"SQ_WAVES",192.000000,26878878735607,26878878738132
32,32,"Agent 2",1,82892,82892,131072,16,"wmma_k1",512,0,0,16,0,128,"GRBM_COUNT",4671007.000000,26878879058676,26878879390161
32,32,"Agent 2",1,82892,82892,131072,16,"wmma_k1",512,0,0,16,0,128,"GRBM_GUI_ACTIVE",4671007.000000,26878879058676,26878879390161
32,32,"Agent 2",1,82892,82892,131072,16,"wmma_k1",512,0,0,16,0,128,"SQ_BUSY_CYCLES",149472224.000000,26878879058676,26878879390161
32,32,"Agent 2",1,82892,82892,131072,16,"wmma_k1",512,0,0,16,0,128,"SQ_CYCLES",149472736.000000,26878879058676,26878879390161
32,32,"Agent 2",1,82892,82892,131072,16,"wmma_k1",512,0,0,16,0,128,"SQ_WAVES",4096.000000,26878879058676,26878879390161
33,33,"Agent 2",1,82892,82892,6144,30,"__amd_rocclr_fillBufferAligned",256,0,0,8,0,128,"GRBM_COUNT",189544.000000,26878879767357,26878879776737
33,33,"Agent 2",1,82892,82892,6144,30,"__amd_rocclr_fillBufferAligned",256,0,0,8,0,128,"GRBM_GUI_ACTIVE",189544.000000,26878879767357,26878879776737
33,33,"Agent 2",1,82892,82892,6144,30,"__amd_rocclr_fillBufferAligned",256,0,0,8,0,128,"SQ_BUSY_CYCLES",6065408.000000,26878879767357,26878879776737
33,33,"Agent 2",1,82892,82892,6144,30,"__amd_rocclr_fillBufferAligned",256,0,0,8,0,128,"SQ_CYCLES",6065920.000000,26878879767357,26878879776737
33,33,"Agent 2",1,82892,82892,6144,30,"__amd_rocclr_fillBufferAligned",256,0,0,8,0,128,"SQ_WAVES",192.000000,26878879767357,26878879776737
34,34,"Agent 2",1,82892,82892,131072,16,"wmma_k1",512,0,0,16,0,128,"GRBM_COUNT",4671816.000000,26878880105181,26878880429196
34,34,"Agent 2",1,82892,82892,131072,16,"wmma_k1",512,0,0,16,0,128,"GRBM_GUI_ACTIVE",4671816.000000,26878880105181,26878880429196
34,34,"Agent 2",1,82892,82892,131072,16,"wmma_k1",512,0,0,16,0,128,"SQ_BUSY_CYCLES",149498112.000000,26878880105181,26878880429196
34,34,"Agent 2",1,82892,82892,131072,16,"wmma_k1",512,0,0,16,0,128,"SQ_CYCLES",149498624.000000,26878880105181,26878880429196
34,34,"Agent 2",1,82892,82892,131072,16,"wmma_k1",512,0,0,16,0,128,"SQ_WAVES",4096.000000,26878880105181,26878880429196
35,35,"Agent 2",1,82892,82892,6144,30,"__amd_rocclr_fillBufferAligned",256,0,0,8,0,128,"GRBM_COUNT",185331.000000,26878881048922,26878881051645
35,35,"Agent 2",1,82892,82892,6144,30,"__amd_rocclr_fillBufferAligned",256,0,0,8,0,128,"GRBM_GUI_ACTIVE",185331.000000,26878881048922,26878881051645
35,35,"Agent 2",1,82892,82892,6144,30,"__amd_rocclr_fillBufferAligned",256,0,0,8,0,128,"SQ_BUSY_CYCLES",5930592.000000,26878881048922,26878881051645
35,35,"Agent 2",1,82892,82892,6144,30,"__amd_rocclr_fillBufferAligned",256,0,0,8,0,128,"SQ_CYCLES",5931104.000000,26878881048922,26878881051645
35,35,"Agent 2",1,82892,82892,6144,30,"__amd_rocclr_fillBufferAligned",256,0,0,8,0,128,"SQ_WAVES",192.000000,26878881048922,26878881051645
36,36,"Agent 2",1,82892,82892,131072,16,"wmma_k1",512,0,0,16,0,128,"GRBM_COUNT",4663260.000000,26878881389799,26878881701285
36,36,"Agent 2",1,82892,82892,131072,16,"wmma_k1",512,0,0,16,0,128,"GRBM_GUI_ACTIVE",4663260.000000,26878881389799,26878881701285
36,36,"Agent 2",1,82892,82892,131072,16,"wmma_k1",512,0,0,16,0,128,"SQ_BUSY_CYCLES",149224320.000000,26878881389799,26878881701285
36,36,"Agent 2",1,82892,82892,131072,16,"wmma_k1",512,0,0,16,0,128,"SQ_CYCLES",149224832.000000,26878881389799,26878881701285
36,36,"Agent 2",1,82892,82892,131072,16,"wmma_k1",512,0,0,16,0,128,"SQ_WAVES",4096.000000,26878881389799,26878881701285
37,37,"Agent 2",1,82892,82892,6144,30,"__amd_rocclr_fillBufferAligned",256,0,0,8,0,128,"GRBM_COUNT",173906.000000,26878882313349,26878882321173
37,37,"Agent 2",1,82892,82892,6144,30,"__amd_rocclr_fillBufferAligned",256,0,0,8,0,128,"GRBM_GUI_ACTIVE",173906.000000,26878882313349,26878882321173
37,37,"Agent 2",1,82892,82892,6144,30,"__amd_rocclr_fillBufferAligned",256,0,0,8,0,128,"SQ_BUSY_CYCLES",5564992.000000,26878882313349,26878882321173
37,37,"Agent 2",1,82892,82892,6144,30,"__amd_rocclr_fillBufferAligned",256,0,0,8,0,128,"SQ_CYCLES",5565504.000000,26878882313349,26878882321173
37,37,"Agent 2",1,82892,82892,6144,30,"__amd_rocclr_fillBufferAligned",256,0,0,8,0,128,"SQ_WAVES",192.000000,26878882313349,26878882321173
38,38,"Agent 2",1,82892,82892,131072,16,"wmma_k1",512,0,0,16,0,128,"GRBM_COUNT",4674392.000000,26878882643019,26878882979513
38,38,"Agent 2",1,82892,82892,131072,16,"wmma_k1",512,0,0,16,0,128,"GRBM_GUI_ACTIVE",4674392.000000,26878882643019,26878882979513
38,38,"Agent 2",1,82892,82892,131072,16,"wmma_k1",512,0,0,16,0,128,"SQ_BUSY_CYCLES",149580544.000000,26878882643019,26878882979513
38,38,"Agent 2",1,82892,82892,131072,16,"wmma_k1",512,0,0,16,0,128,"SQ_CYCLES",149581056.000000,26878882643019,26878882979513
38,38,"Agent 2",1,82892,82892,131072,16,"wmma_k1",512,0,0,16,0,128,"SQ_WAVES",4096.000000,26878882643019,26878882979513
39,39,"Agent 2",1,82892,82892,6144,30,"__amd_rocclr_fillBufferAligned",256,0,0,8,0,128,"GRBM_COUNT",175593.000000,26878883604655,26878883606212
39,39,"Agent 2",1,82892,82892,6144,30,"__amd_rocclr_fillBufferAligned",256,0,0,8,0,128,"GRBM_GUI_ACTIVE",175593.000000,26878883604655,26878883606212
39,39,"Agent 2",1,82892,82892,6144,30,"__amd_rocclr_fillBufferAligned",256,0,0,8,0,128,"SQ_BUSY_CYCLES",5618976.000000,26878883604655,26878883606212
39,39,"Agent 2",1,82892,82892,6144,30,"__amd_rocclr_fillBufferAligned",256,0,0,8,0,128,"SQ_CYCLES",5619488.000000,26878883604655,26878883606212
39,39,"Agent 2",1,82892,82892,6144,30,"__amd_rocclr_fillBufferAligned",256,0,0,8,0,128,"SQ_WAVES",192.000000,26878883604655,26878883606212
40,40,"Agent 2",1,82892,82892,131072,16,"wmma_k1",512,0,0,16,0,128,"GRBM_COUNT",4663909.000000,26878883921767,26878884257091
40,40,"Agent 2",1,82892,82892,131072,16,"wmma_k1",512,0,0,16,0,128,"GRBM_GUI_ACTIVE",4663909.000000,26878883921767,26878884257091
40,40,"Agent 2",1,82892,82892,131072,16,"wmma_k1",512,0,0,16,0,128,"SQ_BUSY_CYCLES",149245088.000000,26878883921767,26878884257091
40,40,"Agent 2",1,82892,82892,131072,16,"wmma_k1",512,0,0,16,0,128,"SQ_CYCLES",149245600.000000,26878883921767,26878884257091
40,40,"Agent 2",1,82892,82892,131072,16,"wmma_k1",512,0,0,16,0,128,"SQ_WAVES",4096.000000,26878883921767,26878884257091
41,41,"Agent 2",1,82892,82892,6144,30,"__amd_rocclr_fillBufferAligned",256,0,0,8,0,128,"GRBM_COUNT",162731.000000,26878884865708,26878884872620
41,41,"Agent 2",1,82892,82892,6144,30,"__amd_rocclr_fillBufferAligned",256,0,0,8,0,128,"GRBM_GUI_ACTIVE",162731.000000,26878884865708,26878884872620
41,41,"Agent 2",1,82892,82892,6144,30,"__amd_rocclr_fillBufferAligned",256,0,0,8,0,128,"SQ_BUSY_CYCLES",5207392.000000,26878884865708,26878884872620
41,41,"Agent 2",1,82892,82892,6144,30,"__amd_rocclr_fillBufferAligned",256,0,0,8,0,128,"SQ_CYCLES",5207904.000000,26878884865708,26878884872620
41,41,"Agent 2",1,82892,82892,6144,30,"__amd_rocclr_fillBufferAligned",256,0,0,8,0,128,"SQ_WAVES",192.000000,26878884865708,26878884872620
42,42,"Agent 2",1,82892,82892,131072,16,"wmma_k1",512,0,0,16,0,128,"GRBM_COUNT",4679806.000000,26878885200114,26878885524759
42,42,"Agent 2",1,82892,82892,131072,16,"wmma_k1",512,0,0,16,0,128,"GRBM_GUI_ACTIVE",4679806.000000,26878885200114,26878885524759
42,42,"Agent 2",1,82892,82892,131072,16,"wmma_k1",512,0,0,16,0,128,"SQ_BUSY_CYCLES",149753792.000000,26878885200114,26878885524759
42,42,"Agent 2",1,82892,82892,131072,16,"wmma_k1",512,0,0,16,0,128,"SQ_CYCLES",149754304.000000,26878885200114,26878885524759
42,42,"Agent 2",1,82892,82892,131072,16,"wmma_k1",512,0,0,16,0,128,"SQ_WAVES",4096.000000,26878885200114,26878885524759
43,43,"Agent 2",1,82892,82892,1536,30,"__amd_rocclr_fillBufferAligned",256,0,0,8,0,128,"GRBM_COUNT",142128.000000,26878886352201,26878886352481
43,43,"Agent 2",1,82892,82892,1536,30,"__amd_rocclr_fillBufferAligned",256,0,0,8,0,128,"GRBM_GUI_ACTIVE",142128.000000,26878886352201,26878886352481
43,43,"Agent 2",1,82892,82892,1536,30,"__amd_rocclr_fillBufferAligned",256,0,0,8,0,128,"SQ_BUSY_CYCLES",4548096.000000,26878886352201,26878886352481
43,43,"Agent 2",1,82892,82892,1536,30,"__amd_rocclr_fillBufferAligned",256,0,0,8,0,128,"SQ_CYCLES",4548608.000000,26878886352201,26878886352481
43,43,"Agent 2",1,82892,82892,1536,30,"__amd_rocclr_fillBufferAligned",256,0,0,8,0,128,"SQ_WAVES",48.000000,26878886352201,26878886352481
44,44,"Agent 2",1,82892,82892,32768,10,"wmma_k2",128,0,0,24,0,128,"GRBM_COUNT",17743883.000000,26878886683833,26878887849662
44,44,"Agent 2",1,82892,82892,32768,10,"wmma_k2",128,0,0,24,0,128,"GRBM_GUI_ACTIVE",17743883.000000,26878886683833,26878887849662
44,44,"Agent 2",1,82892,82892,32768,10,"wmma_k2",128,0,0,24,0,128,"SQ_BUSY_CYCLES",567804256.000000,26878886683833,26878887849662
44,44,"Agent 2",1,82892,82892,32768,10,"wmma_k2",128,0,0,24,0,128,"SQ_CYCLES",567804768.000000,26878886683833,26878887849662
44,44,"Agent 2",1,82892,82892,32768,10,"wmma_k2",128,0,0,24,0,128,"SQ_WAVES",1024.000000,26878886683833,26878887849662
45,45,"Agent 2",1,82892,82892,1536,30,"__amd_rocclr_fillBufferAligned",256,0,0,8,0,128,"GRBM_COUNT",141252.000000,26878888250514,26878888250808
45,45,"Agent 2",1,82892,82892,1536,30,"__amd_rocclr_fillBufferAligned",256,0,0,8,0,128,"GRBM_GUI_ACTIVE",141252.000000,26878888250514,26878888250808
45,45,"Agent 2",1,82892,82892,1536,30,"__amd_rocclr_fillBufferAligned",256,0,0,8,0,128,"SQ_BUSY_CYCLES",4520064.000000,26878888250514,26878888250808
45,45,"Agent 2",1,82892,82892,1536,30,"__amd_rocclr_fillBufferAligned",256,0,0,8,0,128,"SQ_CYCLES",4520576.000000,26878888250514,26878888250808
45,45,"Agent 2",1,82892,82892,1536,30,"__amd_rocclr_fillBufferAligned",256,0,0,8,0,128,"SQ_WAVES",48.000000,26878888250514,26878888250808
46,46,"Agent 2",1,82892,82892,32768,10,"wmma_k2",128,0,0,24,0,128,"GRBM_COUNT",17677715.000000,26878888578115,26878889887141
46,46,"Agent 2",1,82892,82892,32768,10,"wmma_k2",128,0,0,24,0,128,"GRBM_GUI_ACTIVE",17677715.000000,26878888578115,26878889887141
46,46,"Agent 2",1,82892,82892,32768,10,"wmma_k2",128,0,0,24,0,128,"SQ_BUSY_CYCLES",565686880.000000,26878888578115,26878889887141
46,46,"Agent 2",1,82892,82892,32768,10,"wmma_k2",128,0,0,24,0,128,"SQ_CYCLES",565687392.000000,26878888578115,26878889887141
46,46,"Agent 2",1,82892,82892,32768,10,"wmma_k2",128,0,0,24,0,128,"SQ_WAVES",1024.000000,26878888578115,26878889887141
47,47,"Agent 2",1,82892,82892,1536,30,"__amd_rocclr_fillBufferAligned",256,0,0,8,0,128,"GRBM_COUNT",142918.000000,26878890288790,26878890289117
47,47,"Agent 2",1,82892,82892,1536,30,"__amd_rocclr_fillBufferAligned",256,0,0,8,0,128,"GRBM_GUI_ACTIVE",142918.000000,26878890288790,26878890289117
47,47,"Agent 2",1,82892,82892,1536,30,"__amd_rocclr_fillBufferAligned",256,0,0,8,0,128,"SQ_BUSY_CYCLES",4573376.000000,26878890288790,26878890289117
47,47,"Agent 2",1,82892,82892,1536,30,"__amd_rocclr_fillBufferAligned",256,0,0,8,0,128,"SQ_CYCLES",4573888.000000,26878890288790,26878890289117
47,47,"Agent 2",1,82892,82892,1536,30,"__amd_rocclr_fillBufferAligned",256,0,0,8,0,128,"SQ_WAVES",48.000000,26878890288790,26878890289117
48,48,"Agent 2",1,82892,82892,32768,10,"wmma_k2",128,0,0,24,0,128,"GRBM_COUNT",17664635.000000,26878890629614,26878891852749
48,48,"Agent 2",1,82892,82892,32768,10,"wmma_k2",128,0,0,24,0,128,"GRBM_GUI_ACTIVE",17664635.000000,26878890629614,26878891852749
48,48,"Agent 2",1,82892,82892,32768,10,"wmma_k2",128,0,0,24,0,128,"SQ_BUSY_CYCLES",565268320.000000,26878890629614,26878891852749
48,48,"Agent 2",1,82892,82892,32768,10,"wmma_k2",128,0,0,24,0,128,"SQ_CYCLES",565268832.000000,26878890629614,26878891852749
48,48,"Agent 2",1,82892,82892,32768,10,"wmma_k2",128,0,0,24,0,128,"SQ_WAVES",1024.000000,26878890629614,26878891852749
49,49,"Agent 2",1,82892,82892,1536,30,"__amd_rocclr_fillBufferAligned",256,0,0,8,0,128,"GRBM_COUNT",143458.000000,26878892287828,26878892288126
49,49,"Agent 2",1,82892,82892,1536,30,"__amd_rocclr_fillBufferAligned",256,0,0,8,0,128,"GRBM_GUI_ACTIVE",143458.000000,26878892287828,26878892288126
49,49,"Agent 2",1,82892,82892,1536,30,"__amd_rocclr_fillBufferAligned",256,0,0,8,0,128,"SQ_BUSY_CYCLES",4590656.000000,26878892287828,26878892288126
49,49,"Agent 2",1,82892,82892,1536,30,"__amd_rocclr_fillBufferAligned",256,0,0,8,0,128,"SQ_CYCLES",4591168.000000,26878892287828,26878892288126
49,49,"Agent 2",1,82892,82892,1536,30,"__amd_rocclr_fillBufferAligned",256,0,0,8,0,128,"SQ_WAVES",48.000000,26878892287828,26878892288126
50,50,"Agent 2",1,82892,82892,32768,10,"wmma_k2",128,0,0,24,0,128,"GRBM_COUNT",17773851.000000,26878892619289,26878893854208
50,50,"Agent 2",1,82892,82892,32768,10,"wmma_k2",128,0,0,24,0,128,"GRBM_GUI_ACTIVE",17773851.000000,26878892619289,26878893854208
50,50,"Agent 2",1,82892,82892,32768,10,"wmma_k2",128,0,0,24,0,128,"SQ_BUSY_CYCLES",568763232.000000,26878892619289,26878893854208
50,50,"Agent 2",1,82892,82892,32768,10,"wmma_k2",128,0,0,24,0,128,"SQ_CYCLES",568763744.000000,26878892619289,26878893854208
50,50,"Agent 2",1,82892,82892,32768,10,"wmma_k2",128,0,0,24,0,128,"SQ_WAVES",1024.000000,26878892619289,26878893854208
51,51,"Agent 2",1,82892,82892,1536,30,"__amd_rocclr_fillBufferAligned",256,0,0,8,0,128,"GRBM_COUNT",139353.000000,26878894274519,26878894294914
51,51,"Agent 2",1,82892,82892,1536,30,"__amd_rocclr_fillBufferAligned",256,0,0,8,0,128,"GRBM_GUI_ACTIVE",139353.000000,26878894274519,26878894294914
51,51,"Agent 2",1,82892,82892,1536,30,"__amd_rocclr_fillBufferAligned",256,0,0,8,0,128,"SQ_BUSY_CYCLES",4459296.000000,26878894274519,26878894294914
51,51,"Agent 2",1,82892,82892,1536,30,"__amd_rocclr_fillBufferAligned",256,0,0,8,0,128,"SQ_CYCLES",4459808.000000,26878894274519,26878894294914
51,51,"Agent 2",1,82892,82892,1536,30,"__amd_rocclr_fillBufferAligned",256,0,0,8,0,128,"SQ_WAVES",48.000000,26878894274519,26878894294914
52,52,"Agent 2",1,82892,82892,32768,10,"wmma_k2",128,0,0,24,0,128,"GRBM_COUNT",17677181.000000,26878894621905,26878895858077
52,52,"Agent 2",1,82892,82892,32768,10,"wmma_k2",128,0,0,24,0,128,"GRBM_GUI_ACTIVE",17677181.000000,26878894621905,26878895858077
52,52,"Agent 2",1,82892,82892,32768,10,"wmma_k2",128,0,0,24,0,128,"SQ_BUSY_CYCLES",565669792.000000,26878894621905,26878895858077
52,52,"Agent 2",1,82892,82892,32768,10,"wmma_k2",128,0,0,24,0,128,"SQ_CYCLES",565670304.000000,26878894621905,26878895858077
52,52,"Agent 2",1,82892,82892,32768,10,"wmma_k2",128,0,0,24,0,128,"SQ_WAVES",1024.000000,26878894621905,26878895858077
53,53,"Agent 2",1,82892,82892,1536,30,"__amd_rocclr_fillBufferAligned",256,0,0,8,0,128,"GRBM_COUNT",145361.000000,26878896291150,26878896300393
53,53,"Agent 2",1,82892,82892,1536,30,"__amd_rocclr_fillBufferAligned",256,0,0,8,0,128,"GRBM_GUI_ACTIVE",145361.000000,26878896291150,26878896300393
53,53,"Agent 2",1,82892,82892,1536,30,"__amd_rocclr_fillBufferAligned",256,0,0,8,0,128,"SQ_BUSY_CYCLES",4651552.000000,26878896291150,26878896300393
53,53,"Agent 2",1,82892,82892,1536,30,"__amd_rocclr_fillBufferAligned",256,0,0,8,0,128,"SQ_CYCLES",4652064.000000,26878896291150,26878896300393
53,53,"Agent 2",1,82892,82892,1536,30,"__amd_rocclr_fillBufferAligned",256,0,0,8,0,128,"SQ_WAVES",48.000000,26878896291150,26878896300393
54,54,"Agent 2",1,82892,82892,32768,10,"wmma_k2",128,0,0,24,0,128,"GRBM_COUNT",17688240.000000,26878896647295,26878897877875
54,54,"Agent 2",1,82892,82892,32768,10,"wmma_k2",128,0,0,24,0,128,"GRBM_GUI_ACTIVE",17688240.000000,26878896647295,26878897877875
54,54,"Agent 2",1,82892,82892,32768,10,"wmma_k2",128,0,0,24,0,128,"SQ_BUSY_CYCLES",566023680.000000,26878896647295,26878897877875
54,54,"Agent 2",1,82892,82892,32768,10,"wmma_k2",128,0,0,24,0,128,"SQ_CYCLES",566024192.000000,26878896647295,26878897877875
54,54,"Agent 2",1,82892,82892,32768,10,"wmma_k2",128,0,0,24,0,128,"SQ_WAVES",1024.000000,26878896647295,26878897877875
55,55,"Agent 2",1,82892,82892,1536,30,"__amd_rocclr_fillBufferAligned",256,0,0,8,0,128,"GRBM_COUNT",137674.000000,26878898307309,26878898312552
55,55,"Agent 2",1,82892,82892,1536,30,"__amd_rocclr_fillBufferAligned",256,0,0,8,0,128,"GRBM_GUI_ACTIVE",137674.000000,26878898307309,26878898312552
55,55,"Agent 2",1,82892,82892,1536,30,"__amd_rocclr_fillBufferAligned",256,0,0,8,0,128,"SQ_BUSY_CYCLES",4405568.000000,26878898307309,26878898312552
55,55,"Agent 2",1,82892,82892,1536,30,"__amd_rocclr_fillBufferAligned",256,0,0,8,0,128,"SQ_CYCLES",4406080.000000,26878898307309,26878898312552
55,55,"Agent 2",1,82892,82892,1536,30,"__amd_rocclr_fillBufferAligned",256,0,0,8,0,128,"SQ_WAVES",48.000000,26878898307309,26878898312552
56,56,"Agent 2",1,82892,82892,32768,10,"wmma_k2",128,0,0,24,0,128,"GRBM_COUNT",17747250.000000,26878898627541,26878899869964
56,56,"Agent 2",1,82892,82892,32768,10,"wmma_k2",128,0,0,24,0,128,"GRBM_GUI_ACTIVE",17747250.000000,26878898627541,26878899869964
56,56,"Agent 2",1,82892,82892,32768,10,"wmma_k2",128,0,0,24,0,128,"SQ_BUSY_CYCLES",567912000.000000,26878898627541,26878899869964
56,56,"Agent 2",1,82892,82892,32768,10,"wmma_k2",128,0,0,24,0,128,"SQ_CYCLES",567912512.000000,26878898627541,26878899869964
56,56,"Agent 2",1,82892,82892,32768,10,"wmma_k2",128,0,0,24,0,128,"SQ_WAVES",1024.000000,26878898627541,26878899869964
57,57,"Agent 2",1,82892,82892,3072,30,"__amd_rocclr_fillBufferAligned",256,0,0,8,0,128,"GRBM_COUNT",146841.000000,26878900352550,26878900353401
57,57,"Agent 2",1,82892,82892,3072,30,"__amd_rocclr_fillBufferAligned",256,0,0,8,0,128,"GRBM_GUI_ACTIVE",146841.000000,26878900352550,26878900353401
57,57,"Agent 2",1,82892,82892,3072,30,"__amd_rocclr_fillBufferAligned",256,0,0,8,0,128,"SQ_BUSY_CYCLES",4698912.000000,26878900352550,26878900353401
57,57,"Agent 2",1,82892,82892,3072,30,"__amd_rocclr_fillBufferAligned",256,0,0,8,0,128,"SQ_CYCLES",4699424.000000,26878900352550,26878900353401
57,57,"Agent 2",1,82892,82892,3072,30,"__amd_rocclr_fillBufferAligned",256,0,0,8,0,128,"SQ_WAVES",96.000000,26878900352550,26878900353401
58,58,"Agent 2",1,82892,82892,65536,10,"wmma_k2",256,0,0,24,0,128,"GRBM_COUNT",17453229.000000,26878900681263,26878901915233
58,58,"Agent 2",1,82892,82892,65536,10,"wmma_k2",256,0,0,24,0,128,"GRBM_GUI_ACTIVE",17453229.000000,26878900681263,26878901915233
58,58,"Agent 2",1,82892,82892,65536,10,"wmma_k2",256,0,0,24,0,128,"SQ_BUSY_CYCLES",558503328.000000,26878900681263,26878901915233
58,58,"Agent 2",1,82892,82892,65536,10,"wmma_k2",256,0,0,24,0,128,"SQ_CYCLES",558503840.000000,26878900681263,26878901915233
58,58,"Agent 2",1,82892,82892,65536,10,"wmma_k2",256,0,0,24,0,128,"SQ_WAVES",2048.000000,26878900681263,26878901915233
59,59,"Agent 2",1,82892,82892,3072,30,"__amd_rocclr_fillBufferAligned",256,0,0,8,0,128,"GRBM_COUNT",150675.000000,26878902293211,26878902303659
59,59,"Agent 2",1,82892,82892,3072,30,"__amd_rocclr_fillBufferAligned",256,0,0,8,0,128,"GRBM_GUI_ACTIVE",150675.000000,26878902293211,26878902303659
59,59,"Agent 2",1,82892,82892,3072,30,"__amd_rocclr_fillBufferAligned",256,0,0,8,0,128,"SQ_BUSY_CYCLES",4821600.000000,26878902293211,26878902303659
59,59,"Agent 2",1,82892,82892,3072,30,"__amd_rocclr_fillBufferAligned",256,0,0,8,0,128,"SQ_CYCLES",4822112.000000,26878902293211,26878902303659
59,59,"Agent 2",1,82892,82892,3072,30,"__amd_rocclr_fillBufferAligned",256,0,0,8,0,128,"SQ_WAVES",96.000000,26878902293211,26878902303659
60,60,"Agent 2",1,82892,82892,65536,10,"wmma_k2",256,0,0,24,0,128,"GRBM_COUNT",17422011.000000,26878902629418,26878903865151
60,60,"Agent 2",1,82892,82892,65536,10,"wmma_k2",256,0,0,24,0,128,"GRBM_GUI_ACTIVE",17422011.000000,26878902629418,26878903865151
60,60,"Agent 2",1,82892,82892,65536,10,"wmma_k2",256,0,0,24,0,128,"SQ_BUSY_CYCLES",553447238.000000,26878902629418,26878903865151
60,60,"Agent 2",1,82892,82892,65536,10,"wmma_k2",256,0,0,24,0,128,"SQ_CYCLES",557504864.000000,26878902629418,26878903865151
60,60,"Agent 2",1,82892,82892,65536,10,"wmma_k2",256,0,0,24,0,128,"SQ_WAVES",2048.000000,26878902629418,26878903865151
61,61,"Agent 2",1,82892,82892,3072,30,"__amd_rocclr_fillBufferAligned",256,0,0,8,0,128,"GRBM_COUNT",162007.000000,26878904249334,26878904251056
61,61,"Agent 2",1,82892,82892,3072,30,"__amd_rocclr_fillBufferAligned",256,0,0,8,0,128,"GRBM_GUI_ACTIVE",162007.000000,26878904249334,26878904251056
61,61,"Agent 2",1,82892,82892,3072,30,"__amd_rocclr_fillBufferAligned",256,0,0,8,0,128,"SQ_BUSY_CYCLES",2900779.000000,26878904249334,26878904251056
61,61,"Agent 2",1,82892,82892,3072,30,"__amd_rocclr_fillBufferAligned",256,0,0,8,0,128,"SQ_CYCLES",5184736.000000,26878904249334,26878904251056
61,61,"Agent 2",1,82892,82892,3072,30,"__amd_rocclr_fillBufferAligned",256,0,0,8,0,128,"SQ_WAVES",96.000000,26878904249334,26878904251056
62,62,"Agent 2",1,82892,82892,65536,10,"wmma_k2",256,0,0,24,0,128,"GRBM_COUNT",17474135.000000,26878904581806,26878905791558
62,62,"Agent 2",1,82892,82892,65536,10,"wmma_k2",256,0,0,24,0,128,"GRBM_GUI_ACTIVE",17474135.000000,26878904581806,26878905791558
62,62,"Agent 2",1,82892,82892,65536,10,"wmma_k2",256,0,0,24,0,128,"SQ_BUSY_CYCLES",419774683.000000,26878904581806,26878905791558
62,62,"Agent 2",1,82892,82892,65536,10,"wmma_k2",256,0,0,24,0,128,"SQ_CYCLES",559172832.000000,26878904581806,26878905791558
62,62,"Agent 2",1,82892,82892,65536,10,"wmma_k2",256,0,0,24,0,128,"SQ_WAVES",2048.000000,26878904581806,26878905791558
63,63,"Agent 2",1,82892,82892,3072,30,"__amd_rocclr_fillBufferAligned",256,0,0,8,0,128,"GRBM_COUNT",162963.000000,26878906294711,26878906295936
63,63,"Agent 2",1,82892,82892,3072,30,"__amd_rocclr_fillBufferAligned",256,0,0,8,0,128,"GRBM_GUI_ACTIVE",162963.000000,26878906294711,26878906295936
63,63,"Agent 2",1,82892,82892,3072,30,"__amd_rocclr_fillBufferAligned",256,0,0,8,0,128,"SQ_BUSY_CYCLES",2509781.000000,26878906294711,26878906295936
63,63,"Agent 2",1,82892,82892,3072,30,"__amd_rocclr_fillBufferAligned",256,0,0,8,0,128,"SQ_CYCLES",5215328.000000,26878906294711,26878906295936
63,63,"Agent 2",1,82892,82892,3072,30,"__amd_rocclr_fillBufferAligned",256,0,0,8,0,128,"SQ_WAVES",96.000000,26878906294711,26878906295936
64,64,"Agent 2",1,82892,82892,65536,10,"wmma_k2",256,0,0,24,0,128,"GRBM_COUNT",17464100.000000,26878906622866,26878907811997
64,64,"Agent 2",1,82892,82892,65536,10,"wmma_k2",256,0,0,24,0,128,"GRBM_GUI_ACTIVE",17464100.000000,26878906622866,26878907811997
64,64,"Agent 2",1,82892,82892,65536,10,"wmma_k2",256,0,0,24,0,128,"SQ_BUSY_CYCLES",415043416.000000,26878906622866,26878907811997
64,64,"Agent 2",1,82892,82892,65536,10,"wmma_k2",256,0,0,24,0,128,"SQ_CYCLES",558851712.000000,26878906622866,26878907811997
64,64,"Agent 2",1,82892,82892,65536,10,"wmma_k2",256,0,0,24,0,128,"SQ_WAVES",2048.000000,26878906622866,26878907811997
65,65,"Agent 2",1,82892,82892,3072,30,"__amd_rocclr_fillBufferAligned",256,0,0,8,0,128,"GRBM_COUNT",146405.000000,26878908292740,26878908309024
65,65,"Agent 2",1,82892,82892,3072,30,"__amd_rocclr_fillBufferAligned",256,0,0,8,0,128,"GRBM_GUI_ACTIVE",146405.000000,26878908292740,26878908309024
65,65,"Agent 2",1,82892,82892,3072,30,"__amd_rocclr_fillBufferAligned",256,0,0,8,0,128,"SQ_BUSY_CYCLES",4684960.000000,26878908292740,26878908309024
65,65,"Agent 2",1,82892,82892,3072,30,"__amd_rocclr_fillBufferAligned",256,0,0,8,0,128,"SQ_CYCLES",4685472.000000,26878908292740,26878908309024
65,65,"Agent 2",1,82892,82892,3072,30,"__amd_rocclr_fillBufferAligned",256,0,0,8,0,128,"SQ_WAVES",96.000000,26878908292740,26878908309024
66,66,"Agent 2",1,82892,82892,65536,10,"wmma_k2",256,0,0,24,0,128,"GRBM_COUNT",17451650.000000,26878908649176,26878909861996
66,66,"Agent 2",1,82892,82892,65536,10,"wmma_k2",256,0,0,24,0,128,"GRBM_GUI_ACTIVE",17451650.000000,26878908649176,26878909861996
66,66,"Agent 2",1,82892,82892,65536,10,"wmma_k2",256,0,0,24,0,128,"SQ_BUSY_CYCLES",558452800.000000,26878908649176,26878909861996
66,66,"Agent 2",1,82892,82892,65536,10,"wmma_k2",256,0,0,24,0,128,"SQ_CYCLES",558453312.000000,26878908649176,26878909861996
66,66,"Agent 2",1,82892,82892,65536,10,"wmma_k2",256,0,0,24,0,128,"SQ_WAVES",2048.000000,26878908649176,26878909861996
67,67,"Agent 2",1,82892,82892,3072,30,"__amd_rocclr_fillBufferAligned",256,0,0,8,0,128,"GRBM_COUNT",150822.000000,26878910366108,26878910370774
67,67,"Agent 2",1,82892,82892,3072,30,"__amd_rocclr_fillBufferAligned",256,0,0,8,0,128,"GRBM_GUI_ACTIVE",150822.000000,26878910366108,26878910370774
67,67,"Agent 2",1,82892,82892,3072,30,"__amd_rocclr_fillBufferAligned",256,0,0,8,0,128,"SQ_BUSY_CYCLES",4826304.000000,26878910366108,26878910370774
67,67,"Agent 2",1,82892,82892,3072,30,"__amd_rocclr_fillBufferAligned",256,0,0,8,0,128,"SQ_CYCLES",4826816.000000,26878910366108,26878910370774
67,67,"Agent 2",1,82892,82892,3072,30,"__amd_rocclr_fillBufferAligned",256,0,0,8,0,128,"SQ_WAVES",96.000000,26878910366108,26878910370774
68,68,"Agent 2",1,82892,82892,65536,10,"wmma_k2",256,0,0,24,0,128,"GRBM_COUNT",17425743.000000,26878910699819,26878911915136
68,68,"Agent 2",1,82892,82892,65536,10,"wmma_k2",256,0,0,24,0,128,"GRBM_GUI_ACTIVE",17425743.000000,26878910699819,26878911915136
68,68,"Agent 2",1,82892,82892,65536,10,"wmma_k2",256,0,0,24,0,128,"SQ_BUSY_CYCLES",557623776.000000,26878910699819,26878911915136
68,68,"Agent 2",1,82892,82892,65536,10,"wmma_k2",256,0,0,24,0,128,"SQ_CYCLES",557624288.000000,26878910699819,26878911915136
68,68,"Agent 2",1,82892,82892,65536,10,"wmma_k2",256,0,0,24,0,128,"SQ_WAVES",2048.000000,26878910699819,26878911915136
69,69,"Agent 2",1,82892,82892,3072,30,"__amd_rocclr_fillBufferAligned",256,0,0,8,0,128,"GRBM_COUNT",147281.000000,26878912409781,26878912413363
69,69,"Agent 2",1,82892,82892,3072,30,"__amd_rocclr_fillBufferAligned",256,0,0,8,0,128,"GRBM_GUI_ACTIVE",147281.000000,26878912409781,26878912413363
69,69,"Agent 2",1,82892,82892,3072,30,"__amd_rocclr_fillBufferAligned",256,0,0,8,0,128,"SQ_BUSY_CYCLES",4712992.000000,26878912409781,26878912413363
69,69,"Agent 2",1,82892,82892,3072,30,"__amd_rocclr_fillBufferAligned",256,0,0,8,0,128,"SQ_CYCLES",4713504.000000,26878912409781,26878912413363
69,69,"Agent 2",1,82892,82892,3072,30,"__amd_rocclr_fillBufferAligned",256,0,0,8,0,128,"SQ_WAVES",96.000000,26878912409781,26878912413363
70,70,"Agent 2",1,82892,82892,65536,10,"wmma_k2",256,0,0,24,0,128,"GRBM_COUNT",17478148.000000,26878912741901,26878913975325
70,70,"Agent 2",1,82892,82892,65536,10,"wmma_k2",256,0,0,24,0,128,"GRBM_GUI_ACTIVE",17478148.000000,26878912741901,26878913975325
70,70,"Agent 2",1,82892,82892,65536,10,"wmma_k2",256,0,0,24,0,128,"SQ_BUSY_CYCLES",559300736.000000,26878912741901,26878913975325
70,70,"Agent 2",1,82892,82892,65536,10,"wmma_k2",256,0,0,24,0,128,"SQ_CYCLES",559301248.000000,26878912741901,26878913975325
70,70,"Agent 2",1,82892,82892,65536,10,"wmma_k2",256,0,0,24,0,128,"SQ_WAVES",2048.000000,26878912741901,26878913975325
71,71,"Agent 2",1,82892,82892,6144,30,"__amd_rocclr_fillBufferAligned",256,0,0,8,0,128,"GRBM_COUNT",135791.000000,26878914584583,26878914589114
71,71,"Agent 2",1,82892,82892,6144,30,"__amd_rocclr_fillBufferAligned",256,0,0,8,0,128,"GRBM_GUI_ACTIVE",135791.000000,26878914584583,26878914589114
71,71,"Agent 2",1,82892,82892,6144,30,"__amd_rocclr_fillBufferAligned",256,0,0,8,0,128,"SQ_BUSY_CYCLES",4345312.000000,26878914584583,26878914589114
71,71,"Agent 2",1,82892,82892,6144,30,"__amd_rocclr_fillBufferAligned",256,0,0,8,0,128,"SQ_CYCLES",4345824.000000,26878914584583,26878914589114
71,71,"Agent 2",1,82892,82892,6144,30,"__amd_rocclr_fillBufferAligned",256,0,0,8,0,128,"SQ_WAVES",192.000000,26878914584583,26878914589114
72,72,"Agent 2",1,82892,82892,131072,10,"wmma_k2",512,0,0,24,0,128,"GRBM_COUNT",17394713.000000,26878914925114,26878916131506
72,72,"Agent 2",1,82892,82892,131072,10,"wmma_k2",512,0,0,24,0,128,"GRBM_GUI_ACTIVE",17394713.000000,26878914925114,26878916131506
72,72,"Agent 2",1,82892,82892,131072,10,"wmma_k2",512,0,0,24,0,128,"SQ_BUSY_CYCLES",556630816.000000,26878914925114,26878916131506
72,72,"Agent 2",1,82892,82892,131072,10,"wmma_k2",512,0,0,24,0,128,"SQ_CYCLES",556631328.000000,26878914925114,26878916131506
72,72,"Agent 2",1,82892,82892,131072,10,"wmma_k2",512,0,0,24,0,128,"SQ_WAVES",4096.000000,26878914925114,26878916131506
73,73,"Agent 2",1,82892,82892,6144,30,"__amd_rocclr_fillBufferAligned",256,0,0,8,0,128,"GRBM_COUNT",138668.000000,26878916553646,26878916554202
73,73,"Agent 2",1,82892,82892,6144,30,"__amd_rocclr_fillBufferAligned",256,0,0,8,0,128,"GRBM_GUI_ACTIVE",138668.000000,26878916553646,26878916554202
73,73,"Agent 2",1,82892,82892,6144,30,"__amd_rocclr_fillBufferAligned",256,0,0,8,0,128,"SQ_BUSY_CYCLES",4437376.000000,26878916553646,26878916554202
73,73,"Agent 2",1,82892,82892,6144,30,"__amd_rocclr_fillBufferAligned",256,0,0,8,0,128,"SQ_CYCLES",4437888.000000,26878916553646,26878916554202
73,73,"Agent 2",1,82892,82892,6144,30,"__amd_rocclr_fillBufferAligned",256,0,0,8,0,128,"SQ_WAVES",192.000000,26878916553646,26878916554202
74,74,"Agent 2",1,82892,82892,131072,10,"wmma_k2",512,0,0,24,0,128,"GRBM_COUNT",17381534.000000,26878916898988,26878918115714
74,74,"Agent 2",1,82892,82892,131072,10,"wmma_k2",512,0,0,24,0,128,"GRBM_GUI_ACTIVE",17381534.000000,26878916898988,26878918115714
74,74,"Agent 2",1,82892,82892,131072,10,"wmma_k2",512,0,0,24,0,128,"SQ_BUSY_CYCLES",556209088.000000,26878916898988,26878918115714
74,74,"Agent 2",1,82892,82892,131072,10,"wmma_k2",512,0,0,24,0,128,"SQ_CYCLES",556209600.000000,26878916898988,26878918115714
74,74,"Agent 2",1,82892,82892,131072,10,"wmma_k2",512,0,0,24,0,128,"SQ_WAVES",4096.000000,26878916898988,26878918115714
75,75,"Agent 2",1,82892,82892,6144,30,"__amd_rocclr_fillBufferAligned",256,0,0,8,0,128,"GRBM_COUNT",135771.000000,26878918558211,26878918562591
75,75,"Agent 2",1,82892,82892,6144,30,"__amd_rocclr_fillBufferAligned",256,0,0,8,0,128,"GRBM_GUI_ACTIVE",135771.000000,26878918558211,26878918562591
75,75,"Agent 2",1,82892,82892,6144,30,"__amd_rocclr_fillBufferAligned",256,0,0,8,0,128,"SQ_BUSY_CYCLES",4344672.000000,26878918558211,26878918562591
75,75,"Agent 2",1,82892,82892,6144,30,"__amd_rocclr_fillBufferAligned",256,0,0,8,0,128,"SQ_CYCLES",4345184.000000,26878918558211,26878918562591
75,75,"Agent 2",1,82892,82892,6144,30,"__amd_rocclr_fillBufferAligned",256,0,0,8,0,128,"SQ_WAVES",192.000000,26878918558211,26878918562591
76,76,"Agent 2",1,82892,82892,131072,10,"wmma_k2",512,0,0,24,0,128,"GRBM_COUNT",17385292.000000,26878918906830,26878920114733
76,76,"Agent 2",1,82892,82892,131072,10,"wmma_k2",512,0,0,24,0,128,"GRBM_GUI_ACTIVE",17385292.000000,26878918906830,26878920114733
76,76,"Agent 2",1,82892,82892,131072,10,"wmma_k2",512,0,0,24,0,128,"SQ_BUSY_CYCLES",556329344.000000,26878918906830,26878920114733
76,76,"Agent 2",1,82892,82892,131072,10,"wmma_k2",512,0,0,24,0,128,"SQ_CYCLES",556329856.000000,26878918906830,26878920114733
76,76,"Agent 2",1,82892,82892,131072,10,"wmma_k2",512,0,0,24,0,128,"SQ_WAVES",4096.000000,26878918906830,26878920114733
77,77,"Agent 2",1,82892,82892,6144,30,"__amd_rocclr_fillBufferAligned",256,0,0,8,0,128,"GRBM_COUNT",134659.000000,26878920790750,26878920795092
77,77,"Agent 2",1,82892,82892,6144,30,"__amd_rocclr_fillBufferAligned",256,0,0,8,0,128,"GRBM_GUI_ACTIVE",134659.000000,26878920790750,26878920795092
77,77,"Agent 2",1,82892,82892,6144,30,"__amd_rocclr_fillBufferAligned",256,0,0,8,0,128,"SQ_BUSY_CYCLES",4309088.000000,26878920790750,26878920795092
77,77,"Agent 2",1,82892,82892,6144,30,"__amd_rocclr_fillBufferAligned",256,0,0,8,0,128,"SQ_CYCLES",4309600.000000,26878920790750,26878920795092
77,77,"Agent 2",1,82892,82892,6144,30,"__amd_rocclr_fillBufferAligned",256,0,0,8,0,128,"SQ_WAVES",192.000000,26878920790750,26878920795092
78,78,"Agent 2",1,82892,82892,131072,10,"wmma_k2",512,0,0,24,0,128,"GRBM_COUNT",17357469.000000,26878921139558,26878922322264
78,78,"Agent 2",1,82892,82892,131072,10,"wmma_k2",512,0,0,24,0,128,"GRBM_GUI_ACTIVE",17357469.000000,26878921139558,26878922322264
78,78,"Agent 2",1,82892,82892,131072,10,"wmma_k2",512,0,0,24,0,128,"SQ_BUSY_CYCLES",555439008.000000,26878921139558,26878922322264
78,78,"Agent 2",1,82892,82892,131072,10,"wmma_k2",512,0,0,24,0,128,"SQ_CYCLES",555439520.000000,26878921139558,26878922322264
78,78,"Agent 2",1,82892,82892,131072,10,"wmma_k2",512,0,0,24,0,128,"SQ_WAVES",4096.000000,26878921139558,26878922322264
79,79,"Agent 2",1,82892,82892,6144,30,"__amd_rocclr_fillBufferAligned",256,0,0,8,0,128,"GRBM_COUNT",139835.000000,26878922952115,26878922956343
79,79,"Agent 2",1,82892,82892,6144,30,"__amd_rocclr_fillBufferAligned",256,0,0,8,0,128,"GRBM_GUI_ACTIVE",139835.000000,26878922952115,26878922956343
79,79,"Agent 2",1,82892,82892,6144,30,"__amd_rocclr_fillBufferAligned",256,0,0,8,0,128,"SQ_BUSY_CYCLES",4474720.000000,26878922952115,26878922956343
79,79,"Agent 2",1,82892,82892,6144,30,"__amd_rocclr_fillBufferAligned",256,0,0,8,0,128,"SQ_CYCLES",4475232.000000,26878922952115,26878922956343
79,79,"Agent 2",1,82892,82892,6144,30,"__amd_rocclr_fillBufferAligned",256,0,0,8,0,128,"SQ_WAVES",192.000000,26878922952115,26878922956343
80,80,"Agent 2",1,82892,82892,131072,10,"wmma_k2",512,0,0,24,0,128,"GRBM_COUNT",17309758.000000,26878923289440,26878924448525
80,80,"Agent 2",1,82892,82892,131072,10,"wmma_k2",512,0,0,24,0,128,"GRBM_GUI_ACTIVE",17309758.000000,26878923289440,26878924448525
80,80,"Agent 2",1,82892,82892,131072,10,"wmma_k2",512,0,0,24,0,128,"SQ_BUSY_CYCLES",553912256.000000,26878923289440,26878924448525
80,80,"Agent 2",1,82892,82892,131072,10,"wmma_k2",512,0,0,24,0,128,"SQ_CYCLES",553912768.000000,26878923289440,26878924448525
80,80,"Agent 2",1,82892,82892,131072,10,"wmma_k2",512,0,0,24,0,128,"SQ_WAVES",4096.000000,26878923289440,26878924448525
81,81,"Agent 2",1,82892,82892,6144,30,"__amd_rocclr_fillBufferAligned",256,0,0,8,0,128,"GRBM_COUNT",147412.000000,26878925074094,26878925078214
81,81,"Agent 2",1,82892,82892,6144,30,"__amd_rocclr_fillBufferAligned",256,0,0,8,0,128,"GRBM_GUI_ACTIVE",147412.000000,26878925074094,26878925078214
81,81,"Agent 2",1,82892,82892,6144,30,"__amd_rocclr_fillBufferAligned",256,0,0,8,0,128,"SQ_BUSY_CYCLES",4717184.000000,26878925074094,26878925078214
81,81,"Agent 2",1,82892,82892,6144,30,"__amd_rocclr_fillBufferAligned",256,0,0,8,0,128,"SQ_CYCLES",4717696.000000,26878925074094,26878925078214
81,81,"Agent 2",1,82892,82892,6144,30,"__amd_rocclr_fillBufferAligned",256,0,0,8,0,128,"SQ_WAVES",192.000000,26878925074094,26878925078214
82,82,"Agent 2",1,82892,82892,131072,10,"wmma_k2",512,0,0,24,0,128,"GRBM_COUNT",17395941.000000,26878925416982,26878926573965
82,82,"Agent 2",1,82892,82892,131072,10,"wmma_k2",512,0,0,24,0,128,"GRBM_GUI_ACTIVE",17395941.000000,26878925416982,26878926573965
82,82,"Agent 2",1,82892,82892,131072,10,"wmma_k2",512,0,0,24,0,128,"SQ_BUSY_CYCLES",556670112.000000,26878925416982,26878926573965
82,82,"Agent 2",1,82892,82892,131072,10,"wmma_k2",512,0,0,24,0,128,"SQ_CYCLES",556670624.000000,26878925416982,26878926573965
82,82,"Agent 2",1,82892,82892,131072,10,"wmma_k2",512,0,0,24,0,128,"SQ_WAVES",4096.000000,26878925416982,26878926573965
83,83,"Agent 2",1,82892,82892,6144,30,"__amd_rocclr_fillBufferAligned",256,0,0,8,0,128,"GRBM_COUNT",143410.000000,26878927198926,26878927199494
83,83,"Agent 2",1,82892,82892,6144,30,"__amd_rocclr_fillBufferAligned",256,0,0,8,0,128,"GRBM_GUI_ACTIVE",143410.000000,26878927198926,26878927199494
83,83,"Agent 2",1,82892,82892,6144,30,"__amd_rocclr_fillBufferAligned",256,0,0,8,0,128,"SQ_BUSY_CYCLES",4589120.000000,26878927198926,26878927199494
83,83,"Agent 2",1,82892,82892,6144,30,"__amd_rocclr_fillBufferAligned",256,0,0,8,0,128,"SQ_CYCLES",4589632.000000,26878927198926,26878927199494
83,83,"Agent 2",1,82892,82892,6144,30,"__amd_rocclr_fillBufferAligned",256,0,0,8,0,128,"SQ_WAVES",192.000000,26878927198926,26878927199494
84,84,"Agent 2",1,82892,82892,131072,10,"wmma_k2",512,0,0,24,0,128,"GRBM_COUNT",17397065.000000,26878927529120,26878928691905
84,84,"Agent 2",1,82892,82892,131072,10,"wmma_k2",512,0,0,24,0,128,"GRBM_GUI_ACTIVE",17397065.000000,26878927529120,26878928691905
84,84,"Agent 2",1,82892,82892,131072,10,"wmma_k2",512,0,0,24,0,128,"SQ_BUSY_CYCLES",556706080.000000,26878927529120,26878928691905
84,84,"Agent 2",1,82892,82892,131072,10,"wmma_k2",512,0,0,24,0,128,"SQ_CYCLES",556706592.000000,26878927529120,26878928691905
84,84,"Agent 2",1,82892,82892,131072,10,"wmma_k2",512,0,0,24,0,128,"SQ_WAVES",4096.000000,26878927529120,26878928691905
85,85,"Agent 2",1,82892,82892,1536,30,"__amd_rocclr_fillBufferAligned",256,0,0,8,0,128,"GRBM_COUNT",135983.000000,26878929512603,26878929522267
85,85,"Agent 2",1,82892,82892,1536,30,"__amd_rocclr_fillBufferAligned",256,0,0,8,0,128,"GRBM_GUI_ACTIVE",135983.000000,26878929512603,26878929522267
85,85,"Agent 2",1,82892,82892,1536,30,"__amd_rocclr_fillBufferAligned",256,0,0,8,0,128,"SQ_BUSY_CYCLES",4351456.000000,26878929512603,26878929522267
85,85,"Agent 2",1,82892,82892,1536,30,"__amd_rocclr_fillBufferAligned",256,0,0,8,0,128,"SQ_CYCLES",4351968.000000,26878929512603,26878929522267
85,85,"Agent 2",1,82892,82892,1536,30,"__amd_rocclr_fillBufferAligned",256,0,0,8,0,128,"SQ_WAVES",48.000000,26878929512603,26878929522267
86,86,"Agent 2",1,82892,82892,32768,4,"wmma_k4",128,0,0,32,0,128,"GRBM_COUNT",17646064.000000,26878929864279,26878931059339
86,86,"Agent 2",1,82892,82892,32768,4,"wmma_k4",128,0,0,32,0,128,"GRBM_GUI_ACTIVE",17646064.000000,26878929864279,26878931059339
86,86,"Agent 2",1,82892,82892,32768,4,"wmma_k4",128,0,0,32,0,128,"SQ_BUSY_CYCLES",564674048.000000,26878929864279,26878931059339
86,86,"Agent 2",1,82892,82892,32768,4,"wmma_k4",128,0,0,32,0,128,"SQ_CYCLES",564674560.000000,26878929864279,26878931059339
86,86,"Agent 2",1,82892,82892,32768,4,"wmma_k4",128,0,0,32,0,128,"SQ_WAVES",1024.000000,26878929864279,26878931059339
87,87,"Agent 2",1,82892,82892,1536,30,"__amd_rocclr_fillBufferAligned",256,0,0,8,0,128,"GRBM_COUNT",137111.000000,26878931450845,26878931463695
87,87,"Agent 2",1,82892,82892,1536,30,"__amd_rocclr_fillBufferAligned",256,0,0,8,0,128,"GRBM_GUI_ACTIVE",137111.000000,26878931450845,26878931463695
87,87,"Agent 2",1,82892,82892,1536,30,"__amd_rocclr_fillBufferAligned",256,0,0,8,0,128,"SQ_BUSY_CYCLES",4387552.000000,26878931450845,26878931463695
87,87,"Agent 2",1,82892,82892,1536,30,"__amd_rocclr_fillBufferAligned",256,0,0,8,0,128,"SQ_CYCLES",4388064.000000,26878931450845,26878931463695
87,87,"Agent 2",1,82892,82892,1536,30,"__amd_rocclr_fillBufferAligned",256,0,0,8,0,128,"SQ_WAVES",48.000000,26878931450845,26878931463695
88,88,"Agent 2",1,82892,82892,32768,4,"wmma_k4",128,0,0,32,0,128,"GRBM_COUNT",17621243.000000,26878931797456,26878933069858
88,88,"Agent 2",1,82892,82892,32768,4,"wmma_k4",128,0,0,32,0,128,"GRBM_GUI_ACTIVE",17621243.000000,26878931797456,26878933069858
88,88,"Agent 2",1,82892,82892,32768,4,"wmma_k4",128,0,0,32,0,128,"SQ_BUSY_CYCLES",563879776.000000,26878931797456,26878933069858
88,88,"Agent 2",1,82892,82892,32768,4,"wmma_k4",128,0,0,32,0,128,"SQ_CYCLES",563880288.000000,26878931797456,26878933069858
88,88,"Agent 2",1,82892,82892,32768,4,"wmma_k4",128,0,0,32,0,128,"SQ_WAVES",1024.000000,26878931797456,26878933069858
89,89,"Agent 2",1,82892,82892,1536,30,"__amd_rocclr_fillBufferAligned",256,0,0,8,0,128,"GRBM_COUNT",145823.000000,26878933462073,26878933462953
89,89,"Agent 2",1,82892,82892,1536,30,"__amd_rocclr_fillBufferAligned",256,0,0,8,0,128,"GRBM_GUI_ACTIVE",145823.000000,26878933462073,26878933462953
89,89,"Agent 2",1,82892,82892,1536,30,"__amd_rocclr_fillBufferAligned",256,0,0,8,0,128,"SQ_BUSY_CYCLES",4666336.000000,26878933462073,26878933462953
89,89,"Agent 2",1,82892,82892,1536,30,"__amd_rocclr_fillBufferAligned",256,0,0,8,0,128,"SQ_CYCLES",4666848.000000,26878933462073,26878933462953
89,89,"Agent 2",1,82892,82892,1536,30,"__amd_rocclr_fillBufferAligned",256,0,0,8,0,128,"SQ_WAVES",48.000000,26878933462073,26878933462953
90,90,"Agent 2",1,82892,82892,32768,4,"wmma_k4",128,0,0,32,0,128,"GRBM_COUNT",17702355.000000,26878933797225,26878935036856
90,90,"Agent 2",1,82892,82892,32768,4,"wmma_k4",128,0,0,32,0,128,"GRBM_GUI_ACTIVE",17702355.000000,26878933797225,26878935036856
90,90,"Agent 2",1,82892,82892,32768,4,"wmma_k4",128,0,0,32,0,128,"SQ_BUSY_CYCLES",566475360.000000,26878933797225,26878935036856
90,90,"Agent 2",1,82892,82892,32768,4,"wmma_k4",128,0,0,32,0,128,"SQ_CYCLES",566475872.000000,26878933797225,26878935036856
90,90,"Agent 2",1,82892,82892,32768,4,"wmma_k4",128,0,0,32,0,128,"SQ_WAVES",1024.000000,26878933797225,26878935036856
91,91,"Agent 2",1,82892,82892,1536,30,"__amd_rocclr_fillBufferAligned",256,0,0,8,0,128,"GRBM_COUNT",182996.000000,26878935484208,26878935486732
91,91,"Agent 2",1,82892,82892,1536,30,"__amd_rocclr_fillBufferAligned",256,0,0,8,0,128,"GRBM_GUI_ACTIVE",182996.000000,26878935484208,26878935486732
91,91,"Agent 2",1,82892,82892,1536,30,"__amd_rocclr_fillBufferAligned",256,0,0,8,0,128,"SQ_BUSY_CYCLES",5855872.000000,26878935484208,26878935486732
91,91,"Agent 2",1,82892,82892,1536,30,"__amd_rocclr_fillBufferAligned",256,0,0,8,0,128,"SQ_CYCLES",5856384.000000,26878935484208,26878935486732
91,91,"Agent 2",1,82892,82892,1536,30,"__amd_rocclr_fillBufferAligned",256,0,0,8,0,128,"SQ_WAVES",48.000000,26878935484208,26878935486732
92,92,"Agent 2",1,82892,82892,32768,4,"wmma_k4",128,0,0,32,0,128,"GRBM_COUNT",17601505.000000,26878935815787,26878937063615
92,92,"Agent 2",1,82892,82892,32768,4,"wmma_k4",128,0,0,32,0,128,"GRBM_GUI_ACTIVE",17601505.000000,26878935815787,26878937063615
92,92,"Agent 2",1,82892,82892,32768,4,"wmma_k4",128,0,0,32,0,128,"SQ_BUSY_CYCLES",563248160.000000,26878935815787,26878937063615
92,92,"Agent 2",1,82892,82892,32768,4,"wmma_k4",128,0,0,32,0,128,"SQ_CYCLES",563248672.000000,26878935815787,26878937063615
92,92,"Agent 2",1,82892,82892,32768,4,"wmma_k4",128,0,0,32,0,128,"SQ_WAVES",1024.000000,26878935815787,26878937063615
93,93,"Agent 2",1,82892,82892,1536,30,"__amd_rocclr_fillBufferAligned",256,0,0,8,0,128,"GRBM_COUNT",133088.000000,26878937508842,26878937509491
93,93,"Agent 2",1,82892,82892,1536,30,"__amd_rocclr_fillBufferAligned",256,0,0,8,0,128,"GRBM_GUI_ACTIVE",133088.000000,26878937508842,26878937509491
93,93,"Agent 2",1,82892,82892,1536,30,"__amd_rocclr_fillBufferAligned",256,0,0,8,0,128,"SQ_BUSY_CYCLES",4258816.000000,26878937508842,26878937509491
93,93,"Agent 2",1,82892,82892,1536,30,"__amd_rocclr_fillBufferAligned",256,0,0,8,0,128,"SQ_CYCLES",4259328.000000,26878937508842,26878937509491
93,93,"Agent 2",1,82892,82892,1536,30,"__amd_rocclr_fillBufferAligned",256,0,0,8,0,128,"SQ_WAVES",48.000000,26878937508842,26878937509491
94,94,"Agent 2",1,82892,82892,32768,4,"wmma_k4",128,0,0,32,0,128,"GRBM_COUNT",17671782.000000,26878937837292,26878939085924
94,94,"Agent 2",1,82892,82892,32768,4,"wmma_k4",128,0,0,32,0,128,"GRBM_GUI_ACTIVE",17671782.000000,26878937837292,26878939085924
94,94,"Agent 2",1,82892,82892,32768,4,"wmma_k4",128,0,0,32,0,128,"SQ_BUSY_CYCLES",565497024.000000,26878937837292,26878939085924
94,94,"Agent 2",1,82892,82892,32768,4,"wmma_k4",128,0,0,32,0,128,"SQ_CYCLES",565497536.000000,26878937837292,26878939085924
94,94,"Agent 2",1,82892,82892,32768,4,"wmma_k4",128,0,0,32,0,128,"SQ_WAVES",1024.000000,26878937837292,26878939085924
95,95,"Agent 2",1,82892,82892,1536,30,"__amd_rocclr_fillBufferAligned",256,0,0,8,0,128,"GRBM_COUNT",135301.000000,26878939525419,26878939529180
95,95,"Agent 2",1,82892,82892,1536,30,"__amd_rocclr_fillBufferAligned",256,0,0,8,0,128,"GRBM_GUI_ACTIVE",135301.000000,26878939525419,26878939529180
95,95,"Agent 2",1,82892,82892,1536,30,"__amd_rocclr_fillBufferAligned",256,0,0,8,0,128,"SQ_BUSY_CYCLES",4329632.000000,26878939525419,26878939529180
95,95,"Agent 2",1,82892,82892,1536,30,"__amd_rocclr_fillBufferAligned",256,0,0,8,0,128,"SQ_CYCLES",4330144.000000,26878939525419,26878939529180
95,95,"Agent 2",1,82892,82892,1536,30,"__amd_rocclr_fillBufferAligned",256,0,0,8,0,128,"SQ_WAVES",48.000000,26878939525419,26878939529180
96,96,"Agent 2",1,82892,82892,32768,4,"wmma_k4",128,0,0,32,0,128,"GRBM_COUNT",17616764.000000,26878939865548,26878941094712
96,96,"Agent 2",1,82892,82892,32768,4,"wmma_k4",128,0,0,32,0,128,"GRBM_GUI_ACTIVE",17616764.000000,26878939865548,26878941094712
96,96,"Agent 2",1,82892,82892,32768,4,"wmma_k4",128,0,0,32,0,128,"SQ_BUSY_CYCLES",563736448.000000,26878939865548,26878941094712
96,96,"Agent 2",1,82892,82892,32768,4,"wmma_k4",128,0,0,32,0,128,"SQ_CYCLES",563736960.000000,26878939865548,26878941094712
96,96,"Agent 2",1,82892,82892,32768,4,"wmma_k4",128,0,0,32,0,128,"SQ_WAVES",1024.000000,26878939865548,26878941094712
97,97,"Agent 2",1,82892,82892,1536,30,"__amd_rocclr_fillBufferAligned",256,0,0,8,0,128,"GRBM_COUNT",133085.000000,26878941539687,26878941540349
97,97,"Agent 2",1,82892,82892,1536,30,"__amd_rocclr_fillBufferAligned",256,0,0,8,0,128,"GRBM_GUI_ACTIVE",133085.000000,26878941539687,26878941540349
97,97,"Agent 2",1,82892,82892,1536,30,"__amd_rocclr_fillBufferAligned",256,0,0,8,0,128,"SQ_BUSY_CYCLES",4258720.000000,26878941539687,26878941540349
97,97,"Agent 2",1,82892,82892,1536,30,"__amd_rocclr_fillBufferAligned",256,0,0,8,0,128,"SQ_CYCLES",4259232.000000,26878941539687,26878941540349
97,97,"Agent 2",1,82892,82892,1536,30,"__amd_rocclr_fillBufferAligned",256,0,0,8,0,128,"SQ_WAVES",48.000000,26878941539687,26878941540349
98,98,"Agent 2",1,82892,82892,32768,4,"wmma_k4",128,0,0,32,0,128,"GRBM_COUNT",17662578.000000,26878941877679,26878943113521
98,98,"Agent 2",1,82892,82892,32768,4,"wmma_k4",128,0,0,32,0,128,"GRBM_GUI_ACTIVE",17662578.000000,26878941877679,26878943113521
98,98,"Agent 2",1,82892,82892,32768,4,"wmma_k4",128,0,0,32,0,128,"SQ_BUSY_CYCLES",565202496.000000,26878941877679,26878943113521
98,98,"Agent 2",1,82892,82892,32768,4,"wmma_k4",128,0,0,32,0,128,"SQ_CYCLES",565203008.000000,26878941877679,26878943113521
98,98,"Agent 2",1,82892,82892,32768,4,"wmma_k4",128,0,0,32,0,128,"SQ_WAVES",1024.000000,26878941877679,26878943113521
99,99,"Agent 2",1,82892,82892,3072,30,"__amd_rocclr_fillBufferAligned",256,0,0,8,0,128,"GRBM_COUNT",138139.000000,26878943684245,26878943687909
99,99,"Agent 2",1,82892,82892,3072,30,"__amd_rocclr_fillBufferAligned",256,0,0,8,0,128,"GRBM_GUI_ACTIVE",138139.000000,26878943684245,26878943687909
99,99,"Agent 2",1,82892,82892,3072,30,"__amd_rocclr_fillBufferAligned",256,0,0,8,0,128,"SQ_BUSY_CYCLES",4420448.000000,26878943684245,26878943687909
99,99,"Agent 2",1,82892,82892,3072,30,"__amd_rocclr_fillBufferAligned",256,0,0,8,0,128,"SQ_CYCLES",4420960.000000,26878943684245,26878943687909
99,99,"Agent 2",1,82892,82892,3072,30,"__amd_rocclr_fillBufferAligned",256,0,0,8,0,128,"SQ_WAVES",96.000000,26878943684245,26878943687909
100,100,"Agent 2",1,82892,82892,65536,4,"wmma_k4",256,0,0,32,0,128,"GRBM_COUNT",17446501.000000,26878944022509,26878945239012
100,100,"Agent 2",1,82892,82892,65536,4,"wmma_k4",256,0,0,32,0,128,"GRBM_GUI_ACTIVE",17446501.000000,26878944022509,26878945239012
100,100,"Agent 2",1,82892,82892,65536,4,"wmma_k4",256,0,0,32,0,128,"SQ_BUSY_CYCLES",558288032.000000,26878944022509,26878945239012
100,100,"Agent 2",1,82892,82892,65536,4,"wmma_k4",256,0,0,32,0,128,"SQ_CYCLES",558288544.000000,26878944022509,26878945239012
100,100,"Agent 2",1,82892,82892,65536,4,"wmma_k4",256,0,0,32,0,128,"SQ_WAVES",2048.000000,26878944022509,26878945239012
101,101,"Agent 2",1,82892,82892,3072,30,"__amd_rocclr_fillBufferAligned",256,0,0,8,0,128,"GRBM_COUNT",137661.000000,26878945634992,26878945635707
101,101,"Agent 2",1,82892,82892,3072,30,"__amd_rocclr_fillBufferAligned",256,0,0,8,0,128,"GRBM_GUI_ACTIVE",137661.000000,26878945634992,26878945635707
101,101,"Agent 2",1,82892,82892,3072,30,"__amd_rocclr_fillBufferAligned",256,0,0,8,0,128,"SQ_BUSY_CYCLES",4405152.000000,26878945634992,26878945635707
101,101,"Agent 2",1,82892,82892,3072,30,"__amd_rocclr_fillBufferAligned",256,0,0,8,0,128,"SQ_CYCLES",4405664.000000,26878945634992,26878945635707
101,101,"Agent 2",1,82892,82892,3072,30,"__amd_rocclr_fillBufferAligned",256,0,0,8,0,128,"SQ_WAVES",96.000000,26878945634992,26878945635707
102,102,"Agent 2",1,82892,82892,65536,4,"wmma_k4",256,0,0,32,0,128,"GRBM_COUNT",17431007.000000,26878945969663,26878947184859
102,102,"Agent 2",1,82892,82892,65536,4,"wmma_k4",256,0,0,32,0,128,"GRBM_GUI_ACTIVE",17431007.000000,26878945969663,26878947184859
102,102,"Agent 2",1,82892,82892,65536,4,"wmma_k4",256,0,0,32,0,128,"SQ_BUSY_CYCLES",557792224.000000,26878945969663,26878947184859
102,102,"Agent 2",1,82892,82892,65536,4,"wmma_k4",256,0,0,32,0,128,"SQ_CYCLES",557792736.000000,26878945969663,26878947184859
102,102,"Agent 2",1,82892,82892,65536,4,"wmma_k4",256,0,0,32,0,128,"SQ_WAVES",2048.000000,26878945969663,26878947184859
103,103,"Agent 2",1,82892,82892,3072,30,"__amd_rocclr_fillBufferAligned",256,0,0,8,0,128,"GRBM_COUNT",143725.000000,26878947592137,26878947598645
103,103,"Agent 2",1,82892,82892,3072,30,"__amd_rocclr_fillBufferAligned",256,0,0,8,0,128,"GRBM_GUI_ACTIVE",143725.000000,26878947592137,26878947598645
103,103,"Agent 2",1,82892,82892,3072,30,"__amd_rocclr_fillBufferAligned",256,0,0,8,0,128,"SQ_BUSY_CYCLES",4599200.000000,26878947592137,26878947598645
103,103,"Agent 2",1,82892,82892,3072,30,"__amd_rocclr_fillBufferAligned",256,0,0,8,0,128,"SQ_CYCLES",4599712.000000,26878947592137,26878947598645
103,103,"Agent 2",1,82892,82892,3072,30,"__amd_rocclr_fillBufferAligned",256,0,0,8,0,128,"SQ_WAVES",96.000000,26878947592137,26878947598645
104,104,"Agent 2",1,82892,82892,65536,4,"wmma_k4",256,0,0,32,0,128,"GRBM_COUNT",17447565.000000,26878947945547,26878949170138
104,104,"Agent 2",1,82892,82892,65536,4,"wmma_k4",256,0,0,32,0,128,"GRBM_GUI_ACTIVE",17447565.000000,26878947945547,26878949170138
104,104,"Agent 2",1,82892,82892,65536,4,"wmma_k4",256,0,0,32,0,128,"SQ_BUSY_CYCLES",558322080.000000,26878947945547,26878949170138
104,104,"Agent 2",1,82892,82892,65536,4,"wmma_k4",256,0,0,32,0,128,"SQ_CYCLES",558322592.000000,26878947945547,26878949170138
104,104,"Agent 2",1,82892,82892,65536,4,"wmma_k4",256,0,0,32,0,128,"SQ_WAVES",2048.000000,26878947945547,26878949170138
105,105,"Agent 2",1,82892,82892,3072,30,"__amd_rocclr_fillBufferAligned",256,0,0,8,0,128,"GRBM_COUNT",139219.000000,26878949711708,26878949715245
105,105,"Agent 2",1,82892,82892,3072,30,"__amd_rocclr_fillBufferAligned",256,0,0,8,0,128,"GRBM_GUI_ACTIVE",139219.000000,26878949711708,26878949715245
105,105,"Agent 2",1,82892,82892,3072,30,"__amd_rocclr_fillBufferAligned",256,0,0,8,0,128,"SQ_BUSY_CYCLES",4455008.000000,26878949711708,26878949715245
105,105,"Agent 2",1,82892,82892,3072,30,"__amd_rocclr_fillBufferAligned",256,0,0,8,0,128,"SQ_CYCLES",4455520.000000,26878949711708,26878949715245
105,105,"Agent 2",1,82892,82892,3072,30,"__amd_rocclr_fillBufferAligned",256,0,0,8,0,128,"SQ_WAVES",96.000000,26878949711708,26878949715245
106,106,"Agent 2",1,82892,82892,65536,4,"wmma_k4",256,0,0,32,0,128,"GRBM_COUNT",17434898.000000,26878950058354,26878951265278
106,106,"Agent 2",1,82892,82892,65536,4,"wmma_k4",256,0,0,32,0,128,"GRBM_GUI_ACTIVE",17434898.000000,26878950058354,26878951265278
106,106,"Agent 2",1,82892,82892,65536,4,"wmma_k4",256,0,0,32,0,128,"SQ_BUSY_CYCLES",557916736.000000,26878950058354,26878951265278
106,106,"Agent 2",1,82892,82892,65536,4,"wmma_k4",256,0,0,32,0,128,"SQ_CYCLES",557917248.000000,26878950058354,26878951265278
106,106,"Agent 2",1,82892,82892,65536,4,"wmma_k4",256,0,0,32,0,128,"SQ_WAVES",2048.000000,26878950058354,26878951265278
107,107,"Agent 2",1,82892,82892,3072,30,"__amd_rocclr_fillBufferAligned",256,0,0,8,0,128,"GRBM_COUNT",137382.000000,26878951780971,26878951781665
107,107,"Agent 2",1,82892,82892,3072,30,"__amd_rocclr_fillBufferAligned",256,0,0,8,0,128,"GRBM_GUI_ACTIVE",137382.000000,26878951780971,26878951781665
107,107,"Agent 2",1,82892,82892,3072,30,"__amd_rocclr_fillBufferAligned",256,0,0,8,0,128,"SQ_BUSY_CYCLES",4396224.000000,26878951780971,26878951781665
107,107,"Agent 2",1,82892,82892,3072,30,"__amd_rocclr_fillBufferAligned",256,0,0,8,0,128,"SQ_CYCLES",4396736.000000,26878951780971,26878951781665
107,107,"Agent 2",1,82892,82892,3072,30,"__amd_rocclr_fillBufferAligned",256,0,0,8,0,128,"SQ_WAVES",96.000000,26878951780971,26878951781665
108,108,"Agent 2",1,82892,82892,65536,4,"wmma_k4",256,0,0,32,0,128,"GRBM_COUNT",17423143.000000,26878952111265,26878953320887
108,108,"Agent 2",1,82892,82892,65536,4,"wmma_k4",256,0,0,32,0,128,"GRBM_GUI_ACTIVE",17423143.000000,26878952111265,26878953320887
108,108,"Agent 2",1,82892,82892,65536,4,"wmma_k4",256,0,0,32,0,128,"SQ_BUSY_CYCLES",557540576.000000,26878952111265,26878953320887
108,108,"Agent 2",1,82892,82892,65536,4,"wmma_k4",256,0,0,32,0,128,"SQ_CYCLES",557541088.000000,26878952111265,26878953320887
108,108,"Agent 2",1,82892,82892,65536,4,"wmma_k4",256,0,0,32,0,128,"SQ_WAVES",2048.000000,26878952111265,26878953320887
109,109,"Agent 2",1,82892,82892,3072,30,"__amd_rocclr_fillBufferAligned",256,0,0,8,0,128,"GRBM_COUNT",140668.000000,26878953818258,26878953821674
109,109,"Agent 2",1,82892,82892,3072,30,"__amd_rocclr_fillBufferAligned",256,0,0,8,0,128,"GRBM_GUI_ACTIVE",140668.000000,26878953818258,26878953821674
109,109,"Agent 2",1,82892,82892,3072,30,"__amd_rocclr_fillBufferAligned",256,0,0,8,0,128,"SQ_BUSY_CYCLES",4501376.000000,26878953818258,26878953821674
109,109,"Agent 2",1,82892,82892,3072,30,"__amd_rocclr_fillBufferAligned",256,0,0,8,0,128,"SQ_CYCLES",4501888.000000,26878953818258,26878953821674
109,109,"Agent 2",1,82892,82892,3072,30,"__amd_rocclr_fillBufferAligned",256,0,0,8,0,128,"SQ_WAVES",96.000000,26878953818258,26878953821674
110,110,"Agent 2",1,82892,82892,65536,4,"wmma_k4",256,0,0,32,0,128,"GRBM_COUNT",17365853.000000,26878954167611,26878955347716
110,110,"Agent 2",1,82892,82892,65536,4,"wmma_k4",256,0,0,32,0,128,"GRBM_GUI_ACTIVE",17365853.000000,26878954167611,26878955347716
110,110,"Agent 2",1,82892,82892,65536,4,"wmma_k4",256,0,0,32,0,128,"SQ_BUSY_CYCLES",555707296.000000,26878954167611,26878955347716
110,110,"Agent 2",1,82892,82892,65536,4,"wmma_k4",256,0,0,32,0,128,"SQ_CYCLES",555707808.000000,26878954167611,26878955347716
110,110,"Agent 2",1,82892,82892,65536,4,"wmma_k4",256,0,0,32,0,128,"SQ_WAVES",2048.000000,26878954167611,26878955347716
111,111,"Agent 2",1,82892,82892,3072,30,"__amd_rocclr_fillBufferAligned",256,0,0,8,0,128,"GRBM_COUNT",138249.000000,26878955862848,26878955863553
111,111,"Agent 2",1,82892,82892,3072,30,"__amd_rocclr_fillBufferAligned",256,0,0,8,0,128,"GRBM_GUI_ACTIVE",138249.000000,26878955862848,26878955863553
111,111,"Agent 2",1,82892,82892,3072,30,"__amd_rocclr_fillBufferAligned",256,0,0,8,0,128,"SQ_BUSY_CYCLES",4423968.000000,26878955862848,26878955863553
111,111,"Agent 2",1,82892,82892,3072,30,"__amd_rocclr_fillBufferAligned",256,0,0,8,0,128,"SQ_CYCLES",4424480.000000,26878955862848,26878955863553
111,111,"Agent 2",1,82892,82892,3072,30,"__amd_rocclr_fillBufferAligned",256,0,0,8,0,128,"SQ_WAVES",96.000000,26878955862848,26878955863553
112,112,"Agent 2",1,82892,82892,65536,4,"wmma_k4",256,0,0,32,0,128,"GRBM_COUNT",17417061.000000,26878956201265,26878957385795
112,112,"Agent 2",1,82892,82892,65536,4,"wmma_k4",256,0,0,32,0,128,"GRBM_GUI_ACTIVE",17417061.000000,26878956201265,26878957385795
112,112,"Agent 2",1,82892,82892,65536,4,"wmma_k4",256,0,0,32,0,128,"SQ_BUSY_CYCLES",557345952.000000,26878956201265,26878957385795
112,112,"Agent 2",1,82892,82892,65536,4,"wmma_k4",256,0,0,32,0,128,"SQ_CYCLES",557346464.000000,26878956201265,26878957385795
112,112,"Agent 2",1,82892,82892,65536,4,"wmma_k4",256,0,0,32,0,128,"SQ_WAVES",2048.000000,26878956201265,26878957385795
113,113,"Agent 2",1,82892,82892,6144,30,"__amd_rocclr_fillBufferAligned",256,0,0,8,0,128,"GRBM_COUNT",141611.000000,26878957983180,26878957983583
113,113,"Agent 2",1,82892,82892,6144,30,"__amd_rocclr_fillBufferAligned",256,0,0,8,0,128,"GRBM_GUI_ACTIVE",141611.000000,26878957983180,26878957983583
113,113,"Agent 2",1,82892,82892,6144,30,"__amd_rocclr_fillBufferAligned",256,0,0,8,0,128,"SQ_BUSY_CYCLES",4531552.000000,26878957983180,26878957983583
113,113,"Agent 2",1,82892,82892,6144,30,"__amd_rocclr_fillBufferAligned",256,0,0,8,0,128,"SQ_CYCLES",4532064.000000,26878957983180,26878957983583
113,113,"Agent 2",1,82892,82892,6144,30,"__amd_rocclr_fillBufferAligned",256,0,0,8,0,128,"SQ_WAVES",192.000000,26878957983180,26878957983583
114,114,"Agent 2",1,82892,82892,131072,4,"wmma_k4",512,0,0,32,0,128,"GRBM_COUNT",17298654.000000,26878958327398,26878959491535
114,114,"Agent 2",1,82892,82892,131072,4,"wmma_k4",512,0,0,32,0,128,"GRBM_GUI_ACTIVE",17298654.000000,26878958327398,26878959491535
114,114,"Agent 2",1,82892,82892,131072,4,"wmma_k4",512,0,0,32,0,128,"SQ_BUSY_CYCLES",488213427.000000,26878958327398,26878959491535
114,114,"Agent 2",1,82892,82892,131072,4,"wmma_k4",512,0,0,32,0,128,"SQ_CYCLES",553557440.000000,26878958327398,26878959491535
114,114,"Agent 2",1,82892,82892,131072,4,"wmma_k4",512,0,0,32,0,128,"SQ_WAVES",4096.000000,26878958327398,26878959491535
115,115,"Agent 2",1,82892,82892,6144,30,"__amd_rocclr_fillBufferAligned",256,0,0,8,0,128,"GRBM_COUNT",141853.000000,26878959890666,26878959891381
115,115,"Agent 2",1,82892,82892,6144,30,"__amd_rocclr_fillBufferAligned",256,0,0,8,0,128,"GRBM_GUI_ACTIVE",141853.000000,26878959890666,26878959891381
115,115,"Agent 2",1,82892,82892,6144,30,"__amd_rocclr_fillBufferAligned",256,0,0,8,0,128,"SQ_BUSY_CYCLES",4539261.000000,26878959890666,26878959891381
115,115,"Agent 2",1,82892,82892,6144,30,"__amd_rocclr_fillBufferAligned",256,0,0,8,0,128,"SQ_CYCLES",4539808.000000,26878959890666,26878959891381
115,115,"Agent 2",1,82892,82892,6144,30,"__amd_rocclr_fillBufferAligned",256,0,0,8,0,128,"SQ_WAVES",192.000000,26878959890666,26878959891381
116,116,"Agent 2",1,82892,82892,131072,4,"wmma_k4",512,0,0,32,0,128,"GRBM_COUNT",17308679.000000,26878960228296,26878961392662
116,116,"Agent 2",1,82892,82892,131072,4,"wmma_k4",512,0,0,32,0,128,"GRBM_GUI_ACTIVE",17308679.000000,26878960228296,26878961392662
116,116,"Agent 2",1,82892,82892,131072,4,"wmma_k4",512,0,0,32,0,128,"SQ_BUSY_CYCLES",553874215.000000,26878960228296,26878961392662
116,116,"Agent 2",1,82892,82892,131072,4,"wmma_k4",512,0,0,32,0,128,"SQ_CYCLES",553878240.000000,26878960228296,26878961392662
116,116,"Agent 2",1,82892,82892,131072,4,"wmma_k4",512,0,0,32,0,128,"SQ_WAVES",4096.000000,26878960228296,26878961392662
117,117,"Agent 2",1,82892,82892,6144,30,"__amd_rocclr_fillBufferAligned",256,0,0,8,0,128,"GRBM_COUNT",144759.000000,26878961786384,26878961789648
117,117,"Agent 2",1,82892,82892,6144,30,"__amd_rocclr_fillBufferAligned",256,0,0,8,0,128,"GRBM_GUI_ACTIVE",144759.000000,26878961786384,26878961789648
117,117,"Agent 2",1,82892,82892,6144,30,"__amd_rocclr_fillBufferAligned",256,0,0,8,0,128,"SQ_BUSY_CYCLES",4632288.000000,26878961786384,26878961789648
117,117,"Agent 2",1,82892,82892,6144,30,"__amd_rocclr_fillBufferAligned",256,0,0,8,0,128,"SQ_CYCLES",4632800.000000,26878961786384,26878961789648
117,117,"Agent 2",1,82892,82892,6144,30,"__amd_rocclr_fillBufferAligned",256,0,0,8,0,128,"SQ_WAVES",192.000000,26878961786384,26878961789648
118,118,"Agent 2",1,82892,82892,131072,4,"wmma_k4",512,0,0,32,0,128,"GRBM_COUNT",17260786.000000,26878962133346,26878963308610
118,118,"Agent 2",1,82892,82892,131072,4,"wmma_k4",512,0,0,32,0,128,"GRBM_GUI_ACTIVE",17260786.000000,26878962133346,26878963308610
118,118,"Agent 2",1,82892,82892,131072,4,"wmma_k4",512,0,0,32,0,128,"SQ_BUSY_CYCLES",552345152.000000,26878962133346,26878963308610
118,118,"Agent 2",1,82892,82892,131072,4,"wmma_k4",512,0,0,32,0,128,"SQ_CYCLES",552345664.000000,26878962133346,26878963308610
118,118,"Agent 2",1,82892,82892,131072,4,"wmma_k4",512,0,0,32,0,128,"SQ_WAVES",4096.000000,26878962133346,26878963308610
119,119,"Agent 2",1,82892,82892,6144,30,"__amd_rocclr_fillBufferAligned",256,0,0,8,0,128,"GRBM_COUNT",135654.000000,26878963940503,26878963942588
119,119,"Agent 2",1,82892,82892,6144,30,"__amd_rocclr_fillBufferAligned",256,0,0,8,0,128,"GRBM_GUI_ACTIVE",135654.000000,26878963940503,26878963942588
119,119,"Agent 2",1,82892,82892,6144,30,"__amd_rocclr_fillBufferAligned",256,0,0,8,0,128,"SQ_BUSY_CYCLES",4340928.000000,26878963940503,26878963942588
119,119,"Agent 2",1,82892,82892,6144,30,"__amd_rocclr_fillBufferAligned",256,0,0,8,0,128,"SQ_CYCLES",4341440.000000,26878963940503,26878963942588
119,119,"Agent 2",1,82892,82892,6144,30,"__amd_rocclr_fillBufferAligned",256,0,0,8,0,128,"SQ_WAVES",192.000000,26878963940503,26878963942588
120,120,"Agent 2",1,82892,82892,131072,4,"wmma_k4",512,0,0,32,0,128,"GRBM_COUNT",17338435.000000,26878964284411,26878965459770
120,120,"Agent 2",1,82892,82892,131072,4,"wmma_k4",512,0,0,32,0,128,"GRBM_GUI_ACTIVE",17338435.000000,26878964284411,26878965459770
120,120,"Agent 2",1,82892,82892,131072,4,"wmma_k4",512,0,0,32,0,128,"SQ_BUSY_CYCLES",554829920.000000,26878964284411,26878965459770
120,120,"Agent 2",1,82892,82892,131072,4,"wmma_k4",512,0,0,32,0,128,"SQ_CYCLES",554830432.000000,26878964284411,26878965459770
120,120,"Agent 2",1,82892,82892,131072,4,"wmma_k4",512,0,0,32,0,128,"SQ_WAVES",4096.000000,26878964284411,26878965459770
121,121,"Agent 2",1,82892,82892,6144,30,"__amd_rocclr_fillBufferAligned",256,0,0,8,0,128,"GRBM_COUNT",146373.000000,26878966090853,26878966092669
121,121,"Agent 2",1,82892,82892,6144,30,"__amd_rocclr_fillBufferAligned",256,0,0,8,0,128,"GRBM_GUI_ACTIVE",146373.000000,26878966090853,26878966092669
121,121,"Agent 2",1,82892,82892,6144,30,"__amd_rocclr_fillBufferAligned",256,0,0,8,0,128,"SQ_BUSY_CYCLES",4683936.000000,26878966090853,26878966092669
121,121,"Agent 2",1,82892,82892,6144,30,"__amd_rocclr_fillBufferAligned",256,0,0,8,0,128,"SQ_CYCLES",4684448.000000,26878966090853,26878966092669
121,121,"Agent 2",1,82892,82892,6144,30,"__amd_rocclr_fillBufferAligned",256,0,0,8,0,128,"SQ_WAVES",192.000000,26878966090853,26878966092669
122,122,"Agent 2",1,82892,82892,131072,4,"wmma_k4",512,0,0,32,0,128,"GRBM_COUNT",17278756.000000,26878966433479,26878967589680
122,122,"Agent 2",1,82892,82892,131072,4,"wmma_k4",512,0,0,32,0,128,"GRBM_GUI_ACTIVE",17278756.000000,26878966433479,26878967589680
122,122,"Agent 2",1,82892,82892,131072,4,"wmma_k4",512,0,0,32,0,128,"SQ_BUSY_CYCLES",552920192.000000,26878966433479,26878967589680
122,122,"Agent 2",1,82892,82892,131072,4,"wmma_k4",512,0,0,32,0,128,"SQ_CYCLES",552920704.000000,26878966433479,26878967589680
122,122,"Agent 2",1,82892,82892,131072,4,"wmma_k4",512,0,0,32,0,128,"SQ_WAVES",4096.000000,26878966433479,26878967589680
123,123,"Agent 2",1,82892,82892,6144,30,"__amd_rocclr_fillBufferAligned",256,0,0,8,0,128,"GRBM_COUNT",147546.000000,26878968214681,26878968215089
123,123,"Agent 2",1,82892,82892,6144,30,"__amd_rocclr_fillBufferAligned",256,0,0,8,0,128,"GRBM_GUI_ACTIVE",147546.000000,26878968214681,26878968215089
123,123,"Agent 2",1,82892,82892,6144,30,"__amd_rocclr_fillBufferAligned",256,0,0,8,0,128,"SQ_BUSY_CYCLES",4721472.000000,26878968214681,26878968215089
123,123,"Agent 2",1,82892,82892,6144,30,"__amd_rocclr_fillBufferAligned",256,0,0,8,0,128,"SQ_CYCLES",4721984.000000,26878968214681,26878968215089
123,123,"Agent 2",1,82892,82892,6144,30,"__amd_rocclr_fillBufferAligned",256,0,0,8,0,128,"SQ_WAVES",192.000000,26878968214681,26878968215089
124,124,"Agent 2",1,82892,82892,131072,4,"wmma_k4",512,0,0,32,0,128,"GRBM_COUNT",17255730.000000,26878968555874,26878969704481
124,124,"Agent 2",1,82892,82892,131072,4,"wmma_k4",512,0,0,32,0,128,"GRBM_GUI_ACTIVE",17255730.000000,26878968555874,26878969704481
124,124,"Agent 2",1,82892,82892,131072,4,"wmma_k4",512,0,0,32,0,128,"SQ_BUSY_CYCLES",552183360.000000,26878968555874,26878969704481
124,124,"Agent 2",1,82892,82892,131072,4,"wmma_k4",512,0,0,32,0,128,"SQ_CYCLES",552183872.000000,26878968555874,26878969704481
124,124,"Agent 2",1,82892,82892,131072,4,"wmma_k4",512,0,0,32,0,128,"SQ_WAVES",4096.000000,26878968555874,26878969704481
125,125,"Agent 2",1,82892,82892,6144,30,"__amd_rocclr_fillBufferAligned",256,0,0,8,0,128,"GRBM_COUNT",148844.000000,26878970335602,26878970336340
125,125,"Agent 2",1,82892,82892,6144,30,"__amd_rocclr_fillBufferAligned",256,0,0,8,0,128,"GRBM_GUI_ACTIVE",148844.000000,26878970335602,26878970336340
125,125,"Agent 2",1,82892,82892,6144,30,"__amd_rocclr_fillBufferAligned",256,0,0,8,0,128,"SQ_BUSY_CYCLES",4763008.000000,26878970335602,26878970336340
125,125,"Agent 2",1,82892,82892,6144,30,"__amd_rocclr_fillBufferAligned",256,0,0,8,0,128,"SQ_CYCLES",4763520.000000,26878970335602,26878970336340
125,125,"Agent 2",1,82892,82892,6144,30,"__amd_rocclr_fillBufferAligned",256,0,0,8,0,128,"SQ_WAVES",192.000000,26878970335602,26878970336340
126,126,"Agent 2",1,82892,82892,131072,4,"wmma_k4",512,0,0,32,0,128,"GRBM_COUNT",17267848.000000,26878970662843,26878971847261
126,126,"Agent 2",1,82892,82892,131072,4,"wmma_k4",512,0,0,32,0,128,"GRBM_GUI_ACTIVE",17267848.000000,26878970662843,26878971847261
126,126,"Agent 2",1,82892,82892,131072,4,"wmma_k4",512,0,0,32,0,128,"SQ_BUSY_CYCLES",552571136.000000,26878970662843,26878971847261
126,126,"Agent 2",1,82892,82892,131072,4,"wmma_k4",512,0,0,32,0,128,"SQ_CYCLES",552571648.000000,26878970662843,26878971847261
126,126,"Agent 2",1,82892,82892,131072,4,"wmma_k4",512,0,0,32,0,128,"SQ_WAVES",4096.000000,26878970662843,26878971847261
127,127,"Agent 2",1,82892,82892,1536,30,"__amd_rocclr_fillBufferAligned",256,0,0,8,0,128,"GRBM_COUNT",135450.000000,26878972667529,26878972675493
127,127,"Agent 2",1,82892,82892,1536,30,"__amd_rocclr_fillBufferAligned",256,0,0,8,0,128,"GRBM_GUI_ACTIVE",135450.000000,26878972667529,26878972675493
127,127,"Agent 2",1,82892,82892,1536,30,"__amd_rocclr_fillBufferAligned",256,0,0,8,0,128,"SQ_BUSY_CYCLES",4334400.000000,26878972667529,26878972675493
127,127,"Agent 2",1,82892,82892,1536,30,"__amd_rocclr_fillBufferAligned",256,0,0,8,0,128,"SQ_CYCLES",4334912.000000,26878972667529,26878972675493
127,127,"Agent 2",1,82892,82892,1536,30,"__amd_rocclr_fillBufferAligned",256,0,0,8,0,128,"SQ_WAVES",48.000000,26878972667529,26878972675493
128,128,"Agent 2",1,82892,82892,32768,14,"wmma_k8",128,0,0,48,0,128,"GRBM_COUNT",17735815.000000,26878973012734,26878974232355
128,128,"Agent 2",1,82892,82892,32768,14,"wmma_k8",128,0,0,48,0,128,"GRBM_GUI_ACTIVE",17735815.000000,26878973012734,26878974232355
128,128,"Agent 2",1,82892,82892,32768,14,"wmma_k8",128,0,0,48,0,128,"SQ_BUSY_CYCLES",567546080.000000,26878973012734,26878974232355
128,128,"Agent 2",1,82892,82892,32768,14,"wmma_k8",128,0,0,48,0,128,"SQ_CYCLES",567546592.000000,26878973012734,26878974232355
128,128,"Agent 2",1,82892,82892,32768,14,"wmma_k8",128,0,0,48,0,128,"SQ_WAVES",1024.000000,26878973012734,26878974232355
129,129,"Agent 2",1,82892,82892,1536,30,"__amd_rocclr_fillBufferAligned",256,0,0,8,0,128,"GRBM_COUNT",134482.000000,26878974634814,26878974635601
129,129,"Agent 2",1,82892,82892,1536,30,"__amd_rocclr_fillBufferAligned",256,0,0,8,0,128,"GRBM_GUI_ACTIVE",134482.000000,26878974634814,26878974635601
129,129,"Agent 2",1,82892,82892,1536,30,"__amd_rocclr_fillBufferAligned",256,0,0,8,0,128,"SQ_BUSY_CYCLES",4303424.000000,26878974634814,26878974635601
129,129,"Agent 2",1,82892,82892,1536,30,"__amd_rocclr_fillBufferAligned",256,0,0,8,0,128,"SQ_CYCLES",4303936.000000,26878974634814,26878974635601
129,129,"Agent 2",1,82892,82892,1536,30,"__amd_rocclr_fillBufferAligned",256,0,0,8,0,128,"SQ_WAVES",48.000000,26878974634814,26878974635601
130,130,"Agent 2",1,82892,82892,32768,14,"wmma_k8",128,0,0,48,0,128,"GRBM_COUNT",17694254.000000,26878974966945,26878976206203
130,130,"Agent 2",1,82892,82892,32768,14,"wmma_k8",128,0,0,48,0,128,"GRBM_GUI_ACTIVE",17694254.000000,26878974966945,26878976206203
130,130,"Agent 2",1,82892,82892,32768,14,"wmma_k8",128,0,0,48,0,128,"SQ_BUSY_CYCLES",566216128.000000,26878974966945,26878976206203
130,130,"Agent 2",1,82892,82892,32768,14,"wmma_k8",128,0,0,48,0,128,"SQ_CYCLES",566216640.000000,26878974966945,26878976206203
130,130,"Agent 2",1,82892,82892,32768,14,"wmma_k8",128,0,0,48,0,128,"SQ_WAVES",1024.000000,26878974966945,26878976206203
131,131,"Agent 2",1,82892,82892,1536,30,"__amd_rocclr_fillBufferAligned",256,0,0,8,0,128,"GRBM_COUNT",136596.000000,26878976636282,26878976637870
131,131,"Agent 2",1,82892,82892,1536,30,"__amd_rocclr_fillBufferAligned",256,0,0,8,0,128,"GRBM_GUI_ACTIVE",136596.000000,26878976636282,26878976637870
131,131,"Agent 2",1,82892,82892,1536,30,"__amd_rocclr_fillBufferAligned",256,0,0,8,0,128,"SQ_BUSY_CYCLES",4371072.000000,26878976636282,26878976637870
131,131,"Agent 2",1,82892,82892,1536,30,"__amd_rocclr_fillBufferAligned",256,0,0,8,0,128,"SQ_CYCLES",4371584.000000,26878976636282,26878976637870
131,131,"Agent 2",1,82892,82892,1536,30,"__amd_rocclr_fillBufferAligned",256,0,0,8,0,128,"SQ_WAVES",48.000000,26878976636282,26878976637870
132,132,"Agent 2",1,82892,82892,32768,14,"wmma_k8",128,0,0,48,0,128,"GRBM_COUNT",17678710.000000,26878976974016,26878978203932
132,132,"Agent 2",1,82892,82892,32768,14,"wmma_k8",128,0,0,48,0,128,"GRBM_GUI_ACTIVE",17678710.000000,26878976974016,26878978203932
132,132,"Agent 2",1,82892,82892,32768,14,"wmma_k8",128,0,0,48,0,128,"SQ_BUSY_CYCLES",565718720.000000,26878976974016,26878978203932
132,132,"Agent 2",1,82892,82892,32768,14,"wmma_k8",128,0,0,48,0,128,"SQ_CYCLES",565719232.000000,26878976974016,26878978203932
132,132,"Agent 2",1,82892,82892,32768,14,"wmma_k8",128,0,0,48,0,128,"SQ_WAVES",1024.000000,26878976974016,26878978203932
133,133,"Agent 2",1,82892,82892,1536,30,"__amd_rocclr_fillBufferAligned",256,0,0,8,0,128,"GRBM_COUNT",156360.000000,26878978690411,26878978692819
133,133,"Agent 2",1,82892,82892,1536,30,"__amd_rocclr_fillBufferAligned",256,0,0,8,0,128,"GRBM_GUI_ACTIVE",156360.000000,26878978690411,26878978692819
133,133,"Agent 2",1,82892,82892,1536,30,"__amd_rocclr_fillBufferAligned",256,0,0,8,0,128,"SQ_BUSY_CYCLES",5003520.000000,26878978690411,26878978692819
133,133,"Agent 2",1,82892,82892,1536,30,"__amd_rocclr_fillBufferAligned",256,0,0,8,0,128,"SQ_CYCLES",5004032.000000,26878978690411,26878978692819
133,133,"Agent 2",1,82892,82892,1536,30,"__amd_rocclr_fillBufferAligned",256,0,0,8,0,128,"SQ_WAVES",48.000000,26878978690411,26878978692819
134,134,"Agent 2",1,82892,82892,32768,14,"wmma_k8",128,0,0,48,0,128,"GRBM_COUNT",17651915.000000,26878979034370,26878980256751
134,134,"Agent 2",1,82892,82892,32768,14,"wmma_k8",128,0,0,48,0,128,"GRBM_GUI_ACTIVE",17651915.000000,26878979034370,26878980256751
134,134,"Agent 2",1,82892,82892,32768,14,"wmma_k8",128,0,0,48,0,128,"SQ_BUSY_CYCLES",564861280.000000,26878979034370,26878980256751
134,134,"Agent 2",1,82892,82892,32768,14,"wmma_k8",128,0,0,48,0,128,"SQ_CYCLES",564861792.000000,26878979034370,26878980256751
134,134,"Agent 2",1,82892,82892,32768,14,"wmma_k8",128,0,0,48,0,128,"SQ_WAVES",1024.000000,26878979034370,26878980256751
135,135,"Agent 2",1,82892,82892,1536,30,"__amd_rocclr_fillBufferAligned",256,0,0,8,0,128,"GRBM_COUNT",138534.000000,26878980701029,26878980701778
135,135,"Agent 2",1,82892,82892,1536,30,"__amd_rocclr_fillBufferAligned",256,0,0,8,0,128,"GRBM_GUI_ACTIVE",138534.000000,26878980701029,26878980701778
135,135,"Agent 2",1,82892,82892,1536,30,"__amd_rocclr_fillBufferAligned",256,0,0,8,0,128,"SQ_BUSY_CYCLES",4433088.000000,26878980701029,26878980701778
135,135,"Agent 2",1,82892,82892,1536,30,"__amd_rocclr_fillBufferAligned",256,0,0,8,0,128,"SQ_CYCLES",4433600.000000,26878980701029,26878980701778
135,135,"Agent 2",1,82892,82892,1536,30,"__amd_rocclr_fillBufferAligned",256,0,0,8,0,128,"SQ_WAVES",48.000000,26878980701029,26878980701778
136,136,"Agent 2",1,82892,82892,32768,14,"wmma_k8",128,0,0,48,0,128,"GRBM_COUNT",17685450.000000,26878981034231,26878982265370
136,136,"Agent 2",1,82892,82892,32768,14,"wmma_k8",128,0,0,48,0,128,"GRBM_GUI_ACTIVE",17685450.000000,26878981034231,26878982265370
136,136,"Agent 2",1,82892,82892,32768,14,"wmma_k8",128,0,0,48,0,128,"SQ_BUSY_CYCLES",565934400.000000,26878981034231,26878982265370
136,136,"Agent 2",1,82892,82892,32768,14,"wmma_k8",128,0,0,48,0,128,"SQ_CYCLES",565934912.000000,26878981034231,26878982265370
136,136,"Agent 2",1,82892,82892,32768,14,"wmma_k8",128,0,0,48,0,128,"SQ_WAVES",1024.000000,26878981034231,26878982265370
137,137,"Agent 2",1,82892,82892,1536,30,"__amd_rocclr_fillBufferAligned",256,0,0,8,0,128,"GRBM_COUNT",137700.000000,26878982712518,26878982713046
137,137,"Agent 2",1,82892,82892,1536,30,"__amd_rocclr_fillBufferAligned",256,0,0,8,0,128,"GRBM_GUI_ACTIVE",137700.000000,26878982712518,26878982713046
137,137,"Agent 2",1,82892,82892,1536,30,"__amd_rocclr_fillBufferAligned",256,0,0,8,0,128,"SQ_BUSY_CYCLES",4406400.000000,26878982712518,26878982713046
137,137,"Agent 2",1,82892,82892,1536,30,"__amd_rocclr_fillBufferAligned",256,0,0,8,0,128,"SQ_CYCLES",4406912.000000,26878982712518,26878982713046
137,137,"Agent 2",1,82892,82892,1536,30,"__amd_rocclr_fillBufferAligned",256,0,0,8,0,128,"SQ_WAVES",48.000000,26878982712518,26878982713046
138,138,"Agent 2",1,82892,82892,32768,14,"wmma_k8",128,0,0,48,0,128,"GRBM_COUNT",17690802.000000,26878983056097,26878984274619
138,138,"Agent 2",1,82892,82892,32768,14,"wmma_k8",128,0,0,48,0,128,"GRBM_GUI_ACTIVE",17690802.000000,26878983056097,26878984274619
138,138,"Agent 2",1,82892,82892,32768,14,"wmma_k8",128,0,0,48,0,128,"SQ_BUSY_CYCLES",566105664.000000,26878983056097,26878984274619
138,138,"Agent 2",1,82892,82892,32768,14,"wmma_k8",128,0,0,48,0,128,"SQ_CYCLES",566106176.000000,26878983056097,26878984274619
138,138,"Agent 2",1,82892,82892,32768,14,"wmma_k8",128,0,0,48,0,128,"SQ_WAVES",1024.000000,26878983056097,26878984274619
139,139,"Agent 2",1,82892,82892,1536,30,"__amd_rocclr_fillBufferAligned",256,0,0,8,0,128,"GRBM_COUNT",137475.000000,26878984728289,26878984729055
139,139,"Agent 2",1,82892,82892,1536,30,"__amd_rocclr_fillBufferAligned",256,0,0,8,0,128,"GRBM_GUI_ACTIVE",137475.000000,26878984728289,26878984729055
139,139,"Agent 2",1,82892,82892,1536,30,"__amd_rocclr_fillBufferAligned",256,0,0,8,0,128,"SQ_BUSY_CYCLES",4399200.000000,26878984728289,26878984729055
139,139,"Agent 2",1,82892,82892,1536,30,"__amd_rocclr_fillBufferAligned",256,0,0,8,0,128,"SQ_CYCLES",4399712.000000,26878984728289,26878984729055
139,139,"Agent 2",1,82892,82892,1536,30,"__amd_rocclr_fillBufferAligned",256,0,0,8,0,128,"SQ_WAVES",48.000000,26878984728289,26878984729055
140,140,"Agent 2",1,82892,82892,32768,14,"wmma_k8",128,0,0,48,0,128,"GRBM_COUNT",17693829.000000,26878985063210,26878986283367
140,140,"Agent 2",1,82892,82892,32768,14,"wmma_k8",128,0,0,48,0,128,"GRBM_GUI_ACTIVE",17693829.000000,26878985063210,26878986283367
140,140,"Agent 2",1,82892,82892,32768,14,"wmma_k8",128,0,0,48,0,128,"SQ_BUSY_CYCLES",566202528.000000,26878985063210,26878986283367
140,140,"Agent 2",1,82892,82892,32768,14,"wmma_k8",128,0,0,48,0,128,"SQ_CYCLES",566203040.000000,26878985063210,26878986283367
140,140,"Agent 2",1,82892,82892,32768,14,"wmma_k8",128,0,0,48,0,128,"SQ_WAVES",1024.000000,26878985063210,26878986283367
141,141,"Agent 2",1,82892,82892,3072,30,"__amd_rocclr_fillBufferAligned",256,0,0,8,0,128,"GRBM_COUNT",140497.000000,26878986759086,26878986768644
141,141,"Agent 2",1,82892,82892,3072,30,"__amd_rocclr_fillBufferAligned",256,0,0,8,0,128,"GRBM_GUI_ACTIVE",140497.000000,26878986759086,26878986768644
141,141,"Agent 2",1,82892,82892,3072,30,"__amd_rocclr_fillBufferAligned",256,0,0,8,0,128,"SQ_BUSY_CYCLES",4495904.000000,26878986759086,26878986768644
141,141,"Agent 2",1,82892,82892,3072,30,"__amd_rocclr_fillBufferAligned",256,0,0,8,0,128,"SQ_CYCLES",4496416.000000,26878986759086,26878986768644
141,141,"Agent 2",1,82892,82892,3072,30,"__amd_rocclr_fillBufferAligned",256,0,0,8,0,128,"SQ_WAVES",96.000000,26878986759086,26878986768644
142,142,"Agent 2",1,82892,82892,65536,14,"wmma_k8",256,0,0,48,0,128,"GRBM_COUNT",17470483.000000,26878987109860,26878988310316
142,142,"Agent 2",1,82892,82892,65536,14,"wmma_k8",256,0,0,48,0,128,"GRBM_GUI_ACTIVE",17470483.000000,26878987109860,26878988310316
142,142,"Agent 2",1,82892,82892,65536,14,"wmma_k8",256,0,0,48,0,128,"SQ_BUSY_CYCLES",559055456.000000,26878987109860,26878988310316
142,142,"Agent 2",1,82892,82892,65536,14,"wmma_k8",256,0,0,48,0,128,"SQ_CYCLES",559055968.000000,26878987109860,26878988310316
142,142,"Agent 2",1,82892,82892,65536,14,"wmma_k8",256,0,0,48,0,128,"SQ_WAVES",2048.000000,26878987109860,26878988310316
143,143,"Agent 2",1,82892,82892,3072,30,"__amd_rocclr_fillBufferAligned",256,0,0,8,0,128,"GRBM_COUNT",141406.000000,26878988700260,26878988701062
143,143,"Agent 2",1,82892,82892,3072,30,"__amd_rocclr_fillBufferAligned",256,0,0,8,0,128,"GRBM_GUI_ACTIVE",141406.000000,26878988700260,26878988701062
143,143,"Agent 2",1,82892,82892,3072,30,"__amd_rocclr_fillBufferAligned",256,0,0,8,0,128,"SQ_BUSY_CYCLES",4524992.000000,26878988700260,26878988701062
143,143,"Agent 2",1,82892,82892,3072,30,"__amd_rocclr_fillBufferAligned",256,0,0,8,0,128,"SQ_CYCLES",4525504.000000,26878988700260,26878988701062
143,143,"Agent 2",1,82892,82892,3072,30,"__amd_rocclr_fillBufferAligned",256,0,0,8,0,128,"SQ_WAVES",96.000000,26878988700260,26878988701062
144,144,"Agent 2",1,82892,82892,65536,14,"wmma_k8",256,0,0,48,0,128,"GRBM_COUNT",17524294.000000,26878989041376,26878990262554
144,144,"Agent 2",1,82892,82892,65536,14,"wmma_k8",256,0,0,48,0,128,"GRBM_GUI_ACTIVE",17524294.000000,26878989041376,26878990262554
144,144,"Agent 2",1,82892,82892,65536,14,"wmma_k8",256,0,0,48,0,128,"SQ_BUSY_CYCLES",560777408.000000,26878989041376,26878990262554
144,144,"Agent 2",1,82892,82892,65536,14,"wmma_k8",256,0,0,48,0,128,"SQ_CYCLES",560777920.000000,26878989041376,26878990262554
144,144,"Agent 2",1,82892,82892,65536,14,"wmma_k8",256,0,0,48,0,128,"SQ_WAVES",2048.000000,26878989041376,26878990262554
145,145,"Agent 2",1,82892,82892,3072,30,"__amd_rocclr_fillBufferAligned",256,0,0,8,0,128,"GRBM_COUNT",139345.000000,26878990652055,26878990654990
145,145,"Agent 2",1,82892,82892,3072,30,"__amd_rocclr_fillBufferAligned",256,0,0,8,0,128,"GRBM_GUI_ACTIVE",139345.000000,26878990652055,26878990654990
145,145,"Agent 2",1,82892,82892,3072,30,"__amd_rocclr_fillBufferAligned",256,0,0,8,0,128,"SQ_BUSY_CYCLES",4459040.000000,26878990652055,26878990654990
145,145,"Agent 2",1,82892,82892,3072,30,"__amd_rocclr_fillBufferAligned",256,0,0,8,0,128,"SQ_CYCLES",4459552.000000,26878990652055,26878990654990
145,145,"Agent 2",1,82892,82892,3072,30,"__amd_rocclr_fillBufferAligned",256,0,0,8,0,128,"SQ_WAVES",96.000000,26878990652055,26878990654990
146,146,"Agent 2",1,82892,82892,65536,14,"wmma_k8",256,0,0,48,0,128,"GRBM_COUNT",17495937.000000,26878990991059,26878992218702
146,146,"Agent 2",1,82892,82892,65536,14,"wmma_k8",256,0,0,48,0,128,"GRBM_GUI_ACTIVE",17495937.000000,26878990991059,26878992218702
146,146,"Agent 2",1,82892,82892,65536,14,"wmma_k8",256,0,0,48,0,128,"SQ_BUSY_CYCLES",559869984.000000,26878990991059,26878992218702
146,146,"Agent 2",1,82892,82892,65536,14,"wmma_k8",256,0,0,48,0,128,"SQ_CYCLES",559870496.000000,26878990991059,26878992218702
146,146,"Agent 2",1,82892,82892,65536,14,"wmma_k8",256,0,0,48,0,128,"SQ_WAVES",2048.000000,26878990991059,26878992218702
147,147,"Agent 2",1,82892,82892,3072,30,"__amd_rocclr_fillBufferAligned",256,0,0,8,0,128,"GRBM_COUNT",140081.000000,26878992768980,26878992769800
147,147,"Agent 2",1,82892,82892,3072,30,"__amd_rocclr_fillBufferAligned",256,0,0,8,0,128,"GRBM_GUI_ACTIVE",140081.000000,26878992768980,26878992769800
147,147,"Agent 2",1,82892,82892,3072,30,"__amd_rocclr_fillBufferAligned",256,0,0,8,0,128,"SQ_BUSY_CYCLES",4482592.000000,26878992768980,26878992769800
147,147,"Agent 2",1,82892,82892,3072,30,"__amd_rocclr_fillBufferAligned",256,0,0,8,0,128,"SQ_CYCLES",4483104.000000,26878992768980,26878992769800
147,147,"Agent 2",1,82892,82892,3072,30,"__amd_rocclr_fillBufferAligned",256,0,0,8,0,128,"SQ_WAVES",96.000000,26878992768980,26878992769800
148,148,"Agent 2",1,82892,82892,65536,14,"wmma_k8",256,0,0,48,0,128,"GRBM_COUNT",17495162.000000,26878993102266,26878994317482
148,148,"Agent 2",1,82892,82892,65536,14,"wmma_k8",256,0,0,48,0,128,"GRBM_GUI_ACTIVE",17495162.000000,26878993102266,26878994317482
148,148,"Agent 2",1,82892,82892,65536,14,"wmma_k8",256,0,0,48,0,128,"SQ_BUSY_CYCLES",559845184.000000,26878993102266,26878994317482
148,148,"Agent 2",1,82892,82892,65536,14,"wmma_k8",256,0,0,48,0,128,"SQ_CYCLES",559845696.000000,26878993102266,26878994317482
148,148,"Agent 2",1,82892,82892,65536,14,"wmma_k8",256,0,0,48,0,128,"SQ_WAVES",2048.000000,26878993102266,26878994317482
149,149,"Agent 2",1,82892,82892,3072,30,"__amd_rocclr_fillBufferAligned",256,0,0,8,0,128,"GRBM_COUNT",141233.000000,26878994811429,26878994814329
149,149,"Agent 2",1,82892,82892,3072,30,"__amd_rocclr_fillBufferAligned",256,0,0,8,0,128,"GRBM_GUI_ACTIVE",141233.000000,26878994811429,26878994814329
149,149,"Agent 2",1,82892,82892,3072,30,"__amd_rocclr_fillBufferAligned",256,0,0,8,0,128,"SQ_BUSY_CYCLES",4519456.000000,26878994811429,26878994814329
149,149,"Agent 2",1,82892,82892,3072,30,"__amd_rocclr_fillBufferAligned",256,0,0,8,0,128,"SQ_CYCLES",4519968.000000,26878994811429,26878994814329
149,149,"Agent 2",1,82892,82892,3072,30,"__amd_rocclr_fillBufferAligned",256,0,0,8,0,128,"SQ_WAVES",96.000000,26878994811429,26878994814329
150,150,"Agent 2",1,82892,82892,65536,14,"wmma_k8",256,0,0,48,0,128,"GRBM_COUNT",17471580.000000,26878995154349,26878996359381
150,150,"Agent 2",1,82892,82892,65536,14,"wmma_k8",256,0,0,48,0,128,"GRBM_GUI_ACTIVE",17471580.000000,26878995154349,26878996359381
150,150,"Agent 2",1,82892,82892,65536,14,"wmma_k8",256,0,0,48,0,128,"SQ_BUSY_CYCLES",559090560.000000,26878995154349,26878996359381
150,150,"Agent 2",1,82892,82892,65536,14,"wmma_k8",256,0,0,48,0,128,"SQ_CYCLES",559091072.000000,26878995154349,26878996359381
150,150,"Agent 2",1,82892,82892,65536,14,"wmma_k8",256,0,0,48,0,128,"SQ_WAVES",2048.000000,26878995154349,26878996359381
151,151,"Agent 2",1,82892,82892,3072,30,"__amd_rocclr_fillBufferAligned",256,0,0,8,0,128,"GRBM_COUNT",141505.000000,26878996862140,26878996863408
151,151,"Agent 2",1,82892,82892,3072,30,"__amd_rocclr_fillBufferAligned",256,0,0,8,0,128,"GRBM_GUI_ACTIVE",141505.000000,26878996862140,26878996863408
151,151,"Agent 2",1,82892,82892,3072,30,"__amd_rocclr_fillBufferAligned",256,0,0,8,0,128,"SQ_BUSY_CYCLES",4528160.000000,26878996862140,26878996863408
151,151,"Agent 2",1,82892,82892,3072,30,"__amd_rocclr_fillBufferAligned",256,0,0,8,0,128,"SQ_CYCLES",4528672.000000,26878996862140,26878996863408
151,151,"Agent 2",1,82892,82892,3072,30,"__amd_rocclr_fillBufferAligned",256,0,0,8,0,128,"SQ_WAVES",96.000000,26878996862140,26878996863408
152,152,"Agent 2",1,82892,82892,65536,14,"wmma_k8",256,0,0,48,0,128,"GRBM_COUNT",17461238.000000,26878997192698,26878998399210
152,152,"Agent 2",1,82892,82892,65536,14,"wmma_k8",256,0,0,48,0,128,"GRBM_GUI_ACTIVE",17461238.000000,26878997192698,26878998399210
152,152,"Agent 2",1,82892,82892,65536,14,"wmma_k8",256,0,0,48,0,128,"SQ_BUSY_CYCLES",558759616.000000,26878997192698,26878998399210
152,152,"Agent 2",1,82892,82892,65536,14,"wmma_k8",256,0,0,48,0,128,"SQ_CYCLES",558760128.000000,26878997192698,26878998399210
152,152,"Agent 2",1,82892,82892,65536,14,"wmma_k8",256,0,0,48,0,128,"SQ_WAVES",2048.000000,26878997192698,26878998399210
153,153,"Agent 2",1,82892,82892,3072,30,"__amd_rocclr_fillBufferAligned",256,0,0,8,0,128,"GRBM_COUNT",143859.000000,26878998891479,26878998892227
153,153,"Agent 2",1,82892,82892,3072,30,"__amd_rocclr_fillBufferAligned",256,0,0,8,0,128,"GRBM_GUI_ACTIVE",143859.000000,26878998891479,26878998892227
153,153,"Agent 2",1,82892,82892,3072,30,"__amd_rocclr_fillBufferAligned",256,0,0,8,0,128,"SQ_BUSY_CYCLES",4603488.000000,26878998891479,26878998892227
153,153,"Agent 2",1,82892,82892,3072,30,"__amd_rocclr_fillBufferAligned",256,0,0,8,0,128,"SQ_CYCLES",4604000.000000,26878998891479,26878998892227
153,153,"Agent 2",1,82892,82892,3072,30,"__amd_rocclr_fillBufferAligned",256,0,0,8,0,128,"SQ_WAVES",96.000000,26878998891479,26878998892227
154,154,"Agent 2",1,82892,82892,65536,14,"wmma_k8",256,0,0,48,0,128,"GRBM_COUNT",17464474.000000,26878999230997,26879000422679
154,154,"Agent 2",1,82892,82892,65536,14,"wmma_k8",256,0,0,48,0,128,"GRBM_GUI_ACTIVE",17464474.000000,26878999230997,26879000422679
154,154,"Agent 2",1,82892,82892,65536,14,"wmma_k8",256,0,0,48,0,128,"SQ_BUSY_CYCLES",558863168.000000,26878999230997,26879000422679
154,154,"Agent 2",1,82892,82892,65536,14,"wmma_k8",256,0,0,48,0,128,"SQ_CYCLES",558863680.000000,26878999230997,26879000422679
154,154,"Agent 2",1,82892,82892,65536,14,"wmma_k8",256,0,0,48,0,128,"SQ_WAVES",2048.000000,26878999230997,26879000422679
155,155,"Agent 2",1,82892,82892,6144,30,"__amd_rocclr_fillBufferAligned",256,0,0,8,0,128,"GRBM_COUNT",149718.000000,26879001024636,26879001025848
155,155,"Agent 2",1,82892,82892,6144,30,"__amd_rocclr_fillBufferAligned",256,0,0,8,0,128,"GRBM_GUI_ACTIVE",149718.000000,26879001024636,26879001025848
155,155,"Agent 2",1,82892,82892,6144,30,"__amd_rocclr_fillBufferAligned",256,0,0,8,0,128,"SQ_BUSY_CYCLES",4790976.000000,26879001024636,26879001025848
155,155,"Agent 2",1,82892,82892,6144,30,"__amd_rocclr_fillBufferAligned",256,0,0,8,0,128,"SQ_CYCLES",4791488.000000,26879001024636,26879001025848
155,155,"Agent 2",1,82892,82892,6144,30,"__amd_rocclr_fillBufferAligned",256,0,0,8,0,128,"SQ_WAVES",192.000000,26879001024636,26879001025848
156,156,"Agent 2",1,82892,82892,131072,14,"wmma_k8",512,0,0,48,0,128,"GRBM_COUNT",17304476.000000,26879001354766,26879002533329
156,156,"Agent 2",1,82892,82892,131072,14,"wmma_k8",512,0,0,48,0,128,"GRBM_GUI_ACTIVE",17304476.000000,26879001354766,26879002533329
156,156,"Agent 2",1,82892,82892,131072,14,"wmma_k8",512,0,0,48,0,128,"SQ_BUSY_CYCLES",553743232.000000,26879001354766,26879002533329
156,156,"Agent 2",1,82892,82892,131072,14,"wmma_k8",512,0,0,48,0,128,"SQ_CYCLES",553743744.000000,26879001354766,26879002533329
156,156,"Agent 2",1,82892,82892,131072,14,"wmma_k8",512,0,0,48,0,128,"SQ_WAVES",4096.000000,26879001354766,26879002533329
157,157,"Agent 2",1,82892,82892,6144,30,"__amd_rocclr_fillBufferAligned",256,0,0,8,0,128,"GRBM_COUNT",150483.000000,26879002926441,26879002927195
157,157,"Agent 2",1,82892,82892,6144,30,"__amd_rocclr_fillBufferAligned",256,0,0,8,0,128,"GRBM_GUI_ACTIVE",150483.000000,26879002926441,26879002927195
157,157,"Agent 2",1,82892,82892,6144,30,"__amd_rocclr_fillBufferAligned",256,0,0,8,0,128,"SQ_BUSY_CYCLES",4815456.000000,26879002926441,26879002927195
157,157,"Agent 2",1,82892,82892,6144,30,"__amd_rocclr_fillBufferAligned",256,0,0,8,0,128,"SQ_CYCLES",4815968.000000,26879002926441,26879002927195
157,157,"Agent 2",1,82892,82892,6144,30,"__amd_rocclr_fillBufferAligned",256,0,0,8,0,128,"SQ_WAVES",192.000000,26879002926441,26879002927195
158,158,"Agent 2",1,82892,82892,131072,14,"wmma_k8",512,0,0,48,0,128,"GRBM_COUNT",17328295.000000,26879003266703,26879004435866
158,158,"Agent 2",1,82892,82892,131072,14,"wmma_k8",512,0,0,48,0,128,"GRBM_GUI_ACTIVE",17328295.000000,26879003266703,26879004435866
158,158,"Agent 2",1,82892,82892,131072,14,"wmma_k8",512,0,0,48,0,128,"SQ_BUSY_CYCLES",554505440.000000,26879003266703,26879004435866
158,158,"Agent 2",1,82892,82892,131072,14,"wmma_k8",512,0,0,48,0,128,"SQ_CYCLES",554505952.000000,26879003266703,26879004435866
158,158,"Agent 2",1,82892,82892,131072,14,"wmma_k8",512,0,0,48,0,128,"SQ_WAVES",4096.000000,26879003266703,26879004435866
159,159,"Agent 2",1,82892,82892,6144,30,"__amd_rocclr_fillBufferAligned",256,0,0,8,0,128,"GRBM_COUNT",147761.000000,26879004831905,26879004834662
159,159,"Agent 2",1,82892,82892,6144,30,"__amd_rocclr_fillBufferAligned",256,0,0,8,0,128,"GRBM_GUI_ACTIVE",147761.000000,26879004831905,26879004834662
159,159,"Agent 2",1,82892,82892,6144,30,"__amd_rocclr_fillBufferAligned",256,0,0,8,0,128,"SQ_BUSY_CYCLES",4728352.000000,26879004831905,26879004834662
159,159,"Agent 2",1,82892,82892,6144,30,"__amd_rocclr_fillBufferAligned",256,0,0,8,0,128,"SQ_CYCLES",4728864.000000,26879004831905,26879004834662
159,159,"Agent 2",1,82892,82892,6144,30,"__amd_rocclr_fillBufferAligned",256,0,0,8,0,128,"SQ_WAVES",192.000000,26879004831905,26879004834662
160,160,"Agent 2",1,82892,82892,131072,14,"wmma_k8",512,0,0,48,0,128,"GRBM_COUNT",17291574.000000,26879005168670,26879006352194
160,160,"Agent 2",1,82892,82892,131072,14,"wmma_k8",512,0,0,48,0,128,"GRBM_GUI_ACTIVE",17291574.000000,26879005168670,26879006352194
160,160,"Agent 2",1,82892,82892,131072,14,"wmma_k8",512,0,0,48,0,128,"SQ_BUSY_CYCLES",553330368.000000,26879005168670,26879006352194
160,160,"Agent 2",1,82892,82892,131072,14,"wmma_k8",512,0,0,48,0,128,"SQ_CYCLES",553330880.000000,26879005168670,26879006352194
160,160,"Agent 2",1,82892,82892,131072,14,"wmma_k8",512,0,0,48,0,128,"SQ_WAVES",4096.000000,26879005168670,26879006352194
161,161,"Agent 2",1,82892,82892,6144,30,"__amd_rocclr_fillBufferAligned",256,0,0,8,0,128,"GRBM_COUNT",147603.000000,26879006979593,26879006980433
161,161,"Agent 2",1,82892,82892,6144,30,"__amd_rocclr_fillBufferAligned",256,0,0,8,0,128,"GRBM_GUI_ACTIVE",147603.000000,26879006979593,26879006980433
161,161,"Agent 2",1,82892,82892,6144,30,"__amd_rocclr_fillBufferAligned",256,0,0,8,0,128,"SQ_BUSY_CYCLES",4712673.000000,26879006979593,26879006980433
161,161,"Agent 2",1,82892,82892,6144,30,"__amd_rocclr_fillBufferAligned",256,0,0,8,0,128,"SQ_CYCLES",4723808.000000,26879006979593,26879006980433
161,161,"Agent 2",1,82892,82892,6144,30,"__amd_rocclr_fillBufferAligned",256,0,0,8,0,128,"SQ_WAVES",192.000000,26879006979593,26879006980433
162,162,"Agent 2",1,82892,82892,131072,14,"wmma_k8",512,0,0,48,0,128,"GRBM_COUNT",17363790.000000,26879007318881,26879008500744
162,162,"Agent 2",1,82892,82892,131072,14,"wmma_k8",512,0,0,48,0,128,"GRBM_GUI_ACTIVE",17363790.000000,26879007318881,26879008500744
162,162,"Agent 2",1,82892,82892,131072,14,"wmma_k8",512,0,0,48,0,128,"SQ_BUSY_CYCLES",550537761.000000,26879007318881,26879008500744
162,162,"Agent 2",1,82892,82892,131072,14,"wmma_k8",512,0,0,48,0,128,"SQ_CYCLES",555641792.000000,26879007318881,26879008500744
162,162,"Agent 2",1,82892,82892,131072,14,"wmma_k8",512,0,0,48,0,128,"SQ_WAVES",4096.000000,26879007318881,26879008500744
163,163,"Agent 2",1,82892,82892,6144,30,"__amd_rocclr_fillBufferAligned",256,0,0,8,0,128,"GRBM_COUNT",152386.000000,26879009114795,26879009123083
163,163,"Agent 2",1,82892,82892,6144,30,"__amd_rocclr_fillBufferAligned",256,0,0,8,0,128,"GRBM_GUI_ACTIVE",152386.000000,26879009114795,26879009123083
163,163,"Agent 2",1,82892,82892,6144,30,"__amd_rocclr_fillBufferAligned",256,0,0,8,0,128,"SQ_BUSY_CYCLES",3422916.000000,26879009114795,26879009123083
163,163,"Agent 2",1,82892,82892,6144,30,"__amd_rocclr_fillBufferAligned",256,0,0,8,0,128,"SQ_CYCLES",4876864.000000,26879009114795,26879009123083
163,163,"Agent 2",1,82892,82892,6144,30,"__amd_rocclr_fillBufferAligned",256,0,0,8,0,128,"SQ_WAVES",192.000000,26879009114795,26879009123083
164,164,"Agent 2",1,82892,82892,131072,14,"wmma_k8",512,0,0,48,0,128,"GRBM_COUNT",17284388.000000,26879009449620,26879010609395
164,164,"Agent 2",1,82892,82892,131072,14,"wmma_k8",512,0,0,48,0,128,"GRBM_GUI_ACTIVE",17284388.000000,26879009449620,26879010609395
164,164,"Agent 2",1,82892,82892,131072,14,"wmma_k8",512,0,0,48,0,128,"SQ_BUSY_CYCLES",436878635.000000,26879009449620,26879010609395
164,164,"Agent 2",1,82892,82892,131072,14,"wmma_k8",512,0,0,48,0,128,"SQ_CYCLES",553100928.000000,26879009449620,26879010609395
164,164,"Agent 2",1,82892,82892,131072,14,"wmma_k8",512,0,0,48,0,128,"SQ_WAVES",4096.000000,26879009449620,26879010609395
165,165,"Agent 2",1,82892,82892,6144,30,"__amd_rocclr_fillBufferAligned",256,0,0,8,0,128,"GRBM_COUNT",152128.000000,26879011222035,26879011224473
165,165,"Agent 2",1,82892,82892,6144,30,"__amd_rocclr_fillBufferAligned",256,0,0,8,0,128,"GRBM_GUI_ACTIVE",152128.000000,26879011222035,26879011224473
165,165,"Agent 2",1,82892,82892,6144,30,"__amd_rocclr_fillBufferAligned",256,0,0,8,0,128,"SQ_BUSY_CYCLES",4868096.000000,26879011222035,26879011224473
165,165,"Agent 2",1,82892,82892,6144,30,"__amd_rocclr_fillBufferAligned",256,0,0,8,0,128,"SQ_CYCLES",4868608.000000,26879011222035,26879011224473
165,165,"Agent 2",1,82892,82892,6144,30,"__amd_rocclr_fillBufferAligned",256,0,0,8,0,128,"SQ_WAVES",192.000000,26879011222035,26879011224473
166,166,"Agent 2",1,82892,82892,131072,14,"wmma_k8",512,0,0,48,0,128,"GRBM_COUNT",17266877.000000,26879011561749,26879012709755
166,166,"Agent 2",1,82892,82892,131072,14,"wmma_k8",512,0,0,48,0,128,"GRBM_GUI_ACTIVE",17266877.000000,26879011561749,26879012709755
166,166,"Agent 2",1,82892,82892,131072,14,"wmma_k8",512,0,0,48,0,128,"SQ_BUSY_CYCLES",552540064.000000,26879011561749,26879012709755
166,166,"Agent 2",1,82892,82892,131072,14,"wmma_k8",512,0,0,48,0,128,"SQ_CYCLES",552540576.000000,26879011561749,26879012709755
166,166,"Agent 2",1,82892,82892,131072,14,"wmma_k8",512,0,0,48,0,128,"SQ_WAVES",4096.000000,26879011561749,26879012709755
167,167,"Agent 2",1,82892,82892,6144,30,"__amd_rocclr_fillBufferAligned",256,0,0,8,0,128,"GRBM_COUNT",160337.000000,26879013329985,26879013332624
167,167,"Agent 2",1,82892,82892,6144,30,"__amd_rocclr_fillBufferAligned",256,0,0,8,0,128,"GRBM_GUI_ACTIVE",160337.000000,26879013329985,26879013332624
167,167,"Agent 2",1,82892,82892,6144,30,"__amd_rocclr_fillBufferAligned",256,0,0,8,0,128,"SQ_BUSY_CYCLES",5130784.000000,26879013329985,26879013332624
167,167,"Agent 2",1,82892,82892,6144,30,"__amd_rocclr_fillBufferAligned",256,0,0,8,0,128,"SQ_CYCLES",5131296.000000,26879013329985,26879013332624
167,167,"Agent 2",1,82892,82892,6144,30,"__amd_rocclr_fillBufferAligned",256,0,0,8,0,128,"SQ_WAVES",192.000000,26879013329985,26879013332624
168,168,"Agent 2",1,82892,82892,131072,14,"wmma_k8",512,0,0,48,0,128,"GRBM_COUNT",17282716.000000,26879013665834,26879014823305
168,168,"Agent 2",1,82892,82892,131072,14,"wmma_k8",512,0,0,48,0,128,"GRBM_GUI_ACTIVE",17282716.000000,26879013665834,26879014823305
168,168,"Agent 2",1,82892,82892,131072,14,"wmma_k8",512,0,0,48,0,128,"SQ_BUSY_CYCLES",553046912.000000,26879013665834,26879014823305
168,168,"Agent 2",1,82892,82892,131072,14,"wmma_k8",512,0,0,48,0,128,"SQ_CYCLES",553047424.000000,26879013665834,26879014823305
168,168,"Agent 2",1,82892,82892,131072,14,"wmma_k8",512,0,0,48,0,128,"SQ_WAVES",4096.000000,26879013665834,26879014823305
169,169,"Agent 2",1,82892,82892,1536,30,"__amd_rocclr_fillBufferAligned",256,0,0,8,0,128,"GRBM_COUNT",146855.000000,26879015635175,26879015635956
169,169,"Agent 2",1,82892,82892,1536,30,"__amd_rocclr_fillBufferAligned",256,0,0,8,0,128,"GRBM_GUI_ACTIVE",146855.000000,26879015635175,26879015635956
169,169,"Agent 2",1,82892,82892,1536,30,"__amd_rocclr_fillBufferAligned",256,0,0,8,0,128,"SQ_BUSY_CYCLES",4699360.000000,26879015635175,26879015635956
169,169,"Agent 2",1,82892,82892,1536,30,"__amd_rocclr_fillBufferAligned",256,0,0,8,0,128,"SQ_CYCLES",4699872.000000,26879015635175,26879015635956
169,169,"Agent 2",1,82892,82892,1536,30,"__amd_rocclr_fillBufferAligned",256,0,0,8,0,128,"SQ_WAVES",48.000000,26879015635175,26879015635956
170,170,"Agent 2",1,82892,82892,32768,12,"wmma_k16",128,0,0,80,0,128,"GRBM_COUNT",17716691.000000,26879015973793,26879017179338
170,170,"Agent 2",1,82892,82892,32768,12,"wmma_k16",128,0,0,80,0,128,"GRBM_GUI_ACTIVE",17716691.000000,26879015973793,26879017179338
170,170,"Agent 2",1,82892,82892,32768,12,"wmma_k16",128,0,0,80,0,128,"SQ_BUSY_CYCLES",566934112.000000,26879015973793,26879017179338
170,170,"Agent 2",1,82892,82892,32768,12,"wmma_k16",128,0,0,80,0,128,"SQ_CYCLES",566934624.000000,26879015973793,26879017179338
170,170,"Agent 2",1,82892,82892,32768,12,"wmma_k16",128,0,0,80,0,128,"SQ_WAVES",1024.000000,26879015973793,26879017179338
171,171,"Agent 2",1,82892,82892,1536,30,"__amd_rocclr_fillBufferAligned",256,0,0,8,0,128,"GRBM_COUNT",153585.000000,26879017570862,26879017573664
171,171,"Agent 2",1,82892,82892,1536,30,"__amd_rocclr_fillBufferAligned",256,0,0,8,0,128,"GRBM_GUI_ACTIVE",153585.000000,26879017570862,26879017573664
171,171,"Agent 2",1,82892,82892,1536,30,"__amd_rocclr_fillBufferAligned",256,0,0,8,0,128,"SQ_BUSY_CYCLES",4914720.000000,26879017570862,26879017573664
171,171,"Agent 2",1,82892,82892,1536,30,"__amd_rocclr_fillBufferAligned",256,0,0,8,0,128,"SQ_CYCLES",4915232.000000,26879017570862,26879017573664
171,171,"Agent 2",1,82892,82892,1536,30,"__amd_rocclr_fillBufferAligned",256,0,0,8,0,128,"SQ_WAVES",48.000000,26879017570862,26879017573664
172,172,"Agent 2",1,82892,82892,32768,12,"wmma_k16",128,0,0,80,0,128,"GRBM_COUNT",17679986.000000,26879017912070,26879019180217
172,172,"Agent 2",1,82892,82892,32768,12,"wmma_k16",128,0,0,80,0,128,"GRBM_GUI_ACTIVE",17679986.000000,26879017912070,26879019180217
172,172,"Agent 2",1,82892,82892,32768,12,"wmma_k16",128,0,0,80,0,128,"SQ_BUSY_CYCLES",565759552.000000,26879017912070,26879019180217
172,172,"Agent 2",1,82892,82892,32768,12,"wmma_k16",128,0,0,80,0,128,"SQ_CYCLES",565760064.000000,26879017912070,26879019180217
172,172,"Agent 2",1,82892,82892,32768,12,"wmma_k16",128,0,0,80,0,128,"SQ_WAVES",1024.000000,26879017912070,26879019180217
173,173,"Agent 2",1,82892,82892,1536,30,"__amd_rocclr_fillBufferAligned",256,0,0,8,0,128,"GRBM_COUNT",155841.000000,26879019564483,26879019565402
173,173,"Agent 2",1,82892,82892,1536,30,"__amd_rocclr_fillBufferAligned",256,0,0,8,0,128,"GRBM_GUI_ACTIVE",155841.000000,26879019564483,26879019565402
173,173,"Agent 2",1,82892,82892,1536,30,"__amd_rocclr_fillBufferAligned",256,0,0,8,0,128,"SQ_BUSY_CYCLES",4986912.000000,26879019564483,26879019565402
173,173,"Agent 2",1,82892,82892,1536,30,"__amd_rocclr_fillBufferAligned",256,0,0,8,0,128,"SQ_CYCLES",4987424.000000,26879019564483,26879019565402
173,173,"Agent 2",1,82892,82892,1536,30,"__amd_rocclr_fillBufferAligned",256,0,0,8,0,128,"SQ_WAVES",48.000000,26879019564483,26879019565402
174,174,"Agent 2",1,82892,82892,32768,12,"wmma_k16",128,0,0,80,0,128,"GRBM_COUNT",17699672.000000,26879019902293,26879021145715
174,174,"Agent 2",1,82892,82892,32768,12,"wmma_k16",128,0,0,80,0,128,"GRBM_GUI_ACTIVE",17699672.000000,26879019902293,26879021145715
174,174,"Agent 2",1,82892,82892,32768,12,"wmma_k16",128,0,0,80,0,128,"SQ_BUSY_CYCLES",566389504.000000,26879019902293,26879021145715
174,174,"Agent 2",1,82892,82892,32768,12,"wmma_k16",128,0,0,80,0,128,"SQ_CYCLES",566390016.000000,26879019902293,26879021145715
174,174,"Agent 2",1,82892,82892,32768,12,"wmma_k16",128,0,0,80,0,128,"SQ_WAVES",1024.000000,26879019902293,26879021145715
175,175,"Agent 2",1,82892,82892,1536,30,"__amd_rocclr_fillBufferAligned",256,0,0,8,0,128,"GRBM_COUNT",163630.000000,26879021586764,26879021586831
175,175,"Agent 2",1,82892,82892,1536,30,"__amd_rocclr_fillBufferAligned",256,0,0,8,0,128,"GRBM_GUI_ACTIVE",163630.000000,26879021586764,26879021586831
175,175,"Agent 2",1,82892,82892,1536,30,"__amd_rocclr_fillBufferAligned",256,0,0,8,0,128,"SQ_BUSY_CYCLES",5236160.000000,26879021586764,26879021586831
175,175,"Agent 2",1,82892,82892,1536,30,"__amd_rocclr_fillBufferAligned",256,0,0,8,0,128,"SQ_CYCLES",5236672.000000,26879021586764,26879021586831
175,175,"Agent 2",1,82892,82892,1536,30,"__amd_rocclr_fillBufferAligned",256,0,0,8,0,128,"SQ_WAVES",48.000000,26879021586764,26879021586831
176,176,"Agent 2",1,82892,82892,32768,12,"wmma_k16",128,0,0,80,0,128,"GRBM_COUNT",17725429.000000,26879021922024,26879023176424
176,176,"Agent 2",1,82892,82892,32768,12,"wmma_k16",128,0,0,80,0,128,"GRBM_GUI_ACTIVE",17725429.000000,26879021922024,26879023176424
176,176,"Agent 2",1,82892,82892,32768,12,"wmma_k16",128,0,0,80,0,128,"SQ_BUSY_CYCLES",567213728.000000,26879021922024,26879023176424
176,176,"Agent 2",1,82892,82892,32768,12,"wmma_k16",128,0,0,80,0,128,"SQ_CYCLES",567214240.000000,26879021922024,26879023176424
176,176,"Agent 2",1,82892,82892,32768,12,"wmma_k16",128,0,0,80,0,128,"SQ_WAVES",1024.000000,26879021922024,26879023176424
177,177,"Agent 2",1,82892,82892,1536,30,"__amd_rocclr_fillBufferAligned",256,0,0,8,0,128,"GRBM_COUNT",140378.000000,26879023609549,26879023610410
177,177,"Agent 2",1,82892,82892,1536,30,"__amd_rocclr_fillBufferAligned",256,0,0,8,0,128,"GRBM_GUI_ACTIVE",140378.000000,26879023609549,26879023610410
177,177,"Agent 2",1,82892,82892,1536,30,"__amd_rocclr_fillBufferAligned",256,0,0,8,0,128,"SQ_BUSY_CYCLES",4492096.000000,26879023609549,26879023610410
177,177,"Agent 2",1,82892,82892,1536,30,"__amd_rocclr_fillBufferAligned",256,0,0,8,0,128,"SQ_CYCLES",4492608.000000,26879023609549,26879023610410
177,177,"Agent 2",1,82892,82892,1536,30,"__amd_rocclr_fillBufferAligned",256,0,0,8,0,128,"SQ_WAVES",48.000000,26879023609549,26879023610410
178,178,"Agent 2",1,82892,82892,32768,12,"wmma_k16",128,0,0,80,0,128,"GRBM_COUNT",17707117.000000,26879023947841,26879025194373
178,178,"Agent 2",1,82892,82892,32768,12,"wmma_k16",128,0,0,80,0,128,"GRBM_GUI_ACTIVE",17707117.000000,26879023947841,26879025194373
178,178,"Agent 2",1,82892,82892,32768,12,"wmma_k16",128,0,0,80,0,128,"SQ_BUSY_CYCLES",566627744.000000,26879023947841,26879025194373
178,178,"Agent 2",1,82892,82892,32768,12,"wmma_k16",128,0,0,80,0,128,"SQ_CYCLES",566628256.000000,26879023947841,26879025194373
178,178,"Agent 2",1,82892,82892,32768,12,"wmma_k16",128,0,0,80,0,128,"SQ_WAVES",1024.000000,26879023947841,26879025194373
179,179,"Agent 2",1,82892,82892,1536,30,"__amd_rocclr_fillBufferAligned",256,0,0,8,0,128,"GRBM_COUNT",139630.000000,26879025626802,26879025629429
179,179,"Agent 2",1,82892,82892,1536,30,"__amd_rocclr_fillBufferAligned",256,0,0,8,0,128,"GRBM_GUI_ACTIVE",139630.000000,26879025626802,26879025629429
179,179,"Agent 2",1,82892,82892,1536,30,"__amd_rocclr_fillBufferAligned",256,0,0,8,0,128,"SQ_BUSY_CYCLES",4468160.000000,26879025626802,26879025629429
179,179,"Agent 2",1,82892,82892,1536,30,"__amd_rocclr_fillBufferAligned",256,0,0,8,0,128,"SQ_CYCLES",4468672.000000,26879025626802,26879025629429
179,179,"Agent 2",1,82892,82892,1536,30,"__amd_rocclr_fillBufferAligned",256,0,0,8,0,128,"SQ_WAVES",48.000000,26879025626802,26879025629429
180,180,"Agent 2",1,82892,82892,32768,12,"wmma_k16",128,0,0,80,0,128,"GRBM_COUNT",17711514.000000,26879025973025,26879027212992
180,180,"Agent 2",1,82892,82892,32768,12,"wmma_k16",128,0,0,80,0,128,"GRBM_GUI_ACTIVE",17711514.000000,26879025973025,26879027212992
180,180,"Agent 2",1,82892,82892,32768,12,"wmma_k16",128,0,0,80,0,128,"SQ_BUSY_CYCLES",566768448.000000,26879025973025,26879027212992
180,180,"Agent 2",1,82892,82892,32768,12,"wmma_k16",128,0,0,80,0,128,"SQ_CYCLES",566768960.000000,26879025973025,26879027212992
180,180,"Agent 2",1,82892,82892,32768,12,"wmma_k16",128,0,0,80,0,128,"SQ_WAVES",1024.000000,26879025973025,26879027212992
181,181,"Agent 2",1,82892,82892,1536,30,"__amd_rocclr_fillBufferAligned",256,0,0,8,0,128,"GRBM_COUNT",139724.000000,26879027646664,26879027647518
181,181,"Agent 2",1,82892,82892,1536,30,"__amd_rocclr_fillBufferAligned",256,0,0,8,0,128,"GRBM_GUI_ACTIVE",139724.000000,26879027646664,26879027647518
181,181,"Agent 2",1,82892,82892,1536,30,"__amd_rocclr_fillBufferAligned",256,0,0,8,0,128,"SQ_BUSY_CYCLES",4471168.000000,26879027646664,26879027647518
181,181,"Agent 2",1,82892,82892,1536,30,"__amd_rocclr_fillBufferAligned",256,0,0,8,0,128,"SQ_CYCLES",4471680.000000,26879027646664,26879027647518
181,181,"Agent 2",1,82892,82892,1536,30,"__amd_rocclr_fillBufferAligned",256,0,0,8,0,128,"SQ_WAVES",48.000000,26879027646664,26879027647518
182,182,"Agent 2",1,82892,82892,32768,12,"wmma_k16",128,0,0,80,0,128,"GRBM_COUNT",17702999.000000,26879027977838,26879029226490
182,182,"Agent 2",1,82892,82892,32768,12,"wmma_k16",128,0,0,80,0,128,"GRBM_GUI_ACTIVE",17702999.000000,26879027977838,26879029226490
182,182,"Agent 2",1,82892,82892,32768,12,"wmma_k16",128,0,0,80,0,128,"SQ_BUSY_CYCLES",566495968.000000,26879027977838,26879029226490
182,182,"Agent 2",1,82892,82892,32768,12,"wmma_k16",128,0,0,80,0,128,"SQ_CYCLES",566496480.000000,26879027977838,26879029226490
182,182,"Agent 2",1,82892,82892,32768,12,"wmma_k16",128,0,0,80,0,128,"SQ_WAVES",1024.000000,26879027977838,26879029226490
183,183,"Agent 2",1,82892,82892,3072,30,"__amd_rocclr_fillBufferAligned",256,0,0,8,0,128,"GRBM_COUNT",144132.000000,26879029710251,26879029714807
183,183,"Agent 2",1,82892,82892,3072,30,"__amd_rocclr_fillBufferAligned",256,0,0,8,0,128,"GRBM_GUI_ACTIVE",144132.000000,26879029710251,26879029714807
183,183,"Agent 2",1,82892,82892,3072,30,"__amd_rocclr_fillBufferAligned",256,0,0,8,0,128,"SQ_BUSY_CYCLES",4612224.000000,26879029710251,26879029714807
183,183,"Agent 2",1,82892,82892,3072,30,"__amd_rocclr_fillBufferAligned",256,0,0,8,0,128,"SQ_CYCLES",4612736.000000,26879029710251,26879029714807
183,183,"Agent 2",1,82892,82892,3072,30,"__amd_rocclr_fillBufferAligned",256,0,0,8,0,128,"SQ_WAVES",96.000000,26879029710251,26879029714807
184,184,"Agent 2",1,82892,82892,65536,12,"wmma_k16",256,0,0,80,0,128,"GRBM_COUNT",17496827.000000,26879030052698,26879031271909
184,184,"Agent 2",1,82892,82892,65536,12,"wmma_k16",256,0,0,80,0,128,"GRBM_GUI_ACTIVE",17496827.000000,26879030052698,26879031271909
184,184,"Agent 2",1,82892,82892,65536,12,"wmma_k16",256,0,0,80,0,128,"SQ_BUSY_CYCLES",559898464.000000,26879030052698,26879031271909
184,184,"Agent 2",1,82892,82892,65536,12,"wmma_k16",256,0,0,80,0,128,"SQ_CYCLES",559898976.000000,26879030052698,26879031271909
184,184,"Agent 2",1,82892,82892,65536,12,"wmma_k16",256,0,0,80,0,128,"SQ_WAVES",2048.000000,26879030052698,26879031271909
185,185,"Agent 2",1,82892,82892,3072,30,"__amd_rocclr_fillBufferAligned",256,0,0,8,0,128,"GRBM_COUNT",143594.000000,26879031722297,26879031723126
185,185,"Agent 2",1,82892,82892,3072,30,"__amd_rocclr_fillBufferAligned",256,0,0,8,0,128,"GRBM_GUI_ACTIVE",143594.000000,26879031722297,26879031723126
185,185,"Agent 2",1,82892,82892,3072,30,"__amd_rocclr_fillBufferAligned",256,0,0,8,0,128,"SQ_BUSY_CYCLES",4595008.000000,26879031722297,26879031723126
185,185,"Agent 2",1,82892,82892,3072,30,"__amd_rocclr_fillBufferAligned",256,0,0,8,0,128,"SQ_CYCLES",4595520.000000,26879031722297,26879031723126
185,185,"Agent 2",1,82892,82892,3072,30,"__amd_rocclr_fillBufferAligned",256,0,0,8,0,128,"SQ_WAVES",96.000000,26879031722297,26879031723126
186,186,"Agent 2",1,82892,82892,65536,12,"wmma_k16",256,0,0,80,0,128,"GRBM_COUNT",17480676.000000,26879032054240,26879033291428
186,186,"Agent 2",1,82892,82892,65536,12,"wmma_k16",256,0,0,80,0,128,"GRBM_GUI_ACTIVE",17480676.000000,26879032054240,26879033291428
186,186,"Agent 2",1,82892,82892,65536,12,"wmma_k16",256,0,0,80,0,128,"SQ_BUSY_CYCLES",559381632.000000,26879032054240,26879033291428
186,186,"Agent 2",1,82892,82892,65536,12,"wmma_k16",256,0,0,80,0,128,"SQ_CYCLES",559382144.000000,26879032054240,26879033291428
186,186,"Agent 2",1,82892,82892,65536,12,"wmma_k16",256,0,0,80,0,128,"SQ_WAVES",2048.000000,26879032054240,26879033291428
187,187,"Agent 2",1,82892,82892,3072,30,"__amd_rocclr_fillBufferAligned",256,0,0,8,0,128,"GRBM_COUNT",147600.000000,26879033727983,26879033728825
187,187,"Agent 2",1,82892,82892,3072,30,"__amd_rocclr_fillBufferAligned",256,0,0,8,0,128,"GRBM_GUI_ACTIVE",147600.000000,26879033727983,26879033728825
187,187,"Agent 2",1,82892,82892,3072,30,"__amd_rocclr_fillBufferAligned",256,0,0,8,0,128,"SQ_BUSY_CYCLES",4723200.000000,26879033727983,26879033728825
187,187,"Agent 2",1,82892,82892,3072,30,"__amd_rocclr_fillBufferAligned",256,0,0,8,0,128,"SQ_CYCLES",4723712.000000,26879033727983,26879033728825
187,187,"Agent 2",1,82892,82892,3072,30,"__amd_rocclr_fillBufferAligned",256,0,0,8,0,128,"SQ_WAVES",96.000000,26879033727983,26879033728825
188,188,"Agent 2",1,82892,82892,65536,12,"wmma_k16",256,0,0,80,0,128,"GRBM_COUNT",17504075.000000,26879034061785,26879035289627
188,188,"Agent 2",1,82892,82892,65536,12,"wmma_k16",256,0,0,80,0,128,"GRBM_GUI_ACTIVE",17504075.000000,26879034061785,26879035289627
188,188,"Agent 2",1,82892,82892,65536,12,"wmma_k16",256,0,0,80,0,128,"SQ_BUSY_CYCLES",560130400.000000,26879034061785,26879035289627
188,188,"Agent 2",1,82892,82892,65536,12,"wmma_k16",256,0,0,80,0,128,"SQ_CYCLES",560130912.000000,26879034061785,26879035289627
188,188,"Agent 2",1,82892,82892,65536,12,"wmma_k16",256,0,0,80,0,128,"SQ_WAVES",2048.000000,26879034061785,26879035289627
189,189,"Agent 2",1,82892,82892,3072,30,"__amd_rocclr_fillBufferAligned",256,0,0,8,0,128,"GRBM_COUNT",147403.000000,26879035829391,26879035832615
189,189,"Agent 2",1,82892,82892,3072,30,"__amd_rocclr_fillBufferAligned",256,0,0,8,0,128,"GRBM_GUI_ACTIVE",147403.000000,26879035829391,26879035832615
189,189,"Agent 2",1,82892,82892,3072,30,"__amd_rocclr_fillBufferAligned",256,0,0,8,0,128,"SQ_BUSY_CYCLES",4716896.000000,26879035829391,26879035832615
189,189,"Agent 2",1,82892,82892,3072,30,"__amd_rocclr_fillBufferAligned",256,0,0,8,0,128,"SQ_CYCLES",4717408.000000,26879035829391,26879035832615
189,189,"Agent 2",1,82892,82892,3072,30,"__amd_rocclr_fillBufferAligned",256,0,0,8,0,128,"SQ_WAVES",96.000000,26879035829391,26879035832615
190,190,"Agent 2",1,82892,82892,65536,12,"wmma_k16",256,0,0,80,0,128,"GRBM_COUNT",17495641.000000,26879036177667,26879037386787
190,190,"Agent 2",1,82892,82892,65536,12,"wmma_k16",256,0,0,80,0,128,"GRBM_GUI_ACTIVE",17495641.000000,26879036177667,26879037386787
190,190,"Agent 2",1,82892,82892,65536,12,"wmma_k16",256,0,0,80,0,128,"SQ_BUSY_CYCLES",559860512.000000,26879036177667,26879037386787
190,190,"Agent 2",1,82892,82892,65536,12,"wmma_k16",256,0,0,80,0,128,"SQ_CYCLES",559861024.000000,26879036177667,26879037386787
190,190,"Agent 2",1,82892,82892,65536,12,"wmma_k16",256,0,0,80,0,128,"SQ_WAVES",2048.000000,26879036177667,26879037386787
191,191,"Agent 2",1,82892,82892,3072,30,"__amd_rocclr_fillBufferAligned",256,0,0,8,0,128,"GRBM_COUNT",151326.000000,26879037886669,26879037887504
191,191,"Agent 2",1,82892,82892,3072,30,"__amd_rocclr_fillBufferAligned",256,0,0,8,0,128,"GRBM_GUI_ACTIVE",151326.000000,26879037886669,26879037887504
191,191,"Agent 2",1,82892,82892,3072,30,"__amd_rocclr_fillBufferAligned",256,0,0,8,0,128,"SQ_BUSY_CYCLES",4842432.000000,26879037886669,26879037887504
191,191,"Agent 2",1,82892,82892,3072,30,"__amd_rocclr_fillBufferAligned",256,0,0,8,0,128,"SQ_CYCLES",4842944.000000,26879037886669,26879037887504
191,191,"Agent 2",1,82892,82892,3072,30,"__amd_rocclr_fillBufferAligned",256,0,0,8,0,128,"SQ_WAVES",96.000000,26879037886669,26879037887504
192,192,"Agent 2",1,82892,82892,65536,12,"wmma_k16",256,0,0,80,0,128,"GRBM_COUNT",17482364.000000,26879038221910,26879039427126
192,192,"Agent 2",1,82892,82892,65536,12,"wmma_k16",256,0,0,80,0,128,"GRBM_GUI_ACTIVE",17482364.000000,26879038221910,26879039427126
192,192,"Agent 2",1,82892,82892,65536,12,"wmma_k16",256,0,0,80,0,128,"SQ_BUSY_CYCLES",559435648.000000,26879038221910,26879039427126
192,192,"Agent 2",1,82892,82892,65536,12,"wmma_k16",256,0,0,80,0,128,"SQ_CYCLES",559436160.000000,26879038221910,26879039427126
192,192,"Agent 2",1,82892,82892,65536,12,"wmma_k16",256,0,0,80,0,128,"SQ_WAVES",2048.000000,26879038221910,26879039427126
193,193,"Agent 2",1,82892,82892,3072,30,"__amd_rocclr_fillBufferAligned",256,0,0,8,0,128,"GRBM_COUNT",156028.000000,26879039923268,26879039925743
193,193,"Agent 2",1,82892,82892,3072,30,"__amd_rocclr_fillBufferAligned",256,0,0,8,0,128,"GRBM_GUI_ACTIVE",156028.000000,26879039923268,26879039925743
193,193,"Agent 2",1,82892,82892,3072,30,"__amd_rocclr_fillBufferAligned",256,0,0,8,0,128,"SQ_BUSY_CYCLES",4992896.000000,26879039923268,26879039925743
193,193,"Agent 2",1,82892,82892,3072,30,"__amd_rocclr_fillBufferAligned",256,0,0,8,0,128,"SQ_CYCLES",4993408.000000,26879039923268,26879039925743
193,193,"Agent 2",1,82892,82892,3072,30,"__amd_rocclr_fillBufferAligned",256,0,0,8,0,128,"SQ_WAVES",96.000000,26879039923268,26879039925743
194,194,"Agent 2",1,82892,82892,65536,12,"wmma_k16",256,0,0,80,0,128,"GRBM_COUNT",17467787.000000,26879040262772,26879041463795
194,194,"Agent 2",1,82892,82892,65536,12,"wmma_k16",256,0,0,80,0,128,"GRBM_GUI_ACTIVE",17467787.000000,26879040262772,26879041463795
194,194,"Agent 2",1,82892,82892,65536,12,"wmma_k16",256,0,0,80,0,128,"SQ_BUSY_CYCLES",558969184.000000,26879040262772,26879041463795
194,194,"Agent 2",1,82892,82892,65536,12,"wmma_k16",256,0,0,80,0,128,"SQ_CYCLES",558969696.000000,26879040262772,26879041463795
194,194,"Agent 2",1,82892,82892,65536,12,"wmma_k16",256,0,0,80,0,128,"SQ_WAVES",2048.000000,26879040262772,26879041463795
195,195,"Agent 2",1,82892,82892,3072,30,"__amd_rocclr_fillBufferAligned",256,0,0,8,0,128,"GRBM_COUNT",151047.000000,26879041957606,26879041964982
195,195,"Agent 2",1,82892,82892,3072,30,"__amd_rocclr_fillBufferAligned",256,0,0,8,0,128,"GRBM_GUI_ACTIVE",151047.000000,26879041957606,26879041964982
195,195,"Agent 2",1,82892,82892,3072,30,"__amd_rocclr_fillBufferAligned",256,0,0,8,0,128,"SQ_BUSY_CYCLES",4833504.000000,26879041957606,26879041964982
195,195,"Agent 2",1,82892,82892,3072,30,"__amd_rocclr_fillBufferAligned",256,0,0,8,0,128,"SQ_CYCLES",4834016.000000,26879041957606,26879041964982
195,195,"Agent 2",1,82892,82892,3072,30,"__amd_rocclr_fillBufferAligned",256,0,0,8,0,128,"SQ_WAVES",96.000000,26879041957606,26879041964982
196,196,"Agent 2",1,82892,82892,65536,12,"wmma_k16",256,0,0,80,0,128,"GRBM_COUNT",17407091.000000,26879042292151,26879043483794
196,196,"Agent 2",1,82892,82892,65536,12,"wmma_k16",256,0,0,80,0,128,"GRBM_GUI_ACTIVE",17407091.000000,26879042292151,26879043483794
196,196,"Agent 2",1,82892,82892,65536,12,"wmma_k16",256,0,0,80,0,128,"SQ_BUSY_CYCLES",557026912.000000,26879042292151,26879043483794
196,196,"Agent 2",1,82892,82892,65536,12,"wmma_k16",256,0,0,80,0,128,"SQ_CYCLES",557027424.000000,26879042292151,26879043483794
196,196,"Agent 2",1,82892,82892,65536,12,"wmma_k16",256,0,0,80,0,128,"SQ_WAVES",2048.000000,26879042292151,26879043483794
197,197,"Agent 2",1,82892,82892,6144,30,"__amd_rocclr_fillBufferAligned",256,0,0,8,0,128,"GRBM_COUNT",156672.000000,26879044071540,26879044074332
197,197,"Agent 2",1,82892,82892,6144,30,"__amd_rocclr_fillBufferAligned",256,0,0,8,0,128,"GRBM_GUI_ACTIVE",156672.000000,26879044071540,26879044074332
197,197,"Agent 2",1,82892,82892,6144,30,"__amd_rocclr_fillBufferAligned",256,0,0,8,0,128,"SQ_BUSY_CYCLES",5013504.000000,26879044071540,26879044074332
197,197,"Agent 2",1,82892,82892,6144,30,"__amd_rocclr_fillBufferAligned",256,0,0,8,0,128,"SQ_CYCLES",5014016.000000,26879044071540,26879044074332
197,197,"Agent 2",1,82892,82892,6144,30,"__amd_rocclr_fillBufferAligned",256,0,0,8,0,128,"SQ_WAVES",192.000000,26879044071540,26879044074332
198,198,"Agent 2",1,82892,82892,131072,12,"wmma_k16",512,0,0,80,0,128,"GRBM_COUNT",17341076.000000,26879044411606,26879045584924
198,198,"Agent 2",1,82892,82892,131072,12,"wmma_k16",512,0,0,80,0,128,"GRBM_GUI_ACTIVE",17341076.000000,26879044411606,26879045584924
198,198,"Agent 2",1,82892,82892,131072,12,"wmma_k16",512,0,0,80,0,128,"SQ_BUSY_CYCLES",554914432.000000,26879044411606,26879045584924
198,198,"Agent 2",1,82892,82892,131072,12,"wmma_k16",512,0,0,80,0,128,"SQ_CYCLES",554914944.000000,26879044411606,26879045584924
198,198,"Agent 2",1,82892,82892,131072,12,"wmma_k16",512,0,0,80,0,128,"SQ_WAVES",4096.000000,26879044411606,26879045584924
199,199,"Agent 2",1,82892,82892,6144,30,"__amd_rocclr_fillBufferAligned",256,0,0,8,0,128,"GRBM_COUNT",155480.000000,26879045965873,26879045971479
199,199,"Agent 2",1,82892,82892,6144,30,"__amd_rocclr_fillBufferAligned",256,0,0,8,0,128,"GRBM_GUI_ACTIVE",155480.000000,26879045965873,26879045971479
199,199,"Agent 2",1,82892,82892,6144,30,"__amd_rocclr_fillBufferAligned",256,0,0,8,0,128,"SQ_BUSY_CYCLES",4975360.000000,26879045965873,26879045971479
199,199,"Agent 2",1,82892,82892,6144,30,"__amd_rocclr_fillBufferAligned",256,0,0,8,0,128,"SQ_CYCLES",4975872.000000,26879045965873,26879045971479
199,199,"Agent 2",1,82892,82892,6144,30,"__amd_rocclr_fillBufferAligned",256,0,0,8,0,128,"SQ_WAVES",192.000000,26879045965873,26879045971479
200,200,"Agent 2",1,82892,82892,131072,12,"wmma_k16",512,0,0,80,0,128,"GRBM_COUNT",17336174.000000,26879046319176,26879047484681
200,200,"Agent 2",1,82892,82892,131072,12,"wmma_k16",512,0,0,80,0,128,"GRBM_GUI_ACTIVE",17336174.000000,26879046319176,26879047484681
200,200,"Agent 2",1,82892,82892,131072,12,"wmma_k16",512,0,0,80,0,128,"SQ_BUSY_CYCLES",554757568.000000,26879046319176,26879047484681
200,200,"Agent 2",1,82892,82892,131072,12,"wmma_k16",512,0,0,80,0,128,"SQ_CYCLES",554758080.000000,26879046319176,26879047484681
200,200,"Agent 2",1,82892,82892,131072,12,"wmma_k16",512,0,0,80,0,128,"SQ_WAVES",4096.000000,26879046319176,26879047484681
201,201,"Agent 2",1,82892,82892,6144,30,"__amd_rocclr_fillBufferAligned",256,0,0,8,0,128,"GRBM_COUNT",159108.000000,26879047873058,26879047874106
201,201,"Agent 2",1,82892,82892,6144,30,"__amd_rocclr_fillBufferAligned",256,0,0,8,0,128,"GRBM_GUI_ACTIVE",159108.000000,26879047873058,26879047874106
201,201,"Agent 2",1,82892,82892,6144,30,"__amd_rocclr_fillBufferAligned",256,0,0,8,0,128,"SQ_BUSY_CYCLES",5091456.000000,26879047873058,26879047874106
201,201,"Agent 2",1,82892,82892,6144,30,"__amd_rocclr_fillBufferAligned",256,0,0,8,0,128,"SQ_CYCLES",5091968.000000,26879047873058,26879047874106
201,201,"Agent 2",1,82892,82892,6144,30,"__amd_rocclr_fillBufferAligned",256,0,0,8,0,128,"SQ_WAVES",192.000000,26879047873058,26879047874106
202,202,"Agent 2",1,82892,82892,131072,12,"wmma_k16",512,0,0,80,0,128,"GRBM_COUNT",17399983.000000,26879048207822,26879049412388
202,202,"Agent 2",1,82892,82892,131072,12,"wmma_k16",512,0,0,80,0,128,"GRBM_GUI_ACTIVE",17399983.000000,26879048207822,26879049412388
202,202,"Agent 2",1,82892,82892,131072,12,"wmma_k16",512,0,0,80,0,128,"SQ_BUSY_CYCLES",556799456.000000,26879048207822,26879049412388
202,202,"Agent 2",1,82892,82892,131072,12,"wmma_k16",512,0,0,80,0,128,"SQ_CYCLES",556799968.000000,26879048207822,26879049412388
202,202,"Agent 2",1,82892,82892,131072,12,"wmma_k16",512,0,0,80,0,128,"SQ_WAVES",4096.000000,26879048207822,26879049412388
203,203,"Agent 2",1,82892,82892,6144,30,"__amd_rocclr_fillBufferAligned",256,0,0,8,0,128,"GRBM_COUNT",147985.000000,26879050039664,26879050041987
203,203,"Agent 2",1,82892,82892,6144,30,"__amd_rocclr_fillBufferAligned",256,0,0,8,0,128,"GRBM_GUI_ACTIVE",147985.000000,26879050039664,26879050041987
203,203,"Agent 2",1,82892,82892,6144,30,"__amd_rocclr_fillBufferAligned",256,0,0,8,0,128,"SQ_BUSY_CYCLES",4735520.000000,26879050039664,26879050041987
203,203,"Agent 2",1,82892,82892,6144,30,"__amd_rocclr_fillBufferAligned",256,0,0,8,0,128,"SQ_CYCLES",4736032.000000,26879050039664,26879050041987
203,203,"Agent 2",1,82892,82892,6144,30,"__amd_rocclr_fillBufferAligned",256,0,0,8,0,128,"SQ_WAVES",192.000000,26879050039664,26879050041987
204,204,"Agent 2",1,82892,82892,131072,12,"wmma_k16",512,0,0,80,0,128,"GRBM_COUNT",17365282.000000,26879050379911,26879051561509
204,204,"Agent 2",1,82892,82892,131072,12,"wmma_k16",512,0,0,80,0,128,"GRBM_GUI_ACTIVE",17365282.000000,26879050379911,26879051561509
204,204,"Agent 2",1,82892,82892,131072,12,"wmma_k16",512,0,0,80,0,128,"SQ_BUSY_CYCLES",555689024.000000,26879050379911,26879051561509
204,204,"Agent 2",1,82892,82892,131072,12,"wmma_k16",512,0,0,80,0,128,"SQ_CYCLES",555689536.000000,26879050379911,26879051561509
204,204,"Agent 2",1,82892,82892,131072,12,"wmma_k16",512,0,0,80,0,128,"SQ_WAVES",4096.000000,26879050379911,26879051561509
205,205,"Agent 2",1,82892,82892,6144,30,"__amd_rocclr_fillBufferAligned",256,0,0,8,0,128,"GRBM_COUNT",153315.000000,26879052176871,26879052179228
205,205,"Agent 2",1,82892,82892,6144,30,"__amd_rocclr_fillBufferAligned",256,0,0,8,0,128,"GRBM_GUI_ACTIVE",153315.000000,26879052176871,26879052179228
205,205,"Agent 2",1,82892,82892,6144,30,"__amd_rocclr_fillBufferAligned",256,0,0,8,0,128,"SQ_BUSY_CYCLES",4906080.000000,26879052176871,26879052179228
205,205,"Agent 2",1,82892,82892,6144,30,"__amd_rocclr_fillBufferAligned",256,0,0,8,0,128,"SQ_CYCLES",4906592.000000,26879052176871,26879052179228
205,205,"Agent 2",1,82892,82892,6144,30,"__amd_rocclr_fillBufferAligned",256,0,0,8,0,128,"SQ_WAVES",192.000000,26879052176871,26879052179228
206,206,"Agent 2",1,82892,82892,131072,12,"wmma_k16",512,0,0,80,0,128,"GRBM_COUNT",17311846.000000,26879052518228,26879053677909
206,206,"Agent 2",1,82892,82892,131072,12,"wmma_k16",512,0,0,80,0,128,"GRBM_GUI_ACTIVE",17311846.000000,26879052518228,26879053677909
206,206,"Agent 2",1,82892,82892,131072,12,"wmma_k16",512,0,0,80,0,128,"SQ_BUSY_CYCLES",553979072.000000,26879052518228,26879053677909
206,206,"Agent 2",1,82892,82892,131072,12,"wmma_k16",512,0,0,80,0,128,"SQ_CYCLES",553979584.000000,26879052518228,26879053677909
206,206,"Agent 2",1,82892,82892,131072,12,"wmma_k16",512,0,0,80,0,128,"SQ_WAVES",4096.000000,26879052518228,26879053677909
207,207,"Agent 2",1,82892,82892,6144,30,"__amd_rocclr_fillBufferAligned",256,0,0,8,0,128,"GRBM_COUNT",150918.000000,26879054301635,26879054304028
207,207,"Agent 2",1,82892,82892,6144,30,"__amd_rocclr_fillBufferAligned",256,0,0,8,0,128,"GRBM_GUI_ACTIVE",150918.000000,26879054301635,26879054304028
207,207,"Agent 2",1,82892,82892,6144,30,"__amd_rocclr_fillBufferAligned",256,0,0,8,0,128,"SQ_BUSY_CYCLES",4829376.000000,26879054301635,26879054304028
207,207,"Agent 2",1,82892,82892,6144,30,"__amd_rocclr_fillBufferAligned",256,0,0,8,0,128,"SQ_CYCLES",4829888.000000,26879054301635,26879054304028
207,207,"Agent 2",1,82892,82892,6144,30,"__amd_rocclr_fillBufferAligned",256,0,0,8,0,128,"SQ_WAVES",192.000000,26879054301635,26879054304028
208,208,"Agent 2",1,82892,82892,131072,12,"wmma_k16",512,0,0,80,0,128,"GRBM_COUNT",17458616.000000,26879054636938,26879055807380
208,208,"Agent 2",1,82892,82892,131072,12,"wmma_k16",512,0,0,80,0,128,"GRBM_GUI_ACTIVE",17458616.000000,26879054636938,26879055807380
208,208,"Agent 2",1,82892,82892,131072,12,"wmma_k16",512,0,0,80,0,128,"SQ_BUSY_CYCLES",558675712.000000,26879054636938,26879055807380
208,208,"Agent 2",1,82892,82892,131072,12,"wmma_k16",512,0,0,80,0,128,"SQ_CYCLES",558676224.000000,26879054636938,26879055807380
208,208,"Agent 2",1,82892,82892,131072,12,"wmma_k16",512,0,0,80,0,128,"SQ_WAVES",4096.000000,26879054636938,26879055807380
209,209,"Agent 2",1,82892,82892,6144,30,"__amd_rocclr_fillBufferAligned",256,0,0,8,0,128,"GRBM_COUNT",152880.000000,26879056421067,26879056423359
209,209,"Agent 2",1,82892,82892,6144,30,"__amd_rocclr_fillBufferAligned",256,0,0,8,0,128,"GRBM_GUI_ACTIVE",152880.000000,26879056421067,26879056423359
209,209,"Agent 2",1,82892,82892,6144,30,"__amd_rocclr_fillBufferAligned",256,0,0,8,0,128,"SQ_BUSY_CYCLES",4892160.000000,26879056421067,26879056423359
209,209,"Agent 2",1,82892,82892,6144,30,"__amd_rocclr_fillBufferAligned",256,0,0,8,0,128,"SQ_CYCLES",4892672.000000,26879056421067,26879056423359
209,209,"Agent 2",1,82892,82892,6144,30,"__amd_rocclr_fillBufferAligned",256,0,0,8,0,128,"SQ_WAVES",192.000000,26879056421067,26879056423359
210,210,"Agent 2",1,82892,82892,131072,12,"wmma_k16",512,0,0,80,0,128,"GRBM_COUNT",17302369.000000,26879056755176,26879057936500
210,210,"Agent 2",1,82892,82892,131072,12,"wmma_k16",512,0,0,80,0,128,"GRBM_GUI_ACTIVE",17302369.000000,26879056755176,26879057936500
210,210,"Agent 2",1,82892,82892,131072,12,"wmma_k16",512,0,0,80,0,128,"SQ_BUSY_CYCLES",510447287.000000,26879056755176,26879057936500
210,210,"Agent 2",1,82892,82892,131072,12,"wmma_k16",512,0,0,80,0,128,"SQ_CYCLES",553676320.000000,26879056755176,26879057936500
210,210,"Agent 2",1,82892,82892,131072,12,"wmma_k16",512,0,0,80,0,128,"SQ_WAVES",4096.000000,26879056755176,26879057936500
211,211,"Agent 2",1,82892,82892,1536,30,"__amd_rocclr_fillBufferAligned",256,0,0,8,0,128,"GRBM_COUNT",152126.000000,26879058755934,26879058758262
211,211,"Agent 2",1,82892,82892,1536,30,"__amd_rocclr_fillBufferAligned",256,0,0,8,0,128,"GRBM_GUI_ACTIVE",152126.000000,26879058755934,26879058758262
211,211,"Agent 2",1,82892,82892,1536,30,"__amd_rocclr_fillBufferAligned",256,0,0,8,0,128,"SQ_BUSY_CYCLES",4867999.000000,26879058755934,26879058758262
211,211,"Agent 2",1,82892,82892,1536,30,"__amd_rocclr_fillBufferAligned",256,0,0,8,0,128,"SQ_CYCLES",4868544.000000,26879058755934,26879058758262
211,211,"Agent 2",1,82892,82892,1536,30,"__amd_rocclr_fillBufferAligned",256,0,0,8,0,128,"SQ_WAVES",48.000000,26879058755934,26879058758262
212,212,"Agent 2",1,82892,82892,32768,13,"exp8(float*, std::bfloat16_t __vector(16) const*, int, Rec*)",128,0,0,16,0,128,"GRBM_COUNT",31325640.000000,26879059093393,26879060824961
212,212,"Agent 2",1,82892,82892,32768,13,"exp8(float*, std::bfloat16_t __vector(16) const*, int, Rec*)",128,0,0,16,0,128,"GRBM_GUI_ACTIVE",31325640.000000,26879059093393,26879060824961
212,212,"Agent 2",1,82892,82892,32768,13,"exp8(float*, std::bfloat16_t __vector(16) const*, int, Rec*)",128,0,0,16,0,128,"SQ_BUSY_CYCLES",1000740149.000000,26879059093393,26879060824961
212,212,"Agent 2",1,82892,82892,32768,13,"exp8(float*, std::bfloat16_t __vector(16) const*, int, Rec*)",128,0,0,16,0,128,"SQ_CYCLES",1002420992.000000,26879059093393,26879060824961
212,212,"Agent 2",1,82892,82892,32768,13,"exp8(float*, std::bfloat16_t __vector(16) const*, int, Rec*)",128,0,0,16,0,128,"SQ_WAVES",1024.000000,26879059093393,26879060824961
213,213,"Agent 2",1,82892,82892,1536,30,"__amd_rocclr_fillBufferAligned",256,0,0,8,0,128,"GRBM_COUNT",147100.000000,26879061216158,26879061217087
213,213,"Agent 2",1,82892,82892,1536,30,"__amd_rocclr_fillBufferAligned",256,0,0,8,0,128,"GRBM_GUI_ACTIVE",147100.000000,26879061216158,26879061217087
213,213,"Agent 2",1,82892,82892,1536,30,"__amd_rocclr_fillBufferAligned",256,0,0,8,0,128,"SQ_BUSY_CYCLES",3668429.000000,26879061216158,26879061217087
213,213,"Agent 2",1,82892,82892,1536,30,"__amd_rocclr_fillBufferAligned",256,0,0,8,0,128,"SQ_CYCLES",4707712.000000,26879061216158,26879061217087
213,213,"Agent 2",1,82892,82892,1536,30,"__amd_rocclr_fillBufferAligned",256,0,0,8,0,128,"SQ_WAVES",48.000000,26879061216158,26879061217087
214,214,"Agent 2",1,82892,82892,32768,13,"exp8(float*, std::bfloat16_t __vector(16) const*, int, Rec*)",128,0,0,16,0,128,"GRBM_COUNT",31279026.000000,26879061553077,26879063256036
214,214,"Agent 2",1,82892,82892,32768,13,"exp8(float*, std::bfloat16_t __vector(16) const*, int, Rec*)",128,0,0,16,0,128,"GRBM_GUI_ACTIVE",31279026.000000,26879061553077,26879063256036
214,214,"Agent 2",1,82892,82892,32768,13,"exp8(float*, std::bfloat16_t __vector(16) const*, int, Rec*)",128,0,0,16,0,128,"SQ_BUSY_CYCLES",791606843.000000,26879061553077,26879063256036
214,214,"Agent 2",1,82892,82892,32768,13,"exp8(float*, std::bfloat16_t __vector(16) const*, int, Rec*)",128,0,0,16,0,128,"SQ_CYCLES",1000929344.000000,26879061553077,26879063256036
214,214,"Agent 2",1,82892,82892,32768,13,"exp8(float*, std::bfloat16_t __vector(16) const*, int, Rec*)",128,0,0,16,0,128,"SQ_WAVES",1024.000000,26879061553077,26879063256036
215,215,"Agent 2",1,82892,82892,1536,30,"__amd_rocclr_fillBufferAligned",256,0,0,8,0,128,"GRBM_COUNT",153945.000000,26879063642225,26879063643002
215,215,"Agent 2",1,82892,82892,1536,30,"__amd_rocclr_fillBufferAligned",256,0,0,8,0,128,"GRBM_GUI_ACTIVE",153945.000000,26879063642225,26879063643002
215,215,"Agent 2",1,82892,82892,1536,30,"__amd_rocclr_fillBufferAligned",256,0,0,8,0,128,"SQ_BUSY_CYCLES",4926240.000000,26879063642225,26879063643002
215,215,"Agent 2",1,82892,82892,1536,30,"__amd_rocclr_fillBufferAligned",256,0,0,8,0,128,"SQ_CYCLES",4926752.000000,26879063642225,26879063643002
215,215,"Agent 2",1,82892,82892,1536,30,"__amd_rocclr_fillBufferAligned",256,0,0,8,0,128,"SQ_WAVES",48.000000,26879063642225,26879063643002
216,216,"Agent 2",1,82892,82892,32768,13,"exp8(float*, std::bfloat16_t __vector(16) const*, int, Rec*)",128,0,0,16,0,128,"GRBM_COUNT",31260120.000000,26879063977482,26879065675941
216,216,"Agent 2",1,82892,82892,32768,13,"exp8(float*, std::bfloat16_t __vector(16) const*, int, Rec*)",128,0,0,16,0,128,"GRBM_GUI_ACTIVE",31260120.000000,26879063977482,26879065675941
216,216,"Agent 2",1,82892,82892,32768,13,"exp8(float*, std::bfloat16_t __vector(16) const*, int, Rec*)",128,0,0,16,0,128,"SQ_BUSY_CYCLES",998826571.000000,26879063977482,26879065675941
216,216,"Agent 2",1,82892,82892,32768,13,"exp8(float*, std::bfloat16_t __vector(16) const*, int, Rec*)",128,0,0,16,0,128,"SQ_CYCLES",1000324352.000000,26879063977482,26879065675941
216,216,"Agent 2",1,82892,82892,32768,13,"exp8(float*, std::bfloat16_t __vector(16) const*, int, Rec*)",128,0,0,16,0,128,"SQ_WAVES",1024.000000,26879063977482,26879065675941
217,217,"Agent 2",1,82892,82892,1536,30,"__amd_rocclr_fillBufferAligned",256,0,0,8,0,128,"GRBM_COUNT",169162.000000,26879066089304,26879066091646
217,217,"Agent 2",1,82892,82892,1536,30,"__amd_rocclr_fillBufferAligned",256,0,0,8,0,128,"GRBM_GUI_ACTIVE",169162.000000,26879066089304,26879066091646
217,217,"Agent 2",1,82892,82892,1536,30,"__amd_rocclr_fillBufferAligned",256,0,0,8,0,128,"SQ_BUSY_CYCLES",4534284.000000,26879066089304,26879066091646
217,217,"Agent 2",1,82892,82892,1536,30,"__amd_rocclr_fillBufferAligned",256,0,0,8,0,128,"SQ_CYCLES",5413696.000000,26879066089304,26879066091646
217,217,"Agent 2",1,82892,82892,1536,30,"__amd_rocclr_fillBufferAligned",256,0,0,8,0,128,"SQ_WAVES",48.000000,26879066089304,26879066091646
218,218,"Agent 2",1,82892,82892,32768,13,"exp8(float*, std::bfloat16_t __vector(16) const*, int, Rec*)",128,0,0,16,0,128,"GRBM_COUNT",31257062.000000,26879066432724,26879068130656
218,218,"Agent 2",1,82892,82892,32768,13,"exp8(float*, std::bfloat16_t __vector(16) const*, int, Rec*)",128,0,0,16,0,128,"GRBM_GUI_ACTIVE",31257062.000000,26879066432724,26879068130656
218,218,"Agent 2",1,82892,82892,32768,13,"exp8(float*, std::bfloat16_t __vector(16) const*, int, Rec*)",128,0,0,16,0,128,"SQ_BUSY_CYCLES",845110822.000000,26879066432724,26879068130656
218,218,"Agent 2",1,82892,82892,32768,13,"exp8(float*, std::bfloat16_t __vector(16) const*, int, Rec*)",128,0,0,16,0,128,"SQ_CYCLES",1000226496.000000,26879066432724,26879068130656
218,218,"Agent 2",1,82892,82892,32768,13,"exp8(float*, std::bfloat16_t __vector(16) const*, int, Rec*)",128,0,0,16,0,128,"SQ_WAVES",1024.000000,26879066432724,26879068130656
219,219,"Agent 2",1,82892,82892,1536,30,"__amd_rocclr_fillBufferAligned",256,0,0,8,0,128,"GRBM_COUNT",146260.000000,26879068544432,26879068544621
219,219,"Agent 2",1,82892,82892,1536,30,"__amd_rocclr_fillBufferAligned",256,0,0,8,0,128,"GRBM_GUI_ACTIVE",146260.000000,26879068544432,26879068544621
219,219,"Agent 2",1,82892,82892,1536,30,"__amd_rocclr_fillBufferAligned",256,0,0,8,0,128,"SQ_BUSY_CYCLES",4680320.000000,26879068544432,26879068544621
219,219,"Agent 2",1,82892,82892,1536,30,"__amd_rocclr_fillBufferAligned",256,0,0,8,0,128,"SQ_CYCLES",4680832.000000,26879068544432,26879068544621
219,219,"Agent 2",1,82892,82892,1536,30,"__amd_rocclr_fillBufferAligned",256,0,0,8,0,128,"SQ_WAVES",48.000000,26879068544432,26879068544621
220,220,"Agent 2",1,82892,82892,32768,13,"exp8(float*, std::bfloat16_t __vector(16) const*, int, Rec*)",128,0,0,16,0,128,"GRBM_COUNT",31228626.000000,26879068873381,26879070571010
220,220,"Agent 2",1,82892,82892,32768,13,"exp8(float*, std::bfloat16_t __vector(16) const*, int, Rec*)",128,0,0,16,0,128,"GRBM_GUI_ACTIVE",31228626.000000,26879068873381,26879070571010
220,220,"Agent 2",1,82892,82892,32768,13,"exp8(float*, std::bfloat16_t __vector(16) const*, int, Rec*)",128,0,0,16,0,128,"SQ_BUSY_CYCLES",999316032.000000,26879068873381,26879070571010
220,220,"Agent 2",1,82892,82892,32768,13,"exp8(float*, std::bfloat16_t __vector(16) const*, int, Rec*)",128,0,0,16,0,128,"SQ_CYCLES",999316544.000000,26879068873381,26879070571010
220,220,"Agent 2",1,82892,82892,32768,13,"exp8(float*, std::bfloat16_t __vector(16) const*, int, Rec*)",128,0,0,16,0,128,"SQ_WAVES",1024.000000,26879068873381,26879070571010
221,221,"Agent 2",1,82892,82892,1536,30,"__amd_rocclr_fillBufferAligned",256,0,0,8,0,128,"GRBM_COUNT",148597.000000,26879070981533,26879070988287
221,221,"Agent 2",1,82892,82892,1536,30,"__amd_rocclr_fillBufferAligned",256,0,0,8,0,128,"GRBM_GUI_ACTIVE",148597.000000,26879070981533,26879070988287
221,221,"Agent 2",1,82892,82892,1536,30,"__amd_rocclr_fillBufferAligned",256,0,0,8,0,128,"SQ_BUSY_CYCLES",4755104.000000,26879070981533,26879070988287
221,221,"Agent 2",1,82892,82892,1536,30,"__amd_rocclr_fillBufferAligned",256,0,0,8,0,128,"SQ_CYCLES",4755616.000000,26879070981533,26879070988287
221,221,"Agent 2",1,82892,82892,1536,30,"__amd_rocclr_fillBufferAligned",256,0,0,8,0,128,"SQ_WAVES",48.000000,26879070981533,26879070988287
222,222,"Agent 2",1,82892,82892,32768,13,"exp8(float*, std::bfloat16_t __vector(16) const*, int, Rec*)",128,0,0,16,0,128,"GRBM_COUNT",31222094.000000,26879071326097,26879073024285
222,222,"Agent 2",1,82892,82892,32768,13,"exp8(float*, std::bfloat16_t __vector(16) const*, int, Rec*)",128,0,0,16,0,128,"GRBM_GUI_ACTIVE",31222094.000000,26879071326097,26879073024285
222,222,"Agent 2",1,82892,82892,32768,13,"exp8(float*, std::bfloat16_t __vector(16) const*, int, Rec*)",128,0,0,16,0,128,"SQ_BUSY_CYCLES",999107008.000000,26879071326097,26879073024285
222,222,"Agent 2",1,82892,82892,32768,13,"exp8(float*, std::bfloat16_t __vector(16) const*, int, Rec*)",128,0,0,16,0,128,"SQ_CYCLES",999107520.000000,26879071326097,26879073024285
222,222,"Agent 2",1,82892,82892,32768,13,"exp8(float*, std::bfloat16_t __vector(16) const*, int, Rec*)",128,0,0,16,0,128,"SQ_WAVES",1024.000000,26879071326097,26879073024285
223,223,"Agent 2",1,82892,82892,1536,30,"__amd_rocclr_fillBufferAligned",256,0,0,8,0,128,"GRBM_COUNT",148672.000000,26879073439748,26879073440401
223,223,"Agent 2",1,82892,82892,1536,30,"__amd_rocclr_fillBufferAligned",256,0,0,8,0,128,"GRBM_GUI_ACTIVE",148672.000000,26879073439748,26879073440401
223,223,"Agent 2",1,82892,82892,1536,30,"__amd_rocclr_fillBufferAligned",256,0,0,8,0,128,"SQ_BUSY_CYCLES",4757504.000000,26879073439748,26879073440401
223,223,"Agent 2",1,82892,82892,1536,30,"__amd_rocclr_fillBufferAligned",256,0,0,8,0,128,"SQ_CYCLES",4758016.000000,26879073439748,26879073440401
223,223,"Agent 2",1,82892,82892,1536,30,"__amd_rocclr_fillBufferAligned",256,0,0,8,0,128,"SQ_WAVES",48.000000,26879073439748,26879073440401
224,224,"Agent 2",1,82892,82892,32768,13,"exp8(float*, std::bfloat16_t __vector(16) const*, int, Rec*)",128,0,0,16,0,128,"GRBM_COUNT",31226988.000000,26879073769046,26879075469230
224,224,"Agent 2",1,82892,82892,32768,13,"exp8(float*, std::bfloat16_t __vector(16) const*, int, Rec*)",128,0,0,16,0,128,"GRBM_GUI_ACTIVE",31226988.000000,26879073769046,26879075469230
224,224,"Agent 2",1,82892,82892,32768,13,"exp8(float*, std::bfloat16_t __vector(16) const*, int, Rec*)",128,0,0,16,0,128,"SQ_BUSY_CYCLES",999263616.000000,26879073769046,26879075469230
224,224,"Agent 2",1,82892,82892,32768,13,"exp8(float*, std::bfloat16_t __vector(16) const*, int, Rec*)",128,0,0,16,0,128,"SQ_CYCLES",999264128.000000,26879073769046,26879075469230
224,224,"Agent 2",1,82892,82892,32768,13,"exp8(float*, std::bfloat16_t __vector(16) const*, int, Rec*)",128,0,0,16,0,128,"SQ_WAVES",1024.000000,26879073769046,26879075469230
225,225,"Agent 2",1,82892,82892,3072,30,"__amd_rocclr_fillBufferAligned",256,0,0,8,0,128,"GRBM_COUNT",148238.000000,26879075923290,26879075925527
225,225,"Agent 2",1,82892,82892,3072,30,"__amd_rocclr_fillBufferAligned",256,0,0,8,0,128,"GRBM_GUI_ACTIVE",148238.000000,26879075923290,26879075925527
225,225,"Agent 2",1,82892,82892,3072,30,"__amd_rocclr_fillBufferAligned",256,0,0,8,0,128,"SQ_BUSY_CYCLES",4743616.000000,26879075923290,26879075925527
225,225,"Agent 2",1,82892,82892,3072,30,"__amd_rocclr_fillBufferAligned",256,0,0,8,0,128,"SQ_CYCLES",4744128.000000,26879075923290,26879075925527
225,225,"Agent 2",1,82892,82892,3072,30,"__amd_rocclr_fillBufferAligned",256,0,0,8,0,128,"SQ_WAVES",96.000000,26879075923290,26879075925527
226,226,"Agent 2",1,82892,82892,65536,13,"exp8(float*, std::bfloat16_t __vector(16) const*, int, Rec*)",256,0,0,16,0,128,"GRBM_COUNT",23451778.000000,26879076262650,26879077542670
226,226,"Agent 2",1,82892,82892,65536,13,"exp8(float*, std::bfloat16_t __vector(16) const*, int, Rec*)",256,0,0,16,0,128,"GRBM_GUI_ACTIVE",23451778.000000,26879076262650,26879077542670
226,226,"Agent 2",1,82892,82892,65536,13,"exp8(float*, std::bfloat16_t __vector(16) const*, int, Rec*)",256,0,0,16,0,128,"SQ_BUSY_CYCLES",750456896.000000,26879076262650,26879077542670
226,226,"Agent 2",1,82892,82892,65536,13,"exp8(float*, std::bfloat16_t __vector(16) const*, int, Rec*)",256,0,0,16,0,128,"SQ_CYCLES",750457408.000000,26879076262650,26879077542670
226,226,"Agent 2",1,82892,82892,65536,13,"exp8(float*, std::bfloat16_t __vector(16) const*, int, Rec*)",256,0,0,16,0,128,"SQ_WAVES",2048.000000,26879076262650,26879077542670
227,227,"Agent 2",1,82892,82892,3072,30,"__amd_rocclr_fillBufferAligned",256,0,0,8,0,128,"GRBM_COUNT",159442.000000,26879077928847,26879077930935
227,227,"Agent 2",1,82892,82892,3072,30,"__amd_rocclr_fillBufferAligned",256,0,0,8,0,128,"GRBM_GUI_ACTIVE",159442.000000,26879077928847,26879077930935
227,227,"Agent 2",1,82892,82892,3072,30,"__amd_rocclr_fillBufferAligned",256,0,0,8,0,128,"SQ_BUSY_CYCLES",5102144.000000,26879077928847,26879077930935
227,227,"Agent 2",1,82892,82892,3072,30,"__amd_rocclr_fillBufferAligned",256,0,0,8,0,128,"SQ_CYCLES",5102656.000000,26879077928847,26879077930935
227,227,"Agent 2",1,82892,82892,3072,30,"__amd_rocclr_fillBufferAligned",256,0,0,8,0,128,"SQ_WAVES",96.000000,26879077928847,26879077930935
228,228,"Agent 2",1,82892,82892,65536,13,"exp8(float*, std::bfloat16_t __vector(16) const*, int, Rec*)",256,0,0,16,0,128,"GRBM_COUNT",23449801.000000,26879078265577,26879079545109
228,228,"Agent 2",1,82892,82892,65536,13,"exp8(float*, std::bfloat16_t __vector(16) const*, int, Rec*)",256,0,0,16,0,128,"GRBM_GUI_ACTIVE",23449801.000000,26879078265577,26879079545109
228,228,"Agent 2",1,82892,82892,65536,13,"exp8(float*, std::bfloat16_t __vector(16) const*, int, Rec*)",256,0,0,16,0,128,"SQ_BUSY_CYCLES",750393632.000000,26879078265577,26879079545109
228,228,"Agent 2",1,82892,82892,65536,13,"exp8(float*, std::bfloat16_t __vector(16) const*, int, Rec*)",256,0,0,16,0,128,"SQ_CYCLES",750394144.000000,26879078265577,26879079545109
228,228,"Agent 2",1,82892,82892,65536,13,"exp8(float*, std::bfloat16_t __vector(16) const*, int, Rec*)",256,0,0,16,0,128,"SQ_WAVES",2048.000000,26879078265577,26879079545109
229,229,"Agent 2",1,82892,82892,3072,30,"__amd_rocclr_fillBufferAligned",256,0,0,8,0,128,"GRBM_COUNT",153197.000000,26879079929703,26879079931664
229,229,"Agent 2",1,82892,82892,3072,30,"__amd_rocclr_fillBufferAligned",256,0,0,8,0,128,"GRBM_GUI_ACTIVE",153197.000000,26879079929703,26879079931664
229,229,"Agent 2",1,82892,82892,3072,30,"__amd_rocclr_fillBufferAligned",256,0,0,8,0,128,"SQ_BUSY_CYCLES",4902304.000000,26879079929703,26879079931664
229,229,"Agent 2",1,82892,82892,3072,30,"__amd_rocclr_fillBufferAligned",256,0,0,8,0,128,"SQ_CYCLES",4902816.000000,26879079929703,26879079931664
229,229,"Agent 2",1,82892,82892,3072,30,"__amd_rocclr_fillBufferAligned",256,0,0,8,0,128,"SQ_WAVES",96.000000,26879079929703,26879079931664
230,230,"Agent 2",1,82892,82892,65536,13,"exp8(float*, std::bfloat16_t __vector(16) const*, int, Rec*)",256,0,0,16,0,128,"GRBM_COUNT",23457805.000000,26879080269288,26879081550347
230,230,"Agent 2",1,82892,82892,65536,13,"exp8(float*, std::bfloat16_t __vector(16) const*, int, Rec*)",256,0,0,16,0,128,"GRBM_GUI_ACTIVE",23457805.000000,26879080269288,26879081550347
230,230,"Agent 2",1,82892,82892,65536,13,"exp8(float*, std::bfloat16_t __vector(16) const*, int, Rec*)",256,0,0,16,0,128,"SQ_BUSY_CYCLES",750649760.000000,26879080269288,26879081550347
230,230,"Agent 2",1,82892,82892,65536,13,"exp8(float*, std::bfloat16_t __vector(16) const*, int, Rec*)",256,0,0,16,0,128,"SQ_CYCLES",750650272.000000,26879080269288,26879081550347
230,230,"Agent 2",1,82892,82892,65536,13,"exp8(float*, std::bfloat16_t __vector(16) const*, int, Rec*)",256,0,0,16,0,128,"SQ_WAVES",2048.000000,26879080269288,26879081550347
231,231,"Agent 2",1,82892,82892,3072,30,"__amd_rocclr_fillBufferAligned",256,0,0,8,0,128,"GRBM_COUNT",159070.000000,26879082019872,26879082021824
231,231,"Agent 2",1,82892,82892,3072,30,"__amd_rocclr_fillBufferAligned",256,0,0,8,0,128,"GRBM_GUI_ACTIVE",159070.000000,26879082019872,26879082021824
231,231,"Agent 2",1,82892,82892,3072,30,"__amd_rocclr_fillBufferAligned",256,0,0,8,0,128,"SQ_BUSY_CYCLES",5090240.000000,26879082019872,26879082021824
231,231,"Agent 2",1,82892,82892,3072,30,"__amd_rocclr_fillBufferAligned",256,0,0,8,0,128,"SQ_CYCLES",5090752.000000,26879082019872,26879082021824
231,231,"Agent 2",1,82892,82892,3072,30,"__amd_rocclr_fillBufferAligned",256,0,0,8,0,128,"SQ_WAVES",96.000000,26879082019872,26879082021824
232,232,"Agent 2",1,82892,82892,65536,13,"exp8(float*, std::bfloat16_t __vector(16) const*, int, Rec*)",256,0,0,16,0,128,"GRBM_COUNT",23455105.000000,26879082360460,26879083639507
232,232,"Agent 2",1,82892,82892,65536,13,"exp8(float*, std::bfloat16_t __vector(16) const*, int, Rec*)",256,0,0,16,0,128,"GRBM_GUI_ACTIVE",23455105.000000,26879082360460,26879083639507
232,232,"Agent 2",1,82892,82892,65536,13,"exp8(float*, std::bfloat16_t __vector(16) const*, int, Rec*)",256,0,0,16,0,128,"SQ_BUSY_CYCLES",750563360.000000,26879082360460,26879083639507
232,232,"Agent 2",1,82892,82892,65536,13,"exp8(float*, std::bfloat16_t __vector(16) const*, int, Rec*)",256,0,0,16,0,128,"SQ_CYCLES",750563872.000000,26879082360460,26879083639507
232,232,"Agent 2",1,82892,82892,65536,13,"exp8(float*, std::bfloat16_t __vector(16) const*, int, Rec*)",256,0,0,16,0,128,"SQ_WAVES",2048.000000,26879082360460,26879083639507
233,233,"Agent 2",1,82892,82892,3072,30,"__amd_rocclr_fillBufferAligned",256,0,0,8,0,128,"GRBM_COUNT",150099.000000,26879084105766,26879084107924
233,233,"Agent 2",1,82892,82892,3072,30,"__amd_rocclr_fillBufferAligned",256,0,0,8,0,128,"GRBM_GUI_ACTIVE",150099.000000,26879084105766,26879084107924
233,233,"Agent 2",1,82892,82892,3072,30,"__amd_rocclr_fillBufferAligned",256,0,0,8,0,128,"SQ_BUSY_CYCLES",4803168.000000,26879084105766,26879084107924
233,233,"Agent 2",1,82892,82892,3072,30,"__amd_rocclr_fillBufferAligned",256,0,0,8,0,128,"SQ_CYCLES",4803680.000000,26879084105766,26879084107924
233,233,"Agent 2",1,82892,82892,3072,30,"__amd_rocclr_fillBufferAligned",256,0,0,8,0,128,"SQ_WAVES",96.000000,26879084105766,26879084107924
234,234,"Agent 2",1,82892,82892,65536,13,"exp8(float*, std::bfloat16_t __vector(16) const*, int, Rec*)",256,0,0,16,0,128,"GRBM_COUNT",23460686.000000,26879084443731,26879085730227
234,234,"Agent 2",1,82892,82892,65536,13,"exp8(float*, std::bfloat16_t __vector(16) const*, int, Rec*)",256,0,0,16,0,128,"GRBM_GUI_ACTIVE",23460686.000000,26879084443731,26879085730227
234,234,"Agent 2",1,82892,82892,65536,13,"exp8(float*, std::bfloat16_t __vector(16) const*, int, Rec*)",256,0,0,16,0,128,"SQ_BUSY_CYCLES",750741952.000000,26879084443731,26879085730227
234,234,"Agent 2",1,82892,82892,65536,13,"exp8(float*, std::bfloat16_t __vector(16) const*, int, Rec*)",256,0,0,16,0,128,"SQ_CYCLES",750742464.000000,26879084443731,26879085730227
234,234,"Agent 2",1,82892,82892,65536,13,"exp8(float*, std::bfloat16_t __vector(16) const*, int, Rec*)",256,0,0,16,0,128,"SQ_WAVES",2048.000000,26879084443731,26879085730227
235,235,"Agent 2",1,82892,82892,3072,30,"__amd_rocclr_fillBufferAligned",256,0,0,8,0,128,"GRBM_COUNT",158195.000000,26879086196323,26879086199624
235,235,"Agent 2",1,82892,82892,3072,30,"__amd_rocclr_fillBufferAligned",256,0,0,8,0,128,"GRBM_GUI_ACTIVE",158195.000000,26879086196323,26879086199624
235,235,"Agent 2",1,82892,82892,3072,30,"__amd_rocclr_fillBufferAligned",256,0,0,8,0,128,"SQ_BUSY_CYCLES",5062240.000000,26879086196323,26879086199624
235,235,"Agent 2",1,82892,82892,3072,30,"__amd_rocclr_fillBufferAligned",256,0,0,8,0,128,"SQ_CYCLES",5062752.000000,26879086196323,26879086199624
235,235,"Agent 2",1,82892,82892,3072,30,"__amd_rocclr_fillBufferAligned",256,0,0,8,0,128,"SQ_WAVES",96.000000,26879086196323,26879086199624
236,236,"Agent 2",1,82892,82892,65536,13,"exp8(float*, std::bfloat16_t __vector(16) const*, int, Rec*)",256,0,0,16,0,128,"GRBM_COUNT",23470039.000000,26879086535406,26879087819137
236,236,"Agent 2",1,82892,82892,65536,13,"exp8(float*, std::bfloat16_t __vector(16) const*, int, Rec*)",256,0,0,16,0,128,"GRBM_GUI_ACTIVE",23470039.000000,26879086535406,26879087819137
236,236,"Agent 2",1,82892,82892,65536,13,"exp8(float*, std::bfloat16_t __vector(16) const*, int, Rec*)",256,0,0,16,0,128,"SQ_BUSY_CYCLES",751041248.000000,26879086535406,26879087819137
236,236,"Agent 2",1,82892,82892,65536,13,"exp8(float*, std::bfloat16_t __vector(16) const*, int, Rec*)",256,0,0,16,0,128,"SQ_CYCLES",751041760.000000,26879086535406,26879087819137
236,236,"Agent 2",1,82892,82892,65536,13,"exp8(float*, std::bfloat16_t __vector(16) const*, int, Rec*)",256,0,0,16,0,128,"SQ_WAVES",2048.000000,26879086535406,26879087819137
237,237,"Agent 2",1,82892,82892,3072,30,"__amd_rocclr_fillBufferAligned",256,0,0,8,0,128,"GRBM_COUNT",164110.000000,26879088285284,26879088287894
237,237,"Agent 2",1,82892,82892,3072,30,"__amd_rocclr_fillBufferAligned",256,0,0,8,0,128,"GRBM_GUI_ACTIVE",164110.000000,26879088285284,26879088287894
237,237,"Agent 2",1,82892,82892,3072,30,"__amd_rocclr_fillBufferAligned",256,0,0,8,0,128,"SQ_BUSY_CYCLES",5251520.000000,26879088285284,26879088287894
237,237,"Agent 2",1,82892,82892,3072,30,"__amd_rocclr_fillBufferAligned",256,0,0,8,0,128,"SQ_CYCLES",5252032.000000,26879088285284,26879088287894
237,237,"Agent 2",1,82892,82892,3072,30,"__amd_rocclr_fillBufferAligned",256,0,0,8,0,128,"SQ_WAVES",96.000000,26879088285284,26879088287894
238,238,"Agent 2",1,82892,82892,65536,13,"exp8(float*, std::bfloat16_t __vector(16) const*, int, Rec*)",256,0,0,16,0,128,"GRBM_COUNT",23468356.000000,26879088623551,26879089905836
238,238,"Agent 2",1,82892,82892,65536,13,"exp8(float*, std::bfloat16_t __vector(16) const*, int, Rec*)",256,0,0,16,0,128,"GRBM_GUI_ACTIVE",23468356.000000,26879088623551,26879089905836
238,238,"Agent 2",1,82892,82892,65536,13,"exp8(float*, std::bfloat16_t __vector(16) const*, int, Rec*)",256,0,0,16,0,128,"SQ_BUSY_CYCLES",750987392.000000,26879088623551,26879089905836
238,238,"Agent 2",1,82892,82892,65536,13,"exp8(float*, std::bfloat16_t __vector(16) const*, int, Rec*)",256,0,0,16,0,128,"SQ_CYCLES",750987904.000000,26879088623551,26879089905836
238,238,"Agent 2",1,82892,82892,65536,13,"exp8(float*, std::bfloat16_t __vector(16) const*, int, Rec*)",256,0,0,16,0,128,"SQ_WAVES",2048.000000,26879088623551,26879089905836
239,239,"Agent 2",1,82892,82892,6144,30,"__amd_rocclr_fillBufferAligned",256,0,0,8,0,128,"GRBM_COUNT",153223.000000,26879090463326,26879090466474
239,239,"Agent 2",1,82892,82892,6144,30,"__amd_rocclr_fillBufferAligned",256,0,0,8,0,128,"GRBM_GUI_ACTIVE",153223.000000,26879090463326,26879090466474
239,239,"Agent 2",1,82892,82892,6144,30,"__amd_rocclr_fillBufferAligned",256,0,0,8,0,128,"SQ_BUSY_CYCLES",4903136.000000,26879090463326,26879090466474
239,239,"Agent 2",1,82892,82892,6144,30,"__amd_rocclr_fillBufferAligned",256,0,0,8,0,128,"SQ_CYCLES",4903648.000000,26879090463326,26879090466474
239,239,"Agent 2",1,82892,82892,6144,30,"__amd_rocclr_fillBufferAligned",256,0,0,8,0,128,"SQ_WAVES",192.000000,26879090463326,26879090466474
240,240,"Agent 2",1,82892,82892,131072,13,"exp8(float*, std::bfloat16_t __vector(16) const*, int, Rec*)",512,0,0,16,0,128,"GRBM_COUNT",22363012.000000,26879090799989,26879092025017
240,240,"Agent 2",1,82892,82892,131072,13,"exp8(float*, std::bfloat16_t __vector(16) const*, int, Rec*)",512,0,0,16,0,128,"GRBM_GUI_ACTIVE",22363012.000000,26879090799989,26879092025017
240,240,"Agent 2",1,82892,82892,131072,13,"exp8(float*, std::bfloat16_t __vector(16) const*, int, Rec*)",512,0,0,16,0,128,"SQ_BUSY_CYCLES",715616384.000000,26879090799989,26879092025017
240,240,"Agent 2",1,82892,82892,131072,13,"exp8(float*, std::bfloat16_t __vector(16) const*, int, Rec*)",512,0,0,16,0,128,"SQ_CYCLES",715616896.000000,26879090799989,26879092025017
240,240,"Agent 2",1,82892,82892,131072,13,"exp8(float*, std::bfloat16_t __vector(16) const*, int, Rec*)",512,0,0,16,0,128,"SQ_WAVES",4096.000000,26879090799989,26879092025017
241,241,"Agent 2",1,82892,82892,6144,30,"__amd_rocclr_fillBufferAligned",256,0,0,8,0,128,"GRBM_COUNT",156195.000000,26879092414521,26879092416682
241,241,"Agent 2",1,82892,82892,6144,30,"__amd_rocclr_fillBufferAligned",256,0,0,8,0,128,"GRBM_GUI_ACTIVE",156195.000000,26879092414521,26879092416682
241,241,"Agent 2",1,82892,82892,6144,30,"__amd_rocclr_fillBufferAligned",256,0,0,8,0,128,"SQ_BUSY_CYCLES",4998240.000000,26879092414521,26879092416682
241,241,"Agent 2",1,82892,82892,6144,30,"__amd_rocclr_fillBufferAligned",256,0,0,8,0,128,"SQ_CYCLES",4998752.000000,26879092414521,26879092416682
241,241,"Agent 2",1,82892,82892,6144,30,"__amd_rocclr_fillBufferAligned",256,0,0,8,0,128,"SQ_WAVES",192.000000,26879092414521,26879092416682
242,242,"Agent 2",1,82892,82892,131072,13,"exp8(float*, std::bfloat16_t __vector(16) const*, int, Rec*)",512,0,0,16,0,128,"GRBM_COUNT",22351933.000000,26879092751221,26879093973715
242,242,"Agent 2",1,82892,82892,131072,13,"exp8(float*, std::bfloat16_t __vector(16) const*, int, Rec*)",512,0,0,16,0,128,"GRBM_GUI_ACTIVE",22351933.000000,26879092751221,26879093973715
242,242,"Agent 2",1,82892,82892,131072,13,"exp8(float*, std::bfloat16_t __vector(16) const*, int, Rec*)",512,0,0,16,0,128,"SQ_BUSY_CYCLES",715261856.000000,26879092751221,26879093973715
242,242,"Agent 2",1,82892,82892,131072,13,"exp8(float*, std::bfloat16_t __vector(16) const*, int, Rec*)",512,0,0,16,0,128,"SQ_CYCLES",715262368.000000,26879092751221,26879093973715
242,242,"Agent 2",1,82892,82892,131072,13,"exp8(float*, std::bfloat16_t __vector(16) const*, int, Rec*)",512,0,0,16,0,128,"SQ_WAVES",4096.000000,26879092751221,26879093973715
243,243,"Agent 2",1,82892,82892,6144,30,"__amd_rocclr_fillBufferAligned",256,0,0,8,0,128,"GRBM_COUNT",153507.000000,26879094370133,26879094372220
243,243,"Agent 2",1,82892,82892,6144,30,"__amd_rocclr_fillBufferAligned",256,0,0,8,0,128,"GRBM_GUI_ACTIVE",153507.000000,26879094370133,26879094372220
243,243,"Agent 2",1,82892,82892,6144,30,"__amd_rocclr_fillBufferAligned",256,0,0,8,0,128,"SQ_BUSY_CYCLES",4912224.000000,26879094370133,26879094372220
243,243,"Agent 2",1,82892,82892,6144,30,"__amd_rocclr_fillBufferAligned",256,0,0,8,0,128,"SQ_CYCLES",4912736.000000,26879094370133,26879094372220
243,243,"Agent 2",1,82892,82892,6144,30,"__amd_rocclr_fillBufferAligned",256,0,0,8,0,128,"SQ_WAVES",192.000000,26879094370133,26879094372220
244,244,"Agent 2",1,82892,82892,131072,13,"exp8(float*, std::bfloat16_t __vector(16) const*, int, Rec*)",512,0,0,16,0,128,"GRBM_COUNT",22363490.000000,26879094707954,26879095933223
244,244,"Agent 2",1,82892,82892,131072,13,"exp8(float*, std::bfloat16_t __vector(16) const*, int, Rec*)",512,0,0,16,0,128,"GRBM_GUI_ACTIVE",22363490.000000,26879094707954,26879095933223
244,244,"Agent 2",1,82892,82892,131072,13,"exp8(float*, std::bfloat16_t __vector(16) const*, int, Rec*)",512,0,0,16,0,128,"SQ_BUSY_CYCLES",715631680.000000,26879094707954,26879095933223
244,244,"Agent 2",1,82892,82892,131072,13,"exp8(float*, std::bfloat16_t __vector(16) const*, int, Rec*)",512,0,0,16,0,128,"SQ_CYCLES",715632192.000000,26879094707954,26879095933223
244,244,"Agent 2",1,82892,82892,131072,13,"exp8(float*, std::bfloat16_t __vector(16) const*, int, Rec*)",512,0,0,16,0,128,"SQ_WAVES",4096.000000,26879094707954,26879095933223
245,245,"Agent 2",1,82892,82892,6144,30,"__amd_rocclr_fillBufferAligned",256,0,0,8,0,128,"GRBM_COUNT",165571.000000,26879096530162,26879096531351
245,245,"Agent 2",1,82892,82892,6144,30,"__amd_rocclr_fillBufferAligned",256,0,0,8,0,128,"GRBM_GUI_ACTIVE",165571.000000,26879096530162,26879096531351
245,245,"Agent 2",1,82892,82892,6144,30,"__amd_rocclr_fillBufferAligned",256,0,0,8,0,128,"SQ_BUSY_CYCLES",5298272.000000,26879096530162,26879096531351
245,245,"Agent 2",1,82892,82892,6144,30,"__amd_rocclr_fillBufferAligned",256,0,0,8,0,128,"SQ_CYCLES",5298784.000000,26879096530162,26879096531351
245,245,"Agent 2",1,82892,82892,6144,30,"__amd_rocclr_fillBufferAligned",256,0,0,8,0,128,"SQ_WAVES",192.000000,26879096530162,26879096531351
246,246,"Agent 2",1,82892,82892,131072,13,"exp8(float*, std::bfloat16_t __vector(16) const*, int, Rec*)",512,0,0,16,0,128,"GRBM_COUNT",22361670.000000,26879096865805,26879098092543
246,246,"Agent 2",1,82892,82892,131072,13,"exp8(float*, std::bfloat16_t __vector(16) const*, int, Rec*)",512,0,0,16,0,128,"GRBM_GUI_ACTIVE",22361670.000000,26879096865805,26879098092543
246,246,"Agent 2",1,82892,82892,131072,13,"exp8(float*, std::bfloat16_t __vector(16) const*, int, Rec*)",512,0,0,16,0,128,"SQ_BUSY_CYCLES",715573440.000000,26879096865805,26879098092543
246,246,"Agent 2",1,82892,82892,131072,13,"exp8(float*, std::bfloat16_t __vector(16) const*, int, Rec*)",512,0,0,16,0,128,"SQ_CYCLES",715573952.000000,26879096865805,26879098092543
246,246,"Agent 2",1,82892,82892,131072,13,"exp8(float*, std::bfloat16_t __vector(16) const*, int, Rec*)",512,0,0,16,0,128,"SQ_WAVES",4096.000000,26879096865805,26879098092543
247,247,"Agent 2",1,82892,82892,6144,30,"__amd_rocclr_fillBufferAligned",256,0,0,8,0,128,"GRBM_COUNT",151979.000000,26879098681139,26879098683142
247,247,"Agent 2",1,82892,82892,6144,30,"__amd_rocclr_fillBufferAligned",256,0,0,8,0,128,"GRBM_GUI_ACTIVE",151979.000000,26879098681139,26879098683142
247,247,"Agent 2",1,82892,82892,6144,30,"__amd_rocclr_fillBufferAligned",256,0,0,8,0,128,"SQ_BUSY_CYCLES",4863328.000000,26879098681139,26879098683142
247,247,"Agent 2",1,82892,82892,6144,30,"__amd_rocclr_fillBufferAligned",256,0,0,8,0,128,"SQ_CYCLES",4863840.000000,26879098681139,26879098683142
247,247,"Agent 2",1,82892,82892,6144,30,"__amd_rocclr_fillBufferAligned",256,0,0,8,0,128,"SQ_WAVES",192.000000,26879098681139,26879098683142
248,248,"Agent 2",1,82892,82892,131072,13,"exp8(float*, std::bfloat16_t __vector(16) const*, int, Rec*)",512,0,0,16,0,128,"GRBM_COUNT",22361701.000000,26879099020682,26879100243764
248,248,"Agent 2",1,82892,82892,131072,13,"exp8(float*, std::bfloat16_t __vector(16) const*, int, Rec*)",512,0,0,16,0,128,"GRBM_GUI_ACTIVE",22361701.000000,26879099020682,26879100243764
248,248,"Agent 2",1,82892,82892,131072,13,"exp8(float*, std::bfloat16_t __vector(16) const*, int, Rec*)",512,0,0,16,0,128,"SQ_BUSY_CYCLES",715574432.000000,26879099020682,26879100243764
248,248,"Agent 2",1,82892,82892,131072,13,"exp8(float*, std::bfloat16_t __vector(16) const*, int, Rec*)",512,0,0,16,0,128,"SQ_CYCLES",715574944.000000,26879099020682,26879100243764
248,248,"Agent 2",1,82892,82892,131072,13,"exp8(float*, std::bfloat16_t __vector(16) const*, int, Rec*)",512,0,0,16,0,128,"SQ_WAVES",4096.000000,26879099020682,26879100243764
249,249,"Agent 2",1,82892,82892,6144,30,"__amd_rocclr_fillBufferAligned",256,0,0,8,0,128,"GRBM_COUNT",153885.000000,26879100843229,26879100845233
249,249,"Agent 2",1,82892,82892,6144,30,"__amd_rocclr_fillBufferAligned",256,0,0,8,0,128,"GRBM_GUI_ACTIVE",153885.000000,26879100843229,26879100845233
249,249,"Agent 2",1,82892,82892,6144,30,"__amd_rocclr_fillBufferAligned",256,0,0,8,0,128,"SQ_BUSY_CYCLES",4924320.000000,26879100843229,26879100845233
249,249,"Agent 2",1,82892,82892,6144,30,"__amd_rocclr_fillBufferAligned",256,0,0,8,0,128,"SQ_CYCLES",4924832.000000,26879100843229,26879100845233
249,249,"Agent 2",1,82892,82892,6144,30,"__amd_rocclr_fillBufferAligned",256,0,0,8,0,128,"SQ_WAVES",192.000000,26879100843229,26879100845233
250,250,"Agent 2",1,82892,82892,131072,13,"exp8(float*, std::bfloat16_t __vector(16) const*, int, Rec*)",512,0,0,16,0,128,"GRBM_COUNT",22356148.000000,26879101186113,26879102407815
250,250,"Agent 2",1,82892,82892,131072,13,"exp8(float*, std::bfloat16_t __vector(16) const*, int, Rec*)",512,0,0,16,0,128,"GRBM_GUI_ACTIVE",22356148.000000,26879101186113,26879102407815
250,250,"Agent 2",1,82892,82892,131072,13,"exp8(float*, std::bfloat16_t __vector(16) const*, int, Rec*)",512,0,0,16,0,128,"SQ_BUSY_CYCLES",715396736.000000,26879101186113,26879102407815
250,250,"Agent 2",1,82892,82892,131072,13,"exp8(float*, std::bfloat16_t __vector(16) const*, int, Rec*)",512,0,0,16,0,128,"SQ_CYCLES",715397248.000000,26879101186113,26879102407815
250,250,"Agent 2",1,82892,82892,131072,13,"exp8(float*, std::bfloat16_t __vector(16) const*, int, Rec*)",512,0,0,16,0,128,"SQ_WAVES",4096.000000,26879101186113,26879102407815
251,251,"Agent 2",1,82892,82892,6144,30,"__amd_rocclr_fillBufferAligned",256,0,0,8,0,128,"GRBM_COUNT",148616.000000,26879103002601,26879103003444
251,251,"Agent 2",1,82892,82892,6144,30,"__amd_rocclr_fillBufferAligned",256,0,0,8,0,128,"GRBM_GUI_ACTIVE",148616.000000,26879103002601,26879103003444
251,251,"Agent 2",1,82892,82892,6144,30,"__amd_rocclr_fillBufferAligned",256,0,0,8,0,128,"SQ_BUSY_CYCLES",4755712.000000,26879103002601,26879103003444
251,251,"Agent 2",1,82892,82892,6144,30,"__amd_rocclr_fillBufferAligned",256,0,0,8,0,128,"SQ_CYCLES",4756224.000000,26879103002601,26879103003444
251,251,"Agent 2",1,82892,82892,6144,30,"__amd_rocclr_fillBufferAligned",256,0,0,8,0,128,"SQ_WAVES",192.000000,26879103002601,26879103003444
252,252,"Agent 2",1,82892,82892,131072,13,"exp8(float*, std::bfloat16_t __vector(16) const*, int, Rec*)",512,0,0,16,0,128,"GRBM_COUNT",22348335.000000,26879103342740,26879104561576
252,252,"Agent 2",1,82892,82892,131072,13,"exp8(float*, std::bfloat16_t __vector(16) const*, int, Rec*)",512,0,0,16,0,128,"GRBM_GUI_ACTIVE",22348335.000000,26879103342740,26879104561576
252,252,"Agent 2",1,82892,82892,131072,13,"exp8(float*, std::bfloat16_t __vector(16) const*, int, Rec*)",512,0,0,16,0,128,"SQ_BUSY_CYCLES",715146720.000000,26879103342740,26879104561576
252,252,"Agent 2",1,82892,82892,131072,13,"exp8(float*, std::bfloat16_t __vector(16) const*, int, Rec*)",512,0,0,16,0,128,"SQ_CYCLES",715147232.000000,26879103342740,26879104561576
252,252,"Agent 2",1,82892,82892,131072,13,"exp8(float*, std::bfloat16_t __vector(16) const*, int, Rec*)",512,0,0,16,0,128,"SQ_WAVES",4096.000000,26879103342740,26879104561576
253,253,"Agent 2",1,82892,82892,1536,30,"__amd_rocclr_fillBufferAligned",256,0,0,8,0,128,"GRBM_COUNT",144380.000000,26879105335881,26879105336797
253,253,"Agent 2",1,82892,82892,1536,30,"__amd_rocclr_fillBufferAligned",256,0,0,8,0,128,"GRBM_GUI_ACTIVE",144380.000000,26879105335881,26879105336797
253,253,"Agent 2",1,82892,82892,1536,30,"__amd_rocclr_fillBufferAligned",256,0,0,8,0,128,"SQ_BUSY_CYCLES",4620160.000000,26879105335881,26879105336797
253,253,"Agent 2",1,82892,82892,1536,30,"__amd_rocclr_fillBufferAligned",256,0,0,8,0,128,"SQ_CYCLES",4620672.000000,26879105335881,26879105336797
253,253,"Agent 2",1,82892,82892,1536,30,"__amd_rocclr_fillBufferAligned",256,0,0,8,0,128,"SQ_WAVES",48.000000,26879105335881,26879105336797
254,254,"Agent 2",1,82892,82892,32768,11,"fma8(float*, std::bfloat16_t __vector(16) const*, int, Rec*)",128,0,0,16,0,128,"GRBM_COUNT",14391609.000000,26879105678081,26879106461103
254,254,"Agent 2",1,82892,82892,32768,11,"fma8(float*, std::bfloat16_t __vector(16) const*, int, Rec*)",128,0,0,16,0,128,"GRBM_GUI_ACTIVE",14391609.000000,26879105678081,26879106461103
254,254,"Agent 2",1,82892,82892,32768,11,"fma8(float*, std::bfloat16_t __vector(16) const*, int, Rec*)",128,0,0,16,0,128,"SQ_BUSY_CYCLES",460531488.000000,26879105678081,26879106461103
254,254,"Agent 2",1,82892,82892,32768,11,"fma8(float*, std::bfloat16_t __vector(16) const*, int, Rec*)",128,0,0,16,0,128,"SQ_CYCLES",460532000.000000,26879105678081,26879106461103
254,254,"Agent 2",1,82892,82892,32768,11,"fma8(float*, std::bfloat16_t __vector(16) const*, int, Rec*)",128,0,0,16,0,128,"SQ_WAVES",1024.000000,26879105678081,26879106461103
255,255,"Agent 2",1,82892,82892,1536,30,"__amd_rocclr_fillBufferAligned",256,0,0,8,0,128,"GRBM_COUNT",148413.000000,26879106847844,26879106848688
255,255,"Agent 2",1,82892,82892,1536,30,"__amd_rocclr_fillBufferAligned",256,0,0,8,0,128,"GRBM_GUI_ACTIVE",148413.000000,26879106847844,26879106848688
255,255,"Agent 2",1,82892,82892,1536,30,"__amd_rocclr_fillBufferAligned",256,0,0,8,0,128,"SQ_BUSY_CYCLES",4749216.000000,26879106847844,26879106848688
255,255,"Agent 2",1,82892,82892,1536,30,"__amd_rocclr_fillBufferAligned",256,0,0,8,0,128,"SQ_CYCLES",4749728.000000,26879106847844,26879106848688
255,255,"Agent 2",1,82892,82892,1536,30,"__amd_rocclr_fillBufferAligned",256,0,0,8,0,128,"SQ_WAVES",48.000000,26879106847844,26879106848688
256,256,"Agent 2",1,82892,82892,32768,11,"fma8(float*, std::bfloat16_t __vector(16) const*, int, Rec*)",128,0,0,16,0,128,"GRBM_COUNT",14373584.000000,26879107180113,26879107964424
256,256,"Agent 2",1,82892,82892,32768,11,"fma8(float*, std::bfloat16_t __vector(16) const*, int, Rec*)",128,0,0,16,0,128,"GRBM_GUI_ACTIVE",14373584.000000,26879107180113,26879107964424
256,256,"Agent 2",1,82892,82892,32768,11,"fma8(float*, std::bfloat16_t __vector(16) const*, int, Rec*)",128,0,0,16,0,128,"SQ_BUSY_CYCLES",459954688.000000,26879107180113,26879107964424
256,256,"Agent 2",1,82892,82892,32768,11,"fma8(float*, std::bfloat16_t __vector(16) const*, int, Rec*)",128,0,0,16,0,128,"SQ_CYCLES",459955200.000000,26879107180113,26879107964424
256,256,"Agent 2",1,82892,82892,32768,11,"fma8(float*, std::bfloat16_t __vector(16) const*, int, Rec*)",128,0,0,16,0,128,"SQ_WAVES",1024.000000,26879107180113,26879107964424
257,257,"Agent 2",1,82892,82892,1536,30,"__amd_rocclr_fillBufferAligned",256,0,0,8,0,128,"GRBM_COUNT",145607.000000,26879108348513,26879108349360
257,257,"Agent 2",1,82892,82892,1536,30,"__amd_rocclr_fillBufferAligned",256,0,0,8,0,128,"GRBM_GUI_ACTIVE",145607.000000,26879108348513,26879108349360
257,257,"Agent 2",1,82892,82892,1536,30,"__amd_rocclr_fillBufferAligned",256,0,0,8,0,128,"SQ_BUSY_CYCLES",4659424.000000,26879108348513,26879108349360
257,257,"Agent 2",1,82892,82892,1536,30,"__amd_rocclr_fillBufferAligned",256,0,0,8,0,128,"SQ_CYCLES",4659936.000000,26879108348513,26879108349360
257,257,"Agent 2",1,82892,82892,1536,30,"__amd_rocclr_fillBufferAligned",256,0,0,8,0,128,"SQ_WAVES",48.000000,26879108348513,26879108349360
258,258,"Agent 2",1,82892,82892,32768,11,"fma8(float*, std::bfloat16_t __vector(16) const*, int, Rec*)",128,0,0,16,0,128,"GRBM_COUNT",14372829.000000,26879108687061,26879109467356
258,258,"Agent 2",1,82892,82892,32768,11,"fma8(float*, std::bfloat16_t __vector(16) const*, int, Rec*)",128,0,0,16,0,128,"GRBM_GUI_ACTIVE",14372829.000000,26879108687061,26879109467356
258,258,"Agent 2",1,82892,82892,32768,11,"fma8(float*, std::bfloat16_t __vector(16) const*, int, Rec*)",128,0,0,16,0,128,"SQ_BUSY_CYCLES",459930528.000000,26879108687061,26879109467356
258,258,"Agent 2",1,82892,82892,32768,11,"fma8(float*, std::bfloat16_t __vector(16) const*, int, Rec*)",128,0,0,16,0,128,"SQ_CYCLES",459931040.000000,26879108687061,26879109467356
258,258,"Agent 2",1,82892,82892,32768,11,"fma8(float*, std::bfloat16_t __vector(16) const*, int, Rec*)",128,0,0,16,0,128,"SQ_WAVES",1024.000000,26879108687061,26879109467356
259,259,"Agent 2",1,82892,82892,1536,30,"__amd_rocclr_fillBufferAligned",256,0,0,8,0,128,"GRBM_COUNT",144214.000000,26879109882525,26879109883382
259,259,"Agent 2",1,82892,82892,1536,30,"__amd_rocclr_fillBufferAligned",256,0,0,8,0,128,"GRBM_GUI_ACTIVE",144214.000000,26879109882525,26879109883382
259,259,"Agent 2",1,82892,82892,1536,30,"__amd_rocclr_fillBufferAligned",256,0,0,8,0,128,"SQ_BUSY_CYCLES",4614848.000000,26879109882525,26879109883382
259,259,"Agent 2",1,82892,82892,1536,30,"__amd_rocclr_fillBufferAligned",256,0,0,8,0,128,"SQ_CYCLES",4615360.000000,26879109882525,26879109883382
259,259,"Agent 2",1,82892,82892,1536,30,"__amd_rocclr_fillBufferAligned",256,0,0,8,0,128,"SQ_WAVES",48.000000,26879109882525,26879109883382
260,260,"Agent 2",1,82892,82892,32768,11,"fma8(float*, std::bfloat16_t __vector(16) const*, int, Rec*)",128,0,0,16,0,128,"GRBM_COUNT",14372163.000000,26879110186787,26879110997487
260,260,"Agent 2",1,82892,82892,32768,11,"fma8(float*, std::bfloat16_t __vector(16) const*, int, Rec*)",128,0,0,16,0,128,"GRBM_GUI_ACTIVE",14372163.000000,26879110186787,26879110997487
260,260,"Agent 2",1,82892,82892,32768,11,"fma8(float*, std::bfloat16_t __vector(16) const*, int, Rec*)",128,0,0,16,0,128,"SQ_BUSY_CYCLES",459909216.000000,26879110186787,26879110997487
260,260,"Agent 2",1,82892,82892,32768,11,"fma8(float*, std::bfloat16_t __vector(16) const*, int, Rec*)",128,0,0,16,0,128,"SQ_CYCLES",459909728.000000,26879110186787,26879110997487
260,260,"Agent 2",1,82892,82892,32768,11,"fma8(float*, std::bfloat16_t __vector(16) const*, int, Rec*)",128,0,0,16,0,128,"SQ_WAVES",1024.000000,26879110186787,26879110997487
261,261,"Agent 2",1,82892,82892,1536,30,"__amd_rocclr_fillBufferAligned",256,0,0,8,0,128,"GRBM_COUNT",143463.000000,26879111412118,26879111415264
261,261,"Agent 2",1,82892,82892,1536,30,"__amd_rocclr_fillBufferAligned",256,0,0,8,0,128,"GRBM_GUI_ACTIVE",143463.000000,26879111412118,26879111415264
261,261,"Agent 2",1,82892,82892,1536,30,"__amd_rocclr_fillBufferAligned",256,0,0,8,0,128,"SQ_BUSY_CYCLES",4590816.000000,26879111412118,26879111415264
261,261,"Agent 2",1,82892,82892,1536,30,"__amd_rocclr_fillBufferAligned",256,0,0,8,0,128,"SQ_CYCLES",4591328.000000,26879111412118,26879111415264
261,261,"Agent 2",1,82892,82892,1536,30,"__amd_rocclr_fillBufferAligned",256,0,0,8,0,128,"SQ_WAVES",48.000000,26879111412118,26879111415264
262,262,"Agent 2",1,82892,82892,32768,11,"fma8(float*, std::bfloat16_t __vector(16) const*, int, Rec*)",128,0,0,16,0,128,"GRBM_COUNT",14369401.000000,26879111746322,26879112532829
262,262,"Agent 2",1,82892,82892,32768,11,"fma8(float*, std::bfloat16_t __vector(16) const*, int, Rec*)",128,0,0,16,0,128,"GRBM_GUI_ACTIVE",14369401.000000,26879111746322,26879112532829
262,262,"Agent 2",1,82892,82892,32768,11,"fma8(float*, std::bfloat16_t __vector(16) const*, int, Rec*)",128,0,0,16,0,128,"SQ_BUSY_CYCLES",459820832.000000,26879111746322,26879112532829
262,262,"Agent 2",1,82892,82892,32768,11,"fma8(float*, std::bfloat16_t __vector(16) const*, int, Rec*)",128,0,0,16,0,128,"SQ_CYCLES",459821344.000000,26879111746322,26879112532829
262,262,"Agent 2",1,82892,82892,32768,11,"fma8(float*, std::bfloat16_t __vector(16) const*, int, Rec*)",128,0,0,16,0,128,"SQ_WAVES",1024.000000,26879111746322,26879112532829
263,263,"Agent 2",1,82892,82892,1536,30,"__amd_rocclr_fillBufferAligned",256,0,0,8,0,128,"GRBM_COUNT",145086.000000,26879112944637,26879112945445
263,263,"Agent 2",1,82892,82892,1536,30,"__amd_rocclr_fillBufferAligned",256,0,0,8,0,128,"GRBM_GUI_ACTIVE",145086.000000,26879112944637,26879112945445
263,263,"Agent 2",1,82892,82892,1536,30,"__amd_rocclr_fillBufferAligned",256,0,0,8,0,128,"SQ_BUSY_CYCLES",4642752.000000,26879112944637,26879112945445
263,263,"Agent 2",1,82892,82892,1536,30,"__amd_rocclr_fillBufferAligned",256,0,0,8,0,128,"SQ_CYCLES",4643264.000000,26879112944637,26879112945445
263,263,"Agent 2",1,82892,82892,1536,30,"__amd_rocclr_fillBufferAligned",256,0,0,8,0,128,"SQ_WAVES",48.000000,26879112944637,26879112945445
264,264,"Agent 2",1,82892,82892,32768,11,"fma8(float*, std::bfloat16_t __vector(16) const*, int, Rec*)",128,0,0,16,0,128,"GRBM_COUNT",14372889.000000,26879113274550,26879114058911
264,264,"Agent 2",1,82892,82892,32768,11,"fma8(float*, std::bfloat16_t __vector(16) const*, int, Rec*)",128,0,0,16,0,128,"GRBM_GUI_ACTIVE",14372889.000000,26879113274550,26879114058911
264,264,"Agent 2",1,82892,82892,32768,11,"fma8(float*, std::bfloat16_t __vector(16) const*, int, Rec*)",128,0,0,16,0,128,"SQ_BUSY_CYCLES",459932448.000000,26879113274550,26879114058911
264,264,"Agent 2",1,82892,82892,32768,11,"fma8(float*, std::bfloat16_t __vector(16) const*, int, Rec*)",128,0,0,16,0,128,"SQ_CYCLES",459932960.000000,26879113274550,26879114058911
264,264,"Agent 2",1,82892,82892,32768,11,"fma8(float*, std::bfloat16_t __vector(16) const*, int, Rec*)",128,0,0,16,0,128,"SQ_WAVES",1024.000000,26879113274550,26879114058911
265,265,"Agent 2",1,82892,82892,1536,30,"__amd_rocclr_fillBufferAligned",256,0,0,8,0,128,"GRBM_COUNT",146015.000000,26879114474637,26879114475447
265,265,"Agent 2",1,82892,82892,1536,30,"__amd_rocclr_fillBufferAligned",256,0,0,8,0,128,"GRBM_GUI_ACTIVE",146015.000000,26879114474637,26879114475447
265,265,"Agent 2",1,82892,82892,1536,30,"__amd_rocclr_fillBufferAligned",256,0,0,8,0,128,"SQ_BUSY_CYCLES",4672480.000000,26879114474637,26879114475447
265,265,"Agent 2",1,82892,82892,1536,30,"__amd_rocclr_fillBufferAligned",256,0,0,8,0,128,"SQ_CYCLES",4672992.000000,26879114474637,26879114475447
265,265,"Agent 2",1,82892,82892,1536,30,"__amd_rocclr_fillBufferAligned",256,0,0,8,0,128,"SQ_WAVES",48.000000,26879114474637,26879114475447
266,266,"Agent 2",1,82892,82892,32768,11,"fma8(float*, std::bfloat16_t __vector(16) const*, int, Rec*)",128,0,0,16,0,128,"GRBM_COUNT",14376324.000000,26879114809110,26879115593953
266,266,"Agent 2",1,82892,82892,32768,11,"fma8(float*, std::bfloat16_t __vector(16) const*, int, Rec*)",128,0,0,16,0,128,"GRBM_GUI_ACTIVE",14376324.000000,26879114809110,26879115593953
266,266,"Agent 2",1,82892,82892,32768,11,"fma8(float*, std::bfloat16_t __vector(16) const*, int, Rec*)",128,0,0,16,0,128,"SQ_BUSY_CYCLES",460042368.000000,26879114809110,26879115593953
266,266,"Agent 2",1,82892,82892,32768,11,"fma8(float*, std::bfloat16_t __vector(16) const*, int, Rec*)",128,0,0,16,0,128,"SQ_CYCLES",460042880.000000,26879114809110,26879115593953
266,266,"Agent 2",1,82892,82892,32768,11,"fma8(float*, std::bfloat16_t __vector(16) const*, int, Rec*)",128,0,0,16,0,128,"SQ_WAVES",1024.000000,26879114809110,26879115593953
267,267,"Agent 2",1,82892,82892,3072,30,"__amd_rocclr_fillBufferAligned",256,0,0,8,0,128,"GRBM_COUNT",148878.000000,26879116045991,26879116046959
267,267,"Agent 2",1,82892,82892,3072,30,"__amd_rocclr_fillBufferAligned",256,0,0,8,0,128,"GRBM_GUI_ACTIVE",148878.000000,26879116045991,26879116046959
267,267,"Agent 2",1,82892,82892,3072,30,"__amd_rocclr_fillBufferAligned",256,0,0,8,0,128,"SQ_BUSY_CYCLES",4764096.000000,26879116045991,26879116046959
267,267,"Agent 2",1,82892,82892,3072,30,"__amd_rocclr_fillBufferAligned",256,0,0,8,0,128,"SQ_CYCLES",4764608.000000,26879116045991,26879116046959
267,267,"Agent 2",1,82892,82892,3072,30,"__amd_rocclr_fillBufferAligned",256,0,0,8,0,128,"SQ_WAVES",96.000000,26879116045991,26879116046959
268,268,"Agent 2",1,82892,82892,65536,11,"fma8(float*, std::bfloat16_t __vector(16) const*, int, Rec*)",256,0,0,16,0,128,"GRBM_COUNT",10808254.000000,26879116379144,26879116976353
268,268,"Agent 2",1,82892,82892,65536,11,"fma8(float*, std::bfloat16_t __vector(16) const*, int, Rec*)",256,0,0,16,0,128,"GRBM_GUI_ACTIVE",10808254.000000,26879116379144,26879116976353
268,268,"Agent 2",1,82892,82892,65536,11,"fma8(float*, std::bfloat16_t __vector(16) const*, int, Rec*)",256,0,0,16,0,128,"SQ_BUSY_CYCLES",336574434.000000,26879116379144,26879116976353
268,268,"Agent 2",1,82892,82892,65536,11,"fma8(float*, std::bfloat16_t __vector(16) const*, int, Rec*)",256,0,0,16,0,128,"SQ_CYCLES",345864640.000000,26879116379144,26879116976353
268,268,"Agent 2",1,82892,82892,65536,11,"fma8(float*, std::bfloat16_t __vector(16) const*, int, Rec*)",256,0,0,16,0,128,"SQ_WAVES",2048.000000,26879116379144,26879116976353
269,269,"Agent 2",1,82892,82892,3072,30,"__amd_rocclr_fillBufferAligned",256,0,0,8,0,128,"GRBM_COUNT",145255.000000,26879117364897,26879117365598
269,269,"Agent 2",1,82892,82892,3072,30,"__amd_rocclr_fillBufferAligned",256,0,0,8,0,128,"GRBM_GUI_ACTIVE",145255.000000,26879117364897,26879117365598
269,269,"Agent 2",1,82892,82892,3072,30,"__amd_rocclr_fillBufferAligned",256,0,0,8,0,128,"SQ_BUSY_CYCLES",4648141.000000,26879117364897,26879117365598
269,269,"Agent 2",1,82892,82892,3072,30,"__amd_rocclr_fillBufferAligned",256,0,0,8,0,128,"SQ_CYCLES",4648672.000000,26879117364897,26879117365598
269,269,"Agent 2",1,82892,82892,3072,30,"__amd_rocclr_fillBufferAligned",256,0,0,8,0,128,"SQ_WAVES",96.000000,26879117364897,26879117365598
270,270,"Agent 2",1,82892,82892,65536,11,"fma8(float*, std::bfloat16_t __vector(16) const*, int, Rec*)",256,0,0,16,0,128,"GRBM_COUNT",10806815.000000,26879117695408,26879118288972
270,270,"Agent 2",1,82892,82892,65536,11,"fma8(float*, std::bfloat16_t __vector(16) const*, int, Rec*)",256,0,0,16,0,128,"GRBM_GUI_ACTIVE",10806815.000000,26879117695408,26879118288972
270,270,"Agent 2",1,82892,82892,65536,11,"fma8(float*, std::bfloat16_t __vector(16) const*, int, Rec*)",256,0,0,16,0,128,"SQ_BUSY_CYCLES",301585799.000000,26879117695408,26879118288972
270,270,"Agent 2",1,82892,82892,65536,11,"fma8(float*, std::bfloat16_t __vector(16) const*, int, Rec*)",256,0,0,16,0,128,"SQ_CYCLES",345818592.000000,26879117695408,26879118288972
270,270,"Agent 2",1,82892,82892,65536,11,"fma8(float*, std::bfloat16_t __vector(16) const*, int, Rec*)",256,0,0,16,0,128,"SQ_WAVES",2048.000000,26879117695408,26879118288972
271,271,"Agent 2",1,82892,82892,3072,30,"__amd_rocclr_fillBufferAligned",256,0,0,8,0,128,"GRBM_COUNT",153676.000000,26879118677605,26879118680377
271,271,"Agent 2",1,82892,82892,3072,30,"__amd_rocclr_fillBufferAligned",256,0,0,8,0,128,"GRBM_GUI_ACTIVE",153676.000000,26879118677605,26879118680377
271,271,"Agent 2",1,82892,82892,3072,30,"__amd_rocclr_fillBufferAligned",256,0,0,8,0,128,"SQ_BUSY_CYCLES",4917632.000000,26879118677605,26879118680377
271,271,"Agent 2",1,82892,82892,3072,30,"__amd_rocclr_fillBufferAligned",256,0,0,8,0,128,"SQ_CYCLES",4918144.000000,26879118677605,26879118680377
271,271,"Agent 2",1,82892,82892,3072,30,"__amd_rocclr_fillBufferAligned",256,0,0,8,0,128,"SQ_WAVES",96.000000,26879118677605,26879118680377
272,272,"Agent 2",1,82892,82892,65536,11,"fma8(float*, std::bfloat16_t __vector(16) const*, int, Rec*)",256,0,0,16,0,128,"GRBM_COUNT",10816783.000000,26879119020146,26879119615361
272,272,"Agent 2",1,82892,82892,65536,11,"fma8(float*, std::bfloat16_t __vector(16) const*, int, Rec*)",256,0,0,16,0,128,"GRBM_GUI_ACTIVE",10816783.000000,26879119020146,26879119615361
272,272,"Agent 2",1,82892,82892,65536,11,"fma8(float*, std::bfloat16_t __vector(16) const*, int, Rec*)",256,0,0,16,0,128,"SQ_BUSY_CYCLES",321372124.000000,26879119020146,26879119615361
272,272,"Agent 2",1,82892,82892,65536,11,"fma8(float*, std::bfloat16_t __vector(16) const*, int, Rec*)",256,0,0,16,0,128,"SQ_CYCLES",346137568.000000,26879119020146,26879119615361
272,272,"Agent 2",1,82892,82892,65536,11,"fma8(float*, std::bfloat16_t __vector(16) const*, int, Rec*)",256,0,0,16,0,128,"SQ_WAVES",2048.000000,26879119020146,26879119615361
273,273,"Agent 2",1,82892,82892,3072,30,"__amd_rocclr_fillBufferAligned",256,0,0,8,0,128,"GRBM_COUNT",149462.000000,26879120083204,26879120083937
273,273,"Agent 2",1,82892,82892,3072,30,"__amd_rocclr_fillBufferAligned",256,0,0,8,0,128,"GRBM_GUI_ACTIVE",149462.000000,26879120083204,26879120083937
273,273,"Agent 2",1,82892,82892,3072,30,"__amd_rocclr_fillBufferAligned",256,0,0,8,0,128,"SQ_BUSY_CYCLES",4782773.000000,26879120083204,26879120083937
273,273,"Agent 2",1,82892,82892,3072,30,"__amd_rocclr_fillBufferAligned",256,0,0,8,0,128,"SQ_CYCLES",4783296.000000,26879120083204,26879120083937
273,273,"Agent 2",1,82892,82892,3072,30,"__amd_rocclr_fillBufferAligned",256,0,0,8,0,128,"SQ_WAVES",96.000000,26879120083204,26879120083937
274,274,"Agent 2",1,82892,82892,65536,11,"fma8(float*, std::bfloat16_t __vector(16) const*, int, Rec*)",256,0,0,16,0,128,"GRBM_COUNT",10822933.000000,26879120423115,26879121019521
274,274,"Agent 2",1,82892,82892,65536,11,"fma8(float*, std::bfloat16_t __vector(16) const*, int, Rec*)",256,0,0,16,0,128,"GRBM_GUI_ACTIVE",10822933.000000,26879120423115,26879121019521
274,274,"Agent 2",1,82892,82892,65536,11,"fma8(float*, std::bfloat16_t __vector(16) const*, int, Rec*)",256,0,0,16,0,128,"SQ_BUSY_CYCLES",333063893.000000,26879120423115,26879121019521
274,274,"Agent 2",1,82892,82892,65536,11,"fma8(float*, std::bfloat16_t __vector(16) const*, int, Rec*)",256,0,0,16,0,128,"SQ_CYCLES",346334368.000000,26879120423115,26879121019521
274,274,"Agent 2",1,82892,82892,65536,11,"fma8(float*, std::bfloat16_t __vector(16) const*, int, Rec*)",256,0,0,16,0,128,"SQ_WAVES",2048.000000,26879120423115,26879121019521
275,275,"Agent 2",1,82892,82892,3072,30,"__amd_rocclr_fillBufferAligned",256,0,0,8,0,128,"GRBM_COUNT",148402.000000,26879121487292,26879121490157
275,275,"Agent 2",1,82892,82892,3072,30,"__amd_rocclr_fillBufferAligned",256,0,0,8,0,128,"GRBM_GUI_ACTIVE",148402.000000,26879121487292,26879121490157
275,275,"Agent 2",1,82892,82892,3072,30,"__amd_rocclr_fillBufferAligned",256,0,0,8,0,128,"SQ_BUSY_CYCLES",4748861.000000,26879121487292,26879121490157
275,275,"Agent 2",1,82892,82892,3072,30,"__amd_rocclr_fillBufferAligned",256,0,0,8,0,128,"SQ_CYCLES",4749376.000000,26879121487292,26879121490157
275,275,"Agent 2",1,82892,82892,3072,30,"__amd_rocclr_fillBufferAligned",256,0,0,8,0,128,"SQ_WAVES",96.000000,26879121487292,26879121490157
276,276,"Agent 2",1,82892,82892,65536,11,"fma8(float*, std::bfloat16_t __vector(16) const*, int, Rec*)",256,0,0,16,0,128,"GRBM_COUNT",10812370.000000,26879121827441,26879122421451
276,276,"Agent 2",1,82892,82892,65536,11,"fma8(float*, std::bfloat16_t __vector(16) const*, int, Rec*)",256,0,0,16,0,128,"GRBM_GUI_ACTIVE",10812370.000000,26879121827441,26879122421451
276,276,"Agent 2",1,82892,82892,65536,11,"fma8(float*, std::bfloat16_t __vector(16) const*, int, Rec*)",256,0,0,16,0,128,"SQ_BUSY_CYCLES",329193577.000000,26879121827441,26879122421451
276,276,"Agent 2",1,82892,82892,65536,11,"fma8(float*, std::bfloat16_t __vector(16) const*, int, Rec*)",256,0,0,16,0,128,"SQ_CYCLES",345996352.000000,26879121827441,26879122421451
276,276,"Agent 2",1,82892,82892,65536,11,"fma8(float*, std::bfloat16_t __vector(16) const*, int, Rec*)",256,0,0,16,0,128,"SQ_WAVES",2048.000000,26879121827441,26879122421451
277,277,"Agent 2",1,82892,82892,3072,30,"__amd_rocclr_fillBufferAligned",256,0,0,8,0,128,"GRBM_COUNT",147971.000000,26879122887764,26879122889807
277,277,"Agent 2",1,82892,82892,3072,30,"__amd_rocclr_fillBufferAligned",256,0,0,8,0,128,"GRBM_GUI_ACTIVE",147971.000000,26879122887764,26879122889807
277,277,"Agent 2",1,82892,82892,3072,30,"__amd_rocclr_fillBufferAligned",256,0,0,8,0,128,"SQ_BUSY_CYCLES",4735072.000000,26879122887764,26879122889807
277,277,"Agent 2",1,82892,82892,3072,30,"__amd_rocclr_fillBufferAligned",256,0,0,8,0,128,"SQ_CYCLES",4735584.000000,26879122887764,26879122889807
277,277,"Agent 2",1,82892,82892,3072,30,"__amd_rocclr_fillBufferAligned",256,0,0,8,0,128,"SQ_WAVES",96.000000,26879122887764,26879122889807
278,278,"Agent 2",1,82892,82892,65536,11,"fma8(float*, std::bfloat16_t __vector(16) const*, int, Rec*)",256,0,0,16,0,128,"GRBM_COUNT",10821027.000000,26879123223830,26879123819890
278,278,"Agent 2",1,82892,82892,65536,11,"fma8(float*, std::bfloat16_t __vector(16) const*, int, Rec*)",256,0,0,16,0,128,"GRBM_GUI_ACTIVE",10821027.000000,26879123223830,26879123819890
278,278,"Agent 2",1,82892,82892,65536,11,"fma8(float*, std::bfloat16_t __vector(16) const*, int, Rec*)",256,0,0,16,0,128,"SQ_BUSY_CYCLES",346272864.000000,26879123223830,26879123819890
278,278,"Agent 2",1,82892,82892,65536,11,"fma8(float*, std::bfloat16_t __vector(16) const*, int, Rec*)",256,0,0,16,0,128,"SQ_CYCLES",346273376.000000,26879123223830,26879123819890
278,278,"Agent 2",1,82892,82892,65536,11,"fma8(float*, std::bfloat16_t __vector(16) const*, int, Rec*)",256,0,0,16,0,128,"SQ_WAVES",2048.000000,26879123223830,26879123819890
279,279,"Agent 2",1,82892,82892,3072,30,"__amd_rocclr_fillBufferAligned",256,0,0,8,0,128,"GRBM_COUNT",148155.000000,26879124291490,26879124293487
279,279,"Agent 2",1,82892,82892,3072,30,"__amd_rocclr_fillBufferAligned",256,0,0,8,0,128,"GRBM_GUI_ACTIVE",148155.000000,26879124291490,26879124293487
279,279,"Agent 2",1,82892,82892,3072,30,"__amd_rocclr_fillBufferAligned",256,0,0,8,0,128,"SQ_BUSY_CYCLES",4740960.000000,26879124291490,26879124293487
279,279,"Agent 2",1,82892,82892,3072,30,"__amd_rocclr_fillBufferAligned",256,0,0,8,0,128,"SQ_CYCLES",4741472.000000,26879124291490,26879124293487
279,279,"Agent 2",1,82892,82892,3072,30,"__amd_rocclr_fillBufferAligned",256,0,0,8,0,128,"SQ_WAVES",96.000000,26879124291490,26879124293487
280,280,"Agent 2",1,82892,82892,65536,11,"fma8(float*, std::bfloat16_t __vector(16) const*, int, Rec*)",256,0,0,16,0,128,"GRBM_COUNT",10805812.000000,26879124627317,26879125223281
280,280,"Agent 2",1,82892,82892,65536,11,"fma8(float*, std::bfloat16_t __vector(16) const*, int, Rec*)",256,0,0,16,0,128,"GRBM_GUI_ACTIVE",10805812.000000,26879124627317,26879125223281
280,280,"Agent 2",1,82892,82892,65536,11,"fma8(float*, std::bfloat16_t __vector(16) const*, int, Rec*)",256,0,0,16,0,128,"SQ_BUSY_CYCLES",345785984.000000,26879124627317,26879125223281
280,280,"Agent 2",1,82892,82892,65536,11,"fma8(float*, std::bfloat16_t __vector(16) const*, int, Rec*)",256,0,0,16,0,128,"SQ_CYCLES",345786496.000000,26879124627317,26879125223281
280,280,"Agent 2",1,82892,82892,65536,11,"fma8(float*, std::bfloat16_t __vector(16) const*, int, Rec*)",256,0,0,16,0,128,"SQ_WAVES",2048.000000,26879124627317,26879125223281
281,281,"Agent 2",1,82892,82892,6144,30,"__amd_rocclr_fillBufferAligned",256,0,0,8,0,128,"GRBM_COUNT",148680.000000,26879125768407,26879125769338
281,281,"Agent 2",1,82892,82892,6144,30,"__amd_rocclr_fillBufferAligned",256,0,0,8,0,128,"GRBM_GUI_ACTIVE",148680.000000,26879125768407,26879125769338
281,281,"Agent 2",1,82892,82892,6144,30,"__amd_rocclr_fillBufferAligned",256,0,0,8,0,128,"SQ_BUSY_CYCLES",4757760.000000,26879125768407,26879125769338
281,281,"Agent 2",1,82892,82892,6144,30,"__amd_rocclr_fillBufferAligned",256,0,0,8,0,128,"SQ_CYCLES",4758272.000000,26879125768407,26879125769338
281,281,"Agent 2",1,82892,82892,6144,30,"__amd_rocclr_fillBufferAligned",256,0,0,8,0,128,"SQ_WAVES",192.000000,26879125768407,26879125769338
282,282,"Agent 2",1,82892,82892,131072,11,"fma8(float*, std::bfloat16_t __vector(16) const*, int, Rec*)",512,0,0,16,0,128,"GRBM_COUNT",9740802.000000,26879126103818,26879126642081
282,282,"Agent 2",1,82892,82892,131072,11,"fma8(float*, std::bfloat16_t __vector(16) const*, int, Rec*)",512,0,0,16,0,128,"GRBM_GUI_ACTIVE",9740802.000000,26879126103818,26879126642081
282,282,"Agent 2",1,82892,82892,131072,11,"fma8(float*, std::bfloat16_t __vector(16) const*, int, Rec*)",512,0,0,16,0,128,"SQ_BUSY_CYCLES",311705664.000000,26879126103818,26879126642081
282,282,"Agent 2",1,82892,82892,131072,11,"fma8(float*, std::bfloat16_t __vector(16) const*, int, Rec*)",512,0,0,16,0,128,"SQ_CYCLES",311706176.000000,26879126103818,26879126642081
282,282,"Agent 2",1,82892,82892,131072,11,"fma8(float*, std::bfloat16_t __vector(16) const*, int, Rec*)",512,0,0,16,0,128,"SQ_WAVES",4096.000000,26879126103818,26879126642081
283,283,"Agent 2",1,82892,82892,6144,30,"__amd_rocclr_fillBufferAligned",256,0,0,8,0,128,"GRBM_COUNT",149288.000000,26879127030252,26879127030456
283,283,"Agent 2",1,82892,82892,6144,30,"__amd_rocclr_fillBufferAligned",256,0,0,8,0,128,"GRBM_GUI_ACTIVE",149288.000000,26879127030252,26879127030456
283,283,"Agent 2",1,82892,82892,6144,30,"__amd_rocclr_fillBufferAligned",256,0,0,8,0,128,"SQ_BUSY_CYCLES",4777216.000000,26879127030252,26879127030456
283,283,"Agent 2",1,82892,82892,6144,30,"__amd_rocclr_fillBufferAligned",256,0,0,8,0,128,"SQ_CYCLES",4777728.000000,26879127030252,26879127030456
283,283,"Agent 2",1,82892,82892,6144,30,"__amd_rocclr_fillBufferAligned",256,0,0,8,0,128,"SQ_WAVES",192.000000,26879127030252,26879127030456
284,284,"Agent 2",1,82892,82892,131072,11,"fma8(float*, std::bfloat16_t __vector(16) const*, int, Rec*)",512,0,0,16,0,128,"GRBM_COUNT",9745017.000000,26879127367384,26879127903299
284,284,"Agent 2",1,82892,82892,131072,11,"fma8(float*, std::bfloat16_t __vector(16) const*, int, Rec*)",512,0,0,16,0,128,"GRBM_GUI_ACTIVE",9745017.000000,26879127367384,26879127903299
284,284,"Agent 2",1,82892,82892,131072,11,"fma8(float*, std::bfloat16_t __vector(16) const*, int, Rec*)",512,0,0,16,0,128,"SQ_BUSY_CYCLES",311840544.000000,26879127367384,26879127903299
284,284,"Agent 2",1,82892,82892,131072,11,"fma8(float*, std::bfloat16_t __vector(16) const*, int, Rec*)",512,0,0,16,0,128,"SQ_CYCLES",311841056.000000,26879127367384,26879127903299
284,284,"Agent 2",1,82892,82892,131072,11,"fma8(float*, std::bfloat16_t __vector(16) const*, int, Rec*)",512,0,0,16,0,128,"SQ_WAVES",4096.000000,26879127367384,26879127903299
285,285,"Agent 2",1,82892,82892,6144,30,"__amd_rocclr_fillBufferAligned",256,0,0,8,0,128,"GRBM_COUNT",139767.000000,26879128289321,26879128291824
285,285,"Agent 2",1,82892,82892,6144,30,"__amd_rocclr_fillBufferAligned",256,0,0,8,0,128,"GRBM_GUI_ACTIVE",139767.000000,26879128289321,26879128291824
285,285,"Agent 2",1,82892,82892,6144,30,"__amd_rocclr_fillBufferAligned",256,0,0,8,0,128,"SQ_BUSY_CYCLES",4472544.000000,26879128289321,26879128291824
285,285,"Agent 2",1,82892,82892,6144,30,"__amd_rocclr_fillBufferAligned",256,0,0,8,0,128,"SQ_CYCLES",4473056.000000,26879128289321,26879128291824
285,285,"Agent 2",1,82892,82892,6144,30,"__amd_rocclr_fillBufferAligned",256,0,0,8,0,128,"SQ_WAVES",192.000000,26879128289321,26879128291824
286,286,"Agent 2",1,82892,82892,131072,11,"fma8(float*, std::bfloat16_t __vector(16) const*, int, Rec*)",512,0,0,16,0,128,"GRBM_COUNT",9743114.000000,26879128635204,26879129173277
286,286,"Agent 2",1,82892,82892,131072,11,"fma8(float*, std::bfloat16_t __vector(16) const*, int, Rec*)",512,0,0,16,0,128,"GRBM_GUI_ACTIVE",9743114.000000,26879128635204,26879129173277
286,286,"Agent 2",1,82892,82892,131072,11,"fma8(float*, std::bfloat16_t __vector(16) const*, int, Rec*)",512,0,0,16,0,128,"SQ_BUSY_CYCLES",311779648.000000,26879128635204,26879129173277
286,286,"Agent 2",1,82892,82892,131072,11,"fma8(float*, std::bfloat16_t __vector(16) const*, int, Rec*)",512,0,0,16,0,128,"SQ_CYCLES",311780160.000000,26879128635204,26879129173277
286,286,"Agent 2",1,82892,82892,131072,11,"fma8(float*, std::bfloat16_t __vector(16) const*, int, Rec*)",512,0,0,16,0,128,"SQ_WAVES",4096.000000,26879128635204,26879129173277
287,287,"Agent 2",1,82892,82892,6144,30,"__amd_rocclr_fillBufferAligned",256,0,0,8,0,128,"GRBM_COUNT",151638.000000,26879129755148,26879129756015
287,287,"Agent 2",1,82892,82892,6144,30,"__amd_rocclr_fillBufferAligned",256,0,0,8,0,128,"GRBM_GUI_ACTIVE",151638.000000,26879129755148,26879129756015
287,287,"Agent 2",1,82892,82892,6144,30,"__amd_rocclr_fillBufferAligned",256,0,0,8,0,128,"SQ_BUSY_CYCLES",4852416.000000,26879129755148,26879129756015
287,287,"Agent 2",1,82892,82892,6144,30,"__amd_rocclr_fillBufferAligned",256,0,0,8,0,128,"SQ_CYCLES",4852928.000000,26879129755148,26879129756015
287,287,"Agent 2",1,82892,82892,6144,30,"__amd_rocclr_fillBufferAligned",256,0,0,8,0,128,"SQ_WAVES",192.000000,26879129755148,26879129756015
288,288,"Agent 2",1,82892,82892,131072,11,"fma8(float*, std::bfloat16_t __vector(16) const*, int, Rec*)",512,0,0,16,0,128,"GRBM_COUNT",9735764.000000,26879130089659,26879130629678
288,288,"Agent 2",1,82892,82892,131072,11,"fma8(float*, std::bfloat16_t __vector(16) const*, int, Rec*)",512,0,0,16,0,128,"GRBM_GUI_ACTIVE",9735764.000000,26879130089659,26879130629678
288,288,"Agent 2",1,82892,82892,131072,11,"fma8(float*, std::bfloat16_t __vector(16) const*, int, Rec*)",512,0,0,16,0,128,"SQ_BUSY_CYCLES",311544448.000000,26879130089659,26879130629678
288,288,"Agent 2",1,82892,82892,131072,11,"fma8(float*, std::bfloat16_t __vector(16) const*, int, Rec*)",512,0,0,16,0,128,"SQ_CYCLES",311544960.000000,26879130089659,26879130629678
288,288,"Agent 2",1,82892,82892,131072,11,"fma8(float*, std::bfloat16_t __vector(16) const*, int, Rec*)",512,0,0,16,0,128,"SQ_WAVES",4096.000000,26879130089659,26879130629678
289,289,"Agent 2",1,82892,82892,6144,30,"__amd_rocclr_fillBufferAligned",256,0,0,8,0,128,"GRBM_COUNT",154693.000000,26879131207632,26879131209646
289,289,"Agent 2",1,82892,82892,6144,30,"__amd_rocclr_fillBufferAligned",256,0,0,8,0,128,"GRBM_GUI_ACTIVE",154693.000000,26879131207632,26879131209646
289,289,"Agent 2",1,82892,82892,6144,30,"__amd_rocclr_fillBufferAligned",256,0,0,8,0,128,"SQ_BUSY_CYCLES",4950176.000000,26879131207632,26879131209646
289,289,"Agent 2",1,82892,82892,6144,30,"__amd_rocclr_fillBufferAligned",256,0,0,8,0,128,"SQ_CYCLES",4950688.000000,26879131207632,26879131209646
289,289,"Agent 2",1,82892,82892,6144,30,"__amd_rocclr_fillBufferAligned",256,0,0,8,0,128,"SQ_WAVES",192.000000,26879131207632,26879131209646
290,290,"Agent 2",1,82892,82892,131072,11,"fma8(float*, std::bfloat16_t __vector(16) const*, int, Rec*)",512,0,0,16,0,128,"GRBM_COUNT",9735009.000000,26879131546830,26879132083428
290,290,"Agent 2",1,82892,82892,131072,11,"fma8(float*, std::bfloat16_t __vector(16) const*, int, Rec*)",512,0,0,16,0,128,"GRBM_GUI_ACTIVE",9735009.000000,26879131546830,26879132083428
290,290,"Agent 2",1,82892,82892,131072,11,"fma8(float*, std::bfloat16_t __vector(16) const*, int, Rec*)",512,0,0,16,0,128,"SQ_BUSY_CYCLES",311520288.000000,26879131546830,26879132083428
290,290,"Agent 2",1,82892,82892,131072,11,"fma8(float*, std::bfloat16_t __vector(16) const*, int, Rec*)",512,0,0,16,0,128,"SQ_CYCLES",311520800.000000,26879131546830,26879132083428
290,290,"Agent 2",1,82892,82892,131072,11,"fma8(float*, std::bfloat16_t __vector(16) const*, int, Rec*)",512,0,0,16,0,128,"SQ_WAVES",4096.000000,26879131546830,26879132083428
291,291,"Agent 2",1,82892,82892,6144,30,"__amd_rocclr_fillBufferAligned",256,0,0,8,0,128,"GRBM_COUNT",156972.000000,26879132670899,26879132671717
291,291,"Agent 2",1,82892,82892,6144,30,"__amd_rocclr_fillBufferAligned",256,0,0,8,0,128,"GRBM_GUI_ACTIVE",156972.000000,26879132670899,26879132671717
291,291,"Agent 2",1,82892,82892,6144,30,"__amd_rocclr_fillBufferAligned",256,0,0,8,0,128,"SQ_BUSY_CYCLES",5023104.000000,26879132670899,26879132671717
291,291,"Agent 2",1,82892,82892,6144,30,"__amd_rocclr_fillBufferAligned",256,0,0,8,0,128,"SQ_CYCLES",5023616.000000,26879132670899,26879132671717
291,291,"Agent 2",1,82892,82892,6144,30,"__amd_rocclr_fillBufferAligned",256,0,0,8,0,128,"SQ_WAVES",192.000000,26879132670899,26879132671717
292,292,"Agent 2",1,82892,82892,131072,11,"fma8(float*, std::bfloat16_t __vector(16) const*, int, Rec*)",512,0,0,16,0,128,"GRBM_COUNT",9738068.000000,26879133002699,26879133545099
292,292,"Agent 2",1,82892,82892,131072,11,"fma8(float*, std::bfloat16_t __vector(16) const*, int, Rec*)",512,0,0,16,0,128,"GRBM_GUI_ACTIVE",9738068.000000,26879133002699,26879133545099
292,292,"Agent 2",1,82892,82892,131072,11,"fma8(float*, std::bfloat16_t __vector(16) const*, int, Rec*)",512,0,0,16,0,128,"SQ_BUSY_CYCLES",311618176.000000,26879133002699,26879133545099
292,292,"Agent 2",1,82892,82892,131072,11,"fma8(float*, std::bfloat16_t __vector(16) const*, int, Rec*)",512,0,0,16,0,128,"SQ_CYCLES",311618688.000000,26879133002699,26879133545099
292,292,"Agent 2",1,82892,82892,131072,11,"fma8(float*, std::bfloat16_t __vector(16) const*, int, Rec*)",512,0,0,16,0,128,"SQ_WAVES",4096.000000,26879133002699,26879133545099
293,293,"Agent 2",1,82892,82892,6144,30,"__amd_rocclr_fillBufferAligned",256,0,0,8,0,128,"GRBM_COUNT",142614.000000,26879134127424,26879134129378
293,293,"Agent 2",1,82892,82892,6144,30,"__amd_rocclr_fillBufferAligned",256,0,0,8,0,128,"GRBM_GUI_ACTIVE",142614.000000,26879134127424,26879134129378
293,293,"Agent 2",1,82892,82892,6144,30,"__amd_rocclr_fillBufferAligned",256,0,0,8,0,128,"SQ_BUSY_CYCLES",4563648.000000,26879134127424,26879134129378
293,293,"Agent 2",1,82892,82892,6144,30,"__amd_rocclr_fillBufferAligned",256,0,0,8,0,128,"SQ_CYCLES",4564160.000000,26879134127424,26879134129378
293,293,"Agent 2",1,82892,82892,6144,30,"__amd_rocclr_fillBufferAligned",256,0,0,8,0,128,"SQ_WAVES",192.000000,26879134127424,26879134129378
294,294,"Agent 2",1,82892,82892,131072,11,"fma8(float*, std::bfloat16_t __vector(16) const*, int, Rec*)",512,0,0,16,0,128,"GRBM_COUNT",9734281.000000,26879134463669,26879135003180
294,294,"Agent 2",1,82892,82892,131072,11,"fma8(float*, std::bfloat16_t __vector(16) const*, int, Rec*)",512,0,0,16,0,128,"GRBM_GUI_ACTIVE",9734281.000000,26879134463669,26879135003180
294,294,"Agent 2",1,82892,82892,131072,11,"fma8(float*, std::bfloat16_t __vector(16) const*, int, Rec*)",512,0,0,16,0,128,"SQ_BUSY_CYCLES",311496992.000000,26879134463669,26879135003180
294,294,"Agent 2",1,82892,82892,131072,11,"fma8(float*, std::bfloat16_t __vector(16) const*, int, Rec*)",512,0,0,16,0,128,"SQ_CYCLES",311497504.000000,26879134463669,26879135003180
294,294,"Agent 2",1,82892,82892,131072,11,"fma8(float*, std::bfloat16_t __vector(16) const*, int, Rec*)",512,0,0,16,0,128,"SQ_WAVES",4096.000000,26879134463669,26879135003180
295,295,"Agent 2",1,82892,82892,1536,30,"__amd_rocclr_fillBufferAligned",256,0,0,8,0,128,"GRBM_COUNT",142484.000000,26879135762811,26879135763641
295,295,"Agent 2",1,82892,82892,1536,30,"__amd_rocclr_fillBufferAligned",256,0,0,8,0,128,"GRBM_GUI_ACTIVE",142484.000000,26879135762811,26879135763641
295,295,"Agent 2",1,82892,82892,1536,30,"__amd_rocclr_fillBufferAligned",256,0,0,8,0,128,"SQ_BUSY_CYCLES",4559488.000000,26879135762811,26879135763641
295,295,"Agent 2",1,82892,82892,1536,30,"__amd_rocclr_fillBufferAligned",256,0,0,8,0,128,"SQ_CYCLES",4560000.000000,26879135762811,26879135763641
295,295,"Agent 2",1,82892,82892,1536,30,"__amd_rocclr_fillBufferAligned",256,0,0,8,0,128,"SQ_WAVES",48.000000,26879135762811,26879135763641
296,296,"Agent 2",1,82892,82892,32768,9,"pkfma8(float*, std::bfloat16_t __vector(16) const*, int, Rec*)",128,0,0,16,0,128,"GRBM_COUNT",19673750.000000,26879136104902,26879137182611
296,296,"Agent 2",1,82892,82892,32768,9,"pkfma8(float*, std::bfloat16_t __vector(16) const*, int, Rec*)",128,0,0,16,0,128,"GRBM_GUI_ACTIVE",19673750.000000,26879136104902,26879137182611
296,296,"Agent 2",1,82892,82892,32768,9,"pkfma8(float*, std::bfloat16_t __vector(16) const*, int, Rec*)",128,0,0,16,0,128,"SQ_BUSY_CYCLES",629560000.000000,26879136104902,26879137182611
296,296,"Agent 2",1,82892,82892,32768,9,"pkfma8(float*, std::bfloat16_t __vector(16) const*, int, Rec*)",128,0,0,16,0,128,"SQ_CYCLES",629560512.000000,26879136104902,26879137182611
296,296,"Agent 2",1,82892,82892,32768,9,"pkfma8(float*, std::bfloat16_t __vector(16) const*, int, Rec*)",128,0,0,16,0,128,"SQ_WAVES",1024.000000,26879136104902,26879137182611
297,297,"Agent 2",1,82892,82892,1536,30,"__amd_rocclr_fillBufferAligned",256,0,0,8,0,128,"GRBM_COUNT",143416.000000,26879137567906,26879137568717
297,297,"Agent 2",1,82892,82892,1536,30,"__amd_rocclr_fillBufferAligned",256,0,0,8,0,128,"GRBM_GUI_ACTIVE",143416.000000,26879137567906,26879137568717
297,297,"Agent 2",1,82892,82892,1536,30,"__amd_rocclr_fillBufferAligned",256,0,0,8,0,128,"SQ_BUSY_CYCLES",4589312.000000,26879137567906,26879137568717
297,297,"Agent 2",1,82892,82892,1536,30,"__amd_rocclr_fillBufferAligned",256,0,0,8,0,128,"SQ_CYCLES",4589824.000000,26879137567906,26879137568717
297,297,"Agent 2",1,82892,82892,1536,30,"__amd_rocclr_fillBufferAligned",256,0,0,8,0,128,"SQ_WAVES",48.000000,26879137567906,26879137568717
298,298,"Agent 2",1,82892,82892,32768,9,"pkfma8(float*, std::bfloat16_t __vector(16) const*, int, Rec*)",128,0,0,16,0,128,"GRBM_COUNT",19648674.000000,26879137899528,26879138977407
298,298,"Agent 2",1,82892,82892,32768,9,"pkfma8(float*, std::bfloat16_t __vector(16) const*, int, Rec*)",128,0,0,16,0,128,"GRBM_GUI_ACTIVE",19648674.000000,26879137899528,26879138977407
298,298,"Agent 2",1,82892,82892,32768,9,"pkfma8(float*, std::bfloat16_t __vector(16) const*, int, Rec*)",128,0,0,16,0,128,"SQ_BUSY_CYCLES",628757568.000000,26879137899528,26879138977407
298,298,"Agent 2",1,82892,82892,32768,9,"pkfma8(float*, std::bfloat16_t __vector(16) const*, int, Rec*)",128,0,0,16,0,128,"SQ_CYCLES",628758080.000000,26879137899528,26879138977407
298,298,"Agent 2",1,82892,82892,32768,9,"pkfma8(float*, std::bfloat16_t __vector(16) const*, int, Rec*)",128,0,0,16,0,128,"SQ_WAVES",1024.000000,26879137899528,26879138977407
299,299,"Agent 2",1,82892,82892,1536,30,"__amd_rocclr_fillBufferAligned",256,0,0,8,0,128,"GRBM_COUNT",141802.000000,26879139364020,26879139364992
299,299,"Agent 2",1,82892,82892,1536,30,"__amd_rocclr_fillBufferAligned",256,0,0,8,0,128,"GRBM_GUI_ACTIVE",141802.000000,26879139364020,26879139364992
299,299,"Agent 2",1,82892,82892,1536,30,"__amd_rocclr_fillBufferAligned",256,0,0,8,0,128,"SQ_BUSY_CYCLES",4537664.000000,26879139364020,26879139364992
299,299,"Agent 2",1,82892,82892,1536,30,"__amd_rocclr_fillBufferAligned",256,0,0,8,0,128,"SQ_CYCLES",4538176.000000,26879139364020,26879139364992
299,299,"Agent 2",1,82892,82892,1536,30,"__amd_rocclr_fillBufferAligned",256,0,0,8,0,128,"SQ_WAVES",48.000000,26879139364020,26879139364992
300,300,"Agent 2",1,82892,82892,32768,9,"pkfma8(float*, std::bfloat16_t __vector(16) const*, int, Rec*)",128,0,0,16,0,128,"GRBM_COUNT",19648227.000000,26879139700179,26879140778193
300,300,"Agent 2",1,82892,82892,32768,9,"pkfma8(float*, std::bfloat16_t __vector(16) const*, int, Rec*)",128,0,0,16,0,128,"GRBM_GUI_ACTIVE",19648227.000000,26879139700179,26879140778193
300,300,"Agent 2",1,82892,82892,32768,9,"pkfma8(float*, std::bfloat16_t __vector(16) const*, int, Rec*)",128,0,0,16,0,128,"SQ_BUSY_CYCLES",628743264.000000,26879139700179,26879140778193
300,300,"Agent 2",1,82892,82892,32768,9,"pkfma8(float*, std::bfloat16_t __vector(16) const*, int, Rec*)",128,0,0,16,0,128,"SQ_CYCLES",628743776.000000,26879139700179,26879140778193
300,300,"Agent 2",1,82892,82892,32768,9,"pkfma8(float*, std::bfloat16_t __vector(16) const*, int, Rec*)",128,0,0,16,0,128,"SQ_WAVES",1024.000000,26879139700179,26879140778193
301,301,"Agent 2",1,82892,82892,1536,30,"__amd_rocclr_fillBufferAligned",256,0,0,8,0,128,"GRBM_COUNT",142548.000000,26879141195012,26879141195309
301,301,"Agent 2",1,82892,82892,1536,30,"__amd_rocclr_fillBufferAligned",256,0,0,8,0,128,"GRBM_GUI_ACTIVE",142548.000000,26879141195012,26879141195309
301,301,"Agent 2",1,82892,82892,1536,30,"__amd_rocclr_fillBufferAligned",256,0,0,8,0,128,"SQ_BUSY_CYCLES",4561536.000000,26879141195012,26879141195309
301,301,"Agent 2",1,82892,82892,1536,30,"__amd_rocclr_fillBufferAligned",256,0,0,8,0,128,"SQ_CYCLES",4562048.000000,26879141195012,26879141195309
301,301,"Agent 2",1,82892,82892,1536,30,"__amd_rocclr_fillBufferAligned",256,0,0,8,0,128,"SQ_WAVES",48.000000,26879141195012,26879141195309
302,302,"Agent 2",1,82892,82892,32768,9,"pkfma8(float*, std::bfloat16_t __vector(16) const*, int, Rec*)",128,0,0,16,0,128,"GRBM_COUNT",19658233.000000,26879141529365,26879142606049
302,302,"Agent 2",1,82892,82892,32768,9,"pkfma8(float*, std::bfloat16_t __vector(16) const*, int, Rec*)",128,0,0,16,0,128,"GRBM_GUI_ACTIVE",19658233.000000,26879141529365,26879142606049
302,302,"Agent 2",1,82892,82892,32768,9,"pkfma8(float*, std::bfloat16_t __vector(16) const*, int, Rec*)",128,0,0,16,0,128,"SQ_BUSY_CYCLES",629063456.000000,26879141529365,26879142606049
302,302,"Agent 2",1,82892,82892,32768,9,"pkfma8(float*, std::bfloat16_t __vector(16) const*, int, Rec*)",128,0,0,16,0,128,"SQ_CYCLES",629063968.000000,26879141529365,26879142606049
302,302,"Agent 2",1,82892,82892,32768,9,"pkfma8(float*, std::bfloat16_t __vector(16) const*, int, Rec*)",128,0,0,16,0,128,"SQ_WAVES",1024.000000,26879141529365,26879142606049
303,303,"Agent 2",1,82892,82892,1536,30,"__amd_rocclr_fillBufferAligned",256,0,0,8,0,128,"GRBM_COUNT",147131.000000,26879143030501,26879143031365
303,303,"Agent 2",1,82892,82892,1536,30,"__amd_rocclr_fillBufferAligned",256,0,0,8,0,128,"GRBM_GUI_ACTIVE",147131.000000,26879143030501,26879143031365
303,303,"Agent 2",1,82892,82892,1536,30,"__amd_rocclr_fillBufferAligned",256,0,0,8,0,128,"SQ_BUSY_CYCLES",4708192.000000,26879143030501,26879143031365
303,303,"Agent 2",1,82892,82892,1536,30,"__amd_rocclr_fillBufferAligned",256,0,0,8,0,128,"SQ_CYCLES",4708704.000000,26879143030501,26879143031365
303,303,"Agent 2",1,82892,82892,1536,30,"__amd_rocclr_fillBufferAligned",256,0,0,8,0,128,"SQ_WAVES",48.000000,26879143030501,26879143031365
304,304,"Agent 2",1,82892,82892,32768,9,"pkfma8(float*, std::bfloat16_t __vector(16) const*, int, Rec*)",128,0,0,16,0,128,"GRBM_COUNT",19641589.000000,26879143368767,26879144443595
304,304,"Agent 2",1,82892,82892,32768,9,"pkfma8(float*, std::bfloat16_t __vector(16) const*, int, Rec*)",128,0,0,16,0,128,"GRBM_GUI_ACTIVE",19641589.000000,26879143368767,26879144443595
304,304,"Agent 2",1,82892,82892,32768,9,"pkfma8(float*, std::bfloat16_t __vector(16) const*, int, Rec*)",128,0,0,16,0,128,"SQ_BUSY_CYCLES",628530848.000000,26879143368767,26879144443595
304,304,"Agent 2",1,82892,82892,32768,9,"pkfma8(float*, std::bfloat16_t __vector(16) const*, int, Rec*)",128,0,0,16,0,128,"SQ_CYCLES",628531360.000000,26879143368767,26879144443595
304,304,"Agent 2",1,82892,82892,32768,9,"pkfma8(float*, std::bfloat16_t __vector(16) const*, int, Rec*)",128,0,0,16,0,128,"SQ_WAVES",1024.000000,26879143368767,26879144443595
305,305,"Agent 2",1,82892,82892,1536,30,"__amd_rocclr_fillBufferAligned",256,0,0,8,0,128,"GRBM_COUNT",139507.000000,26879144855357,26879144856211
305,305,"Agent 2",1,82892,82892,1536,30,"__amd_rocclr_fillBufferAligned",256,0,0,8,0,128,"GRBM_GUI_ACTIVE",139507.000000,26879144855357,26879144856211
305,305,"Agent 2",1,82892,82892,1536,30,"__amd_rocclr_fillBufferAligned",256,0,0,8,0,128,"SQ_BUSY_CYCLES",4464224.000000,26879144855357,26879144856211
305,305,"Agent 2",1,82892,82892,1536,30,"__amd_rocclr_fillBufferAligned",256,0,0,8,0,128,"SQ_CYCLES",4464736.000000,26879144855357,26879144856211
305,305,"Agent 2",1,82892,82892,1536,30,"__amd_rocclr_fillBufferAligned",256,0,0,8,0,128,"SQ_WAVES",48.000000,26879144855357,26879144856211
306,306,"Agent 2",1,82892,82892,32768,9,"pkfma8(float*, std::bfloat16_t __vector(16) const*, int, Rec*)",128,0,0,16,0,128,"GRBM_COUNT",19653786.000000,26879145184039,26879146262881
306,306,"Agent 2",1,82892,82892,32768,9,"pkfma8(float*, std::bfloat16_t __vector(16) const*, int, Rec*)",128,0,0,16,0,128,"GRBM_GUI_ACTIVE",19653786.000000,26879145184039,26879146262881
306,306,"Agent 2",1,82892,82892,32768,9,"pkfma8(float*, std::bfloat16_t __vector(16) const*, int, Rec*)",128,0,0,16,0,128,"SQ_BUSY_CYCLES",628921152.000000,26879145184039,26879146262881
306,306,"Agent 2",1,82892,82892,32768,9,"pkfma8(float*, std::bfloat16_t __vector(16) const*, int, Rec*)",128,0,0,16,0,128,"SQ_CYCLES",628921664.000000,26879145184039,26879146262881
306,306,"Agent 2",1,82892,82892,32768,9,"pkfma8(float*, std::bfloat16_t __vector(16) const*, int, Rec*)",128,0,0,16,0,128,"SQ_WAVES",1024.000000,26879145184039,26879146262881
307,307,"Agent 2",1,82892,82892,1536,30,"__amd_rocclr_fillBufferAligned",256,0,0,8,0,128,"GRBM_COUNT",142646.000000,26879146680161,26879146680387
307,307,"Agent 2",1,82892,82892,1536,30,"__amd_rocclr_fillBufferAligned",256,0,0,8,0,128,"GRBM_GUI_ACTIVE",142646.000000,26879146680161,26879146680387
307,307,"Agent 2",1,82892,82892,1536,30,"__amd_rocclr_fillBufferAligned",256,0,0,8,0,128,"SQ_BUSY_CYCLES",4564672.000000,26879146680161,26879146680387
307,307,"Agent 2",1,82892,82892,1536,30,"__amd_rocclr_fillBufferAligned",256,0,0,8,0,128,"SQ_CYCLES",4565184.000000,26879146680161,26879146680387
307,307,"Agent 2",1,82892,82892,1536,30,"__amd_rocclr_fillBufferAligned",256,0,0,8,0,128,"SQ_WAVES",48.000000,26879146680161,26879146680387
308,308,"Agent 2",1,82892,82892,32768,9,"pkfma8(float*, std::bfloat16_t __vector(16) const*, int, Rec*)",128,0,0,16,0,128,"GRBM_COUNT",19651837.000000,26879147013563,26879148094787
308,308,"Agent 2",1,82892,82892,32768,9,"pkfma8(float*, std::bfloat16_t __vector(16) const*, int, Rec*)",128,0,0,16,0,128,"GRBM_GUI_ACTIVE",19651837.000000,26879147013563,26879148094787
308,308,"Agent 2",1,82892,82892,32768,9,"pkfma8(float*, std::bfloat16_t __vector(16) const*, int, Rec*)",128,0,0,16,0,128,"SQ_BUSY_CYCLES",628858784.000000,26879147013563,26879148094787
308,308,"Agent 2",1,82892,82892,32768,9,"pkfma8(float*, std::bfloat16_t __vector(16) const*, int, Rec*)",128,0,0,16,0,128,"SQ_CYCLES",628859296.000000,26879147013563,26879148094787
308,308,"Agent 2",1,82892,82892,32768,9,"pkfma8(float*, std::bfloat16_t __vector(16) const*, int, Rec*)",128,0,0,16,0,128,"SQ_WAVES",1024.000000,26879147013563,26879148094787
309,309,"Agent 2",1,82892,82892,3072,30,"__amd_rocclr_fillBufferAligned",256,0,0,8,0,128,"GRBM_COUNT",146001.000000,26879148543885,26879148544223
309,309,"Agent 2",1,82892,82892,3072,30,"__amd_rocclr_fillBufferAligned",256,0,0,8,0,128,"GRBM_GUI_ACTIVE",146001.000000,26879148543885,26879148544223
309,309,"Agent 2",1,82892,82892,3072,30,"__amd_rocclr_fillBufferAligned",256,0,0,8,0,128,"SQ_BUSY_CYCLES",4672032.000000,26879148543885,26879148544223
309,309,"Agent 2",1,82892,82892,3072,30,"__amd_rocclr_fillBufferAligned",256,0,0,8,0,128,"SQ_CYCLES",4672544.000000,26879148543885,26879148544223
309,309,"Agent 2",1,82892,82892,3072,30,"__amd_rocclr_fillBufferAligned",256,0,0,8,0,128,"SQ_WAVES",96.000000,26879148543885,26879148544223
310,310,"Agent 2",1,82892,82892,65536,9,"pkfma8(float*, std::bfloat16_t __vector(16) const*, int, Rec*)",256,0,0,16,0,128,"GRBM_COUNT",9903029.000000,26879148884962,26879149455007
310,310,"Agent 2",1,82892,82892,65536,9,"pkfma8(float*, std::bfloat16_t __vector(16) const*, int, Rec*)",256,0,0,16,0,128,"GRBM_GUI_ACTIVE",9903029.000000,26879148884962,26879149455007
310,310,"Agent 2",1,82892,82892,65536,9,"pkfma8(float*, std::bfloat16_t __vector(16) const*, int, Rec*)",256,0,0,16,0,128,"SQ_BUSY_CYCLES",316896928.000000,26879148884962,26879149455007
310,310,"Agent 2",1,82892,82892,65536,9,"pkfma8(float*, std::bfloat16_t __vector(16) const*, int, Rec*)",256,0,0,16,0,128,"SQ_CYCLES",316897440.000000,26879148884962,26879149455007
310,310,"Agent 2",1,82892,82892,65536,9,"pkfma8(float*, std::bfloat16_t __vector(16) const*, int, Rec*)",256,0,0,16,0,128,"SQ_WAVES",2048.000000,26879148884962,26879149455007
311,311,"Agent 2",1,82892,82892,3072,30,"__amd_rocclr_fillBufferAligned",256,0,0,8,0,128,"GRBM_COUNT",147186.000000,26879149843341,26879149846842
311,311,"Agent 2",1,82892,82892,3072,30,"__amd_rocclr_fillBufferAligned",256,0,0,8,0,128,"GRBM_GUI_ACTIVE",147186.000000,26879149843341,26879149846842
311,311,"Agent 2",1,82892,82892,3072,30,"__amd_rocclr_fillBufferAligned",256,0,0,8,0,128,"SQ_BUSY_CYCLES",4709952.000000,26879149843341,26879149846842
311,311,"Agent 2",1,82892,82892,3072,30,"__amd_rocclr_fillBufferAligned",256,0,0,8,0,128,"SQ_CYCLES",4710464.000000,26879149843341,26879149846842
311,311,"Agent 2",1,82892,82892,3072,30,"__amd_rocclr_fillBufferAligned",256,0,0,8,0,128,"SQ_WAVES",96.000000,26879149843341,26879149846842
312,312,"Agent 2",1,82892,82892,65536,9,"pkfma8(float*, std::bfloat16_t __vector(16) const*, int, Rec*)",256,0,0,16,0,128,"GRBM_COUNT",9920099.000000,26879150181779,26879150753985
312,312,"Agent 2",1,82892,82892,65536,9,"pkfma8(float*, std::bfloat16_t __vector(16) const*, int, Rec*)",256,0,0,16,0,128,"GRBM_GUI_ACTIVE",9920099.000000,26879150181779,26879150753985
312,312,"Agent 2",1,82892,82892,65536,9,"pkfma8(float*, std::bfloat16_t __vector(16) const*, int, Rec*)",256,0,0,16,0,128,"SQ_BUSY_CYCLES",317443168.000000,26879150181779,26879150753985
312,312,"Agent 2",1,82892,82892,65536,9,"pkfma8(float*, std::bfloat16_t __vector(16) const*, int, Rec*)",256,0,0,16,0,128,"SQ_CYCLES",317443680.000000,26879150181779,26879150753985
312,312,"Agent 2",1,82892,82892,65536,9,"pkfma8(float*, std::bfloat16_t __vector(16) const*, int, Rec*)",256,0,0,16,0,128,"SQ_WAVES",2048.000000,26879150181779,26879150753985
313,313,"Agent 2",1,82892,82892,3072,30,"__amd_rocclr_fillBufferAligned",256,0,0,8,0,128,"GRBM_COUNT",144184.000000,26879151142396,26879151145411
313,313,"Agent 2",1,82892,82892,3072,30,"__amd_rocclr_fillBufferAligned",256,0,0,8,0,128,"GRBM_GUI_ACTIVE",144184.000000,26879151142396,26879151145411
313,313,"Agent 2",1,82892,82892,3072,30,"__amd_rocclr_fillBufferAligned",256,0,0,8,0,128,"SQ_BUSY_CYCLES",4613888.000000,26879151142396,26879151145411
313,313,"Agent 2",1,82892,82892,3072,30,"__amd_rocclr_fillBufferAligned",256,0,0,8,0,128,"SQ_CYCLES",4614400.000000,26879151142396,26879151145411
313,313,"Agent 2",1,82892,82892,3072,30,"__amd_rocclr_fillBufferAligned",256,0,0,8,0,128,"SQ_WAVES",96.000000,26879151142396,26879151145411
314,314,"Agent 2",1,82892,82892,65536,9,"pkfma8(float*, std::bfloat16_t __vector(16) const*, int, Rec*)",256,0,0,16,0,128,"GRBM_COUNT",9911426.000000,26879151480523,26879152053814
314,314,"Agent 2",1,82892,82892,65536,9,"pkfma8(float*, std::bfloat16_t __vector(16) const*, int, Rec*)",256,0,0,16,0,128,"GRBM_GUI_ACTIVE",9911426.000000,26879151480523,26879152053814
314,314,"Agent 2",1,82892,82892,65536,9,"pkfma8(float*, std::bfloat16_t __vector(16) const*, int, Rec*)",256,0,0,16,0,128,"SQ_BUSY_CYCLES",317165632.000000,26879151480523,26879152053814
314,314,"Agent 2",1,82892,82892,65536,9,"pkfma8(float*, std::bfloat16_t __vector(16) const*, int, Rec*)",256,0,0,16,0,128,"SQ_CYCLES",317166144.000000,26879151480523,26879152053814
314,314,"Agent 2",1,82892,82892,65536,9,"pkfma8(float*, std::bfloat16_t __vector(16) const*, int, Rec*)",256,0,0,16,0,128,"SQ_WAVES",2048.000000,26879151480523,26879152053814
315,315,"Agent 2",1,82892,82892,3072,30,"__amd_rocclr_fillBufferAligned",256,0,0,8,0,128,"GRBM_COUNT",143830.000000,26879152494961,26879152500120
315,315,"Agent 2",1,82892,82892,3072,30,"__amd_rocclr_fillBufferAligned",256,0,0,8,0,128,"GRBM_GUI_ACTIVE",143830.000000,26879152494961,26879152500120
315,315,"Agent 2",1,82892,82892,3072,30,"__amd_rocclr_fillBufferAligned",256,0,0,8,0,128,"SQ_BUSY_CYCLES",4602560.000000,26879152494961,26879152500120
315,315,"Agent 2",1,82892,82892,3072,30,"__amd_rocclr_fillBufferAligned",256,0,0,8,0,128,"SQ_CYCLES",4603072.000000,26879152494961,26879152500120
315,315,"Agent 2",1,82892,82892,3072,30,"__amd_rocclr_fillBufferAligned",256,0,0,8,0,128,"SQ_WAVES",96.000000,26879152494961,26879152500120
316,316,"Agent 2",1,82892,82892,65536,9,"pkfma8(float*, std::bfloat16_t __vector(16) const*, int, Rec*)",256,0,0,16,0,128,"GRBM_COUNT",9914492.000000,26879152837448,26879153408833
316,316,"Agent 2",1,82892,82892,65536,9,"pkfma8(float*, std::bfloat16_t __vector(16) const*, int, Rec*)",256,0,0,16,0,128,"GRBM_GUI_ACTIVE",9914492.000000,26879152837448,26879153408833
316,316,"Agent 2",1,82892,82892,65536,9,"pkfma8(float*, std::bfloat16_t __vector(16) const*, int, Rec*)",256,0,0,16,0,128,"SQ_BUSY_CYCLES",317263744.000000,26879152837448,26879153408833
316,316,"Agent 2",1,82892,82892,65536,9,"pkfma8(float*, std::bfloat16_t __vector(16) const*, int, Rec*)",256,0,0,16,0,128,"SQ_CYCLES",317264256.000000,26879152837448,26879153408833
316,316,"Agent 2",1,82892,82892,65536,9,"pkfma8(float*, std::bfloat16_t __vector(16) const*, int, Rec*)",256,0,0,16,0,128,"SQ_WAVES",2048.000000,26879152837448,26879153408833
317,317,"Agent 2",1,82892,82892,3072,30,"__amd_rocclr_fillBufferAligned",256,0,0,8,0,128,"GRBM_COUNT",142321.000000,26879153853890,26879153857859
317,317,"Agent 2",1,82892,82892,3072,30,"__amd_rocclr_fillBufferAligned",256,0,0,8,0,128,"GRBM_GUI_ACTIVE",142321.000000,26879153853890,26879153857859
317,317,"Agent 2",1,82892,82892,3072,30,"__amd_rocclr_fillBufferAligned",256,0,0,8,0,128,"SQ_BUSY_CYCLES",4554272.000000,26879153853890,26879153857859
317,317,"Agent 2",1,82892,82892,3072,30,"__amd_rocclr_fillBufferAligned",256,0,0,8,0,128,"SQ_CYCLES",4554784.000000,26879153853890,26879153857859
317,317,"Agent 2",1,82892,82892,3072,30,"__amd_rocclr_fillBufferAligned",256,0,0,8,0,128,"SQ_WAVES",96.000000,26879153853890,26879153857859
318,318,"Agent 2",1,82892,82892,65536,9,"pkfma8(float*, std::bfloat16_t __vector(16) const*, int, Rec*)",256,0,0,16,0,128,"GRBM_COUNT",9905937.000000,26879154195053,26879154765962
318,318,"Agent 2",1,82892,82892,65536,9,"pkfma8(float*, std::bfloat16_t __vector(16) const*, int, Rec*)",256,0,0,16,0,128,"GRBM_GUI_ACTIVE",9905937.000000,26879154195053,26879154765962
318,318,"Agent 2",1,82892,82892,65536,9,"pkfma8(float*, std::bfloat16_t __vector(16) const*, int, Rec*)",256,0,0,16,0,128,"SQ_BUSY_CYCLES",316989984.000000,26879154195053,26879154765962
318,318,"Agent 2",1,82892,82892,65536,9,"pkfma8(float*, std::bfloat16_t __vector(16) const*, int, Rec*)",256,0,0,16,0,128,"SQ_CYCLES",316990496.000000,26879154195053,26879154765962
318,318,"Agent 2",1,82892,82892,65536,9,"pkfma8(float*, std::bfloat16_t __vector(16) const*, int, Rec*)",256,0,0,16,0,128,"SQ_WAVES",2048.000000,26879154195053,26879154765962
319,319,"Agent 2",1,82892,82892,3072,30,"__amd_rocclr_fillBufferAligned",256,0,0,8,0,128,"GRBM_COUNT",143888.000000,26879155210771,26879155211589
319,319,"Agent 2",1,82892,82892,3072,30,"__amd_rocclr_fillBufferAligned",256,0,0,8,0,128,"GRBM_GUI_ACTIVE",143888.000000,26879155210771,26879155211589
319,319,"Agent 2",1,82892,82892,3072,30,"__amd_rocclr_fillBufferAligned",256,0,0,8,0,128,"SQ_BUSY_CYCLES",4604416.000000,26879155210771,26879155211589
319,319,"Agent 2",1,82892,82892,3072,30,"__amd_rocclr_fillBufferAligned",256,0,0,8,0,128,"SQ_CYCLES",4604928.000000,26879155210771,26879155211589
319,319,"Agent 2",1,82892,82892,3072,30,"__amd_rocclr_fillBufferAligned",256,0,0,8,0,128,"SQ_WAVES",96.000000,26879155210771,26879155211589
320,320,"Agent 2",1,82892,82892,65536,9,"pkfma8(float*, std::bfloat16_t __vector(16) const*, int, Rec*)",256,0,0,16,0,128,"GRBM_COUNT",9906891.000000,26879155546462,26879156119732
320,320,"Agent 2",1,82892,82892,65536,9,"pkfma8(float*, std::bfloat16_t __vector(16) const*, int, Rec*)",256,0,0,16,0,128,"GRBM_GUI_ACTIVE",9906891.000000,26879155546462,26879156119732
320,320,"Agent 2",1,82892,82892,65536,9,"pkfma8(float*, std::bfloat16_t __vector(16) const*, int, Rec*)",256,0,0,16,0,128,"SQ_BUSY_CYCLES",317020512.000000,26879155546462,26879156119732
320,320,"Agent 2",1,82892,82892,65536,9,"pkfma8(float*, std::bfloat16_t __vector(16) const*, int, Rec*)",256,0,0,16,0,128,"SQ_CYCLES",317021024.000000,26879155546462,26879156119732
320,320,"Agent 2",1,82892,82892,65536,9,"pkfma8(float*, std::bfloat16_t __vector(16) const*, int, Rec*)",256,0,0,16,0,128,"SQ_WAVES",2048.000000,26879155546462,26879156119732
321,321,"Agent 2",1,82892,82892,3072,30,"__amd_rocclr_fillBufferAligned",256,0,0,8,0,128,"GRBM_COUNT",143284.000000,26879156564888,26879156565128
321,321,"Agent 2",1,82892,82892,3072,30,"__amd_rocclr_fillBufferAligned",256,0,0,8,0,128,"GRBM_GUI_ACTIVE",143284.000000,26879156564888,26879156565128
321,321,"Agent 2",1,82892,82892,3072,30,"__amd_rocclr_fillBufferAligned",256,0,0,8,0,128,"SQ_BUSY_CYCLES",4574907.000000,26879156564888,26879156565128
321,321,"Agent 2",1,82892,82892,3072,30,"__amd_rocclr_fillBufferAligned",256,0,0,8,0,128,"SQ_CYCLES",4585600.000000,26879156564888,26879156565128
321,321,"Agent 2",1,82892,82892,3072,30,"__amd_rocclr_fillBufferAligned",256,0,0,8,0,128,"SQ_WAVES",96.000000,26879156564888,26879156565128
322,322,"Agent 2",1,82892,82892,65536,9,"pkfma8(float*, std::bfloat16_t __vector(16) const*, int, Rec*)",256,0,0,16,0,128,"GRBM_COUNT",9916413.000000,26879156900731,26879157474491
322,322,"Agent 2",1,82892,82892,65536,9,"pkfma8(float*, std::bfloat16_t __vector(16) const*, int, Rec*)",256,0,0,16,0,128,"GRBM_GUI_ACTIVE",9916413.000000,26879156900731,26879157474491
322,322,"Agent 2",1,82892,82892,65536,9,"pkfma8(float*, std::bfloat16_t __vector(16) const*, int, Rec*)",256,0,0,16,0,128,"SQ_BUSY_CYCLES",314238140.000000,26879156900731,26879157474491
322,322,"Agent 2",1,82892,82892,65536,9,"pkfma8(float*, std::bfloat16_t __vector(16) const*, int, Rec*)",256,0,0,16,0,128,"SQ_CYCLES",317325728.000000,26879156900731,26879157474491
322,322,"Agent 2",1,82892,82892,65536,9,"pkfma8(float*, std::bfloat16_t __vector(16) const*, int, Rec*)",256,0,0,16,0,128,"SQ_WAVES",2048.000000,26879156900731,26879157474491
323,323,"Agent 2",1,82892,82892,6144,30,"__amd_rocclr_fillBufferAligned",256,0,0,8,0,128,"GRBM_COUNT",144300.000000,26879157727621,26879157995918
323,323,"Agent 2",1,82892,82892,6144,30,"__amd_rocclr_fillBufferAligned",256,0,0,8,0,128,"GRBM_GUI_ACTIVE",144300.000000,26879157727621,26879157995918
323,323,"Agent 2",1,82892,82892,6144,30,"__amd_rocclr_fillBufferAligned",256,0,0,8,0,128,"SQ_BUSY_CYCLES",2630975.000000,26879157727621,26879157995918
323,323,"Agent 2",1,82892,82892,6144,30,"__amd_rocclr_fillBufferAligned",256,0,0,8,0,128,"SQ_CYCLES",4618112.000000,26879157727621,26879157995918
323,323,"Agent 2",1,82892,82892,6144,30,"__amd_rocclr_fillBufferAligned",256,0,0,8,0,128,"SQ_WAVES",192.000000,26879157727621,26879157995918
324,324,"Agent 2",1,82892,82892,131072,9,"pkfma8(float*, std::bfloat16_t __vector(16) const*, int, Rec*)",512,0,0,16,0,128,"GRBM_COUNT",9767347.000000,26879158330262,26879158901361
324,324,"Agent 2",1,82892,82892,131072,9,"pkfma8(float*, std::bfloat16_t __vector(16) const*, int, Rec*)",512,0,0,16,0,128,"GRBM_GUI_ACTIVE",9767347.000000,26879158330262,26879158901361
324,324,"Agent 2",1,82892,82892,131072,9,"pkfma8(float*, std::bfloat16_t __vector(16) const*, int, Rec*)",512,0,0,16,0,128,"SQ_BUSY_CYCLES",228360915.000000,26879158330262,26879158901361
324,324,"Agent 2",1,82892,82892,131072,9,"pkfma8(float*, std::bfloat16_t __vector(16) const*, int, Rec*)",512,0,0,16,0,128,"SQ_CYCLES",312555616.000000,26879158330262,26879158901361
324,324,"Agent 2",1,82892,82892,131072,9,"pkfma8(float*, std::bfloat16_t __vector(16) const*, int, Rec*)",512,0,0,16,0,128,"SQ_WAVES",4096.000000,26879158330262,26879158901361
325,325,"Agent 2",1,82892,82892,6144,30,"__amd_rocclr_fillBufferAligned",256,0,0,8,0,128,"GRBM_COUNT",141131.000000,26879159290637,26879159291507
325,325,"Agent 2",1,82892,82892,6144,30,"__amd_rocclr_fillBufferAligned",256,0,0,8,0,128,"GRBM_GUI_ACTIVE",141131.000000,26879159290637,26879159291507
325,325,"Agent 2",1,82892,82892,6144,30,"__amd_rocclr_fillBufferAligned",256,0,0,8,0,128,"SQ_BUSY_CYCLES",3634142.000000,26879159290637,26879159291507
325,325,"Agent 2",1,82892,82892,6144,30,"__amd_rocclr_fillBufferAligned",256,0,0,8,0,128,"SQ_CYCLES",4516704.000000,26879159290637,26879159291507
325,325,"Agent 2",1,82892,82892,6144,30,"__amd_rocclr_fillBufferAligned",256,0,0,8,0,128,"SQ_WAVES",192.000000,26879159290637,26879159291507
326,326,"Agent 2",1,82892,82892,131072,9,"pkfma8(float*, std::bfloat16_t __vector(16) const*, int, Rec*)",512,0,0,16,0,128,"GRBM_COUNT",9754377.000000,26879159623401,26879160193730
326,326,"Agent 2",1,82892,82892,131072,9,"pkfma8(float*, std::bfloat16_t __vector(16) const*, int, Rec*)",512,0,0,16,0,128,"GRBM_GUI_ACTIVE",9754377.000000,26879159623401,26879160193730
326,326,"Agent 2",1,82892,82892,131072,9,"pkfma8(float*, std::bfloat16_t __vector(16) const*, int, Rec*)",512,0,0,16,0,128,"SQ_BUSY_CYCLES",266915037.000000,26879159623401,26879160193730
326,326,"Agent 2",1,82892,82892,131072,9,"pkfma8(float*, std::bfloat16_t __vector(16) const*, int, Rec*)",512,0,0,16,0,128,"SQ_CYCLES",312140576.000000,26879159623401,26879160193730
326,326,"Agent 2",1,82892,82892,131072,9,"pkfma8(float*, std::bfloat16_t __vector(16) const*, int, Rec*)",512,0,0,16,0,128,"SQ_WAVES",4096.000000,26879159623401,26879160193730
327,327,"Agent 2",1,82892,82892,6144,30,"__amd_rocclr_fillBufferAligned",256,0,0,8,0,128,"GRBM_COUNT",146946.000000,26879160583890,26879160587975
327,327,"Agent 2",1,82892,82892,6144,30,"__amd_rocclr_fillBufferAligned",256,0,0,8,0,128,"GRBM_GUI_ACTIVE",146946.000000,26879160583890,26879160587975
327,327,"Agent 2",1,82892,82892,6144,30,"__amd_rocclr_fillBufferAligned",256,0,0,8,0,128,"SQ_BUSY_CYCLES",4208147.000000,26879160583890,26879160587975
327,327,"Agent 2",1,82892,82892,6144,30,"__amd_rocclr_fillBufferAligned",256,0,0,8,0,128,"SQ_CYCLES",4702784.000000,26879160583890,26879160587975
327,327,"Agent 2",1,82892,82892,6144,30,"__amd_rocclr_fillBufferAligned",256,0,0,8,0,128,"SQ_WAVES",192.000000,26879160583890,26879160587975
328,328,"Agent 2",1,82892,82892,131072,9,"pkfma8(float*, std::bfloat16_t __vector(16) const*, int, Rec*)",512,0,0,16,0,128,"GRBM_COUNT",9755392.000000,26879160924083,26879161492208
328,328,"Agent 2",1,82892,82892,131072,9,"pkfma8(float*, std::bfloat16_t __vector(16) const*, int, Rec*)",512,0,0,16,0,128,"GRBM_GUI_ACTIVE",9755392.000000,26879160924083,26879161492208
328,328,"Agent 2",1,82892,82892,131072,9,"pkfma8(float*, std::bfloat16_t __vector(16) const*, int, Rec*)",512,0,0,16,0,128,"SQ_BUSY_CYCLES",297011148.000000,26879160924083,26879161492208
328,328,"Agent 2",1,82892,82892,131072,9,"pkfma8(float*, std::bfloat16_t __vector(16) const*, int, Rec*)",512,0,0,16,0,128,"SQ_CYCLES",312173056.000000,26879160924083,26879161492208
328,328,"Agent 2",1,82892,82892,131072,9,"pkfma8(float*, std::bfloat16_t __vector(16) const*, int, Rec*)",512,0,0,16,0,128,"SQ_WAVES",4096.000000,26879160924083,26879161492208
329,329,"Agent 2",1,82892,82892,6144,30,"__amd_rocclr_fillBufferAligned",256,0,0,8,0,128,"GRBM_COUNT",144147.000000,26879162065373,26879162067227
329,329,"Agent 2",1,82892,82892,6144,30,"__amd_rocclr_fillBufferAligned",256,0,0,8,0,128,"GRBM_GUI_ACTIVE",144147.000000,26879162065373,26879162067227
329,329,"Agent 2",1,82892,82892,6144,30,"__amd_rocclr_fillBufferAligned",256,0,0,8,0,128,"SQ_BUSY_CYCLES",4612704.000000,26879162065373,26879162067227
329,329,"Agent 2",1,82892,82892,6144,30,"__amd_rocclr_fillBufferAligned",256,0,0,8,0,128,"SQ_CYCLES",4613216.000000,26879162065373,26879162067227
329,329,"Agent 2",1,82892,82892,6144,30,"__amd_rocclr_fillBufferAligned",256,0,0,8,0,128,"SQ_WAVES",192.000000,26879162065373,26879162067227
330,330,"Agent 2",1,82892,82892,131072,9,"pkfma8(float*, std::bfloat16_t __vector(16) const*, int, Rec*)",512,0,0,16,0,128,"GRBM_COUNT",9744863.000000,26879162403908,26879162972879
330,330,"Agent 2",1,82892,82892,131072,9,"pkfma8(float*, std::bfloat16_t __vector(16) const*, int, Rec*)",512,0,0,16,0,128,"GRBM_GUI_ACTIVE",9744863.000000,26879162403908,26879162972879
330,330,"Agent 2",1,82892,82892,131072,9,"pkfma8(float*, std::bfloat16_t __vector(16) const*, int, Rec*)",512,0,0,16,0,128,"SQ_BUSY_CYCLES",311835616.000000,26879162403908,26879162972879
330,330,"Agent 2",1,82892,82892,131072,9,"pkfma8(float*, std::bfloat16_t __vector(16) const*, int, Rec*)",512,0,0,16,0,128,"SQ_CYCLES",311836128.000000,26879162403908,26879162972879
330,330,"Agent 2",1,82892,82892,131072,9,"pkfma8(float*, std::bfloat16_t __vector(16) const*, int, Rec*)",512,0,0,16,0,128,"SQ_WAVES",4096.000000,26879162403908,26879162972879
331,331,"Agent 2",1,82892,82892,6144,30,"__amd_rocclr_fillBufferAligned",256,0,0,8,0,128,"GRBM_COUNT",143885.000000,26879163551466,26879163552338
331,331,"Agent 2",1,82892,82892,6144,30,"__amd_rocclr_fillBufferAligned",256,0,0,8,0,128,"GRBM_GUI_ACTIVE",143885.000000,26879163551466,26879163552338
331,331,"Agent 2",1,82892,82892,6144,30,"__amd_rocclr_fillBufferAligned",256,0,0,8,0,128,"SQ_BUSY_CYCLES",4604320.000000,26879163551466,26879163552338
331,331,"Agent 2",1,82892,82892,6144,30,"__amd_rocclr_fillBufferAligned",256,0,0,8,0,128,"SQ_CYCLES",4604832.000000,26879163551466,26879163552338
331,331,"Agent 2",1,82892,82892,6144,30,"__amd_rocclr_fillBufferAligned",256,0,0,8,0,128,"SQ_WAVES",192.000000,26879163551466,26879163552338
332,332,"Agent 2",1,82892,82892,131072,9,"pkfma8(float*, std::bfloat16_t __vector(16) const*, int, Rec*)",512,0,0,16,0,128,"GRBM_COUNT",9748570.000000,26879163887445,26879164456241
332,332,"Agent 2",1,82892,82892,131072,9,"pkfma8(float*, std::bfloat16_t __vector(16) const*, int, Rec*)",512,0,0,16,0,128,"GRBM_GUI_ACTIVE",9748570.000000,26879163887445,26879164456241
332,332,"Agent 2",1,82892,82892,131072,9,"pkfma8(float*, std::bfloat16_t __vector(16) const*, int, Rec*)",512,0,0,16,0,128,"SQ_BUSY_CYCLES",311954240.000000,26879163887445,26879164456241
332,332,"Agent 2",1,82892,82892,131072,9,"pkfma8(float*, std::bfloat16_t __vector(16) const*, int, Rec*)",512,0,0,16,0,128,"SQ_CYCLES",311954752.000000,26879163887445,26879164456241
332,332,"Agent 2",1,82892,82892,131072,9,"pkfma8(float*, std::bfloat16_t __vector(16) const*, int, Rec*)",512,0,0,16,0,128,"SQ_WAVES",4096.000000,26879163887445,26879164456241
333,333,"Agent 2",1,82892,82892,6144,30,"__amd_rocclr_fillBufferAligned",256,0,0,8,0,128,"GRBM_COUNT",144677.000000,26879165027265,26879165029179
333,333,"Agent 2",1,82892,82892,6144,30,"__amd_rocclr_fillBufferAligned",256,0,0,8,0,128,"GRBM_GUI_ACTIVE",144677.000000,26879165027265,26879165029179
333,333,"Agent 2",1,82892,82892,6144,30,"__amd_rocclr_fillBufferAligned",256,0,0,8,0,128,"SQ_BUSY_CYCLES",4629664.000000,26879165027265,26879165029179
333,333,"Agent 2",1,82892,82892,6144,30,"__amd_rocclr_fillBufferAligned",256,0,0,8,0,128,"SQ_CYCLES",4630176.000000,26879165027265,26879165029179
333,333,"Agent 2",1,82892,82892,6144,30,"__amd_rocclr_fillBufferAligned",256,0,0,8,0,128,"SQ_WAVES",192.000000,26879165027265,26879165029179
334,334,"Agent 2",1,82892,82892,131072,9,"pkfma8(float*, std::bfloat16_t __vector(16) const*, int, Rec*)",512,0,0,16,0,128,"GRBM_COUNT",9759527.000000,26879165363393,26879165931592
334,334,"Agent 2",1,82892,82892,131072,9,"pkfma8(float*, std::bfloat16_t __vector(16) const*, int, Rec*)",512,0,0,16,0,128,"GRBM_GUI_ACTIVE",9759527.000000,26879165363393,26879165931592
334,334,"Agent 2",1,82892,82892,131072,9,"pkfma8(float*, std::bfloat16_t __vector(16) const*, int, Rec*)",512,0,0,16,0,128,"SQ_BUSY_CYCLES",312304864.000000,26879165363393,26879165931592
334,334,"Agent 2",1,82892,82892,131072,9,"pkfma8(float*, std::bfloat16_t __vector(16) const*, int, Rec*)",512,0,0,16,0,128,"SQ_CYCLES",312305376.000000,26879165363393,26879165931592
334,334,"Agent 2",1,82892,82892,131072,9,"pkfma8(float*, std::bfloat16_t __vector(16) const*, int, Rec*)",512,0,0,16,0,128,"SQ_WAVES",4096.000000,26879165363393,26879165931592
335,335,"Agent 2",1,82892,82892,6144,30,"__amd_rocclr_fillBufferAligned",256,0,0,8,0,128,"GRBM_COUNT",143476.000000,26879166504966,26879166505130
335,335,"Agent 2",1,82892,82892,6144,30,"__amd_rocclr_fillBufferAligned",256,0,0,8,0,128,"GRBM_GUI_ACTIVE",143476.000000,26879166504966,26879166505130
335,335,"Agent 2",1,82892,82892,6144,30,"__amd_rocclr_fillBufferAligned",256,0,0,8,0,128,"SQ_BUSY_CYCLES",4591232.000000,26879166504966,26879166505130
335,335,"Agent 2",1,82892,82892,6144,30,"__amd_rocclr_fillBufferAligned",256,0,0,8,0,128,"SQ_CYCLES",4591744.000000,26879166504966,26879166505130
335,335,"Agent 2",1,82892,82892,6144,30,"__amd_rocclr_fillBufferAligned",256,0,0,8,0,128,"SQ_WAVES",192.000000,26879166504966,26879166505130
336,336,"Agent 2",1,82892,82892,131072,9,"pkfma8(float*, std::bfloat16_t __vector(16) const*, int, Rec*)",512,0,0,16,0,128,"GRBM_COUNT",9751256.000000,26879166841284,26879167409603
336,336,"Agent 2",1,82892,82892,131072,9,"pkfma8(float*, std::bfloat16_t __vector(16) const*, int, Rec*)",512,0,0,16,0,128,"GRBM_GUI_ACTIVE",9751256.000000,26879166841284,26879167409603
336,336,"Agent 2",1,82892,82892,131072,9,"pkfma8(float*, std::bfloat16_t __vector(16) const*, int, Rec*)",512,0,0,16,0,128,"SQ_BUSY_CYCLES",312040192.000000,26879166841284,26879167409603
336,336,"Agent 2",1,82892,82892,131072,9,"pkfma8(float*, std::bfloat16_t __vector(16) const*, int, Rec*)",512,0,0,16,0,128,"SQ_CYCLES",312040704.000000,26879166841284,26879167409603
336,336,"Agent 2",1,82892,82892,131072,9,"pkfma8(float*, std::bfloat16_t __vector(16) const*, int, Rec*)",512,0,0,16,0,128,"SQ_WAVES",4096.000000,26879166841284,26879167409603
337,337,"Agent 2",1,82892,82892,1536,30,"__amd_rocclr_fillBufferAligned",256,0,0,8,0,128,"GRBM_COUNT",140530.000000,26879168160134,26879168160374
337,337,"Agent 2",1,82892,82892,1536,30,"__amd_rocclr_fillBufferAligned",256,0,0,8,0,128,"GRBM_GUI_ACTIVE",140530.000000,26879168160134,26879168160374
337,337,"Agent 2",1,82892,82892,1536,30,"__amd_rocclr_fillBufferAligned",256,0,0,8,0,128,"SQ_BUSY_CYCLES",4496960.000000,26879168160134,26879168160374
337,337,"Agent 2",1,82892,82892,1536,30,"__amd_rocclr_fillBufferAligned",256,0,0,8,0,128,"SQ_CYCLES",4497472.000000,26879168160134,26879168160374
337,337,"Agent 2",1,82892,82892,1536,30,"__amd_rocclr_fillBufferAligned",256,0,0,8,0,128,"SQ_WAVES",48.000000,26879168160134,26879168160374
338,338,"Agent 2",1,82892,82892,32768,5,"mix_e1v0",128,0,0,48,0,128,"GRBM_COUNT",20142980.000000,26879168516851,26879169850898
338,338,"Agent 2",1,82892,82892,32768,5,"mix_e1v0",128,0,0,48,0,128,"GRBM_GUI_ACTIVE",20142980.000000,26879168516851,26879169850898
338,338,"Agent 2",1,82892,82892,32768,5,"mix_e1v0",128,0,0,48,0,128,"SQ_BUSY_CYCLES",644575360.000000,26879168516851,26879169850898
338,338,"Agent 2",1,82892,82892,32768,5,"mix_e1v0",128,0,0,48,0,128,"SQ_CYCLES",644575872.000000,26879168516851,26879169850898
338,338,"Agent 2",1,82892,82892,32768,5,"mix_e1v0",128,0,0,48,0,128,"SQ_WAVES",1024.000000,26879168516851,26879169850898
339,339,"Agent 2",1,82892,82892,1536,30,"__amd_rocclr_fillBufferAligned",256,0,0,8,0,128,"GRBM_COUNT",132512.000000,26879170260483,26879170261324
339,339,"Agent 2",1,82892,82892,1536,30,"__amd_rocclr_fillBufferAligned",256,0,0,8,0,128,"GRBM_GUI_ACTIVE",132512.000000,26879170260483,26879170261324
339,339,"Agent 2",1,82892,82892,1536,30,"__amd_rocclr_fillBufferAligned",256,0,0,8,0,128,"SQ_BUSY_CYCLES",4240384.000000,26879170260483,26879170261324
339,339,"Agent 2",1,82892,82892,1536,30,"__amd_rocclr_fillBufferAligned",256,0,0,8,0,128,"SQ_CYCLES",4240896.000000,26879170260483,26879170261324
339,339,"Agent 2",1,82892,82892,1536,30,"__amd_rocclr_fillBufferAligned",256,0,0,8,0,128,"SQ_WAVES",48.000000,26879170260483,26879170261324
340,340,"Agent 2",1,82892,82892,32768,5,"mix_e1v0",128,0,0,48,0,128,"GRBM_COUNT",20111939.000000,26879170595598,26879172114880
340,340,"Agent 2",1,82892,82892,32768,5,"mix_e1v0",128,0,0,48,0,128,"GRBM_GUI_ACTIVE",20111939.000000,26879170595598,26879172114880
340,340,"Agent 2",1,82892,82892,32768,5,"mix_e1v0",128,0,0,48,0,128,"SQ_BUSY_CYCLES",643582048.000000,26879170595598,26879172114880
340,340,"Agent 2",1,82892,82892,32768,5,"mix_e1v0",128,0,0,48,0,128,"SQ_CYCLES",643582560.000000,26879170595598,26879172114880
340,340,"Agent 2",1,82892,82892,32768,5,"mix_e1v0",128,0,0,48,0,128,"SQ_WAVES",1024.000000,26879170595598,26879172114880
341,341,"Agent 2",1,82892,82892,1536,30,"__amd_rocclr_fillBufferAligned",256,0,0,8,0,128,"GRBM_COUNT",131763.000000,26879172511751,26879172511845
341,341,"Agent 2",1,82892,82892,1536,30,"__amd_rocclr_fillBufferAligned",256,0,0,8,0,128,"GRBM_GUI_ACTIVE",131763.000000,26879172511751,26879172511845
341,341,"Agent 2",1,82892,82892,1536,30,"__amd_rocclr_fillBufferAligned",256,0,0,8,0,128,"SQ_BUSY_CYCLES",4216416.000000,26879172511751,26879172511845
341,341,"Agent 2",1,82892,82892,1536,30,"__amd_rocclr_fillBufferAligned",256,0,0,8,0,128,"SQ_CYCLES",4216928.000000,26879172511751,26879172511845
341,341,"Agent 2",1,82892,82892,1536,30,"__amd_rocclr_fillBufferAligned",256,0,0,8,0,128,"SQ_WAVES",48.000000,26879172511751,26879172511845
342,342,"Agent 2",1,82892,82892,32768,5,"mix_e1v0",128,0,0,48,0,128,"GRBM_COUNT",20157804.000000,26879172848120,26879174273401
342,342,"Agent 2",1,82892,82892,32768,5,"mix_e1v0",128,0,0,48,0,128,"GRBM_GUI_ACTIVE",20157804.000000,26879172848120,26879174273401
342,342,"Agent 2",1,82892,82892,32768,5,"mix_e1v0",128,0,0,48,0,128,"SQ_BUSY_CYCLES",645049728.000000,26879172848120,26879174273401
342,342,"Agent 2",1,82892,82892,32768,5,"mix_e1v0",128,0,0,48,0,128,"SQ_CYCLES",645050240.000000,26879172848120,26879174273401
342,342,"Agent 2",1,82892,82892,32768,5,"mix_e1v0",128,0,0,48,0,128,"SQ_WAVES",1024.000000,26879172848120,26879174273401
343,343,"Agent 2",1,82892,82892,1536,30,"__amd_rocclr_fillBufferAligned",256,0,0,8,0,128,"GRBM_COUNT",143212.000000,26879174710407,26879174711547
343,343,"Agent 2",1,82892,82892,1536,30,"__amd_rocclr_fillBufferAligned",256,0,0,8,0,128,"GRBM_GUI_ACTIVE",143212.000000,26879174710407,26879174711547
343,343,"Agent 2",1,82892,82892,1536,30,"__amd_rocclr_fillBufferAligned",256,0,0,8,0,128,"SQ_BUSY_CYCLES",4582784.000000,26879174710407,26879174711547
343,343,"Agent 2",1,82892,82892,1536,30,"__amd_rocclr_fillBufferAligned",256,0,0,8,0,128,"SQ_CYCLES",4583296.000000,26879174710407,26879174711547
343,343,"Agent 2",1,82892,82892,1536,30,"__amd_rocclr_fillBufferAligned",256,0,0,8,0,128,"SQ_WAVES",48.000000,26879174710407,26879174711547
344,344,"Agent 2",1,82892,82892,32768,5,"mix_e1v0",128,0,0,48,0,128,"GRBM_COUNT",20199201.000000,26879175041808,26879176444752
344,344,"Agent 2",1,82892,82892,32768,5,"mix_e1v0",128,0,0,48,0,128,"GRBM_GUI_ACTIVE",20199201.000000,26879175041808,26879176444752
344,344,"Agent 2",1,82892,82892,32768,5,"mix_e1v0",128,0,0,48,0,128,"SQ_BUSY_CYCLES",646374432.000000,26879175041808,26879176444752
344,344,"Agent 2",1,82892,82892,32768,5,"mix_e1v0",128,0,0,48,0,128,"SQ_CYCLES",646374944.000000,26879175041808,26879176444752
344,344,"Agent 2",1,82892,82892,32768,5,"mix_e1v0",128,0,0,48,0,128,"SQ_WAVES",1024.000000,26879175041808,26879176444752
345,345,"Agent 2",1,82892,82892,1536,30,"__amd_rocclr_fillBufferAligned",256,0,0,8,0,128,"GRBM_COUNT",131867.000000,26879176885992,26879176886908
345,345,"Agent 2",1,82892,82892,1536,30,"__amd_rocclr_fillBufferAligned",256,0,0,8,0,128,"GRBM_GUI_ACTIVE",131867.000000,26879176885992,26879176886908
345,345,"Agent 2",1,82892,82892,1536,30,"__amd_rocclr_fillBufferAligned",256,0,0,8,0,128,"SQ_BUSY_CYCLES",4219744.000000,26879176885992,26879176886908
345,345,"Agent 2",1,82892,82892,1536,30,"__amd_rocclr_fillBufferAligned",256,0,0,8,0,128,"SQ_CYCLES",4220256.000000,26879176885992,26879176886908
345,345,"Agent 2",1,82892,82892,1536,30,"__amd_rocclr_fillBufferAligned",256,0,0,8,0,128,"SQ_WAVES",48.000000,26879176885992,26879176886908
346,346,"Agent 2",1,82892,82892,32768,5,"mix_e1v0",128,0,0,48,0,128,"GRBM_COUNT",20135776.000000,26879177225562,26879178636813
346,346,"Agent 2",1,82892,82892,32768,5,"mix_e1v0",128,0,0,48,0,128,"GRBM_GUI_ACTIVE",20135776.000000,26879177225562,26879178636813
346,346,"Agent 2",1,82892,82892,32768,5,"mix_e1v0",128,0,0,48,0,128,"SQ_BUSY_CYCLES",644344832.000000,26879177225562,26879178636813
346,346,"Agent 2",1,82892,82892,32768,5,"mix_e1v0",128,0,0,48,0,128,"SQ_CYCLES",644345344.000000,26879177225562,26879178636813
346,346,"Agent 2",1,82892,82892,32768,5,"mix_e1v0",128,0,0,48,0,128,"SQ_WAVES",1024.000000,26879177225562,26879178636813
347,347,"Agent 2",1,82892,82892,1536,30,"__amd_rocclr_fillBufferAligned",256,0,0,8,0,128,"GRBM_COUNT",137585.000000,26879179076600,26879179077419
347,347,"Agent 2",1,82892,82892,1536,30,"__amd_rocclr_fillBufferAligned",256,0,0,8,0,128,"GRBM_GUI_ACTIVE",137585.000000,26879179076600,26879179077419
347,347,"Agent 2",1,82892,82892,1536,30,"__amd_rocclr_fillBufferAligned",256,0,0,8,0,128,"SQ_BUSY_CYCLES",4402720.000000,26879179076600,26879179077419
347,347,"Agent 2",1,82892,82892,1536,30,"__amd_rocclr_fillBufferAligned",256,0,0,8,0,128,"SQ_CYCLES",4403232.000000,26879179076600,26879179077419
347,347,"Agent 2",1,82892,82892,1536,30,"__amd_rocclr_fillBufferAligned",256,0,0,8,0,128,"SQ_WAVES",48.000000,26879179076600,26879179077419
348,348,"Agent 2",1,82892,82892,32768,5,"mix_e1v0",128,0,0,48,0,128,"GRBM_COUNT",20109806.000000,26879179413601,26879180792054
348,348,"Agent 2",1,82892,82892,32768,5,"mix_e1v0",128,0,0,48,0,128,"GRBM_GUI_ACTIVE",20109806.000000,26879179413601,26879180792054
348,348,"Agent 2",1,82892,82892,32768,5,"mix_e1v0",128,0,0,48,0,128,"SQ_BUSY_CYCLES",643513792.000000,26879179413601,26879180792054
348,348,"Agent 2",1,82892,82892,32768,5,"mix_e1v0",128,0,0,48,0,128,"SQ_CYCLES",643514304.000000,26879179413601,26879180792054
348,348,"Agent 2",1,82892,82892,32768,5,"mix_e1v0",128,0,0,48,0,128,"SQ_WAVES",1024.000000,26879179413601,26879180792054
349,349,"Agent 2",1,82892,82892,1536,30,"__amd_rocclr_fillBufferAligned",256,0,0,8,0,128,"GRBM_COUNT",137155.000000,26879181231902,26879181232820
349,349,"Agent 2",1,82892,82892,1536,30,"__amd_rocclr_fillBufferAligned",256,0,0,8,0,128,"GRBM_GUI_ACTIVE",137155.000000,26879181231902,26879181232820
349,349,"Agent 2",1,82892,82892,1536,30,"__amd_rocclr_fillBufferAligned",256,0,0,8,0,128,"SQ_BUSY_CYCLES",4388960.000000,26879181231902,26879181232820
349,349,"Agent 2",1,82892,82892,1536,30,"__amd_rocclr_fillBufferAligned",256,0,0,8,0,128,"SQ_CYCLES",4389472.000000,26879181231902,26879181232820
349,349,"Agent 2",1,82892,82892,1536,30,"__amd_rocclr_fillBufferAligned",256,0,0,8,0,128,"SQ_WAVES",48.000000,26879181231902,26879181232820
350,350,"Agent 2",1,82892,82892,32768,5,"mix_e1v0",128,0,0,48,0,128,"GRBM_COUNT",20100029.000000,26879181571428,26879182919144
350,350,"Agent 2",1,82892,82892,32768,5,"mix_e1v0",128,0,0,48,0,128,"GRBM_GUI_ACTIVE",20100029.000000,26879181571428,26879182919144
350,350,"Agent 2",1,82892,82892,32768,5,"mix_e1v0",128,0,0,48,0,128,"SQ_BUSY_CYCLES",643200928.000000,26879181571428,26879182919144
350,350,"Agent 2",1,82892,82892,32768,5,"mix_e1v0",128,0,0,48,0,128,"SQ_CYCLES",643201440.000000,26879181571428,26879182919144
350,350,"Agent 2",1,82892,82892,32768,5,"mix_e1v0",128,0,0,48,0,128,"SQ_WAVES",1024.000000,26879181571428,26879182919144
351,351,"Agent 2",1,82892,82892,3072,30,"__amd_rocclr_fillBufferAligned",256,0,0,8,0,128,"GRBM_COUNT",147911.000000,26879183401892,26879183402811
351,351,"Agent 2",1,82892,82892,3072,30,"__amd_rocclr_fillBufferAligned",256,0,0,8,0,128,"GRBM_GUI_ACTIVE",147911.000000,26879183401892,26879183402811
351,351,"Agent 2",1,82892,82892,3072,30,"__amd_rocclr_fillBufferAligned",256,0,0,8,0,128,"SQ_BUSY_CYCLES",4733152.000000,26879183401892,26879183402811
351,351,"Agent 2",1,82892,82892,3072,30,"__amd_rocclr_fillBufferAligned",256,0,0,8,0,128,"SQ_CYCLES",4733664.000000,26879183401892,26879183402811
351,351,"Agent 2",1,82892,82892,3072,30,"__amd_rocclr_fillBufferAligned",256,0,0,8,0,128,"SQ_WAVES",96.000000,26879183401892,26879183402811
352,352,"Agent 2",1,82892,82892,65536,5,"mix_e1v0",256,0,0,48,0,128,"GRBM_COUNT",19478822.000000,26879183737154,26879185043684
352,352,"Agent 2",1,82892,82892,65536,5,"mix_e1v0",256,0,0,48,0,128,"GRBM_GUI_ACTIVE",19478822.000000,26879183737154,26879185043684
352,352,"Agent 2",1,82892,82892,65536,5,"mix_e1v0",256,0,0,48,0,128,"SQ_BUSY_CYCLES",623322304.000000,26879183737154,26879185043684
352,352,"Agent 2",1,82892,82892,65536,5,"mix_e1v0",256,0,0,48,0,128,"SQ_CYCLES",623322816.000000,26879183737154,26879185043684
352,352,"Agent 2",1,82892,82892,65536,5,"mix_e1v0",256,0,0,48,0,128,"SQ_WAVES",2048.000000,26879183737154,26879185043684
353,353,"Agent 2",1,82892,82892,3072,30,"__amd_rocclr_fillBufferAligned",256,0,0,8,0,128,"GRBM_COUNT",143749.000000,26879185433386,26879185433480
353,353,"Agent 2",1,82892,82892,3072,30,"__amd_rocclr_fillBufferAligned",256,0,0,8,0,128,"GRBM_GUI_ACTIVE",143749.000000,26879185433386,26879185433480
353,353,"Agent 2",1,82892,82892,3072,30,"__amd_rocclr_fillBufferAligned",256,0,0,8,0,128,"SQ_BUSY_CYCLES",4599968.000000,26879185433386,26879185433480
353,353,"Agent 2",1,82892,82892,3072,30,"__amd_rocclr_fillBufferAligned",256,0,0,8,0,128,"SQ_CYCLES",4600480.000000,26879185433386,26879185433480
353,353,"Agent 2",1,82892,82892,3072,30,"__amd_rocclr_fillBufferAligned",256,0,0,8,0,128,"SQ_WAVES",96.000000,26879185433386,26879185433480
354,354,"Agent 2",1,82892,82892,65536,5,"mix_e1v0",256,0,0,48,0,128,"GRBM_COUNT",19555120.000000,26879185759950,26879187096994
354,354,"Agent 2",1,82892,82892,65536,5,"mix_e1v0",256,0,0,48,0,128,"GRBM_GUI_ACTIVE",19555120.000000,26879185759950,26879187096994
354,354,"Agent 2",1,82892,82892,65536,5,"mix_e1v0",256,0,0,48,0,128,"SQ_BUSY_CYCLES",625763840.000000,26879185759950,26879187096994
354,354,"Agent 2",1,82892,82892,65536,5,"mix_e1v0",256,0,0,48,0,128,"SQ_CYCLES",625764352.000000,26879185759950,26879187096994
354,354,"Agent 2",1,82892,82892,65536,5,"mix_e1v0",256,0,0,48,0,128,"SQ_WAVES",2048.000000,26879185759950,26879187096994
355,355,"Agent 2",1,82892,82892,3072,30,"__amd_rocclr_fillBufferAligned",256,0,0,8,0,128,"GRBM_COUNT",143359.000000,26879187480065,26879187480849
355,355,"Agent 2",1,82892,82892,3072,30,"__amd_rocclr_fillBufferAligned",256,0,0,8,0,128,"GRBM_GUI_ACTIVE",143359.000000,26879187480065,26879187480849
355,355,"Agent 2",1,82892,82892,3072,30,"__amd_rocclr_fillBufferAligned",256,0,0,8,0,128,"SQ_BUSY_CYCLES",4587488.000000,26879187480065,26879187480849
355,355,"Agent 2",1,82892,82892,3072,30,"__amd_rocclr_fillBufferAligned",256,0,0,8,0,128,"SQ_CYCLES",4588000.000000,26879187480065,26879187480849
355,355,"Agent 2",1,82892,82892,3072,30,"__amd_rocclr_fillBufferAligned",256,0,0,8,0,128,"SQ_WAVES",96.000000,26879187480065,26879187480849
356,356,"Agent 2",1,82892,82892,65536,5,"mix_e1v0",256,0,0,48,0,128,"GRBM_COUNT",19529694.000000,26879187813936,26879189151343
356,356,"Agent 2",1,82892,82892,65536,5,"mix_e1v0",256,0,0,48,0,128,"GRBM_GUI_ACTIVE",19529694.000000,26879187813936,26879189151343
356,356,"Agent 2",1,82892,82892,65536,5,"mix_e1v0",256,0,0,48,0,128,"SQ_BUSY_CYCLES",624950208.000000,26879187813936,26879189151343
356,356,"Agent 2",1,82892,82892,65536,5,"mix_e1v0",256,0,0,48,0,128,"SQ_CYCLES",624950720.000000,26879187813936,26879189151343
356,356,"Agent 2",1,82892,82892,65536,5,"mix_e1v0",256,0,0,48,0,128,"SQ_WAVES",2048.000000,26879187813936,26879189151343
357,357,"Agent 2",1,82892,82892,3072,30,"__amd_rocclr_fillBufferAligned",256,0,0,8,0,128,"GRBM_COUNT",149830.000000,26879189652308,26879189652360
357,357,"Agent 2",1,82892,82892,3072,30,"__amd_rocclr_fillBufferAligned",256,0,0,8,0,128,"GRBM_GUI_ACTIVE",149830.000000,26879189652308,26879189652360
357,357,"Agent 2",1,82892,82892,3072,30,"__amd_rocclr_fillBufferAligned",256,0,0,8,0,128,"SQ_BUSY_CYCLES",4794560.000000,26879189652308,26879189652360
357,357,"Agent 2",1,82892,82892,3072,30,"__amd_rocclr_fillBufferAligned",256,0,0,8,0,128,"SQ_CYCLES",4795072.000000,26879189652308,26879189652360
357,357,"Agent 2",1,82892,82892,3072,30,"__amd_rocclr_fillBufferAligned",256,0,0,8,0,128,"SQ_WAVES",96.000000,26879189652308,26879189652360
358,358,"Agent 2",1,82892,82892,65536,5,"mix_e1v0",256,0,0,48,0,128,"GRBM_COUNT",19503455.000000,26879189993445,26879191319044
358,358,"Agent 2",1,82892,82892,65536,5,"mix_e1v0",256,0,0,48,0,128,"GRBM_GUI_ACTIVE",19503455.000000,26879189993445,26879191319044
358,358,"Agent 2",1,82892,82892,65536,5,"mix_e1v0",256,0,0,48,0,128,"SQ_BUSY_CYCLES",624110560.000000,26879189993445,26879191319044
358,358,"Agent 2",1,82892,82892,65536,5,"mix_e1v0",256,0,0,48,0,128,"SQ_CYCLES",624111072.000000,26879189993445,26879191319044
358,358,"Agent 2",1,82892,82892,65536,5,"mix_e1v0",256,0,0,48,0,128,"SQ_WAVES",2048.000000,26879189993445,26879191319044
359,359,"Agent 2",1,82892,82892,3072,30,"__amd_rocclr_fillBufferAligned",256,0,0,8,0,128,"GRBM_COUNT",144364.000000,26879191823147,26879191823271
359,359,"Agent 2",1,82892,82892,3072,30,"__amd_rocclr_fillBufferAligned",256,0,0,8,0,128,"GRBM_GUI_ACTIVE",144364.000000,26879191823147,26879191823271
359,359,"Agent 2",1,82892,82892,3072,30,"__amd_rocclr_fillBufferAligned",256,0,0,8,0,128,"SQ_BUSY_CYCLES",4619648.000000,26879191823147,26879191823271
359,359,"Agent 2",1,82892,82892,3072,30,"__amd_rocclr_fillBufferAligned",256,0,0,8,0,128,"SQ_CYCLES",4620160.000000,26879191823147,26879191823271
359,359,"Agent 2",1,82892,82892,3072,30,"__amd_rocclr_fillBufferAligned",256,0,0,8,0,128,"SQ_WAVES",96.000000,26879191823147,26879191823271
360,360,"Agent 2",1,82892,82892,65536,5,"mix_e1v0",256,0,0,48,0,128,"GRBM_COUNT",19527860.000000,26879192159864,26879193552266
360,360,"Agent 2",1,82892,82892,65536,5,"mix_e1v0",256,0,0,48,0,128,"GRBM_GUI_ACTIVE",19527860.000000,26879192159864,26879193552266
360,360,"Agent 2",1,82892,82892,65536,5,"mix_e1v0",256,0,0,48,0,128,"SQ_BUSY_CYCLES",624891520.000000,26879192159864,26879193552266
360,360,"Agent 2",1,82892,82892,65536,5,"mix_e1v0",256,0,0,48,0,128,"SQ_CYCLES",624892032.000000,26879192159864,26879193552266
360,360,"Agent 2",1,82892,82892,65536,5,"mix_e1v0",256,0,0,48,0,128,"SQ_WAVES",2048.000000,26879192159864,26879193552266
361,361,"Agent 2",1,82892,82892,3072,30,"__amd_rocclr_fillBufferAligned",256,0,0,8,0,128,"GRBM_COUNT",136556.000000,26879194074876,26879194075893
361,361,"Agent 2",1,82892,82892,3072,30,"__amd_rocclr_fillBufferAligned",256,0,0,8,0,128,"GRBM_GUI_ACTIVE",136556.000000,26879194074876,26879194075893
361,361,"Agent 2",1,82892,82892,3072,30,"__amd_rocclr_fillBufferAligned",256,0,0,8,0,128,"SQ_BUSY_CYCLES",4369792.000000,26879194074876,26879194075893
361,361,"Agent 2",1,82892,82892,3072,30,"__amd_rocclr_fillBufferAligned",256,0,0,8,0,128,"SQ_CYCLES",4370304.000000,26879194074876,26879194075893
361,361,"Agent 2",1,82892,82892,3072,30,"__amd_rocclr_fillBufferAligned",256,0,0,8,0,128,"SQ_WAVES",96.000000,26879194074876,26879194075893
362,362,"Agent 2",1,82892,82892,65536,5,"mix_e1v0",256,0,0,48,0,128,"GRBM_COUNT",19539848.000000,26879194414240,26879195767637
362,362,"Agent 2",1,82892,82892,65536,5,"mix_e1v0",256,0,0,48,0,128,"GRBM_GUI_ACTIVE",19539848.000000,26879194414240,26879195767637
362,362,"Agent 2",1,82892,82892,65536,5,"mix_e1v0",256,0,0,48,0,128,"SQ_BUSY_CYCLES",625275136.000000,26879194414240,26879195767637
362,362,"Agent 2",1,82892,82892,65536,5,"mix_e1v0",256,0,0,48,0,128,"SQ_CYCLES",625275648.000000,26879194414240,26879195767637
362,362,"Agent 2",1,82892,82892,65536,5,"mix_e1v0",256,0,0,48,0,128,"SQ_WAVES",2048.000000,26879194414240,26879195767637
363,363,"Agent 2",1,82892,82892,3072,30,"__amd_rocclr_fillBufferAligned",256,0,0,8,0,128,"GRBM_COUNT",142433.000000,26879196280512,26879196281475
363,363,"Agent 2",1,82892,82892,3072,30,"__amd_rocclr_fillBufferAligned",256,0,0,8,0,128,"GRBM_GUI_ACTIVE",142433.000000,26879196280512,26879196281475
363,363,"Agent 2",1,82892,82892,3072,30,"__amd_rocclr_fillBufferAligned",256,0,0,8,0,128,"SQ_BUSY_CYCLES",4557856.000000,26879196280512,26879196281475
363,363,"Agent 2",1,82892,82892,3072,30,"__amd_rocclr_fillBufferAligned",256,0,0,8,0,128,"SQ_CYCLES",4558368.000000,26879196280512,26879196281475
363,363,"Agent 2",1,82892,82892,3072,30,"__amd_rocclr_fillBufferAligned",256,0,0,8,0,128,"SQ_WAVES",96.000000,26879196280512,26879196281475
364,364,"Agent 2",1,82892,82892,65536,5,"mix_e1v0",256,0,0,48,0,128,"GRBM_COUNT",19530028.000000,26879196618360,26879197955509
364,364,"Agent 2",1,82892,82892,65536,5,"mix_e1v0",256,0,0,48,0,128,"GRBM_GUI_ACTIVE",19530028.000000,26879196618360,26879197955509
364,364,"Agent 2",1,82892,82892,65536,5,"mix_e1v0",256,0,0,48,0,128,"SQ_BUSY_CYCLES",624960896.000000,26879196618360,26879197955509
364,364,"Agent 2",1,82892,82892,65536,5,"mix_e1v0",256,0,0,48,0,128,"SQ_CYCLES",624961408.000000,26879196618360,26879197955509
364,364,"Agent 2",1,82892,82892,65536,5,"mix_e1v0",256,0,0,48,0,128,"SQ_WAVES",2048.000000,26879196618360,26879197955509
365,365,"Agent 2",1,82892,82892,1536,30,"__amd_rocclr_fillBufferAligned",256,0,0,8,0,128,"GRBM_COUNT",151240.000000,26879198559082,26879198559187
365,365,"Agent 2",1,82892,82892,1536,30,"__amd_rocclr_fillBufferAligned",256,0,0,8,0,128,"GRBM_GUI_ACTIVE",151240.000000,26879198559082,26879198559187
365,365,"Agent 2",1,82892,82892,1536,30,"__amd_rocclr_fillBufferAligned",256,0,0,8,0,128,"SQ_BUSY_CYCLES",4839680.000000,26879198559082,26879198559187
365,365,"Agent 2",1,82892,82892,1536,30,"__amd_rocclr_fillBufferAligned",256,0,0,8,0,128,"SQ_CYCLES",4840192.000000,26879198559082,26879198559187
365,365,"Agent 2",1,82892,82892,1536,30,"__amd_rocclr_fillBufferAligned",256,0,0,8,0,128,"SQ_WAVES",48.000000,26879198559082,26879198559187
366,366,"Agent 2",1,82892,82892,32768,8,"mix_e2v0",128,0,0,48,0,128,"GRBM_COUNT",23848807.000000,26879198898173,26879200444104
366,366,"Agent 2",1,82892,82892,32768,8,"mix_e2v0",128,0,0,48,0,128,"GRBM_GUI_ACTIVE",23848807.000000,26879198898173,26879200444104
366,366,"Agent 2",1,82892,82892,32768,8,"mix_e2v0",128,0,0,48,0,128,"SQ_BUSY_CYCLES",763161824.000000,26879198898173,26879200444104
366,366,"Agent 2",1,82892,82892,32768,8,"mix_e2v0",128,0,0,48,0,128,"SQ_CYCLES",763162336.000000,26879198898173,26879200444104
366,366,"Agent 2",1,82892,82892,32768,8,"mix_e2v0",128,0,0,48,0,128,"SQ_WAVES",1024.000000,26879198898173,26879200444104
367,367,"Agent 2",1,82892,82892,1536,30,"__amd_rocclr_fillBufferAligned",256,0,0,8,0,128,"GRBM_COUNT",147246.000000,26879200842985,26879200843830
367,367,"Agent 2",1,82892,82892,1536,30,"__amd_rocclr_fillBufferAligned",256,0,0,8,0,128,"GRBM_GUI_ACTIVE",147246.000000,26879200842985,26879200843830
367,367,"Agent 2",1,82892,82892,1536,30,"__amd_rocclr_fillBufferAligned",256,0,0,8,0,128,"SQ_BUSY_CYCLES",4711872.000000,26879200842985,26879200843830
367,367,"Agent 2",1,82892,82892,1536,30,"__amd_rocclr_fillBufferAligned",256,0,0,8,0,128,"SQ_CYCLES",4712384.000000,26879200842985,26879200843830
367,367,"Agent 2",1,82892,82892,1536,30,"__amd_rocclr_fillBufferAligned",256,0,0,8,0,128,"SQ_WAVES",48.000000,26879200842985,26879200843830
368,368,"Agent 2",1,82892,82892,32768,8,"mix_e2v0",128,0,0,48,0,128,"GRBM_COUNT",23788540.000000,26879201173504,26879202808848
368,368,"Agent 2",1,82892,82892,32768,8,"mix_e2v0",128,0,0,48,0,128,"GRBM_GUI_ACTIVE",23788540.000000,26879201173504,26879202808848
368,368,"Agent 2",1,82892,82892,32768,8,"mix_e2v0",128,0,0,48,0,128,"SQ_BUSY_CYCLES",761233280.000000,26879201173504,26879202808848
368,368,"Agent 2",1,82892,82892,32768,8,"mix_e2v0",128,0,0,48,0,128,"SQ_CYCLES",761233792.000000,26879201173504,26879202808848
368,368,"Agent 2",1,82892,82892,32768,8,"mix_e2v0",128,0,0,48,0,128,"SQ_WAVES",1024.000000,26879201173504,26879202808848
369,369,"Agent 2",1,82892,82892,1536,30,"__amd_rocclr_fillBufferAligned",256,0,0,8,0,128,"GRBM_COUNT",137435.000000,26879203197152,26879203197174
369,369,"Agent 2",1,82892,82892,1536,30,"__amd_rocclr_fillBufferAligned",256,0,0,8,0,128,"GRBM_GUI_ACTIVE",137435.000000,26879203197152,26879203197174
369,369,"Agent 2",1,82892,82892,1536,30,"__amd_rocclr_fillBufferAligned",256,0,0,8,0,128,"SQ_BUSY_CYCLES",4397920.000000,26879203197152,26879203197174
369,369,"Agent 2",1,82892,82892,1536,30,"__amd_rocclr_fillBufferAligned",256,0,0,8,0,128,"SQ_CYCLES",4398432.000000,26879203197152,26879203197174
369,369,"Agent 2",1,82892,82892,1536,30,"__amd_rocclr_fillBufferAligned",256,0,0,8,0,128,"SQ_WAVES",48.000000,26879203197152,26879203197174
370,370,"Agent 2",1,82892,82892,32768,8,"mix_e2v0",128,0,0,48,0,128,"GRBM_COUNT",23668432.000000,26879203535711,26879205087131
370,370,"Agent 2",1,82892,82892,32768,8,"mix_e2v0",128,0,0,48,0,128,"GRBM_GUI_ACTIVE",23668432.000000,26879203535711,26879205087131
370,370,"Agent 2",1,82892,82892,32768,8,"mix_e2v0",128,0,0,48,0,128,"SQ_BUSY_CYCLES",757389824.000000,26879203535711,26879205087131
370,370,"Agent 2",1,82892,82892,32768,8,"mix_e2v0",128,0,0,48,0,128,"SQ_CYCLES",757390336.000000,26879203535711,26879205087131
370,370,"Agent 2",1,82892,82892,32768,8,"mix_e2v0",128,0,0,48,0,128,"SQ_WAVES",1024.000000,26879203535711,26879205087131
371,371,"Agent 2",1,82892,82892,1536,30,"__amd_rocclr_fillBufferAligned",256,0,0,8,0,128,"GRBM_COUNT",142525.000000,26879205517701,26879205518587
371,371,"Agent 2",1,82892,82892,1536,30,"__amd_rocclr_fillBufferAligned",256,0,0,8,0,128,"GRBM_GUI_ACTIVE",142525.000000,26879205517701,26879205518587
371,371,"Agent 2",1,82892,82892,1536,30,"__amd_rocclr_fillBufferAligned",256,0,0,8,0,128,"SQ_BUSY_CYCLES",4560800.000000,26879205517701,26879205518587
371,371,"Agent 2",1,82892,82892,1536,30,"__amd_rocclr_fillBufferAligned",256,0,0,8,0,128,"SQ_CYCLES",4561312.000000,26879205517701,26879205518587
371,371,"Agent 2",1,82892,82892,1536,30,"__amd_rocclr_fillBufferAligned",256,0,0,8,0,128,"SQ_WAVES",48.000000,26879205517701,26879205518587
372,372,"Agent 2",1,82892,82892,32768,8,"mix_e2v0",128,0,0,48,0,128,"GRBM_COUNT",23658118.000000,26879205843000,26879207418884
372,372,"Agent 2",1,82892,82892,32768,8,"mix_e2v0",128,0,0,48,0,128,"GRBM_GUI_ACTIVE",23658118.000000,26879205843000,26879207418884
372,372,"Agent 2",1,82892,82892,32768,8,"mix_e2v0",128,0,0,48,0,128,"SQ_BUSY_CYCLES",757059776.000000,26879205843000,26879207418884
372,372,"Agent 2",1,82892,82892,32768,8,"mix_e2v0",128,0,0,48,0,128,"SQ_CYCLES",757060288.000000,26879205843000,26879207418884
372,372,"Agent 2",1,82892,82892,32768,8,"mix_e2v0",128,0,0,48,0,128,"SQ_WAVES",1024.000000,26879205843000,26879207418884
373,373,"Agent 2",1,82892,82892,1536,30,"__amd_rocclr_fillBufferAligned",256,0,0,8,0,128,"GRBM_COUNT",138850.000000,26879207853852,26879207855420
373,373,"Agent 2",1,82892,82892,1536,30,"__amd_rocclr_fillBufferAligned",256,0,0,8,0,128,"GRBM_GUI_ACTIVE",138850.000000,26879207853852,26879207855420
373,373,"Agent 2",1,82892,82892,1536,30,"__amd_rocclr_fillBufferAligned",256,0,0,8,0,128,"SQ_BUSY_CYCLES",4443200.000000,26879207853852,26879207855420
373,373,"Agent 2",1,82892,82892,1536,30,"__amd_rocclr_fillBufferAligned",256,0,0,8,0,128,"SQ_CYCLES",4443712.000000,26879207853852,26879207855420
373,373,"Agent 2",1,82892,82892,1536,30,"__amd_rocclr_fillBufferAligned",256,0,0,8,0,128,"SQ_WAVES",48.000000,26879207853852,26879207855420
374,374,"Agent 2",1,82892,82892,32768,8,"mix_e2v0",128,0,0,48,0,128,"GRBM_COUNT",23749473.000000,26879208196504,26879209809588
374,374,"Agent 2",1,82892,82892,32768,8,"mix_e2v0",128,0,0,48,0,128,"GRBM_GUI_ACTIVE",23749473.000000,26879208196504,26879209809588
374,374,"Agent 2",1,82892,82892,32768,8,"mix_e2v0",128,0,0,48,0,128,"SQ_BUSY_CYCLES",759983136.000000,26879208196504,26879209809588
374,374,"Agent 2",1,82892,82892,32768,8,"mix_e2v0",128,0,0,48,0,128,"SQ_CYCLES",759983648.000000,26879208196504,26879209809588
374,374,"Agent 2",1,82892,82892,32768,8,"mix_e2v0",128,0,0,48,0,128,"SQ_WAVES",1024.000000,26879208196504,26879209809588
375,375,"Agent 2",1,82892,82892,1536,30,"__amd_rocclr_fillBufferAligned",256,0,0,8,0,128,"GRBM_COUNT",134143.000000,26879210245338,26879210247174
375,375,"Agent 2",1,82892,82892,1536,30,"__amd_rocclr_fillBufferAligned",256,0,0,8,0,128,"GRBM_GUI_ACTIVE",134143.000000,26879210245338,26879210247174
375,375,"Agent 2",1,82892,82892,1536,30,"__amd_rocclr_fillBufferAligned",256,0,0,8,0,128,"SQ_BUSY_CYCLES",4292576.000000,26879210245338,26879210247174
375,375,"Agent 2",1,82892,82892,1536,30,"__amd_rocclr_fillBufferAligned",256,0,0,8,0,128,"SQ_CYCLES",4293088.000000,26879210245338,26879210247174
375,375,"Agent 2",1,82892,82892,1536,30,"__amd_rocclr_fillBufferAligned",256,0,0,8,0,128,"SQ_WAVES",48.000000,26879210245338,26879210247174
376,376,"Agent 2",1,82892,82892,32768,8,"mix_e2v0",128,0,0,48,0,128,"GRBM_COUNT",23631410.000000,26879210576504,26879212131101
376,376,"Agent 2",1,82892,82892,32768,8,"mix_e2v0",128,0,0,48,0,128,"GRBM_GUI_ACTIVE",23631410.000000,26879210576504,26879212131101
376,376,"Agent 2",1,82892,82892,32768,8,"mix_e2v0",128,0,0,48,0,128,"SQ_BUSY_CYCLES",756205120.000000,26879210576504,26879212131101
376,376,"Agent 2",1,82892,82892,32768,8,"mix_e2v0",128,0,0,48,0,128,"SQ_CYCLES",756205632.000000,26879210576504,26879212131101
376,376,"Agent 2",1,82892,82892,32768,8,"mix_e2v0",128,0,0,48,0,128,"SQ_WAVES",1024.000000,26879210576504,26879212131101
377,377,"Agent 2",1,82892,82892,1536,30,"__amd_rocclr_fillBufferAligned",256,0,0,8,0,128,"GRBM_COUNT",137372.000000,26879212565400,26879212566377
377,377,"Agent 2",1,82892,82892,1536,30,"__amd_rocclr_fillBufferAligned",256,0,0,8,0,128,"GRBM_GUI_ACTIVE",137372.000000,26879212565400,26879212566377
377,377,"Agent 2",1,82892,82892,1536,30,"__amd_rocclr_fillBufferAligned",256,0,0,8,0,128,"SQ_BUSY_CYCLES",4395904.000000,26879212565400,26879212566377
377,377,"Agent 2",1,82892,82892,1536,30,"__amd_rocclr_fillBufferAligned",256,0,0,8,0,128,"SQ_CYCLES",4396416.000000,26879212565400,26879212566377
377,377,"Agent 2",1,82892,82892,1536,30,"__amd_rocclr_fillBufferAligned",256,0,0,8,0,128,"SQ_WAVES",48.000000,26879212565400,26879212566377
378,378,"Agent 2",1,82892,82892,32768,8,"mix_e2v0",128,0,0,48,0,128,"GRBM_COUNT",23656586.000000,26879212898718,26879214481705
378,378,"Agent 2",1,82892,82892,32768,8,"mix_e2v0",128,0,0,48,0,128,"GRBM_GUI_ACTIVE",23656586.000000,26879212898718,26879214481705
378,378,"Agent 2",1,82892,82892,32768,8,"mix_e2v0",128,0,0,48,0,128,"SQ_BUSY_CYCLES",757010752.000000,26879212898718,26879214481705
378,378,"Agent 2",1,82892,82892,32768,8,"mix_e2v0",128,0,0,48,0,128,"SQ_CYCLES",757011264.000000,26879212898718,26879214481705
378,378,"Agent 2",1,82892,82892,32768,8,"mix_e2v0",128,0,0,48,0,128,"SQ_WAVES",1024.000000,26879212898718,26879214481705
379,379,"Agent 2",1,82892,82892,3072,30,"__amd_rocclr_fillBufferAligned",256,0,0,8,0,128,"GRBM_COUNT",138172.000000,26879214967671,26879214967731
379,379,"Agent 2",1,82892,82892,3072,30,"__amd_rocclr_fillBufferAligned",256,0,0,8,0,128,"GRBM_GUI_ACTIVE",138172.000000,26879214967671,26879214967731
379,379,"Agent 2",1,82892,82892,3072,30,"__amd_rocclr_fillBufferAligned",256,0,0,8,0,128,"SQ_BUSY_CYCLES",4421504.000000,26879214967671,26879214967731
379,379,"Agent 2",1,82892,82892,3072,30,"__amd_rocclr_fillBufferAligned",256,0,0,8,0,128,"SQ_CYCLES",4422016.000000,26879214967671,26879214967731
379,379,"Agent 2",1,82892,82892,3072,30,"__amd_rocclr_fillBufferAligned",256,0,0,8,0,128,"SQ_WAVES",96.000000,26879214967671,26879214967731
380,380,"Agent 2",1,82892,82892,65536,8,"mix_e2v0",256,0,0,48,0,128,"GRBM_COUNT",22062058.000000,26879215313632,26879216834928
380,380,"Agent 2",1,82892,82892,65536,8,"mix_e2v0",256,0,0,48,0,128,"GRBM_GUI_ACTIVE",22062058.000000,26879215313632,26879216834928
380,380,"Agent 2",1,82892,82892,65536,8,"mix_e2v0",256,0,0,48,0,128,"SQ_BUSY_CYCLES",705985856.000000,26879215313632,26879216834928
380,380,"Agent 2",1,82892,82892,65536,8,"mix_e2v0",256,0,0,48,0,128,"SQ_CYCLES",705986368.000000,26879215313632,26879216834928
380,380,"Agent 2",1,82892,82892,65536,8,"mix_e2v0",256,0,0,48,0,128,"SQ_WAVES",2048.000000,26879215313632,26879216834928
381,381,"Agent 2",1,82892,82892,3072,30,"__amd_rocclr_fillBufferAligned",256,0,0,8,0,128,"GRBM_COUNT",138685.000000,26879217234231,26879217236144
381,381,"Agent 2",1,82892,82892,3072,30,"__amd_rocclr_fillBufferAligned",256,0,0,8,0,128,"GRBM_GUI_ACTIVE",138685.000000,26879217234231,26879217236144
381,381,"Agent 2",1,82892,82892,3072,30,"__amd_rocclr_fillBufferAligned",256,0,0,8,0,128,"SQ_BUSY_CYCLES",4437920.000000,26879217234231,26879217236144
381,381,"Agent 2",1,82892,82892,3072,30,"__amd_rocclr_fillBufferAligned",256,0,0,8,0,128,"SQ_CYCLES",4438432.000000,26879217234231,26879217236144
381,381,"Agent 2",1,82892,82892,3072,30,"__amd_rocclr_fillBufferAligned",256,0,0,8,0,128,"SQ_WAVES",96.000000,26879217234231,26879217236144
382,382,"Agent 2",1,82892,82892,65536,8,"mix_e2v0",256,0,0,48,0,128,"GRBM_COUNT",21936367.000000,26879217565034,26879219076010
382,382,"Agent 2",1,82892,82892,65536,8,"mix_e2v0",256,0,0,48,0,128,"GRBM_GUI_ACTIVE",21936367.000000,26879217565034,26879219076010
382,382,"Agent 2",1,82892,82892,65536,8,"mix_e2v0",256,0,0,48,0,128,"SQ_BUSY_CYCLES",698575754.000000,26879217565034,26879219076010
382,382,"Agent 2",1,82892,82892,65536,8,"mix_e2v0",256,0,0,48,0,128,"SQ_CYCLES",701964256.000000,26879217565034,26879219076010
382,382,"Agent 2",1,82892,82892,65536,8,"mix_e2v0",256,0,0,48,0,128,"SQ_WAVES",2048.000000,26879217565034,26879219076010
383,383,"Agent 2",1,82892,82892,3072,30,"__amd_rocclr_fillBufferAligned",256,0,0,8,0,128,"GRBM_COUNT",140098.000000,26879219465966,26879219466816
383,383,"Agent 2",1,82892,82892,3072,30,"__amd_rocclr_fillBufferAligned",256,0,0,8,0,128,"GRBM_GUI_ACTIVE",140098.000000,26879219465966,26879219466816
383,383,"Agent 2",1,82892,82892,3072,30,"__amd_rocclr_fillBufferAligned",256,0,0,8,0,128,"SQ_BUSY_CYCLES",3311814.000000,26879219465966,26879219466816
383,383,"Agent 2",1,82892,82892,3072,30,"__amd_rocclr_fillBufferAligned",256,0,0,8,0,128,"SQ_CYCLES",4483648.000000,26879219465966,26879219466816
383,383,"Agent 2",1,82892,82892,3072,30,"__amd_rocclr_fillBufferAligned",256,0,0,8,0,128,"SQ_WAVES",96.000000,26879219465966,26879219466816
384,384,"Agent 2",1,82892,82892,65536,8,"mix_e2v0",256,0,0,48,0,128,"GRBM_COUNT",21949593.000000,26879219804838,26879221290492
384,384,"Agent 2",1,82892,82892,65536,8,"mix_e2v0",256,0,0,48,0,128,"GRBM_GUI_ACTIVE",21949593.000000,26879219804838,26879221290492
384,384,"Agent 2",1,82892,82892,65536,8,"mix_e2v0",256,0,0,48,0,128,"SQ_BUSY_CYCLES",568150655.000000,26879219804838,26879221290492
384,384,"Agent 2",1,82892,82892,65536,8,"mix_e2v0",256,0,0,48,0,128,"SQ_CYCLES",702387488.000000,26879219804838,26879221290492
384,384,"Agent 2",1,82892,82892,65536,8,"mix_e2v0",256,0,0,48,0,128,"SQ_WAVES",2048.000000,26879219804838,26879221290492
385,385,"Agent 2",1,82892,82892,3072,30,"__amd_rocclr_fillBufferAligned",256,0,0,8,0,128,"GRBM_COUNT",144752.000000,26879221785335,26879221787079
385,385,"Agent 2",1,82892,82892,3072,30,"__amd_rocclr_fillBufferAligned",256,0,0,8,0,128,"GRBM_GUI_ACTIVE",144752.000000,26879221785335,26879221787079
385,385,"Agent 2",1,82892,82892,3072,30,"__amd_rocclr_fillBufferAligned",256,0,0,8,0,128,"SQ_BUSY_CYCLES",3721779.000000,26879221785335,26879221787079
385,385,"Agent 2",1,82892,82892,3072,30,"__amd_rocclr_fillBufferAligned",256,0,0,8,0,128,"SQ_CYCLES",4632576.000000,26879221785335,26879221787079
385,385,"Agent 2",1,82892,82892,3072,30,"__amd_rocclr_fillBufferAligned",256,0,0,8,0,128,"SQ_WAVES",96.000000,26879221785335,26879221787079
386,386,"Agent 2",1,82892,82892,65536,8,"mix_e2v0",256,0,0,48,0,128,"GRBM_COUNT",22062129.000000,26879222125164,26879223656846
386,386,"Agent 2",1,82892,82892,65536,8,"mix_e2v0",256,0,0,48,0,128,"GRBM_GUI_ACTIVE",22062129.000000,26879222125164,26879223656846
386,386,"Agent 2",1,82892,82892,65536,8,"mix_e2v0",256,0,0,48,0,128,"SQ_BUSY_CYCLES",616768520.000000,26879222125164,26879223656846
386,386,"Agent 2",1,82892,82892,65536,8,"mix_e2v0",256,0,0,48,0,128,"SQ_CYCLES",705988640.000000,26879222125164,26879223656846
386,386,"Agent 2",1,82892,82892,65536,8,"mix_e2v0",256,0,0,48,0,128,"SQ_WAVES",2048.000000,26879222125164,26879223656846
387,387,"Agent 2",1,82892,82892,3072,30,"__amd_rocclr_fillBufferAligned",256,0,0,8,0,128,"GRBM_COUNT",137055.000000,26879224157833,26879224159653
387,387,"Agent 2",1,82892,82892,3072,30,"__amd_rocclr_fillBufferAligned",256,0,0,8,0,128,"GRBM_GUI_ACTIVE",137055.000000,26879224157833,26879224159653
387,387,"Agent 2",1,82892,82892,3072,30,"__amd_rocclr_fillBufferAligned",256,0,0,8,0,128,"SQ_BUSY_CYCLES",3766774.000000,26879224157833,26879224159653
387,387,"Agent 2",1,82892,82892,3072,30,"__amd_rocclr_fillBufferAligned",256,0,0,8,0,128,"SQ_CYCLES",4386272.000000,26879224157833,26879224159653
387,387,"Agent 2",1,82892,82892,3072,30,"__amd_rocclr_fillBufferAligned",256,0,0,8,0,128,"SQ_WAVES",96.000000,26879224157833,26879224159653
388,388,"Agent 2",1,82892,82892,65536,8,"mix_e2v0",256,0,0,48,0,128,"GRBM_COUNT",22019877.000000,26879224505555,26879226009959
388,388,"Agent 2",1,82892,82892,65536,8,"mix_e2v0",256,0,0,48,0,128,"GRBM_GUI_ACTIVE",22019877.000000,26879224505555,26879226009959
388,388,"Agent 2",1,82892,82892,65536,8,"mix_e2v0",256,0,0,48,0,128,"SQ_BUSY_CYCLES",637650486.000000,26879224505555,26879226009959
388,388,"Agent 2",1,82892,82892,65536,8,"mix_e2v0",256,0,0,48,0,128,"SQ_CYCLES",704636576.000000,26879224505555,26879226009959
388,388,"Agent 2",1,82892,82892,65536,8,"mix_e2v0",256,0,0,48,0,128,"SQ_WAVES",2048.000000,26879224505555,26879226009959
389,389,"Agent 2",1,82892,82892,3072,30,"__amd_rocclr_fillBufferAligned",256,0,0,8,0,128,"GRBM_COUNT",139961.000000,26879226511148,26879226511186
389,389,"Agent 2",1,82892,82892,3072,30,"__amd_rocclr_fillBufferAligned",256,0,0,8,0,128,"GRBM_GUI_ACTIVE",139961.000000,26879226511148,26879226511186
389,389,"Agent 2",1,82892,82892,3072,30,"__amd_rocclr_fillBufferAligned",256,0,0,8,0,128,"SQ_BUSY_CYCLES",3992791.000000,26879226511148,26879226511186
389,389,"Agent 2",1,82892,82892,3072,30,"__amd_rocclr_fillBufferAligned",256,0,0,8,0,128,"SQ_CYCLES",4479264.000000,26879226511148,26879226511186
389,389,"Agent 2",1,82892,82892,3072,30,"__amd_rocclr_fillBufferAligned",256,0,0,8,0,128,"SQ_WAVES",96.000000,26879226511148,26879226511186
390,390,"Agent 2",1,82892,82892,65536,8,"mix_e2v0",256,0,0,48,0,128,"GRBM_COUNT",21929924.000000,26879226843714,26879228333682
390,390,"Agent 2",1,82892,82892,65536,8,"mix_e2v0",256,0,0,48,0,128,"GRBM_GUI_ACTIVE",21929924.000000,26879226843714,26879228333682
390,390,"Agent 2",1,82892,82892,65536,8,"mix_e2v0",256,0,0,48,0,128,"SQ_BUSY_CYCLES",652905610.000000,26879226843714,26879228333682
390,390,"Agent 2",1,82892,82892,65536,8,"mix_e2v0",256,0,0,48,0,128,"SQ_CYCLES",701758080.000000,26879226843714,26879228333682
390,390,"Agent 2",1,82892,82892,65536,8,"mix_e2v0",256,0,0,48,0,128,"SQ_WAVES",2048.000000,26879226843714,26879228333682
391,391,"Agent 2",1,82892,82892,3072,30,"__amd_rocclr_fillBufferAligned",256,0,0,8,0,128,"GRBM_COUNT",143326.000000,26879228833944,26879228833969
391,391,"Agent 2",1,82892,82892,3072,30,"__amd_rocclr_fillBufferAligned",256,0,0,8,0,128,"GRBM_GUI_ACTIVE",143326.000000,26879228833944,26879228833969
391,391,"Agent 2",1,82892,82892,3072,30,"__amd_rocclr_fillBufferAligned",256,0,0,8,0,128,"SQ_BUSY_CYCLES",4094478.000000,26879228833944,26879228833969
391,391,"Agent 2",1,82892,82892,3072,30,"__amd_rocclr_fillBufferAligned",256,0,0,8,0,128,"SQ_CYCLES",4586944.000000,26879228833944,26879228833969
391,391,"Agent 2",1,82892,82892,3072,30,"__amd_rocclr_fillBufferAligned",256,0,0,8,0,128,"SQ_WAVES",96.000000,26879228833944,26879228833969
392,392,"Agent 2",1,82892,82892,65536,8,"mix_e2v0",256,0,0,48,0,128,"GRBM_COUNT",22020987.000000,26879229172208,26879230699536
392,392,"Agent 2",1,82892,82892,65536,8,"mix_e2v0",256,0,0,48,0,128,"GRBM_GUI_ACTIVE",22020987.000000,26879229172208,26879230699536
392,392,"Agent 2",1,82892,82892,65536,8,"mix_e2v0",256,0,0,48,0,128,"SQ_BUSY_CYCLES",651714928.000000,26879229172208,26879230699536
392,392,"Agent 2",1,82892,82892,65536,8,"mix_e2v0",256,0,0,48,0,128,"SQ_CYCLES",704672096.000000,26879229172208,26879230699536
392,392,"Agent 2",1,82892,82892,65536,8,"mix_e2v0",256,0,0,48,0,128,"SQ_WAVES",2048.000000,26879229172208,26879230699536
393,393,"Agent 2",1,82892,82892,1536,30,"__amd_rocclr_fillBufferAligned",256,0,0,8,0,128,"GRBM_COUNT",135025.000000,26879231300382,26879231301355
393,393,"Agent 2",1,82892,82892,1536,30,"__amd_rocclr_fillBufferAligned",256,0,0,8,0,128,"GRBM_GUI_ACTIVE",135025.000000,26879231300382,26879231301355
393,393,"Agent 2",1,82892,82892,1536,30,"__amd_rocclr_fillBufferAligned",256,0,0,8,0,128,"SQ_BUSY_CYCLES",3708638.000000,26879231300382,26879231301355
393,393,"Agent 2",1,82892,82892,1536,30,"__amd_rocclr_fillBufferAligned",256,0,0,8,0,128,"SQ_CYCLES",4321312.000000,26879231300382,26879231301355
393,393,"Agent 2",1,82892,82892,1536,30,"__amd_rocclr_fillBufferAligned",256,0,0,8,0,128,"SQ_WAVES",48.000000,26879231300382,26879231301355
394,394,"Agent 2",1,82892,82892,32768,15,"mix_e4v0",128,0,0,48,0,128,"GRBM_COUNT",30024005.000000,26879231640773,26879233568117
394,394,"Agent 2",1,82892,82892,32768,15,"mix_e4v0",128,0,0,48,0,128,"GRBM_GUI_ACTIVE",30024005.000000,26879231640773,26879233568117
394,394,"Agent 2",1,82892,82892,32768,15,"mix_e4v0",128,0,0,48,0,128,"SQ_BUSY_CYCLES",827624563.000000,26879231640773,26879233568117
394,394,"Agent 2",1,82892,82892,32768,15,"mix_e4v0",128,0,0,48,0,128,"SQ_CYCLES",960768672.000000,26879231640773,26879233568117
394,394,"Agent 2",1,82892,82892,32768,15,"mix_e4v0",128,0,0,48,0,128,"SQ_WAVES",1024.000000,26879231640773,26879233568117
395,395,"Agent 2",1,82892,82892,1536,30,"__amd_rocclr_fillBufferAligned",256,0,0,8,0,128,"GRBM_COUNT",132930.000000,26879234020660,26879234021634
395,395,"Agent 2",1,82892,82892,1536,30,"__amd_rocclr_fillBufferAligned",256,0,0,8,0,128,"GRBM_GUI_ACTIVE",132930.000000,26879234020660,26879234021634
395,395,"Agent 2",1,82892,82892,1536,30,"__amd_rocclr_fillBufferAligned",256,0,0,8,0,128,"SQ_BUSY_CYCLES",4253760.000000,26879234020660,26879234021634
395,395,"Agent 2",1,82892,82892,1536,30,"__amd_rocclr_fillBufferAligned",256,0,0,8,0,128,"SQ_CYCLES",4254272.000000,26879234020660,26879234021634
395,395,"Agent 2",1,82892,82892,1536,30,"__amd_rocclr_fillBufferAligned",256,0,0,8,0,128,"SQ_WAVES",48.000000,26879234020660,26879234021634
396,396,"Agent 2",1,82892,82892,32768,15,"mix_e4v0",128,0,0,48,0,128,"GRBM_COUNT",30061291.000000,26879234353733,26879236312796
396,396,"Agent 2",1,82892,82892,32768,15,"mix_e4v0",128,0,0,48,0,128,"GRBM_GUI_ACTIVE",30061291.000000,26879234353733,26879236312796
396,396,"Agent 2",1,82892,82892,32768,15,"mix_e4v0",128,0,0,48,0,128,"SQ_BUSY_CYCLES",961961312.000000,26879234353733,26879236312796
396,396,"Agent 2",1,82892,82892,32768,15,"mix_e4v0",128,0,0,48,0,128,"SQ_CYCLES",961961824.000000,26879234353733,26879236312796
396,396,"Agent 2",1,82892,82892,32768,15,"mix_e4v0",128,0,0,48,0,128,"SQ_WAVES",1024.000000,26879234353733,26879236312796
397,397,"Agent 2",1,82892,82892,1536,30,"__amd_rocclr_fillBufferAligned",256,0,0,8,0,128,"GRBM_COUNT",142109.000000,26879236699707,26879236700602
397,397,"Agent 2",1,82892,82892,1536,30,"__amd_rocclr_fillBufferAligned",256,0,0,8,0,128,"GRBM_GUI_ACTIVE",142109.000000,26879236699707,26879236700602
397,397,"Agent 2",1,82892,82892,1536,30,"__amd_rocclr_fillBufferAligned",256,0,0,8,0,128,"SQ_BUSY_CYCLES",4547488.000000,26879236699707,26879236700602
397,397,"Agent 2",1,82892,82892,1536,30,"__amd_rocclr_fillBufferAligned",256,0,0,8,0,128,"SQ_CYCLES",4548000.000000,26879236699707,26879236700602
397,397,"Agent 2",1,82892,82892,1536,30,"__amd_rocclr_fillBufferAligned",256,0,0,8,0,128,"SQ_WAVES",48.000000,26879236699707,26879236700602
398,398,"Agent 2",1,82892,82892,32768,15,"mix_e4v0",128,0,0,48,0,128,"GRBM_COUNT",29970366.000000,26879237040275,26879239003225
398,398,"Agent 2",1,82892,82892,32768,15,"mix_e4v0",128,0,0,48,0,128,"GRBM_GUI_ACTIVE",29970366.000000,26879237040275,26879239003225
398,398,"Agent 2",1,82892,82892,32768,15,"mix_e4v0",128,0,0,48,0,128,"SQ_BUSY_CYCLES",959051712.000000,26879237040275,26879239003225
398,398,"Agent 2",1,82892,82892,32768,15,"mix_e4v0",128,0,0,48,0,128,"SQ_CYCLES",959052224.000000,26879237040275,26879239003225
398,398,"Agent 2",1,82892,82892,32768,15,"mix_e4v0",128,0,0,48,0,128,"SQ_WAVES",1024.000000,26879237040275,26879239003225
399,399,"Agent 2",1,82892,82892,1536,30,"__amd_rocclr_fillBufferAligned",256,0,0,8,0,128,"GRBM_COUNT",141736.000000,26879239446605,26879239447541
399,399,"Agent 2",1,82892,82892,1536,30,"__amd_rocclr_fillBufferAligned",256,0,0,8,0,128,"GRBM_GUI_ACTIVE",141736.000000,26879239446605,26879239447541
399,399,"Agent 2",1,82892,82892,1536,30,"__amd_rocclr_fillBufferAligned",256,0,0,8,0,128,"SQ_BUSY_CYCLES",4535552.000000,26879239446605,26879239447541
399,399,"Agent 2",1,82892,82892,1536,30,"__amd_rocclr_fillBufferAligned",256,0,0,8,0,128,"SQ_CYCLES",4536064.000000,26879239446605,26879239447541
399,399,"Agent 2",1,82892,82892,1536,30,"__amd_rocclr_fillBufferAligned",256,0,0,8,0,128,"SQ_WAVES",48.000000,26879239446605,26879239447541
400,400,"Agent 2",1,82892,82892,32768,15,"mix_e4v0",128,0,0,48,0,128,"GRBM_COUNT",30029333.000000,26879239773207,26879241676223
400,400,"Agent 2",1,82892,82892,32768,15,"mix_e4v0",128,0,0,48,0,128,"GRBM_GUI_ACTIVE",30029333.000000,26879239773207,26879241676223
400,400,"Agent 2",1,82892,82892,32768,15,"mix_e4v0",128,0,0,48,0,128,"SQ_BUSY_CYCLES",960938656.000000,26879239773207,26879241676223
400,400,"Agent 2",1,82892,82892,32768,15,"mix_e4v0",128,0,0,48,0,128,"SQ_CYCLES",960939168.000000,26879239773207,26879241676223
400,400,"Agent 2",1,82892,82892,32768,15,"mix_e4v0",128,0,0,48,0,128,"SQ_WAVES",1024.000000,26879239773207,26879241676223
401,401,"Agent 2",1,82892,82892,1536,30,"__amd_rocclr_fillBufferAligned",256,0,0,8,0,128,"GRBM_COUNT",135458.000000,26879242499629,26879242500605
401,401,"Agent 2",1,82892,82892,1536,30,"__amd_rocclr_fillBufferAligned",256,0,0,8,0,128,"GRBM_GUI_ACTIVE",135458.000000,26879242499629,26879242500605
401,401,"Agent 2",1,82892,82892,1536,30,"__amd_rocclr_fillBufferAligned",256,0,0,8,0,128,"SQ_BUSY_CYCLES",4334656.000000,26879242499629,26879242500605
401,401,"Agent 2",1,82892,82892,1536,30,"__amd_rocclr_fillBufferAligned",256,0,0,8,0,128,"SQ_CYCLES",4335168.000000,26879242499629,26879242500605
401,401,"Agent 2",1,82892,82892,1536,30,"__amd_rocclr_fillBufferAligned",256,0,0,8,0,128,"SQ_WAVES",48.000000,26879242499629,26879242500605
402,402,"Agent 2",1,82892,82892,32768,15,"mix_e4v0",128,0,0,48,0,128,"GRBM_COUNT",30051628.000000,26879242834908,26879244742997
402,402,"Agent 2",1,82892,82892,32768,15,"mix_e4v0",128,0,0,48,0,128,"GRBM_GUI_ACTIVE",30051628.000000,26879242834908,26879244742997
402,402,"Agent 2",1,82892,82892,32768,15,"mix_e4v0",128,0,0,48,0,128,"SQ_BUSY_CYCLES",961652096.000000,26879242834908,26879244742997
402,402,"Agent 2",1,82892,82892,32768,15,"mix_e4v0",128,0,0,48,0,128,"SQ_CYCLES",961652608.000000,26879242834908,26879244742997
402,402,"Agent 2",1,82892,82892,32768,15,"mix_e4v0",128,0,0,48,0,128,"SQ_WAVES",1024.000000,26879242834908,26879244742997
403,403,"Agent 2",1,82892,82892,1536,30,"__amd_rocclr_fillBufferAligned",256,0,0,8,0,128,"GRBM_COUNT",137364.000000,26879245216730,26879245221034
403,403,"Agent 2",1,82892,82892,1536,30,"__amd_rocclr_fillBufferAligned",256,0,0,8,0,128,"GRBM_GUI_ACTIVE",137364.000000,26879245216730,26879245221034
403,403,"Agent 2",1,82892,82892,1536,30,"__amd_rocclr_fillBufferAligned",256,0,0,8,0,128,"SQ_BUSY_CYCLES",4395648.000000,26879245216730,26879245221034
403,403,"Agent 2",1,82892,82892,1536,30,"__amd_rocclr_fillBufferAligned",256,0,0,8,0,128,"SQ_CYCLES",4396160.000000,26879245216730,26879245221034
403,403,"Agent 2",1,82892,82892,1536,30,"__amd_rocclr_fillBufferAligned",256,0,0,8,0,128,"SQ_WAVES",48.000000,26879245216730,26879245221034
404,404,"Agent 2",1,82892,82892,32768,15,"mix_e4v0",128,0,0,48,0,128,"GRBM_COUNT",30090845.000000,26879245558747,26879247502376
404,404,"Agent 2",1,82892,82892,32768,15,"mix_e4v0",128,0,0,48,0,128,"GRBM_GUI_ACTIVE",30090845.000000,26879245558747,26879247502376
404,404,"Agent 2",1,82892,82892,32768,15,"mix_e4v0",128,0,0,48,0,128,"SQ_BUSY_CYCLES",962907040.000000,26879245558747,26879247502376
404,404,"Agent 2",1,82892,82892,32768,15,"mix_e4v0",128,0,0,48,0,128,"SQ_CYCLES",962907552.000000,26879245558747,26879247502376
404,404,"Agent 2",1,82892,82892,32768,15,"mix_e4v0",128,0,0,48,0,128,"SQ_WAVES",1024.000000,26879245558747,26879247502376
405,405,"Agent 2",1,82892,82892,1536,30,"__amd_rocclr_fillBufferAligned",256,0,0,8,0,128,"GRBM_COUNT",138634.000000,26879247931883,26879247931932
405,405,"Agent 2",1,82892,82892,1536,30,"__amd_rocclr_fillBufferAligned",256,0,0,8,0,128,"GRBM_GUI_ACTIVE",138634.000000,26879247931883,26879247931932
405,405,"Agent 2",1,82892,82892,1536,30,"__amd_rocclr_fillBufferAligned",256,0,0,8,0,128,"SQ_BUSY_CYCLES",4436288.000000,26879247931883,26879247931932
405,405,"Agent 2",1,82892,82892,1536,30,"__amd_rocclr_fillBufferAligned",256,0,0,8,0,128,"SQ_CYCLES",4436800.000000,26879247931883,26879247931932
405,405,"Agent 2",1,82892,82892,1536,30,"__amd_rocclr_fillBufferAligned",256,0,0,8,0,128,"SQ_WAVES",48.000000,26879247931883,26879247931932
406,406,"Agent 2",1,82892,82892,32768,15,"mix_e4v0",128,0,0,48,0,128,"GRBM_COUNT",30106402.000000,26879248272858,26879250247545
406,406,"Agent 2",1,82892,82892,32768,15,"mix_e4v0",128,0,0,48,0,128,"GRBM_GUI_ACTIVE",30106402.000000,26879248272858,26879250247545
406,406,"Agent 2",1,82892,82892,32768,15,"mix_e4v0",128,0,0,48,0,128,"SQ_BUSY_CYCLES",963404864.000000,26879248272858,26879250247545
406,406,"Agent 2",1,82892,82892,32768,15,"mix_e4v0",128,0,0,48,0,128,"SQ_CYCLES",963405376.000000,26879248272858,26879250247545
406,406,"Agent 2",1,82892,82892,32768,15,"mix_e4v0",128,0,0,48,0,128,"SQ_WAVES",1024.000000,26879248272858,26879250247545
407,407,"Agent 2",1,82892,82892,3072,30,"__amd_rocclr_fillBufferAligned",256,0,0,8,0,128,"GRBM_COUNT",139912.000000,26879250733537,26879250733592
407,407,"Agent 2",1,82892,82892,3072,30,"__amd_rocclr_fillBufferAligned",256,0,0,8,0,128,"GRBM_GUI_ACTIVE",139912.000000,26879250733537,26879250733592
407,407,"Agent 2",1,82892,82892,3072,30,"__amd_rocclr_fillBufferAligned",256,0,0,8,0,128,"SQ_BUSY_CYCLES",4477184.000000,26879250733537,26879250733592
407,407,"Agent 2",1,82892,82892,3072,30,"__amd_rocclr_fillBufferAligned",256,0,0,8,0,128,"SQ_CYCLES",4477696.000000,26879250733537,26879250733592
407,407,"Agent 2",1,82892,82892,3072,30,"__amd_rocclr_fillBufferAligned",256,0,0,8,0,128,"SQ_WAVES",96.000000,26879250733537,26879250733592
408,408,"Agent 2",1,82892,82892,65536,15,"mix_e4v0",256,0,0,48,0,128,"GRBM_COUNT",29478907.000000,26879251072693,26879252988774
408,408,"Agent 2",1,82892,82892,65536,15,"mix_e4v0",256,0,0,48,0,128,"GRBM_GUI_ACTIVE",29478907.000000,26879251072693,26879252988774
408,408,"Agent 2",1,82892,82892,65536,15,"mix_e4v0",256,0,0,48,0,128,"SQ_BUSY_CYCLES",943325024.000000,26879251072693,26879252988774
408,408,"Agent 2",1,82892,82892,65536,15,"mix_e4v0",256,0,0,48,0,128,"SQ_CYCLES",943325536.000000,26879251072693,26879252988774
408,408,"Agent 2",1,82892,82892,65536,15,"mix_e4v0",256,0,0,48,0,128,"SQ_WAVES",2048.000000,26879251072693,26879252988774
409,409,"Agent 2",1,82892,82892,3072,30,"__amd_rocclr_fillBufferAligned",256,0,0,8,0,128,"GRBM_COUNT",133457.000000,26879253388171,26879253389160
409,409,"Agent 2",1,82892,82892,3072,30,"__amd_rocclr_fillBufferAligned",256,0,0,8,0,128,"GRBM_GUI_ACTIVE",133457.000000,26879253388171,26879253389160
409,409,"Agent 2",1,82892,82892,3072,30,"__amd_rocclr_fillBufferAligned",256,0,0,8,0,128,"SQ_BUSY_CYCLES",4270624.000000,26879253388171,26879253389160
409,409,"Agent 2",1,82892,82892,3072,30,"__amd_rocclr_fillBufferAligned",256,0,0,8,0,128,"SQ_CYCLES",4271136.000000,26879253388171,26879253389160
409,409,"Agent 2",1,82892,82892,3072,30,"__amd_rocclr_fillBufferAligned",256,0,0,8,0,128,"SQ_WAVES",96.000000,26879253388171,26879253389160
410,410,"Agent 2",1,82892,82892,65536,15,"mix_e4v0",256,0,0,48,0,128,"GRBM_COUNT",29575930.000000,26879253720813,26879255618652
410,410,"Agent 2",1,82892,82892,65536,15,"mix_e4v0",256,0,0,48,0,128,"GRBM_GUI_ACTIVE",29575930.000000,26879253720813,26879255618652
410,410,"Agent 2",1,82892,82892,65536,15,"mix_e4v0",256,0,0,48,0,128,"SQ_BUSY_CYCLES",946429760.000000,26879253720813,26879255618652
410,410,"Agent 2",1,82892,82892,65536,15,"mix_e4v0",256,0,0,48,0,128,"SQ_CYCLES",946430272.000000,26879253720813,26879255618652
410,410,"Agent 2",1,82892,82892,65536,15,"mix_e4v0",256,0,0,48,0,128,"SQ_WAVES",2048.000000,26879253720813,26879255618652
411,411,"Agent 2",1,82892,82892,3072,30,"__amd_rocclr_fillBufferAligned",256,0,0,8,0,128,"GRBM_COUNT",137398.000000,26879256060615,26879256062368
411,411,"Agent 2",1,82892,82892,3072,30,"__amd_rocclr_fillBufferAligned",256,0,0,8,0,128,"GRBM_GUI_ACTIVE",137398.000000,26879256060615,26879256062368
411,411,"Agent 2",1,82892,82892,3072,30,"__amd_rocclr_fillBufferAligned",256,0,0,8,0,128,"SQ_BUSY_CYCLES",4396736.000000,26879256060615,26879256062368
411,411,"Agent 2",1,82892,82892,3072,30,"__amd_rocclr_fillBufferAligned",256,0,0,8,0,128,"SQ_CYCLES",4397248.000000,26879256060615,26879256062368
411,411,"Agent 2",1,82892,82892,3072,30,"__amd_rocclr_fillBufferAligned",256,0,0,8,0,128,"SQ_WAVES",96.000000,26879256060615,26879256062368
412,412,"Agent 2",1,82892,82892,65536,15,"mix_e4v0",256,0,0,48,0,128,"GRBM_COUNT",29595800.000000,26879256394310,26879258331901
412,412,"Agent 2",1,82892,82892,65536,15,"mix_e4v0",256,0,0,48,0,128,"GRBM_GUI_ACTIVE",29595800.000000,26879256394310,26879258331901
412,412,"Agent 2",1,82892,82892,65536,15,"mix_e4v0",256,0,0,48,0,128,"SQ_BUSY_CYCLES",947065600.000000,26879256394310,26879258331901
412,412,"Agent 2",1,82892,82892,65536,15,"mix_e4v0",256,0,0,48,0,128,"SQ_CYCLES",947066112.000000,26879256394310,26879258331901
412,412,"Agent 2",1,82892,82892,65536,15,"mix_e4v0",256,0,0,48,0,128,"SQ_WAVES",2048.000000,26879256394310,26879258331901
413,413,"Agent 2",1,82892,82892,3072,30,"__amd_rocclr_fillBufferAligned",256,0,0,8,0,128,"GRBM_COUNT",140921.000000,26879258822228,26879258823168
413,413,"Agent 2",1,82892,82892,3072,30,"__amd_rocclr_fillBufferAligned",256,0,0,8,0,128,"GRBM_GUI_ACTIVE",140921.000000,26879258822228,26879258823168
413,413,"Agent 2",1,82892,82892,3072,30,"__amd_rocclr_fillBufferAligned",256,0,0,8,0,128,"SQ_BUSY_CYCLES",4509472.000000,26879258822228,26879258823168
413,413,"Agent 2",1,82892,82892,3072,30,"__amd_rocclr_fillBufferAligned",256,0,0,8,0,128,"SQ_CYCLES",4509984.000000,26879258822228,26879258823168
413,413,"Agent 2",1,82892,82892,3072,30,"__amd_rocclr_fillBufferAligned",256,0,0,8,0,128,"SQ_WAVES",96.000000,26879258822228,26879258823168
414,414,"Agent 2",1,82892,82892,65536,15,"mix_e4v0",256,0,0,48,0,128,"GRBM_COUNT",29470805.000000,26879259168622,26879261106200
414,414,"Agent 2",1,82892,82892,65536,15,"mix_e4v0",256,0,0,48,0,128,"GRBM_GUI_ACTIVE",29470805.000000,26879259168622,26879261106200
414,414,"Agent 2",1,82892,82892,65536,15,"mix_e4v0",256,0,0,48,0,128,"SQ_BUSY_CYCLES",943065760.000000,26879259168622,26879261106200
414,414,"Agent 2",1,82892,82892,65536,15,"mix_e4v0",256,0,0,48,0,128,"SQ_CYCLES",943066272.000000,26879259168622,26879261106200
414,414,"Agent 2",1,82892,82892,65536,15,"mix_e4v0",256,0,0,48,0,128,"SQ_WAVES",2048.000000,26879259168622,26879261106200
415,415,"Agent 2",1,82892,82892,3072,30,"__amd_rocclr_fillBufferAligned",256,0,0,8,0,128,"GRBM_COUNT",153766.000000,26879261601723,26879261603507
415,415,"Agent 2",1,82892,82892,3072,30,"__amd_rocclr_fillBufferAligned",256,0,0,8,0,128,"GRBM_GUI_ACTIVE",153766.000000,26879261601723,26879261603507
415,415,"Agent 2",1,82892,82892,3072,30,"__amd_rocclr_fillBufferAligned",256,0,0,8,0,128,"SQ_BUSY_CYCLES",4920512.000000,26879261601723,26879261603507
415,415,"Agent 2",1,82892,82892,3072,30,"__amd_rocclr_fillBufferAligned",256,0,0,8,0,128,"SQ_CYCLES",4921024.000000,26879261601723,26879261603507
415,415,"Agent 2",1,82892,82892,3072,30,"__amd_rocclr_fillBufferAligned",256,0,0,8,0,128,"SQ_WAVES",96.000000,26879261601723,26879261603507
416,416,"Agent 2",1,82892,82892,65536,15,"mix_e4v0",256,0,0,48,0,128,"GRBM_COUNT",29667017.000000,26879261934139,26879263828359
416,416,"Agent 2",1,82892,82892,65536,15,"mix_e4v0",256,0,0,48,0,128,"GRBM_GUI_ACTIVE",29667017.000000,26879261934139,26879263828359
416,416,"Agent 2",1,82892,82892,65536,15,"mix_e4v0",256,0,0,48,0,128,"SQ_BUSY_CYCLES",949344544.000000,26879261934139,26879263828359
416,416,"Agent 2",1,82892,82892,65536,15,"mix_e4v0",256,0,0,48,0,128,"SQ_CYCLES",949345056.000000,26879261934139,26879263828359
416,416,"Agent 2",1,82892,82892,65536,15,"mix_e4v0",256,0,0,48,0,128,"SQ_WAVES",2048.000000,26879261934139,26879263828359
417,417,"Agent 2",1,82892,82892,3072,30,"__amd_rocclr_fillBufferAligned",256,0,0,8,0,128,"GRBM_COUNT",137950.000000,26879264326987,26879264328816
417,417,"Agent 2",1,82892,82892,3072,30,"__amd_rocclr_fillBufferAligned",256,0,0,8,0,128,"GRBM_GUI_ACTIVE",137950.000000,26879264326987,26879264328816
417,417,"Agent 2",1,82892,82892,3072,30,"__amd_rocclr_fillBufferAligned",256,0,0,8,0,128,"SQ_BUSY_CYCLES",4414400.000000,26879264326987,26879264328816
417,417,"Agent 2",1,82892,82892,3072,30,"__amd_rocclr_fillBufferAligned",256,0,0,8,0,128,"SQ_CYCLES",4414912.000000,26879264326987,26879264328816
417,417,"Agent 2",1,82892,82892,3072,30,"__amd_rocclr_fillBufferAligned",256,0,0,8,0,128,"SQ_WAVES",96.000000,26879264326987,26879264328816
418,418,"Agent 2",1,82892,82892,65536,15,"mix_e4v0",256,0,0,48,0,128,"GRBM_COUNT",29613698.000000,26879264664879,26879266573598
418,418,"Agent 2",1,82892,82892,65536,15,"mix_e4v0",256,0,0,48,0,128,"GRBM_GUI_ACTIVE",29613698.000000,26879264664879,26879266573598
418,418,"Agent 2",1,82892,82892,65536,15,"mix_e4v0",256,0,0,48,0,128,"SQ_BUSY_CYCLES",947638336.000000,26879264664879,26879266573598
418,418,"Agent 2",1,82892,82892,65536,15,"mix_e4v0",256,0,0,48,0,128,"SQ_CYCLES",947638848.000000,26879264664879,26879266573598
418,418,"Agent 2",1,82892,82892,65536,15,"mix_e4v0",256,0,0,48,0,128,"SQ_WAVES",2048.000000,26879264664879,26879266573598
419,419,"Agent 2",1,82892,82892,3072,30,"__amd_rocclr_fillBufferAligned",256,0,0,8,0,128,"GRBM_COUNT",150461.000000,26879267081052,26879267082826
419,419,"Agent 2",1,82892,82892,3072,30,"__amd_rocclr_fillBufferAligned",256,0,0,8,0,128,"GRBM_GUI_ACTIVE",150461.000000,26879267081052,26879267082826
419,419,"Agent 2",1,82892,82892,3072,30,"__amd_rocclr_fillBufferAligned",256,0,0,8,0,128,"SQ_BUSY_CYCLES",4814752.000000,26879267081052,26879267082826
419,419,"Agent 2",1,82892,82892,3072,30,"__amd_rocclr_fillBufferAligned",256,0,0,8,0,128,"SQ_CYCLES",4815264.000000,26879267081052,26879267082826
419,419,"Agent 2",1,82892,82892,3072,30,"__amd_rocclr_fillBufferAligned",256,0,0,8,0,128,"SQ_WAVES",96.000000,26879267081052,26879267082826
420,420,"Agent 2",1,82892,82892,65536,15,"mix_e4v0",256,0,0,48,0,128,"GRBM_COUNT",29612236.000000,26879267420798,26879269356058
420,420,"Agent 2",1,82892,82892,65536,15,"mix_e4v0",256,0,0,48,0,128,"GRBM_GUI_ACTIVE",29612236.000000,26879267420798,26879269356058
420,420,"Agent 2",1,82892,82892,65536,15,"mix_e4v0",256,0,0,48,0,128,"SQ_BUSY_CYCLES",947591552.000000,26879267420798,26879269356058
420,420,"Agent 2",1,82892,82892,65536,15,"mix_e4v0",256,0,0,48,0,128,"SQ_CYCLES",947592064.000000,26879267420798,26879269356058
420,420,"Agent 2",1,82892,82892,65536,15,"mix_e4v0",256,0,0,48,0,128,"SQ_WAVES",2048.000000,26879267420798,26879269356058
421,421,"Agent 2",1,82892,82892,1536,30,"__amd_rocclr_fillBufferAligned",256,0,0,8,0,128,"GRBM_COUNT",144441.000000,26879269945235,26879269946216
421,421,"Agent 2",1,82892,82892,1536,30,"__amd_rocclr_fillBufferAligned",256,0,0,8,0,128,"GRBM_GUI_ACTIVE",144441.000000,26879269945235,26879269946216
421,421,"Agent 2",1,82892,82892,1536,30,"__amd_rocclr_fillBufferAligned",256,0,0,8,0,128,"SQ_BUSY_CYCLES",4622112.000000,26879269945235,26879269946216
421,421,"Agent 2",1,82892,82892,1536,30,"__amd_rocclr_fillBufferAligned",256,0,0,8,0,128,"SQ_CYCLES",4622624.000000,26879269945235,26879269946216
421,421,"Agent 2",1,82892,82892,1536,30,"__amd_rocclr_fillBufferAligned",256,0,0,8,0,128,"SQ_WAVES",48.000000,26879269945235,26879269946216
422,422,"Agent 2",1,82892,82892,32768,17,"mix_e0v2",128,0,0,56,0,128,"GRBM_COUNT",20416977.000000,26879270287573,26879271708521
422,422,"Agent 2",1,82892,82892,32768,17,"mix_e0v2",128,0,0,56,0,128,"GRBM_GUI_ACTIVE",20416977.000000,26879270287573,26879271708521
422,422,"Agent 2",1,82892,82892,32768,17,"mix_e0v2",128,0,0,56,0,128,"SQ_BUSY_CYCLES",653343264.000000,26879270287573,26879271708521
422,422,"Agent 2",1,82892,82892,32768,17,"mix_e0v2",128,0,0,56,0,128,"SQ_CYCLES",653343776.000000,26879270287573,26879271708521
422,422,"Agent 2",1,82892,82892,32768,17,"mix_e0v2",128,0,0,56,0,128,"SQ_WAVES",1024.000000,26879270287573,26879271708521
423,423,"Agent 2",1,82892,82892,1536,30,"__amd_rocclr_fillBufferAligned",256,0,0,8,0,128,"GRBM_COUNT",143977.000000,26879272096384,26879272097367
423,423,"Agent 2",1,82892,82892,1536,30,"__amd_rocclr_fillBufferAligned",256,0,0,8,0,128,"GRBM_GUI_ACTIVE",143977.000000,26879272096384,26879272097367
423,423,"Agent 2",1,82892,82892,1536,30,"__amd_rocclr_fillBufferAligned",256,0,0,8,0,128,"SQ_BUSY_CYCLES",4607264.000000,26879272096384,26879272097367
423,423,"Agent 2",1,82892,82892,1536,30,"__amd_rocclr_fillBufferAligned",256,0,0,8,0,128,"SQ_CYCLES",4607776.000000,26879272096384,26879272097367
423,423,"Agent 2",1,82892,82892,1536,30,"__amd_rocclr_fillBufferAligned",256,0,0,8,0,128,"SQ_WAVES",48.000000,26879272096384,26879272097367
424,424,"Agent 2",1,82892,82892,32768,17,"mix_e0v2",128,0,0,56,0,128,"GRBM_COUNT",20361871.000000,26879272435984,26879273854312
424,424,"Agent 2",1,82892,82892,32768,17,"mix_e0v2",128,0,0,56,0,128,"GRBM_GUI_ACTIVE",20361871.000000,26879272435984,26879273854312
424,424,"Agent 2",1,82892,82892,32768,17,"mix_e0v2",128,0,0,56,0,128,"SQ_BUSY_CYCLES",651579872.000000,26879272435984,26879273854312
424,424,"Agent 2",1,82892,82892,32768,17,"mix_e0v2",128,0,0,56,0,128,"SQ_CYCLES",651580384.000000,26879272435984,26879273854312
424,424,"Agent 2",1,82892,82892,32768,17,"mix_e0v2",128,0,0,56,0,128,"SQ_WAVES",1024.000000,26879272435984,26879273854312
425,425,"Agent 2",1,82892,82892,1536,30,"__amd_rocclr_fillBufferAligned",256,0,0,8,0,128,"GRBM_COUNT",142336.000000,26879274239954,26879274240108
425,425,"Agent 2",1,82892,82892,1536,30,"__amd_rocclr_fillBufferAligned",256,0,0,8,0,128,"GRBM_GUI_ACTIVE",142336.000000,26879274239954,26879274240108
425,425,"Agent 2",1,82892,82892,1536,30,"__amd_rocclr_fillBufferAligned",256,0,0,8,0,128,"SQ_BUSY_CYCLES",4554752.000000,26879274239954,26879274240108
425,425,"Agent 2",1,82892,82892,1536,30,"__amd_rocclr_fillBufferAligned",256,0,0,8,0,128,"SQ_CYCLES",4555264.000000,26879274239954,26879274240108
425,425,"Agent 2",1,82892,82892,1536,30,"__amd_rocclr_fillBufferAligned",256,0,0,8,0,128,"SQ_WAVES",48.000000,26879274239954,26879274240108
426,426,"Agent 2",1,82892,82892,32768,17,"mix_e0v2",128,0,0,56,0,128,"GRBM_COUNT",20342580.000000,26879274578769,26879275972692
426,426,"Agent 2",1,82892,82892,32768,17,"mix_e0v2",128,0,0,56,0,128,"GRBM_GUI_ACTIVE",20342580.000000,26879274578769,26879275972692
426,426,"Agent 2",1,82892,82892,32768,17,"mix_e0v2",128,0,0,56,0,128,"SQ_BUSY_CYCLES",650962560.000000,26879274578769,26879275972692
426,426,"Agent 2",1,82892,82892,32768,17,"mix_e0v2",128,0,0,56,0,128,"SQ_CYCLES",650963072.000000,26879274578769,26879275972692
426,426,"Agent 2",1,82892,82892,32768,17,"mix_e0v2",128,0,0,56,0,128,"SQ_WAVES",1024.000000,26879274578769,26879275972692
427,427,"Agent 2",1,82892,82892,1536,30,"__amd_rocclr_fillBufferAligned",256,0,0,8,0,128,"GRBM_COUNT",141739.000000,26879276405931,26879276406049
427,427,"Agent 2",1,82892,82892,1536,30,"__amd_rocclr_fillBufferAligned",256,0,0,8,0,128,"GRBM_GUI_ACTIVE",141739.000000,26879276405931,26879276406049
427,427,"Agent 2",1,82892,82892,1536,30,"__amd_rocclr_fillBufferAligned",256,0,0,8,0,128,"SQ_BUSY_CYCLES",4535648.000000,26879276405931,26879276406049
427,427,"Agent 2",1,82892,82892,1536,30,"__amd_rocclr_fillBufferAligned",256,0,0,8,0,128,"SQ_CYCLES",4536160.000000,26879276405931,26879276406049
427,427,"Agent 2",1,82892,82892,1536,30,"__amd_rocclr_fillBufferAligned",256,0,0,8,0,128,"SQ_WAVES",48.000000,26879276405931,26879276406049
428,428,"Agent 2",1,82892,82892,32768,17,"mix_e0v2",128,0,0,56,0,128,"GRBM_COUNT",20265894.000000,26879276738937,26879278105153
428,428,"Agent 2",1,82892,82892,32768,17,"mix_e0v2",128,0,0,56,0,128,"GRBM_GUI_ACTIVE",20265894.000000,26879276738937,26879278105153
428,428,"Agent 2",1,82892,82892,32768,17,"mix_e0v2",128,0,0,56,0,128,"SQ_BUSY_CYCLES",648508608.000000,26879276738937,26879278105153
428,428,"Agent 2",1,82892,82892,32768,17,"mix_e0v2",128,0,0,56,0,128,"SQ_CYCLES",648509120.000000,26879276738937,26879278105153
428,428,"Agent 2",1,82892,82892,32768,17,"mix_e0v2",128,0,0,56,0,128,"SQ_WAVES",1024.000000,26879276738937,26879278105153
429,429,"Agent 2",1,82892,82892,1536,30,"__amd_rocclr_fillBufferAligned",256,0,0,8,0,128,"GRBM_COUNT",158086.000000,26879278535325,26879278536229
429,429,"Agent 2",1,82892,82892,1536,30,"__amd_rocclr_fillBufferAligned",256,0,0,8,0,128,"GRBM_GUI_ACTIVE",158086.000000,26879278535325,26879278536229
429,429,"Agent 2",1,82892,82892,1536,30,"__amd_rocclr_fillBufferAligned",256,0,0,8,0,128,"SQ_BUSY_CYCLES",5058752.000000,26879278535325,26879278536229
429,429,"Agent 2",1,82892,82892,1536,30,"__amd_rocclr_fillBufferAligned",256,0,0,8,0,128,"SQ_CYCLES",5059264.000000,26879278535325,26879278536229
429,429,"Agent 2",1,82892,82892,1536,30,"__amd_rocclr_fillBufferAligned",256,0,0,8,0,128,"SQ_WAVES",48.000000,26879278535325,26879278536229
430,430,"Agent 2",1,82892,82892,32768,17,"mix_e0v2",128,0,0,56,0,128,"GRBM_COUNT",20250778.000000,26879278873359,26879280214723
430,430,"Agent 2",1,82892,82892,32768,17,"mix_e0v2",128,0,0,56,0,128,"GRBM_GUI_ACTIVE",20250778.000000,26879278873359,26879280214723
430,430,"Agent 2",1,82892,82892,32768,17,"mix_e0v2",128,0,0,56,0,128,"SQ_BUSY_CYCLES",648024896.000000,26879278873359,26879280214723
430,430,"Agent 2",1,82892,82892,32768,17,"mix_e0v2",128,0,0,56,0,128,"SQ_CYCLES",648025408.000000,26879278873359,26879280214723
430,430,"Agent 2",1,82892,82892,32768,17,"mix_e0v2",128,0,0,56,0,128,"SQ_WAVES",1024.000000,26879278873359,26879280214723
431,431,"Agent 2",1,82892,82892,1536,30,"__amd_rocclr_fillBufferAligned",256,0,0,8,0,128,"GRBM_COUNT",164320.000000,26879280638274,26879280639179
431,431,"Agent 2",1,82892,82892,1536,30,"__amd_rocclr_fillBufferAligned",256,0,0,8,0,128,"GRBM_GUI_ACTIVE",164320.000000,26879280638274,26879280639179
431,431,"Agent 2",1,82892,82892,1536,30,"__amd_rocclr_fillBufferAligned",256,0,0,8,0,128,"SQ_BUSY_CYCLES",5258240.000000,26879280638274,26879280639179
431,431,"Agent 2",1,82892,82892,1536,30,"__amd_rocclr_fillBufferAligned",256,0,0,8,0,128,"SQ_CYCLES",5258752.000000,26879280638274,26879280639179
431,431,"Agent 2",1,82892,82892,1536,30,"__amd_rocclr_fillBufferAligned",256,0,0,8,0,128,"SQ_WAVES",48.000000,26879280638274,26879280639179
432,432,"Agent 2",1,82892,82892,32768,17,"mix_e0v2",128,0,0,56,0,128,"GRBM_COUNT",20230493.000000,26879280974602,26879282351844
432,432,"Agent 2",1,82892,82892,32768,17,"mix_e0v2",128,0,0,56,0,128,"GRBM_GUI_ACTIVE",20230493.000000,26879280974602,26879282351844
432,432,"Agent 2",1,82892,82892,32768,17,"mix_e0v2",128,0,0,56,0,128,"SQ_BUSY_CYCLES",647375776.000000,26879280974602,26879282351844
432,432,"Agent 2",1,82892,82892,32768,17,"mix_e0v2",128,0,0,56,0,128,"SQ_CYCLES",647376288.000000,26879280974602,26879282351844
432,432,"Agent 2",1,82892,82892,32768,17,"mix_e0v2",128,0,0,56,0,128,"SQ_WAVES",1024.000000,26879280974602,26879282351844
433,433,"Agent 2",1,82892,82892,1536,30,"__amd_rocclr_fillBufferAligned",256,0,0,8,0,128,"GRBM_COUNT",154364.000000,26879282773609,26879282775290
433,433,"Agent 2",1,82892,82892,1536,30,"__amd_rocclr_fillBufferAligned",256,0,0,8,0,128,"GRBM_GUI_ACTIVE",154364.000000,26879282773609,26879282775290
433,433,"Agent 2",1,82892,82892,1536,30,"__amd_rocclr_fillBufferAligned",256,0,0,8,0,128,"SQ_BUSY_CYCLES",4939648.000000,26879282773609,26879282775290
433,433,"Agent 2",1,82892,82892,1536,30,"__amd_rocclr_fillBufferAligned",256,0,0,8,0,128,"SQ_CYCLES",4940160.000000,26879282773609,26879282775290
433,433,"Agent 2",1,82892,82892,1536,30,"__amd_rocclr_fillBufferAligned",256,0,0,8,0,128,"SQ_WAVES",48.000000,26879282773609,26879282775290
434,434,"Agent 2",1,82892,82892,32768,17,"mix_e0v2",128,0,0,56,0,128,"GRBM_COUNT",20217593.000000,26879283112857,26879284498354
434,434,"Agent 2",1,82892,82892,32768,17,"mix_e0v2",128,0,0,56,0,128,"GRBM_GUI_ACTIVE",20217593.000000,26879283112857,26879284498354
434,434,"Agent 2",1,82892,82892,32768,17,"mix_e0v2",128,0,0,56,0,128,"SQ_BUSY_CYCLES",646962976.000000,26879283112857,26879284498354
434,434,"Agent 2",1,82892,82892,32768,17,"mix_e0v2",128,0,0,56,0,128,"SQ_CYCLES",646963488.000000,26879283112857,26879284498354
434,434,"Agent 2",1,82892,82892,32768,17,"mix_e0v2",128,0,0,56,0,128,"SQ_WAVES",1024.000000,26879283112857,26879284498354
435,435,"Agent 2",1,82892,82892,3072,30,"__amd_rocclr_fillBufferAligned",256,0,0,8,0,128,"GRBM_COUNT",141090.000000,26879284988497,26879284989671
435,435,"Agent 2",1,82892,82892,3072,30,"__amd_rocclr_fillBufferAligned",256,0,0,8,0,128,"GRBM_GUI_ACTIVE",141090.000000,26879284988497,26879284989671
435,435,"Agent 2",1,82892,82892,3072,30,"__amd_rocclr_fillBufferAligned",256,0,0,8,0,128,"SQ_BUSY_CYCLES",4514880.000000,26879284988497,26879284989671
435,435,"Agent 2",1,82892,82892,3072,30,"__amd_rocclr_fillBufferAligned",256,0,0,8,0,128,"SQ_CYCLES",4515392.000000,26879284988497,26879284989671
435,435,"Agent 2",1,82892,82892,3072,30,"__amd_rocclr_fillBufferAligned",256,0,0,8,0,128,"SQ_WAVES",96.000000,26879284988497,26879284989671
436,436,"Agent 2",1,82892,82892,65536,17,"mix_e0v2",256,0,0,56,0,128,"GRBM_COUNT",18906330.000000,26879285324912,26879286672775
436,436,"Agent 2",1,82892,82892,65536,17,"mix_e0v2",256,0,0,56,0,128,"GRBM_GUI_ACTIVE",18906330.000000,26879285324912,26879286672775
436,436,"Agent 2",1,82892,82892,65536,17,"mix_e0v2",256,0,0,56,0,128,"SQ_BUSY_CYCLES",605002560.000000,26879285324912,26879286672775
436,436,"Agent 2",1,82892,82892,65536,17,"mix_e0v2",256,0,0,56,0,128,"SQ_CYCLES",605003072.000000,26879285324912,26879286672775
436,436,"Agent 2",1,82892,82892,65536,17,"mix_e0v2",256,0,0,56,0,128,"SQ_WAVES",2048.000000,26879285324912,26879286672775
437,437,"Agent 2",1,82892,82892,3072,30,"__amd_rocclr_fillBufferAligned",256,0,0,8,0,128,"GRBM_COUNT",137666.000000,26879287112337,26879287114352
437,437,"Agent 2",1,82892,82892,3072,30,"__amd_rocclr_fillBufferAligned",256,0,0,8,0,128,"GRBM_GUI_ACTIVE",137666.000000,26879287112337,26879287114352
437,437,"Agent 2",1,82892,82892,3072,30,"__amd_rocclr_fillBufferAligned",256,0,0,8,0,128,"SQ_BUSY_CYCLES",4405312.000000,26879287112337,26879287114352
437,437,"Agent 2",1,82892,82892,3072,30,"__amd_rocclr_fillBufferAligned",256,0,0,8,0,128,"SQ_CYCLES",4405824.000000,26879287112337,26879287114352
437,437,"Agent 2",1,82892,82892,3072,30,"__amd_rocclr_fillBufferAligned",256,0,0,8,0,128,"SQ_WAVES",96.000000,26879287112337,26879287114352
438,438,"Agent 2",1,82892,82892,65536,17,"mix_e0v2",256,0,0,56,0,128,"GRBM_COUNT",18947162.000000,26879287454395,26879288810386
438,438,"Agent 2",1,82892,82892,65536,17,"mix_e0v2",256,0,0,56,0,128,"GRBM_GUI_ACTIVE",18947162.000000,26879287454395,26879288810386
438,438,"Agent 2",1,82892,82892,65536,17,"mix_e0v2",256,0,0,56,0,128,"SQ_BUSY_CYCLES",606309184.000000,26879287454395,26879288810386
438,438,"Agent 2",1,82892,82892,65536,17,"mix_e0v2",256,0,0,56,0,128,"SQ_CYCLES",606309696.000000,26879287454395,26879288810386
438,438,"Agent 2",1,82892,82892,65536,17,"mix_e0v2",256,0,0,56,0,128,"SQ_WAVES",2048.000000,26879287454395,26879288810386
439,439,"Agent 2",1,82892,82892,3072,30,"__amd_rocclr_fillBufferAligned",256,0,0,8,0,128,"GRBM_COUNT",144302.000000,26879289208209,26879289209791
439,439,"Agent 2",1,82892,82892,3072,30,"__amd_rocclr_fillBufferAligned",256,0,0,8,0,128,"GRBM_GUI_ACTIVE",144302.000000,26879289208209,26879289209791
439,439,"Agent 2",1,82892,82892,3072,30,"__amd_rocclr_fillBufferAligned",256,0,0,8,0,128,"SQ_BUSY_CYCLES",4617664.000000,26879289208209,26879289209791
439,439,"Agent 2",1,82892,82892,3072,30,"__amd_rocclr_fillBufferAligned",256,0,0,8,0,128,"SQ_CYCLES",4618176.000000,26879289208209,26879289209791
439,439,"Agent 2",1,82892,82892,3072,30,"__amd_rocclr_fillBufferAligned",256,0,0,8,0,128,"SQ_WAVES",96.000000,26879289208209,26879289209791
440,440,"Agent 2",1,82892,82892,65536,17,"mix_e0v2",256,0,0,56,0,128,"GRBM_COUNT",18962935.000000,26879289541811,26879290885825
440,440,"Agent 2",1,82892,82892,65536,17,"mix_e0v2",256,0,0,56,0,128,"GRBM_GUI_ACTIVE",18962935.000000,26879289541811,26879290885825
440,440,"Agent 2",1,82892,82892,65536,17,"mix_e0v2",256,0,0,56,0,128,"SQ_BUSY_CYCLES",606813920.000000,26879289541811,26879290885825
440,440,"Agent 2",1,82892,82892,65536,17,"mix_e0v2",256,0,0,56,0,128,"SQ_CYCLES",606814432.000000,26879289541811,26879290885825
440,440,"Agent 2",1,82892,82892,65536,17,"mix_e0v2",256,0,0,56,0,128,"SQ_WAVES",2048.000000,26879289541811,26879290885825
441,441,"Agent 2",1,82892,82892,3072,30,"__amd_rocclr_fillBufferAligned",256,0,0,8,0,128,"GRBM_COUNT",142813.000000,26879291385704,26879291387452
441,441,"Agent 2",1,82892,82892,3072,30,"__amd_rocclr_fillBufferAligned",256,0,0,8,0,128,"GRBM_GUI_ACTIVE",142813.000000,26879291385704,26879291387452
441,441,"Agent 2",1,82892,82892,3072,30,"__amd_rocclr_fillBufferAligned",256,0,0,8,0,128,"SQ_BUSY_CYCLES",4570016.000000,26879291385704,26879291387452
441,441,"Agent 2",1,82892,82892,3072,30,"__amd_rocclr_fillBufferAligned",256,0,0,8,0,128,"SQ_CYCLES",4570528.000000,26879291385704,26879291387452
441,441,"Agent 2",1,82892,82892,3072,30,"__amd_rocclr_fillBufferAligned",256,0,0,8,0,128,"SQ_WAVES",96.000000,26879291385704,26879291387452
442,442,"Agent 2",1,82892,82892,65536,17,"mix_e0v2",256,0,0,56,0,128,"GRBM_COUNT",18883189.000000,26879291727694,26879293039716
442,442,"Agent 2",1,82892,82892,65536,17,"mix_e0v2",256,0,0,56,0,128,"GRBM_GUI_ACTIVE",18883189.000000,26879291727694,26879293039716
442,442,"Agent 2",1,82892,82892,65536,17,"mix_e0v2",256,0,0,56,0,128,"SQ_BUSY_CYCLES",604262048.000000,26879291727694,26879293039716
442,442,"Agent 2",1,82892,82892,65536,17,"mix_e0v2",256,0,0,56,0,128,"SQ_CYCLES",604262560.000000,26879291727694,26879293039716
442,442,"Agent 2",1,82892,82892,65536,17,"mix_e0v2",256,0,0,56,0,128,"SQ_WAVES",2048.000000,26879291727694,26879293039716
443,443,"Agent 2",1,82892,82892,3072,30,"__amd_rocclr_fillBufferAligned",256,0,0,8,0,128,"GRBM_COUNT",146406.000000,26879293540135,26879293542183
443,443,"Agent 2",1,82892,82892,3072,30,"__amd_rocclr_fillBufferAligned",256,0,0,8,0,128,"GRBM_GUI_ACTIVE",146406.000000,26879293540135,26879293542183
443,443,"Agent 2",1,82892,82892,3072,30,"__amd_rocclr_fillBufferAligned",256,0,0,8,0,128,"SQ_BUSY_CYCLES",4684992.000000,26879293540135,26879293542183
443,443,"Agent 2",1,82892,82892,3072,30,"__amd_rocclr_fillBufferAligned",256,0,0,8,0,128,"SQ_CYCLES",4685504.000000,26879293540135,26879293542183
443,443,"Agent 2",1,82892,82892,3072,30,"__amd_rocclr_fillBufferAligned",256,0,0,8,0,128,"SQ_WAVES",96.000000,26879293540135,26879293542183
444,444,"Agent 2",1,82892,82892,65536,17,"mix_e0v2",256,0,0,56,0,128,"GRBM_COUNT",18820158.000000,26879293874523,26879295167596
444,444,"Agent 2",1,82892,82892,65536,17,"mix_e0v2",256,0,0,56,0,128,"GRBM_GUI_ACTIVE",18820158.000000,26879293874523,26879295167596
444,444,"Agent 2",1,82892,82892,65536,17,"mix_e0v2",256,0,0,56,0,128,"SQ_BUSY_CYCLES",602245056.000000,26879293874523,26879295167596
444,444,"Agent 2",1,82892,82892,65536,17,"mix_e0v2",256,0,0,56,0,128,"SQ_CYCLES",602245568.000000,26879293874523,26879295167596
444,444,"Agent 2",1,82892,82892,65536,17,"mix_e0v2",256,0,0,56,0,128,"SQ_WAVES",2048.000000,26879293874523,26879295167596
445,445,"Agent 2",1,82892,82892,3072,30,"__amd_rocclr_fillBufferAligned",256,0,0,8,0,128,"GRBM_COUNT",147221.000000,26879295655117,26879295658983
445,445,"Agent 2",1,82892,82892,3072,30,"__amd_rocclr_fillBufferAligned",256,0,0,8,0,128,"GRBM_GUI_ACTIVE",147221.000000,26879295655117,26879295658983
445,445,"Agent 2",1,82892,82892,3072,30,"__amd_rocclr_fillBufferAligned",256,0,0,8,0,128,"SQ_BUSY_CYCLES",4711072.000000,26879295655117,26879295658983
445,445,"Agent 2",1,82892,82892,3072,30,"__amd_rocclr_fillBufferAligned",256,0,0,8,0,128,"SQ_CYCLES",4711584.000000,26879295655117,26879295658983
445,445,"Agent 2",1,82892,82892,3072,30,"__amd_rocclr_fillBufferAligned",256,0,0,8,0,128,"SQ_WAVES",96.000000,26879295655117,26879295658983
446,446,"Agent 2",1,82892,82892,65536,17,"mix_e0v2",256,0,0,56,0,128,"GRBM_COUNT",18833083.000000,26879295993161,26879297300787
446,446,"Agent 2",1,82892,82892,65536,17,"mix_e0v2",256,0,0,56,0,128,"GRBM_GUI_ACTIVE",18833083.000000,26879295993161,26879297300787
446,446,"Agent 2",1,82892,82892,65536,17,"mix_e0v2",256,0,0,56,0,128,"SQ_BUSY_CYCLES",602658656.000000,26879295993161,26879297300787
446,446,"Agent 2",1,82892,82892,65536,17,"mix_e0v2",256,0,0,56,0,128,"SQ_CYCLES",602659168.000000,26879295993161,26879297300787
446,446,"Agent 2",1,82892,82892,65536,17,"mix_e0v2",256,0,0,56,0,128,"SQ_WAVES",2048.000000,26879295993161,26879297300787
447,447,"Agent 2",1,82892,82892,3072,30,"__amd_rocclr_fillBufferAligned",256,0,0,8,0,128,"GRBM_COUNT",151615.000000,26879297793664,26879297795274
447,447,"Agent 2",1,82892,82892,3072,30,"__amd_rocclr_fillBufferAligned",256,0,0,8,0,128,"GRBM_GUI_ACTIVE",151615.000000,26879297793664,26879297795274
447,447,"Agent 2",1,82892,82892,3072,30,"__amd_rocclr_fillBufferAligned",256,0,0,8,0,128,"SQ_BUSY_CYCLES",4851680.000000,26879297793664,26879297795274
447,447,"Agent 2",1,82892,82892,3072,30,"__amd_rocclr_fillBufferAligned",256,0,0,8,0,128,"SQ_CYCLES",4852192.000000,26879297793664,26879297795274
447,447,"Agent 2",1,82892,82892,3072,30,"__amd_rocclr_fillBufferAligned",256,0,0,8,0,128,"SQ_WAVES",96.000000,26879297793664,26879297795274
448,448,"Agent 2",1,82892,82892,65536,17,"mix_e0v2",256,0,0,56,0,128,"GRBM_COUNT",18782259.000000,26879298124020,26879299432347
448,448,"Agent 2",1,82892,82892,65536,17,"mix_e0v2",256,0,0,56,0,128,"GRBM_GUI_ACTIVE",18782259.000000,26879298124020,26879299432347
448,448,"Agent 2",1,82892,82892,65536,17,"mix_e0v2",256,0,0,56,0,128,"SQ_BUSY_CYCLES",601032288.000000,26879298124020,26879299432347
448,448,"Agent 2",1,82892,82892,65536,17,"mix_e0v2",256,0,0,56,0,128,"SQ_CYCLES",601032800.000000,26879298124020,26879299432347
448,448,"Agent 2",1,82892,82892,65536,17,"mix_e0v2",256,0,0,56,0,128,"SQ_WAVES",2048.000000,26879298124020,26879299432347
449,449,"Agent 2",1,82892,82892,1536,30,"__amd_rocclr_fillBufferAligned",256,0,0,8,0,128,"GRBM_COUNT",142605.000000,26879300028137,26879300029096
449,449,"Agent 2",1,82892,82892,1536,30,"__amd_rocclr_fillBufferAligned",256,0,0,8,0,128,"GRBM_GUI_ACTIVE",142605.000000,26879300028137,26879300029096
449,449,"Agent 2",1,82892,82892,1536,30,"__amd_rocclr_fillBufferAligned",256,0,0,8,0,128,"SQ_BUSY_CYCLES",4563360.000000,26879300028137,26879300029096
449,449,"Agent 2",1,82892,82892,1536,30,"__amd_rocclr_fillBufferAligned",256,0,0,8,0,128,"SQ_CYCLES",4563872.000000,26879300028137,26879300029096
449,449,"Agent 2",1,82892,82892,1536,30,"__amd_rocclr_fillBufferAligned",256,0,0,8,0,128,"SQ_WAVES",48.000000,26879300028137,26879300029096
450,450,"Agent 2",1,82892,82892,32768,3,"mix_e0v4",128,0,0,56,0,128,"GRBM_COUNT",22558001.000000,26879300368080,26879301953623
450,450,"Agent 2",1,82892,82892,32768,3,"mix_e0v4",128,0,0,56,0,128,"GRBM_GUI_ACTIVE",22558001.000000,26879300368080,26879301953623
450,450,"Agent 2",1,82892,82892,32768,3,"mix_e0v4",128,0,0,56,0,128,"SQ_BUSY_CYCLES",721856032.000000,26879300368080,26879301953623
450,450,"Agent 2",1,82892,82892,32768,3,"mix_e0v4",128,0,0,56,0,128,"SQ_CYCLES",721856544.000000,26879300368080,26879301953623
450,450,"Agent 2",1,82892,82892,32768,3,"mix_e0v4",128,0,0,56,0,128,"SQ_WAVES",1024.000000,26879300368080,26879301953623
451,451,"Agent 2",1,82892,82892,1536,30,"__amd_rocclr_fillBufferAligned",256,0,0,8,0,128,"GRBM_COUNT",149895.000000,26879302344269,26879302345219
451,451,"Agent 2",1,82892,82892,1536,30,"__amd_rocclr_fillBufferAligned",256,0,0,8,0,128,"GRBM_GUI_ACTIVE",149895.000000,26879302344269,26879302345219
451,451,"Agent 2",1,82892,82892,1536,30,"__amd_rocclr_fillBufferAligned",256,0,0,8,0,128,"SQ_BUSY_CYCLES",4796640.000000,26879302344269,26879302345219
451,451,"Agent 2",1,82892,82892,1536,30,"__amd_rocclr_fillBufferAligned",256,0,0,8,0,128,"SQ_CYCLES",4797152.000000,26879302344269,26879302345219
451,451,"Agent 2",1,82892,82892,1536,30,"__amd_rocclr_fillBufferAligned",256,0,0,8,0,128,"SQ_WAVES",48.000000,26879302344269,26879302345219
452,452,"Agent 2",1,82892,82892,32768,3,"mix_e0v4",128,0,0,56,0,128,"GRBM_COUNT",22471937.000000,26879302683628,26879304213536
452,452,"Agent 2",1,82892,82892,32768,3,"mix_e0v4",128,0,0,56,0,128,"GRBM_GUI_ACTIVE",22471937.000000,26879302683628,26879304213536
452,452,"Agent 2",1,82892,82892,32768,3,"mix_e0v4",128,0,0,56,0,128,"SQ_BUSY_CYCLES",719101984.000000,26879302683628,26879304213536
452,452,"Agent 2",1,82892,82892,32768,3,"mix_e0v4",128,0,0,56,0,128,"SQ_CYCLES",719102496.000000,26879302683628,26879304213536
452,452,"Agent 2",1,82892,82892,32768,3,"mix_e0v4",128,0,0,56,0,128,"SQ_WAVES",1024.000000,26879302683628,26879304213536
453,453,"Agent 2",1,82892,82892,1536,30,"__amd_rocclr_fillBufferAligned",256,0,0,8,0,128,"GRBM_COUNT",149782.000000,26879304595311,26879304596221
453,453,"Agent 2",1,82892,82892,1536,30,"__amd_rocclr_fillBufferAligned",256,0,0,8,0,128,"GRBM_GUI_ACTIVE",149782.000000,26879304595311,26879304596221
453,453,"Agent 2",1,82892,82892,1536,30,"__amd_rocclr_fillBufferAligned",256,0,0,8,0,128,"SQ_BUSY_CYCLES",4793024.000000,26879304595311,26879304596221
453,453,"Agent 2",1,82892,82892,1536,30,"__amd_rocclr_fillBufferAligned",256,0,0,8,0,128,"SQ_CYCLES",4793536.000000,26879304595311,26879304596221
453,453,"Agent 2",1,82892,82892,1536,30,"__amd_rocclr_fillBufferAligned",256,0,0,8,0,128,"SQ_WAVES",48.000000,26879304595311,26879304596221
454,454,"Agent 2",1,82892,82892,32768,3,"mix_e0v4",128,0,0,56,0,128,"GRBM_COUNT",22416678.000000,26879304929773,26879306470848
454,454,"Agent 2",1,82892,82892,32768,3,"mix_e0v4",128,0,0,56,0,128,"GRBM_GUI_ACTIVE",22416678.000000,26879304929773,26879306470848
454,454,"Agent 2",1,82892,82892,32768,3,"mix_e0v4",128,0,0,56,0,128,"SQ_BUSY_CYCLES",717333696.000000,26879304929773,26879306470848
454,454,"Agent 2",1,82892,82892,32768,3,"mix_e0v4",128,0,0,56,0,128,"SQ_CYCLES",717334208.000000,26879304929773,26879306470848
454,454,"Agent 2",1,82892,82892,32768,3,"mix_e0v4",128,0,0,56,0,128,"SQ_WAVES",1024.000000,26879304929773,26879306470848
455,455,"Agent 2",1,82892,82892,1536,30,"__amd_rocclr_fillBufferAligned",256,0,0,8,0,128,"GRBM_COUNT",154833.000000,26879306896002,26879306899864
455,455,"Agent 2",1,82892,82892,1536,30,"__amd_rocclr_fillBufferAligned",256,0,0,8,0,128,"GRBM_GUI_ACTIVE",154833.000000,26879306896002,26879306899864
455,455,"Agent 2",1,82892,82892,1536,30,"__amd_rocclr_fillBufferAligned",256,0,0,8,0,128,"SQ_BUSY_CYCLES",4954656.000000,26879306896002,26879306899864
455,455,"Agent 2",1,82892,82892,1536,30,"__amd_rocclr_fillBufferAligned",256,0,0,8,0,128,"SQ_CYCLES",4955168.000000,26879306896002,26879306899864
455,455,"Agent 2",1,82892,82892,1536,30,"__amd_rocclr_fillBufferAligned",256,0,0,8,0,128,"SQ_WAVES",48.000000,26879306896002,26879306899864
456,456,"Agent 2",1,82892,82892,32768,3,"mix_e0v4",128,0,0,56,0,128,"GRBM_COUNT",22402952.000000,26879307236239,26879308791351
456,456,"Agent 2",1,82892,82892,32768,3,"mix_e0v4",128,0,0,56,0,128,"GRBM_GUI_ACTIVE",22402952.000000,26879307236239,26879308791351
456,456,"Agent 2",1,82892,82892,32768,3,"mix_e0v4",128,0,0,56,0,128,"SQ_BUSY_CYCLES",716894464.000000,26879307236239,26879308791351
456,456,"Agent 2",1,82892,82892,32768,3,"mix_e0v4",128,0,0,56,0,128,"SQ_CYCLES",716894976.000000,26879307236239,26879308791351
456,456,"Agent 2",1,82892,82892,32768,3,"mix_e0v4",128,0,0,56,0,128,"SQ_WAVES",1024.000000,26879307236239,26879308791351
457,457,"Agent 2",1,82892,82892,1536,30,"__amd_rocclr_fillBufferAligned",256,0,0,8,0,128,"GRBM_COUNT",148450.000000,26879309222247,26879309223197
457,457,"Agent 2",1,82892,82892,1536,30,"__amd_rocclr_fillBufferAligned",256,0,0,8,0,128,"GRBM_GUI_ACTIVE",148450.000000,26879309222247,26879309223197
457,457,"Agent 2",1,82892,82892,1536,30,"__amd_rocclr_fillBufferAligned",256,0,0,8,0,128,"SQ_BUSY_CYCLES",4750400.000000,26879309222247,26879309223197
457,457,"Agent 2",1,82892,82892,1536,30,"__amd_rocclr_fillBufferAligned",256,0,0,8,0,128,"SQ_CYCLES",4750912.000000,26879309222247,26879309223197
457,457,"Agent 2",1,82892,82892,1536,30,"__amd_rocclr_fillBufferAligned",256,0,0,8,0,128,"SQ_WAVES",48.000000,26879309222247,26879309223197
458,458,"Agent 2",1,82892,82892,32768,3,"mix_e0v4",128,0,0,56,0,128,"GRBM_COUNT",22504325.000000,26879309563357,26879311117374
458,458,"Agent 2",1,82892,82892,32768,3,"mix_e0v4",128,0,0,56,0,128,"GRBM_GUI_ACTIVE",22504325.000000,26879309563357,26879311117374
458,458,"Agent 2",1,82892,82892,32768,3,"mix_e0v4",128,0,0,56,0,128,"SQ_BUSY_CYCLES",720138400.000000,26879309563357,26879311117374
458,458,"Agent 2",1,82892,82892,32768,3,"mix_e0v4",128,0,0,56,0,128,"SQ_CYCLES",720138912.000000,26879309563357,26879311117374
458,458,"Agent 2",1,82892,82892,32768,3,"mix_e0v4",128,0,0,56,0,128,"SQ_WAVES",1024.000000,26879309563357,26879311117374
459,459,"Agent 2",1,82892,82892,1536,30,"__amd_rocclr_fillBufferAligned",256,0,0,8,0,128,"GRBM_COUNT",143288.000000,26879311550521,26879311552130
459,459,"Agent 2",1,82892,82892,1536,30,"__amd_rocclr_fillBufferAligned",256,0,0,8,0,128,"GRBM_GUI_ACTIVE",143288.000000,26879311550521,26879311552130
459,459,"Agent 2",1,82892,82892,1536,30,"__amd_rocclr_fillBufferAligned",256,0,0,8,0,128,"SQ_BUSY_CYCLES",4585216.000000,26879311550521,26879311552130
459,459,"Agent 2",1,82892,82892,1536,30,"__amd_rocclr_fillBufferAligned",256,0,0,8,0,128,"SQ_CYCLES",4585728.000000,26879311550521,26879311552130
459,459,"Agent 2",1,82892,82892,1536,30,"__amd_rocclr_fillBufferAligned",256,0,0,8,0,128,"SQ_WAVES",48.000000,26879311550521,26879311552130
460,460,"Agent 2",1,82892,82892,32768,3,"mix_e0v4",128,0,0,56,0,128,"GRBM_COUNT",22446695.000000,26879311888550,26879313432277
460,460,"Agent 2",1,82892,82892,32768,3,"mix_e0v4",128,0,0,56,0,128,"GRBM_GUI_ACTIVE",22446695.000000,26879311888550,26879313432277
460,460,"Agent 2",1,82892,82892,32768,3,"mix_e0v4",128,0,0,56,0,128,"SQ_BUSY_CYCLES",718294240.000000,26879311888550,26879313432277
460,460,"Agent 2",1,82892,82892,32768,3,"mix_e0v4",128,0,0,56,0,128,"SQ_CYCLES",718294752.000000,26879311888550,26879313432277
460,460,"Agent 2",1,82892,82892,32768,3,"mix_e0v4",128,0,0,56,0,128,"SQ_WAVES",1024.000000,26879311888550,26879313432277
461,461,"Agent 2",1,82892,82892,1536,30,"__amd_rocclr_fillBufferAligned",256,0,0,8,0,128,"GRBM_COUNT",153277.000000,26879313855672,26879313856583
461,461,"Agent 2",1,82892,82892,1536,30,"__amd_rocclr_fillBufferAligned",256,0,0,8,0,128,"GRBM_GUI_ACTIVE",153277.000000,26879313855672,26879313856583
461,461,"Agent 2",1,82892,82892,1536,30,"__amd_rocclr_fillBufferAligned",256,0,0,8,0,128,"SQ_BUSY_CYCLES",4904864.000000,26879313855672,26879313856583
461,461,"Agent 2",1,82892,82892,1536,30,"__amd_rocclr_fillBufferAligned",256,0,0,8,0,128,"SQ_CYCLES",4905376.000000,26879313855672,26879313856583
461,461,"Agent 2",1,82892,82892,1536,30,"__amd_rocclr_fillBufferAligned",256,0,0,8,0,128,"SQ_WAVES",48.000000,26879313855672,26879313856583
462,462,"Agent 2",1,82892,82892,32768,3,"mix_e0v4",128,0,0,56,0,128,"GRBM_COUNT",22409525.000000,26879314198629,26879315743600
462,462,"Agent 2",1,82892,82892,32768,3,"mix_e0v4",128,0,0,56,0,128,"GRBM_GUI_ACTIVE",22409525.000000,26879314198629,26879315743600
462,462,"Agent 2",1,82892,82892,32768,3,"mix_e0v4",128,0,0,56,0,128,"SQ_BUSY_CYCLES",717104800.000000,26879314198629,26879315743600
462,462,"Agent 2",1,82892,82892,32768,3,"mix_e0v4",128,0,0,56,0,128,"SQ_CYCLES",717105312.000000,26879314198629,26879315743600
462,462,"Agent 2",1,82892,82892,32768,3,"mix_e0v4",128,0,0,56,0,128,"SQ_WAVES",1024.000000,26879314198629,26879315743600
463,463,"Agent 2",1,82892,82892,3072,30,"__amd_rocclr_fillBufferAligned",256,0,0,8,0,128,"GRBM_COUNT",144782.000000,26879316242024,26879316243247
463,463,"Agent 2",1,82892,82892,3072,30,"__amd_rocclr_fillBufferAligned",256,0,0,8,0,128,"GRBM_GUI_ACTIVE",144782.000000,26879316242024,26879316243247
463,463,"Agent 2",1,82892,82892,3072,30,"__amd_rocclr_fillBufferAligned",256,0,0,8,0,128,"SQ_BUSY_CYCLES",4633024.000000,26879316242024,26879316243247
463,463,"Agent 2",1,82892,82892,3072,30,"__amd_rocclr_fillBufferAligned",256,0,0,8,0,128,"SQ_CYCLES",4633536.000000,26879316242024,26879316243247
463,463,"Agent 2",1,82892,82892,3072,30,"__amd_rocclr_fillBufferAligned",256,0,0,8,0,128,"SQ_WAVES",96.000000,26879316242024,26879316243247
464,464,"Agent 2",1,82892,82892,65536,3,"mix_e0v4",256,0,0,56,0,128,"GRBM_COUNT",20676815.000000,26879316584190,26879318038203
464,464,"Agent 2",1,82892,82892,65536,3,"mix_e0v4",256,0,0,56,0,128,"GRBM_GUI_ACTIVE",20676815.000000,26879316584190,26879318038203
464,464,"Agent 2",1,82892,82892,65536,3,"mix_e0v4",256,0,0,56,0,128,"SQ_BUSY_CYCLES",608322397.000000,26879316584190,26879318038203
464,464,"Agent 2",1,82892,82892,65536,3,"mix_e0v4",256,0,0,56,0,128,"SQ_CYCLES",661658592.000000,26879316584190,26879318038203
464,464,"Agent 2",1,82892,82892,65536,3,"mix_e0v4",256,0,0,56,0,128,"SQ_WAVES",2048.000000,26879316584190,26879318038203
465,465,"Agent 2",1,82892,82892,3072,30,"__amd_rocclr_fillBufferAligned",256,0,0,8,0,128,"GRBM_COUNT",146713.000000,26879318436647,26879318438539
465,465,"Agent 2",1,82892,82892,3072,30,"__amd_rocclr_fillBufferAligned",256,0,0,8,0,128,"GRBM_GUI_ACTIVE",146713.000000,26879318436647,26879318438539
465,465,"Agent 2",1,82892,82892,3072,30,"__amd_rocclr_fillBufferAligned",256,0,0,8,0,128,"SQ_BUSY_CYCLES",4694791.000000,26879318436647,26879318438539
465,465,"Agent 2",1,82892,82892,3072,30,"__amd_rocclr_fillBufferAligned",256,0,0,8,0,128,"SQ_CYCLES",4695328.000000,26879318436647,26879318438539
465,465,"Agent 2",1,82892,82892,3072,30,"__amd_rocclr_fillBufferAligned",256,0,0,8,0,128,"SQ_WAVES",96.000000,26879318436647,26879318438539
466,466,"Agent 2",1,82892,82892,65536,3,"mix_e0v4",256,0,0,56,0,128,"GRBM_COUNT",20563238.000000,26879318784119,26879320268575
466,466,"Agent 2",1,82892,82892,65536,3,"mix_e0v4",256,0,0,56,0,128,"GRBM_GUI_ACTIVE",20563238.000000,26879318784119,26879320268575
466,466,"Agent 2",1,82892,82892,65536,3,"mix_e0v4",256,0,0,56,0,128,"SQ_BUSY_CYCLES",588279651.000000,26879318784119,26879320268575
466,466,"Agent 2",1,82892,82892,65536,3,"mix_e0v4",256,0,0,56,0,128,"SQ_CYCLES",658024128.000000,26879318784119,26879320268575
466,466,"Agent 2",1,82892,82892,65536,3,"mix_e0v4",256,0,0,56,0,128,"SQ_WAVES",2048.000000,26879318784119,26879320268575
467,467,"Agent 2",1,82892,82892,3072,30,"__amd_rocclr_fillBufferAligned",256,0,0,8,0,128,"GRBM_COUNT",143913.000000,26879320662021,26879320663570
467,467,"Agent 2",1,82892,82892,3072,30,"__amd_rocclr_fillBufferAligned",256,0,0,8,0,128,"GRBM_GUI_ACTIVE",143913.000000,26879320662021,26879320663570
467,467,"Agent 2",1,82892,82892,3072,30,"__amd_rocclr_fillBufferAligned",256,0,0,8,0,128,"SQ_BUSY_CYCLES",4605216.000000,26879320662021,26879320663570
467,467,"Agent 2",1,82892,82892,3072,30,"__amd_rocclr_fillBufferAligned",256,0,0,8,0,128,"SQ_CYCLES",4605728.000000,26879320662021,26879320663570
467,467,"Agent 2",1,82892,82892,3072,30,"__amd_rocclr_fillBufferAligned",256,0,0,8,0,128,"SQ_WAVES",96.000000,26879320662021,26879320663570
468,468,"Agent 2",1,82892,82892,65536,3,"mix_e0v4",256,0,0,56,0,128,"GRBM_COUNT",20690876.000000,26879320992748,26879322451416
468,468,"Agent 2",1,82892,82892,65536,3,"mix_e0v4",256,0,0,56,0,128,"GRBM_GUI_ACTIVE",20690876.000000,26879320992748,26879322451416
468,468,"Agent 2",1,82892,82892,65536,3,"mix_e0v4",256,0,0,56,0,128,"SQ_BUSY_CYCLES",662108032.000000,26879320992748,26879322451416
468,468,"Agent 2",1,82892,82892,65536,3,"mix_e0v4",256,0,0,56,0,128,"SQ_CYCLES",662108544.000000,26879320992748,26879322451416
468,468,"Agent 2",1,82892,82892,65536,3,"mix_e0v4",256,0,0,56,0,128,"SQ_WAVES",2048.000000,26879320992748,26879322451416
469,469,"Agent 2",1,82892,82892,3072,30,"__amd_rocclr_fillBufferAligned",256,0,0,8,0,128,"GRBM_COUNT",151121.000000,26879322941046,26879322942673
469,469,"Agent 2",1,82892,82892,3072,30,"__amd_rocclr_fillBufferAligned",256,0,0,8,0,128,"GRBM_GUI_ACTIVE",151121.000000,26879322941046,26879322942673
469,469,"Agent 2",1,82892,82892,3072,30,"__amd_rocclr_fillBufferAligned",256,0,0,8,0,128,"SQ_BUSY_CYCLES",4835872.000000,26879322941046,26879322942673
469,469,"Agent 2",1,82892,82892,3072,30,"__amd_rocclr_fillBufferAligned",256,0,0,8,0,128,"SQ_CYCLES",4836384.000000,26879322941046,26879322942673
469,469,"Agent 2",1,82892,82892,3072,30,"__amd_rocclr_fillBufferAligned",256,0,0,8,0,128,"SQ_WAVES",96.000000,26879322941046,26879322942673
470,470,"Agent 2",1,82892,82892,65536,3,"mix_e0v4",256,0,0,56,0,128,"GRBM_COUNT",20684252.000000,26879323280715,26879324754119
470,470,"Agent 2",1,82892,82892,65536,3,"mix_e0v4",256,0,0,56,0,128,"GRBM_GUI_ACTIVE",20684252.000000,26879323280715,26879324754119
470,470,"Agent 2",1,82892,82892,65536,3,"mix_e0v4",256,0,0,56,0,128,"SQ_BUSY_CYCLES",606512156.000000,26879323280715,26879324754119
470,470,"Agent 2",1,82892,82892,65536,3,"mix_e0v4",256,0,0,56,0,128,"SQ_CYCLES",661896576.000000,26879323280715,26879324754119
470,470,"Agent 2",1,82892,82892,65536,3,"mix_e0v4",256,0,0,56,0,128,"SQ_WAVES",2048.000000,26879323280715,26879324754119
471,471,"Agent 2",1,82892,82892,3072,30,"__amd_rocclr_fillBufferAligned",256,0,0,8,0,128,"GRBM_COUNT",143119.000000,26879325273053,26879325274006
471,471,"Agent 2",1,82892,82892,3072,30,"__amd_rocclr_fillBufferAligned",256,0,0,8,0,128,"GRBM_GUI_ACTIVE",143119.000000,26879325273053,26879325274006
471,471,"Agent 2",1,82892,82892,3072,30,"__amd_rocclr_fillBufferAligned",256,0,0,8,0,128,"SQ_BUSY_CYCLES",4579796.000000,26879325273053,26879325274006
471,471,"Agent 2",1,82892,82892,3072,30,"__amd_rocclr_fillBufferAligned",256,0,0,8,0,128,"SQ_CYCLES",4580320.000000,26879325273053,26879325274006
471,471,"Agent 2",1,82892,82892,3072,30,"__amd_rocclr_fillBufferAligned",256,0,0,8,0,128,"SQ_WAVES",96.000000,26879325273053,26879325274006
472,472,"Agent 2",1,82892,82892,65536,3,"mix_e0v4",256,0,0,56,0,128,"GRBM_COUNT",20650351.000000,26879325611888,26879327074452
472,472,"Agent 2",1,82892,82892,65536,3,"mix_e0v4",256,0,0,56,0,128,"GRBM_GUI_ACTIVE",20650351.000000,26879325611888,26879327074452
472,472,"Agent 2",1,82892,82892,65536,3,"mix_e0v4",256,0,0,56,0,128,"SQ_BUSY_CYCLES",652605098.000000,26879325611888,26879327074452
472,472,"Agent 2",1,82892,82892,65536,3,"mix_e0v4",256,0,0,56,0,128,"SQ_CYCLES",660811744.000000,26879325611888,26879327074452
472,472,"Agent 2",1,82892,82892,65536,3,"mix_e0v4",256,0,0,56,0,128,"SQ_WAVES",2048.000000,26879325611888,26879327074452
473,473,"Agent 2",1,82892,82892,3072,30,"__amd_rocclr_fillBufferAligned",256,0,0,8,0,128,"GRBM_COUNT",143065.000000,26879327567322,26879327567569
473,473,"Agent 2",1,82892,82892,3072,30,"__amd_rocclr_fillBufferAligned",256,0,0,8,0,128,"GRBM_GUI_ACTIVE",143065.000000,26879327567322,26879327567569
473,473,"Agent 2",1,82892,82892,3072,30,"__amd_rocclr_fillBufferAligned",256,0,0,8,0,128,"SQ_BUSY_CYCLES",4578080.000000,26879327567322,26879327567569
473,473,"Agent 2",1,82892,82892,3072,30,"__amd_rocclr_fillBufferAligned",256,0,0,8,0,128,"SQ_CYCLES",4578592.000000,26879327567322,26879327567569
473,473,"Agent 2",1,82892,82892,3072,30,"__amd_rocclr_fillBufferAligned",256,0,0,8,0,128,"SQ_WAVES",96.000000,26879327567322,26879327567569
474,474,"Agent 2",1,82892,82892,65536,3,"mix_e0v4",256,0,0,56,0,128,"GRBM_COUNT",20619885.000000,26879327904781,26879329359424
474,474,"Agent 2",1,82892,82892,65536,3,"mix_e0v4",256,0,0,56,0,128,"GRBM_GUI_ACTIVE",20619885.000000,26879327904781,26879329359424
474,474,"Agent 2",1,82892,82892,65536,3,"mix_e0v4",256,0,0,56,0,128,"SQ_BUSY_CYCLES",655732747.000000,26879327904781,26879329359424
474,474,"Agent 2",1,82892,82892,65536,3,"mix_e0v4",256,0,0,56,0,128,"SQ_CYCLES",659836832.000000,26879327904781,26879329359424
474,474,"Agent 2",1,82892,82892,65536,3,"mix_e0v4",256,0,0,56,0,128,"SQ_WAVES",2048.000000,26879327904781,26879329359424
475,475,"Agent 2",1,82892,82892,3072,30,"__amd_rocclr_fillBufferAligned",256,0,0,8,0,128,"GRBM_COUNT",158693.000000,26879329854404,26879329856022
475,475,"Agent 2",1,82892,82892,3072,30,"__amd_rocclr_fillBufferAligned",256,0,0,8,0,128,"GRBM_GUI_ACTIVE",158693.000000,26879329854404,26879329856022
475,475,"Agent 2",1,82892,82892,3072,30,"__amd_rocclr_fillBufferAligned",256,0,0,8,0,128,"SQ_BUSY_CYCLES",5078171.000000,26879329854404,26879329856022
475,475,"Agent 2",1,82892,82892,3072,30,"__amd_rocclr_fillBufferAligned",256,0,0,8,0,128,"SQ_CYCLES",5078688.000000,26879329854404,26879329856022
475,475,"Agent 2",1,82892,82892,3072,30,"__amd_rocclr_fillBufferAligned",256,0,0,8,0,128,"SQ_WAVES",96.000000,26879329854404,26879329856022
476,476,"Agent 2",1,82892,82892,65536,3,"mix_e0v4",256,0,0,56,0,128,"GRBM_COUNT",20526106.000000,26879330181859,26879331637417
476,476,"Agent 2",1,82892,82892,65536,3,"mix_e0v4",256,0,0,56,0,128,"GRBM_GUI_ACTIVE",20526106.000000,26879330181859,26879331637417
476,476,"Agent 2",1,82892,82892,65536,3,"mix_e0v4",256,0,0,56,0,128,"SQ_BUSY_CYCLES",597349628.000000,26879330181859,26879331637417
476,476,"Agent 2",1,82892,82892,65536,3,"mix_e0v4",256,0,0,56,0,128,"SQ_CYCLES",656835904.000000,26879330181859,26879331637417
476,476,"Agent 2",1,82892,82892,65536,3,"mix_e0v4",256,0,0,56,0,128,"SQ_WAVES",2048.000000,26879330181859,26879331637417
477,477,"Agent 2",1,82892,82892,1536,30,"__amd_rocclr_fillBufferAligned",256,0,0,8,0,128,"GRBM_COUNT",143619.000000,26879332231152,26879332232935
477,477,"Agent 2",1,82892,82892,1536,30,"__amd_rocclr_fillBufferAligned",256,0,0,8,0,128,"GRBM_GUI_ACTIVE",143619.000000,26879332231152,26879332232935
477,477,"Agent 2",1,82892,82892,1536,30,"__amd_rocclr_fillBufferAligned",256,0,0,8,0,128,"SQ_BUSY_CYCLES",4595808.000000,26879332231152,26879332232935
477,477,"Agent 2",1,82892,82892,1536,30,"__amd_rocclr_fillBufferAligned",256,0,0,8,0,128,"SQ_CYCLES",4596320.000000,26879332231152,26879332232935
477,477,"Agent 2",1,82892,82892,1536,30,"__amd_rocclr_fillBufferAligned",256,0,0,8,0,128,"SQ_WAVES",48.000000,26879332231152,26879332232935
478,478,"Agent 2",1,82892,82892,32768,7,"mix_e0v8",128,0,0,56,0,128,"GRBM_COUNT",35394860.000000,26879332566462,26879334832082
478,478,"Agent 2",1,82892,82892,32768,7,"mix_e0v8",128,0,0,56,0,128,"GRBM_GUI_ACTIVE",35394860.000000,26879332566462,26879334832082
478,478,"Agent 2",1,82892,82892,32768,7,"mix_e0v8",128,0,0,56,0,128,"SQ_BUSY_CYCLES",1132635520.000000,26879332566462,26879334832082
478,478,"Agent 2",1,82892,82892,32768,7,"mix_e0v8",128,0,0,56,0,128,"SQ_CYCLES",1132636032.000000,26879332566462,26879334832082
478,478,"Agent 2",1,82892,82892,32768,7,"mix_e0v8",128,0,0,56,0,128,"SQ_WAVES",1024.000000,26879332566462,26879334832082
479,479,"Agent 2",1,82892,82892,1536,30,"__amd_rocclr_fillBufferAligned",256,0,0,8,0,128,"GRBM_COUNT",152119.000000,26879335211327,26879335212938
479,479,"Agent 2",1,82892,82892,1536,30,"__amd_rocclr_fillBufferAligned",256,0,0,8,0,128,"GRBM_GUI_ACTIVE",152119.000000,26879335211327,26879335212938
479,479,"Agent 2",1,82892,82892,1536,30,"__amd_rocclr_fillBufferAligned",256,0,0,8,0,128,"SQ_BUSY_CYCLES",4867808.000000,26879335211327,26879335212938
479,479,"Agent 2",1,82892,82892,1536,30,"__amd_rocclr_fillBufferAligned",256,0,0,8,0,128,"SQ_CYCLES",4868320.000000,26879335211327,26879335212938
479,479,"Agent 2",1,82892,82892,1536,30,"__amd_rocclr_fillBufferAligned",256,0,0,8,0,128,"SQ_WAVES",48.000000,26879335211327,26879335212938
480,480,"Agent 2",1,82892,82892,32768,7,"mix_e0v8",128,0,0,56,0,128,"GRBM_COUNT",35293884.000000,26879335551528,26879337783935
480,480,"Agent 2",1,82892,82892,32768,7,"mix_e0v8",128,0,0,56,0,128,"GRBM_GUI_ACTIVE",35293884.000000,26879335551528,26879337783935
480,480,"Agent 2",1,82892,82892,32768,7,"mix_e0v8",128,0,0,56,0,128,"SQ_BUSY_CYCLES",1129404288.000000,26879335551528,26879337783935
480,480,"Agent 2",1,82892,82892,32768,7,"mix_e0v8",128,0,0,56,0,128,"SQ_CYCLES",1129404800.000000,26879335551528,26879337783935
480,480,"Agent 2",1,82892,82892,32768,7,"mix_e0v8",128,0,0,56,0,128,"SQ_WAVES",1024.000000,26879335551528,26879337783935
481,481,"Agent 2",1,82892,82892,1536,30,"__amd_rocclr_fillBufferAligned",256,0,0,8,0,128,"GRBM_COUNT",144961.000000,26879338169863,26879338171500
481,481,"Agent 2",1,82892,82892,1536,30,"__amd_rocclr_fillBufferAligned",256,0,0,8,0,128,"GRBM_GUI_ACTIVE",144961.000000,26879338169863,26879338171500
481,481,"Agent 2",1,82892,82892,1536,30,"__amd_rocclr_fillBufferAligned",256,0,0,8,0,128,"SQ_BUSY_CYCLES",4638752.000000,26879338169863,26879338171500
481,481,"Agent 2",1,82892,82892,1536,30,"__amd_rocclr_fillBufferAligned",256,0,0,8,0,128,"SQ_CYCLES",4639264.000000,26879338169863,26879338171500
481,481,"Agent 2",1,82892,82892,1536,30,"__amd_rocclr_fillBufferAligned",256,0,0,8,0,128,"SQ_WAVES",48.000000,26879338169863,26879338171500
482,482,"Agent 2",1,82892,82892,32768,7,"mix_e0v8",128,0,0,56,0,128,"GRBM_COUNT",35378683.000000,26879338508334,26879340759537
482,482,"Agent 2",1,82892,82892,32768,7,"mix_e0v8",128,0,0,56,0,128,"GRBM_GUI_ACTIVE",35378683.000000,26879338508334,26879340759537
482,482,"Agent 2",1,82892,82892,32768,7,"mix_e0v8",128,0,0,56,0,128,"SQ_BUSY_CYCLES",1132117856.000000,26879338508334,26879340759537
482,482,"Agent 2",1,82892,82892,32768,7,"mix_e0v8",128,0,0,56,0,128,"SQ_CYCLES",1132118368.000000,26879338508334,26879340759537
482,482,"Agent 2",1,82892,82892,32768,7,"mix_e0v8",128,0,0,56,0,128,"SQ_WAVES",1024.000000,26879338508334,26879340759537
483,483,"Agent 2",1,82892,82892,1536,30,"__amd_rocclr_fillBufferAligned",256,0,0,8,0,128,"GRBM_COUNT",150350.000000,26879341224991,26879341226104
483,483,"Agent 2",1,82892,82892,1536,30,"__amd_rocclr_fillBufferAligned",256,0,0,8,0,128,"GRBM_GUI_ACTIVE",150350.000000,26879341224991,26879341226104
483,483,"Agent 2",1,82892,82892,1536,30,"__amd_rocclr_fillBufferAligned",256,0,0,8,0,128,"SQ_BUSY_CYCLES",4811200.000000,26879341224991,26879341226104
483,483,"Agent 2",1,82892,82892,1536,30,"__amd_rocclr_fillBufferAligned",256,0,0,8,0,128,"SQ_CYCLES",4811712.000000,26879341224991,26879341226104
483,483,"Agent 2",1,82892,82892,1536,30,"__amd_rocclr_fillBufferAligned",256,0,0,8,0,128,"SQ_WAVES",48.000000,26879341224991,26879341226104
484,484,"Agent 2",1,82892,82892,32768,7,"mix_e0v8",128,0,0,56,0,128,"GRBM_COUNT",35312835.000000,26879341565921,26879343814771
484,484,"Agent 2",1,82892,82892,32768,7,"mix_e0v8",128,0,0,56,0,128,"GRBM_GUI_ACTIVE",35312835.000000,26879341565921,26879343814771
484,484,"Agent 2",1,82892,82892,32768,7,"mix_e0v8",128,0,0,56,0,128,"SQ_BUSY_CYCLES",1130010720.000000,26879341565921,26879343814771
484,484,"Agent 2",1,82892,82892,32768,7,"mix_e0v8",128,0,0,56,0,128,"SQ_CYCLES",1130011232.000000,26879341565921,26879343814771
484,484,"Agent 2",1,82892,82892,32768,7,"mix_e0v8",128,0,0,56,0,128,"SQ_WAVES",1024.000000,26879341565921,26879343814771
485,485,"Agent 2",1,82892,82892,1536,30,"__amd_rocclr_fillBufferAligned",256,0,0,8,0,128,"GRBM_COUNT",148166.000000,26879344249546,26879344251217
485,485,"Agent 2",1,82892,82892,1536,30,"__amd_rocclr_fillBufferAligned",256,0,0,8,0,128,"GRBM_GUI_ACTIVE",148166.000000,26879344249546,26879344251217
485,485,"Agent 2",1,82892,82892,1536,30,"__amd_rocclr_fillBufferAligned",256,0,0,8,0,128,"SQ_BUSY_CYCLES",4741312.000000,26879344249546,26879344251217
485,485,"Agent 2",1,82892,82892,1536,30,"__amd_rocclr_fillBufferAligned",256,0,0,8,0,128,"SQ_CYCLES",4741824.000000,26879344249546,26879344251217
485,485,"Agent 2",1,82892,82892,1536,30,"__amd_rocclr_fillBufferAligned",256,0,0,8,0,128,"SQ_WAVES",48.000000,26879344249546,26879344251217
486,486,"Agent 2",1,82892,82892,32768,7,"mix_e0v8",128,0,0,56,0,128,"GRBM_COUNT",35385052.000000,26879344590039,26879346834144
486,486,"Agent 2",1,82892,82892,32768,7,"mix_e0v8",128,0,0,56,0,128,"GRBM_GUI_ACTIVE",35385052.000000,26879344590039,26879346834144
486,486,"Agent 2",1,82892,82892,32768,7,"mix_e0v8",128,0,0,56,0,128,"SQ_BUSY_CYCLES",1132321664.000000,26879344590039,26879346834144
486,486,"Agent 2",1,82892,82892,32768,7,"mix_e0v8",128,0,0,56,0,128,"SQ_CYCLES",1132322176.000000,26879344590039,26879346834144
486,486,"Agent 2",1,82892,82892,32768,7,"mix_e0v8",128,0,0,56,0,128,"SQ_WAVES",1024.000000,26879344590039,26879346834144
487,487,"Agent 2",1,82892,82892,1536,30,"__amd_rocclr_fillBufferAligned",256,0,0,8,0,128,"GRBM_COUNT",146876.000000,26879347263283,26879347264290
487,487,"Agent 2",1,82892,82892,1536,30,"__amd_rocclr_fillBufferAligned",256,0,0,8,0,128,"GRBM_GUI_ACTIVE",146876.000000,26879347263283,26879347264290
487,487,"Agent 2",1,82892,82892,1536,30,"__amd_rocclr_fillBufferAligned",256,0,0,8,0,128,"SQ_BUSY_CYCLES",4700032.000000,26879347263283,26879347264290
487,487,"Agent 2",1,82892,82892,1536,30,"__amd_rocclr_fillBufferAligned",256,0,0,8,0,128,"SQ_CYCLES",4700544.000000,26879347263283,26879347264290
487,487,"Agent 2",1,82892,82892,1536,30,"__amd_rocclr_fillBufferAligned",256,0,0,8,0,128,"SQ_WAVES",48.000000,26879347263283,26879347264290
488,488,"Agent 2",1,82892,82892,32768,7,"mix_e0v8",128,0,0,56,0,128,"GRBM_COUNT",35359069.000000,26879347606913,26879349850757
488,488,"Agent 2",1,82892,82892,32768,7,"mix_e0v8",128,0,0,56,0,128,"GRBM_GUI_ACTIVE",35359069.000000,26879347606913,26879349850757
488,488,"Agent 2",1,82892,82892,32768,7,"mix_e0v8",128,0,0,56,0,128,"SQ_BUSY_CYCLES",1131490208.000000,26879347606913,26879349850757
488,488,"Agent 2",1,82892,82892,32768,7,"mix_e0v8",128,0,0,56,0,128,"SQ_CYCLES",1131490720.000000,26879347606913,26879349850757
488,488,"Agent 2",1,82892,82892,32768,7,"mix_e0v8",128,0,0,56,0,128,"SQ_WAVES",1024.000000,26879347606913,26879349850757
489,489,"Agent 2",1,82892,82892,1536,30,"__amd_rocclr_fillBufferAligned",256,0,0,8,0,128,"GRBM_COUNT",152983.000000,26879350279175,26879350280143
489,489,"Agent 2",1,82892,82892,1536,30,"__amd_rocclr_fillBufferAligned",256,0,0,8,0,128,"GRBM_GUI_ACTIVE",152983.000000,26879350279175,26879350280143
489,489,"Agent 2",1,82892,82892,1536,30,"__amd_rocclr_fillBufferAligned",256,0,0,8,0,128,"SQ_BUSY_CYCLES",4895456.000000,26879350279175,26879350280143
489,489,"Agent 2",1,82892,82892,1536,30,"__amd_rocclr_fillBufferAligned",256,0,0,8,0,128,"SQ_CYCLES",4895968.000000,26879350279175,26879350280143
489,489,"Agent 2",1,82892,82892,1536,30,"__amd_rocclr_fillBufferAligned",256,0,0,8,0,128,"SQ_WAVES",48.000000,26879350279175,26879350280143
490,490,"Agent 2",1,82892,82892,32768,7,"mix_e0v8",128,0,0,56,0,128,"GRBM_COUNT",35336322.000000,26879350617971,26879352853450
490,490,"Agent 2",1,82892,82892,32768,7,"mix_e0v8",128,0,0,56,0,128,"GRBM_GUI_ACTIVE",35336322.000000,26879350617971,26879352853450
490,490,"Agent 2",1,82892,82892,32768,7,"mix_e0v8",128,0,0,56,0,128,"SQ_BUSY_CYCLES",1130762304.000000,26879350617971,26879352853450
490,490,"Agent 2",1,82892,82892,32768,7,"mix_e0v8",128,0,0,56,0,128,"SQ_CYCLES",1130762816.000000,26879350617971,26879352853450
490,490,"Agent 2",1,82892,82892,32768,7,"mix_e0v8",128,0,0,56,0,128,"SQ_WAVES",1024.000000,26879350617971,26879352853450
491,491,"Agent 2",1,82892,82892,3072,30,"__amd_rocclr_fillBufferAligned",256,0,0,8,0,128,"GRBM_COUNT",152193.000000,26879353345672,26879353345917
491,491,"Agent 2",1,82892,82892,3072,30,"__amd_rocclr_fillBufferAligned",256,0,0,8,0,128,"GRBM_GUI_ACTIVE",152193.000000,26879353345672,26879353345917
491,491,"Agent 2",1,82892,82892,3072,30,"__amd_rocclr_fillBufferAligned",256,0,0,8,0,128,"SQ_BUSY_CYCLES",4870176.000000,26879353345672,26879353345917
491,491,"Agent 2",1,82892,82892,3072,30,"__amd_rocclr_fillBufferAligned",256,0,0,8,0,128,"SQ_CYCLES",4870688.000000,26879353345672,26879353345917
491,491,"Agent 2",1,82892,82892,3072,30,"__amd_rocclr_fillBufferAligned",256,0,0,8,0,128,"SQ_WAVES",96.000000,26879353345672,26879353345917
492,492,"Agent 2",1,82892,82892,65536,7,"mix_e0v8",256,0,0,56,0,128,"GRBM_COUNT",27679202.000000,26879353682461,26879355532338
492,492,"Agent 2",1,82892,82892,65536,7,"mix_e0v8",256,0,0,56,0,128,"GRBM_GUI_ACTIVE",27679202.000000,26879353682461,26879355532338
492,492,"Agent 2",1,82892,82892,65536,7,"mix_e0v8",256,0,0,56,0,128,"SQ_BUSY_CYCLES",885734464.000000,26879353682461,26879355532338
492,492,"Agent 2",1,82892,82892,65536,7,"mix_e0v8",256,0,0,56,0,128,"SQ_CYCLES",885734976.000000,26879353682461,26879355532338
492,492,"Agent 2",1,82892,82892,65536,7,"mix_e0v8",256,0,0,56,0,128,"SQ_WAVES",2048.000000,26879353682461,26879355532338
493,493,"Agent 2",1,82892,82892,3072,30,"__amd_rocclr_fillBufferAligned",256,0,0,8,0,128,"GRBM_COUNT",155798.000000,26879355931195,26879355931484
493,493,"Agent 2",1,82892,82892,3072,30,"__amd_rocclr_fillBufferAligned",256,0,0,8,0,128,"GRBM_GUI_ACTIVE",155798.000000,26879355931195,26879355931484
493,493,"Agent 2",1,82892,82892,3072,30,"__amd_rocclr_fillBufferAligned",256,0,0,8,0,128,"SQ_BUSY_CYCLES",4985536.000000,26879355931195,26879355931484
493,493,"Agent 2",1,82892,82892,3072,30,"__amd_rocclr_fillBufferAligned",256,0,0,8,0,128,"SQ_CYCLES",4986048.000000,26879355931195,26879355931484
493,493,"Agent 2",1,82892,82892,3072,30,"__amd_rocclr_fillBufferAligned",256,0,0,8,0,128,"SQ_WAVES",96.000000,26879355931195,26879355931484
494,494,"Agent 2",1,82892,82892,65536,7,"mix_e0v8",256,0,0,56,0,128,"GRBM_COUNT",27628677.000000,26879356270819,26879358225816
494,494,"Agent 2",1,82892,82892,65536,7,"mix_e0v8",256,0,0,56,0,128,"GRBM_GUI_ACTIVE",27628677.000000,26879356270819,26879358225816
494,494,"Agent 2",1,82892,82892,65536,7,"mix_e0v8",256,0,0,56,0,128,"SQ_BUSY_CYCLES",884117664.000000,26879356270819,26879358225816
494,494,"Agent 2",1,82892,82892,65536,7,"mix_e0v8",256,0,0,56,0,128,"SQ_CYCLES",884118176.000000,26879356270819,26879358225816
494,494,"Agent 2",1,82892,82892,65536,7,"mix_e0v8",256,0,0,56,0,128,"SQ_WAVES",2048.000000,26879356270819,26879358225816
495,495,"Agent 2",1,82892,82892,3072,30,"__amd_rocclr_fillBufferAligned",256,0,0,8,0,128,"GRBM_COUNT",154387.000000,26879358618373,26879358619322
495,495,"Agent 2",1,82892,82892,3072,30,"__amd_rocclr_fillBufferAligned",256,0,0,8,0,128,"GRBM_GUI_ACTIVE",154387.000000,26879358618373,26879358619322
495,495,"Agent 2",1,82892,82892,3072,30,"__amd_rocclr_fillBufferAligned",256,0,0,8,0,128,"SQ_BUSY_CYCLES",4940384.000000,26879358618373,26879358619322
495,495,"Agent 2",1,82892,82892,3072,30,"__amd_rocclr_fillBufferAligned",256,0,0,8,0,128,"SQ_CYCLES",4940896.000000,26879358618373,26879358619322
495,495,"Agent 2",1,82892,82892,3072,30,"__amd_rocclr_fillBufferAligned",256,0,0,8,0,128,"SQ_WAVES",96.000000,26879358618373,26879358619322
496,496,"Agent 2",1,82892,82892,65536,7,"mix_e0v8",256,0,0,56,0,128,"GRBM_COUNT",27646095.000000,26879358945861,26879360783533
496,496,"Agent 2",1,82892,82892,65536,7,"mix_e0v8",256,0,0,56,0,128,"GRBM_GUI_ACTIVE",27646095.000000,26879358945861,26879360783533
496,496,"Agent 2",1,82892,82892,65536,7,"mix_e0v8",256,0,0,56,0,128,"SQ_BUSY_CYCLES",884675040.000000,26879358945861,26879360783533
496,496,"Agent 2",1,82892,82892,65536,7,"mix_e0v8",256,0,0,56,0,128,"SQ_CYCLES",884675552.000000,26879358945861,26879360783533
496,496,"Agent 2",1,82892,82892,65536,7,"mix_e0v8",256,0,0,56,0,128,"SQ_WAVES",2048.000000,26879358945861,26879360783533
497,497,"Agent 2",1,82892,82892,3072,30,"__amd_rocclr_fillBufferAligned",256,0,0,8,0,128,"GRBM_COUNT",152126.000000,26879361325752,26879361326751
497,497,"Agent 2",1,82892,82892,3072,30,"__amd_rocclr_fillBufferAligned",256,0,0,8,0,128,"GRBM_GUI_ACTIVE",152126.000000,26879361325752,26879361326751
497,497,"Agent 2",1,82892,82892,3072,30,"__amd_rocclr_fillBufferAligned",256,0,0,8,0,128,"SQ_BUSY_CYCLES",4868032.000000,26879361325752,26879361326751
497,497,"Agent 2",1,82892,82892,3072,30,"__amd_rocclr_fillBufferAligned",256,0,0,8,0,128,"SQ_CYCLES",4868544.000000,26879361325752,26879361326751
497,497,"Agent 2",1,82892,82892,3072,30,"__amd_rocclr_fillBufferAligned",256,0,0,8,0,128,"SQ_WAVES",96.000000,26879361325752,26879361326751
498,498,"Agent 2",1,82892,82892,65536,7,"mix_e0v8",256,0,0,56,0,128,"GRBM_COUNT",27723956.000000,26879361672006,26879363547562
498,498,"Agent 2",1,82892,82892,65536,7,"mix_e0v8",256,0,0,56,0,128,"GRBM_GUI_ACTIVE",27723956.000000,26879361672006,26879363547562
498,498,"Agent 2",1,82892,82892,65536,7,"mix_e0v8",256,0,0,56,0,128,"SQ_BUSY_CYCLES",887166592.000000,26879361672006,26879363547562
498,498,"Agent 2",1,82892,82892,65536,7,"mix_e0v8",256,0,0,56,0,128,"SQ_CYCLES",887167104.000000,26879361672006,26879363547562
498,498,"Agent 2",1,82892,82892,65536,7,"mix_e0v8",256,0,0,56,0,128,"SQ_WAVES",2048.000000,26879361672006,26879363547562
499,499,"Agent 2",1,82892,82892,3072,30,"__amd_rocclr_fillBufferAligned",256,0,0,8,0,128,"GRBM_COUNT",152142.000000,26879364063971,26879364064320
499,499,"Agent 2",1,82892,82892,3072,30,"__amd_rocclr_fillBufferAligned",256,0,0,8,0,128,"GRBM_GUI_ACTIVE",152142.000000,26879364063971,26879364064320
499,499,"Agent 2",1,82892,82892,3072,30,"__amd_rocclr_fillBufferAligned",256,0,0,8,0,128,"SQ_BUSY_CYCLES",4868544.000000,26879364063971,26879364064320
499,499,"Agent 2",1,82892,82892,3072,30,"__amd_rocclr_fillBufferAligned",256,0,0,8,0,128,"SQ_CYCLES",4869056.000000,26879364063971,26879364064320
499,499,"Agent 2",1,82892,82892,3072,30,"__amd_rocclr_fillBufferAligned",256,0,0,8,0,128,"SQ_WAVES",96.000000,26879364063971,26879364064320
500,500,"Agent 2",1,82892,82892,65536,7,"mix_e0v8",256,0,0,56,0,128,"GRBM_COUNT",27939498.000000,26879364399077,26879366332542
500,500,"Agent 2",1,82892,82892,65536,7,"mix_e0v8",256,0,0,56,0,128,"GRBM_GUI_ACTIVE",27939498.000000,26879364399077,26879366332542
500,500,"Agent 2",1,82892,82892,65536,7,"mix_e0v8",256,0,0,56,0,128,"SQ_BUSY_CYCLES",894063936.000000,26879364399077,26879366332542
500,500,"Agent 2",1,82892,82892,65536,7,"mix_e0v8",256,0,0,56,0,128,"SQ_CYCLES",894064448.000000,26879364399077,26879366332542
500,500,"Agent 2",1,82892,82892,65536,7,"mix_e0v8",256,0,0,56,0,128,"SQ_WAVES",2048.000000,26879364399077,26879366332542
501,501,"Agent 2",1,82892,82892,3072,30,"__amd_rocclr_fillBufferAligned",256,0,0,8,0,128,"GRBM_COUNT",144140.000000,26879366832900,26879366833859
501,501,"Agent 2",1,82892,82892,3072,30,"__amd_rocclr_fillBufferAligned",256,0,0,8,0,128,"GRBM_GUI_ACTIVE",144140.000000,26879366832900,26879366833859
501,501,"Agent 2",1,82892,82892,3072,30,"__amd_rocclr_fillBufferAligned",256,0,0,8,0,128,"SQ_BUSY_CYCLES",4612480.000000,26879366832900,26879366833859
501,501,"Agent 2",1,82892,82892,3072,30,"__amd_rocclr_fillBufferAligned",256,0,0,8,0,128,"SQ_CYCLES",4612992.000000,26879366832900,26879366833859
501,501,"Agent 2",1,82892,82892,3072,30,"__amd_rocclr_fillBufferAligned",256,0,0,8,0,128,"SQ_WAVES",96.000000,26879366832900,26879366833859
502,502,"Agent 2",1,82892,82892,65536,7,"mix_e0v8",256,0,0,56,0,128,"GRBM_COUNT",27758455.000000,26879367176557,26879369051261
502,502,"Agent 2",1,82892,82892,65536,7,"mix_e0v8",256,0,0,56,0,128,"GRBM_GUI_ACTIVE",27758455.000000,26879367176557,26879369051261
502,502,"Agent 2",1,82892,82892,65536,7,"mix_e0v8",256,0,0,56,0,128,"SQ_BUSY_CYCLES",888270560.000000,26879367176557,26879369051261
502,502,"Agent 2",1,82892,82892,65536,7,"mix_e0v8",256,0,0,56,0,128,"SQ_CYCLES",888271072.000000,26879367176557,26879369051261
502,502,"Agent 2",1,82892,82892,65536,7,"mix_e0v8",256,0,0,56,0,128,"SQ_WAVES",2048.000000,26879367176557,26879369051261
503,503,"Agent 2",1,82892,82892,3072,30,"__amd_rocclr_fillBufferAligned",256,0,0,8,0,128,"GRBM_COUNT",149464.000000,26879369575311,26879369575909
503,503,"Agent 2",1,82892,82892,3072,30,"__amd_rocclr_fillBufferAligned",256,0,0,8,0,128,"GRBM_GUI_ACTIVE",149464.000000,26879369575311,26879369575909
503,503,"Agent 2",1,82892,82892,3072,30,"__amd_rocclr_fillBufferAligned",256,0,0,8,0,128,"SQ_BUSY_CYCLES",4782848.000000,26879369575311,26879369575909
503,503,"Agent 2",1,82892,82892,3072,30,"__amd_rocclr_fillBufferAligned",256,0,0,8,0,128,"SQ_CYCLES",4783360.000000,26879369575311,26879369575909
503,503,"Agent 2",1,82892,82892,3072,30,"__amd_rocclr_fillBufferAligned",256,0,0,8,0,128,"SQ_WAVES",96.000000,26879369575311,26879369575909
504,504,"Agent 2",1,82892,82892,65536,7,"mix_e0v8",256,0,0,56,0,128,"GRBM_COUNT",27756847.000000,26879369903283,26879371745129
504,504,"Agent 2",1,82892,82892,65536,7,"mix_e0v8",256,0,0,56,0,128,"GRBM_GUI_ACTIVE",27756847.000000,26879369903283,26879371745129
504,504,"Agent 2",1,82892,82892,65536,7,"mix_e0v8",256,0,0,56,0,128,"SQ_BUSY_CYCLES",888219104.000000,26879369903283,26879371745129
504,504,"Agent 2",1,82892,82892,65536,7,"mix_e0v8",256,0,0,56,0,128,"SQ_CYCLES",888219616.000000,26879369903283,26879371745129
504,504,"Agent 2",1,82892,82892,65536,7,"mix_e0v8",256,0,0,56,0,128,"SQ_WAVES",2048.000000,26879369903283,26879371745129
505,505,"Agent 2",1,82892,82892,1536,30,"__amd_rocclr_fillBufferAligned",256,0,0,8,0,128,"GRBM_COUNT",148483.000000,26879372352807,26879372353848
505,505,"Agent 2",1,82892,82892,1536,30,"__amd_rocclr_fillBufferAligned",256,0,0,8,0,128,"GRBM_GUI_ACTIVE",148483.000000,26879372352807,26879372353848
505,505,"Agent 2",1,82892,82892,1536,30,"__amd_rocclr_fillBufferAligned",256,0,0,8,0,128,"SQ_BUSY_CYCLES",4751456.000000,26879372352807,26879372353848
505,505,"Agent 2",1,82892,82892,1536,30,"__amd_rocclr_fillBufferAligned",256,0,0,8,0,128,"SQ_CYCLES",4751968.000000,26879372352807,26879372353848
505,505,"Agent 2",1,82892,82892,1536,30,"__amd_rocclr_fillBufferAligned",256,0,0,8,0,128,"SQ_WAVES",48.000000,26879372352807,26879372353848
506,506,"Agent 2",1,82892,82892,32768,2,"mix_e1v3",128,0,0,56,0,128,"GRBM_COUNT",26320188.000000,26879372692975,26879374480299
506,506,"Agent 2",1,82892,82892,32768,2,"mix_e1v3",128,0,0,56,0,128,"GRBM_GUI_ACTIVE",26320188.000000,26879372692975,26879374480299
506,506,"Agent 2",1,82892,82892,32768,2,"mix_e1v3",128,0,0,56,0,128,"SQ_BUSY_CYCLES",842246016.000000,26879372692975,26879374480299
506,506,"Agent 2",1,82892,82892,32768,2,"mix_e1v3",128,0,0,56,0,128,"SQ_CYCLES",842246528.000000,26879372692975,26879374480299
506,506,"Agent 2",1,82892,82892,32768,2,"mix_e1v3",128,0,0,56,0,128,"SQ_WAVES",1024.000000,26879372692975,26879374480299
507,507,"Agent 2",1,82892,82892,1536,30,"__amd_rocclr_fillBufferAligned",256,0,0,8,0,128,"GRBM_COUNT",150745.000000,26879374863842,26879374864804
507,507,"Agent 2",1,82892,82892,1536,30,"__amd_rocclr_fillBufferAligned",256,0,0,8,0,128,"GRBM_GUI_ACTIVE",150745.000000,26879374863842,26879374864804
507,507,"Agent 2",1,82892,82892,1536,30,"__amd_rocclr_fillBufferAligned",256,0,0,8,0,128,"SQ_BUSY_CYCLES",4823840.000000,26879374863842,26879374864804
507,507,"Agent 2",1,82892,82892,1536,30,"__amd_rocclr_fillBufferAligned",256,0,0,8,0,128,"SQ_CYCLES",4824352.000000,26879374863842,26879374864804
507,507,"Agent 2",1,82892,82892,1536,30,"__amd_rocclr_fillBufferAligned",256,0,0,8,0,128,"SQ_WAVES",48.000000,26879374863842,26879374864804
508,508,"Agent 2",1,82892,82892,32768,2,"mix_e1v3",128,0,0,56,0,128,"GRBM_COUNT",26052371.000000,26879375208393,26879376998964
508,508,"Agent 2",1,82892,82892,32768,2,"mix_e1v3",128,0,0,56,0,128,"GRBM_GUI_ACTIVE",26052371.000000,26879375208393,26879376998964
508,508,"Agent 2",1,82892,82892,32768,2,"mix_e1v3",128,0,0,56,0,128,"SQ_BUSY_CYCLES",833675872.000000,26879375208393,26879376998964
508,508,"Agent 2",1,82892,82892,32768,2,"mix_e1v3",128,0,0,56,0,128,"SQ_CYCLES",833676384.000000,26879375208393,26879376998964
508,508,"Agent 2",1,82892,82892,32768,2,"mix_e1v3",128,0,0,56,0,128,"SQ_WAVES",1024.000000,26879375208393,26879376998964
509,509,"Agent 2",1,82892,82892,1536,30,"__amd_rocclr_fillBufferAligned",256,0,0,8,0,128,"GRBM_COUNT",145705.000000,26879377384388,26879377385290
509,509,"Agent 2",1,82892,82892,1536,30,"__amd_rocclr_fillBufferAligned",256,0,0,8,0,128,"GRBM_GUI_ACTIVE",145705.000000,26879377384388,26879377385290
509,509,"Agent 2",1,82892,82892,1536,30,"__amd_rocclr_fillBufferAligned",256,0,0,8,0,128,"SQ_BUSY_CYCLES",4662560.000000,26879377384388,26879377385290
509,509,"Agent 2",1,82892,82892,1536,30,"__amd_rocclr_fillBufferAligned",256,0,0,8,0,128,"SQ_CYCLES",4663072.000000,26879377384388,26879377385290
509,509,"Agent 2",1,82892,82892,1536,30,"__amd_rocclr_fillBufferAligned",256,0,0,8,0,128,"SQ_WAVES",48.000000,26879377384388,26879377385290
510,510,"Agent 2",1,82892,82892,32768,2,"mix_e1v3",128,0,0,56,0,128,"GRBM_COUNT",26040424.000000,26879377729183,26879379460180
510,510,"Agent 2",1,82892,82892,32768,2,"mix_e1v3",128,0,0,56,0,128,"GRBM_GUI_ACTIVE",26040424.000000,26879377729183,26879379460180
510,510,"Agent 2",1,82892,82892,32768,2,"mix_e1v3",128,0,0,56,0,128,"SQ_BUSY_CYCLES",833293568.000000,26879377729183,26879379460180
510,510,"Agent 2",1,82892,82892,32768,2,"mix_e1v3",128,0,0,56,0,128,"SQ_CYCLES",833294080.000000,26879377729183,26879379460180
510,510,"Agent 2",1,82892,82892,32768,2,"mix_e1v3",128,0,0,56,0,128,"SQ_WAVES",1024.000000,26879377729183,26879379460180
511,511,"Agent 2",1,82892,82892,1536,30,"__amd_rocclr_fillBufferAligned",256,0,0,8,0,128,"GRBM_COUNT",145244.000000,26879379893345,26879379893626
511,511,"Agent 2",1,82892,82892,1536,30,"__amd_rocclr_fillBufferAligned",256,0,0,8,0,128,"GRBM_GUI_ACTIVE",145244.000000,26879379893345,26879379893626
511,511,"Agent 2",1,82892,82892,1536,30,"__amd_rocclr_fillBufferAligned",256,0,0,8,0,128,"SQ_BUSY_CYCLES",4647808.000000,26879379893345,26879379893626
511,511,"Agent 2",1,82892,82892,1536,30,"__amd_rocclr_fillBufferAligned",256,0,0,8,0,128,"SQ_CYCLES",4648320.000000,26879379893345,26879379893626
511,511,"Agent 2",1,82892,82892,1536,30,"__amd_rocclr_fillBufferAligned",256,0,0,8,0,128,"SQ_WAVES",48.000000,26879379893345,26879379893626
512,512,"Agent 2",1,82892,82892,32768,2,"mix_e1v3",128,0,0,56,0,128,"GRBM_COUNT",26147435.000000,26879380229783,26879382040916
512,512,"Agent 2",1,82892,82892,32768,2,"mix_e1v3",128,0,0,56,0,128,"GRBM_GUI_ACTIVE",26147435.000000,26879380229783,26879382040916
512,512,"Agent 2",1,82892,82892,32768,2,"mix_e1v3",128,0,0,56,0,128,"SQ_BUSY_CYCLES",836717920.000000,26879380229783,26879382040916
512,512,"Agent 2",1,82892,82892,32768,2,"mix_e1v3",128,0,0,56,0,128,"SQ_CYCLES",836718432.000000,26879380229783,26879382040916
512,512,"Agent 2",1,82892,82892,32768,2,"mix_e1v3",128,0,0,56,0,128,"SQ_WAVES",1024.000000,26879380229783,26879382040916
513,513,"Agent 2",1,82892,82892,1536,30,"__amd_rocclr_fillBufferAligned",256,0,0,8,0,128,"GRBM_COUNT",148640.000000,26879382677394,26879382678356
513,513,"Agent 2",1,82892,82892,1536,30,"__amd_rocclr_fillBufferAligned",256,0,0,8,0,128,"GRBM_GUI_ACTIVE",148640.000000,26879382677394,26879382678356
513,513,"Agent 2",1,82892,82892,1536,30,"__amd_rocclr_fillBufferAligned",256,0,0,8,0,128,"SQ_BUSY_CYCLES",4756480.000000,26879382677394,26879382678356
513,513,"Agent 2",1,82892,82892,1536,30,"__amd_rocclr_fillBufferAligned",256,0,0,8,0,128,"SQ_CYCLES",4756992.000000,26879382677394,26879382678356
513,513,"Agent 2",1,82892,82892,1536,30,"__amd_rocclr_fillBufferAligned",256,0,0,8,0,128,"SQ_WAVES",48.000000,26879382677394,26879382678356
514,514,"Agent 2",1,82892,82892,32768,2,"mix_e1v3",128,0,0,56,0,128,"GRBM_COUNT",26107644.000000,26879383005330,26879384716835
514,514,"Agent 2",1,82892,82892,32768,2,"mix_e1v3",128,0,0,56,0,128,"GRBM_GUI_ACTIVE",26107644.000000,26879383005330,26879384716835
514,514,"Agent 2",1,82892,82892,32768,2,"mix_e1v3",128,0,0,56,0,128,"SQ_BUSY_CYCLES",835444608.000000,26879383005330,26879384716835
514,514,"Agent 2",1,82892,82892,32768,2,"mix_e1v3",128,0,0,56,0,128,"SQ_CYCLES",835445120.000000,26879383005330,26879384716835
514,514,"Agent 2",1,82892,82892,32768,2,"mix_e1v3",128,0,0,56,0,128,"SQ_WAVES",1024.000000,26879383005330,26879384716835
515,515,"Agent 2",1,82892,82892,1536,30,"__amd_rocclr_fillBufferAligned",256,0,0,8,0,128,"GRBM_COUNT",143206.000000,26879385221789,26879385222752
515,515,"Agent 2",1,82892,82892,1536,30,"__amd_rocclr_fillBufferAligned",256,0,0,8,0,128,"GRBM_GUI_ACTIVE",143206.000000,26879385221789,26879385222752
515,515,"Agent 2",1,82892,82892,1536,30,"__amd_rocclr_fillBufferAligned",256,0,0,8,0,128,"SQ_BUSY_CYCLES",4582592.000000,26879385221789,26879385222752
515,515,"Agent 2",1,82892,82892,1536,30,"__amd_rocclr_fillBufferAligned",256,0,0,8,0,128,"SQ_CYCLES",4583104.000000,26879385221789,26879385222752
515,515,"Agent 2",1,82892,82892,1536,30,"__amd_rocclr_fillBufferAligned",256,0,0,8,0,128,"SQ_WAVES",48.000000,26879385221789,26879385222752
516,516,"Agent 2",1,82892,82892,32768,2,"mix_e1v3",128,0,0,56,0,128,"GRBM_COUNT",26163727.000000,26879385568254,26879387378733
516,516,"Agent 2",1,82892,82892,32768,2,"mix_e1v3",128,0,0,56,0,128,"GRBM_GUI_ACTIVE",26163727.000000,26879385568254,26879387378733
516,516,"Agent 2",1,82892,82892,32768,2,"mix_e1v3",128,0,0,56,0,128,"SQ_BUSY_CYCLES",837239264.000000,26879385568254,26879387378733
516,516,"Agent 2",1,82892,82892,32768,2,"mix_e1v3",128,0,0,56,0,128,"SQ_CYCLES",837239776.000000,26879385568254,26879387378733
516,516,"Agent 2",1,82892,82892,32768,2,"mix_e1v3",128,0,0,56,0,128,"SQ_WAVES",1024.000000,26879385568254,26879387378733
517,517,"Agent 2",1,82892,82892,1536,30,"__amd_rocclr_fillBufferAligned",256,0,0,8,0,128,"GRBM_COUNT",144434.000000,26879387856257,26879387859090
517,517,"Agent 2",1,82892,82892,1536,30,"__amd_rocclr_fillBufferAligned",256,0,0,8,0,128,"GRBM_GUI_ACTIVE",144434.000000,26879387856257,26879387859090
517,517,"Agent 2",1,82892,82892,1536,30,"__amd_rocclr_fillBufferAligned",256,0,0,8,0,128,"SQ_BUSY_CYCLES",4621888.000000,26879387856257,26879387859090
517,517,"Agent 2",1,82892,82892,1536,30,"__amd_rocclr_fillBufferAligned",256,0,0,8,0,128,"SQ_CYCLES",4622400.000000,26879387856257,26879387859090
517,517,"Agent 2",1,82892,82892,1536,30,"__amd_rocclr_fillBufferAligned",256,0,0,8,0,128,"SQ_WAVES",48.000000,26879387856257,26879387859090
518,518,"Agent 2",1,82892,82892,32768,2,"mix_e1v3",128,0,0,56,0,128,"GRBM_COUNT",26070355.000000,26879388193526,26879389965380
518,518,"Agent 2",1,82892,82892,32768,2,"mix_e1v3",128,0,0,56,0,128,"GRBM_GUI_ACTIVE",26070355.000000,26879388193526,26879389965380
518,518,"Agent 2",1,82892,82892,32768,2,"mix_e1v3",128,0,0,56,0,128,"SQ_BUSY_CYCLES",834251360.000000,26879388193526,26879389965380
518,518,"Agent 2",1,82892,82892,32768,2,"mix_e1v3",128,0,0,56,0,128,"SQ_CYCLES",834251872.000000,26879388193526,26879389965380
518,518,"Agent 2",1,82892,82892,32768,2,"mix_e1v3",128,0,0,56,0,128,"SQ_WAVES",1024.000000,26879388193526,26879389965380
519,519,"Agent 2",1,82892,82892,3072,30,"__amd_rocclr_fillBufferAligned",256,0,0,8,0,128,"GRBM_COUNT",143477.000000,26879390516442,26879390516817
519,519,"Agent 2",1,82892,82892,3072,30,"__amd_rocclr_fillBufferAligned",256,0,0,8,0,128,"GRBM_GUI_ACTIVE",143477.000000,26879390516442,26879390516817
519,519,"Agent 2",1,82892,82892,3072,30,"__amd_rocclr_fillBufferAligned",256,0,0,8,0,128,"SQ_BUSY_CYCLES",4591264.000000,26879390516442,26879390516817
519,519,"Agent 2",1,82892,82892,3072,30,"__amd_rocclr_fillBufferAligned",256,0,0,8,0,128,"SQ_CYCLES",4591776.000000,26879390516442,26879390516817
519,519,"Agent 2",1,82892,82892,3072,30,"__amd_rocclr_fillBufferAligned",256,0,0,8,0,128,"SQ_WAVES",96.000000,26879390516442,26879390516817
520,520,"Agent 2",1,82892,82892,65536,2,"mix_e1v3",256,0,0,56,0,128,"GRBM_COUNT",23248052.000000,26879390860982,26879392458255
520,520,"Agent 2",1,82892,82892,65536,2,"mix_e1v3",256,0,0,56,0,128,"GRBM_GUI_ACTIVE",23248052.000000,26879390860982,26879392458255
520,520,"Agent 2",1,82892,82892,65536,2,"mix_e1v3",256,0,0,56,0,128,"SQ_BUSY_CYCLES",743937664.000000,26879390860982,26879392458255
520,520,"Agent 2",1,82892,82892,65536,2,"mix_e1v3",256,0,0,56,0,128,"SQ_CYCLES",743938176.000000,26879390860982,26879392458255
520,520,"Agent 2",1,82892,82892,65536,2,"mix_e1v3",256,0,0,56,0,128,"SQ_WAVES",2048.000000,26879390860982,26879392458255
521,521,"Agent 2",1,82892,82892,3072,30,"__amd_rocclr_fillBufferAligned",256,0,0,8,0,128,"GRBM_COUNT",149791.000000,26879392854037,26879392855001
521,521,"Agent 2",1,82892,82892,3072,30,"__amd_rocclr_fillBufferAligned",256,0,0,8,0,128,"GRBM_GUI_ACTIVE",149791.000000,26879392854037,26879392855001
521,521,"Agent 2",1,82892,82892,3072,30,"__amd_rocclr_fillBufferAligned",256,0,0,8,0,128,"SQ_BUSY_CYCLES",4793312.000000,26879392854037,26879392855001
521,521,"Agent 2",1,82892,82892,3072,30,"__amd_rocclr_fillBufferAligned",256,0,0,8,0,128,"SQ_CYCLES",4793824.000000,26879392854037,26879392855001
521,521,"Agent 2",1,82892,82892,3072,30,"__amd_rocclr_fillBufferAligned",256,0,0,8,0,128,"SQ_WAVES",96.000000,26879392854037,26879392855001
522,522,"Agent 2",1,82892,82892,65536,2,"mix_e1v3",256,0,0,56,0,128,"GRBM_COUNT",23278757.000000,26879393191249,26879394862379
522,522,"Agent 2",1,82892,82892,65536,2,"mix_e1v3",256,0,0,56,0,128,"GRBM_GUI_ACTIVE",23278757.000000,26879393191249,26879394862379
522,522,"Agent 2",1,82892,82892,65536,2,"mix_e1v3",256,0,0,56,0,128,"SQ_BUSY_CYCLES",744920224.000000,26879393191249,26879394862379
522,522,"Agent 2",1,82892,82892,65536,2,"mix_e1v3",256,0,0,56,0,128,"SQ_CYCLES",744920736.000000,26879393191249,26879394862379
522,522,"Agent 2",1,82892,82892,65536,2,"mix_e1v3",256,0,0,56,0,128,"SQ_WAVES",2048.000000,26879393191249,26879394862379
523,523,"Agent 2",1,82892,82892,3072,30,"__amd_rocclr_fillBufferAligned",256,0,0,8,0,128,"GRBM_COUNT",147937.000000,26879395261090,26879395262055
523,523,"Agent 2",1,82892,82892,3072,30,"__amd_rocclr_fillBufferAligned",256,0,0,8,0,128,"GRBM_GUI_ACTIVE",147937.000000,26879395261090,26879395262055
523,523,"Agent 2",1,82892,82892,3072,30,"__amd_rocclr_fillBufferAligned",256,0,0,8,0,128,"SQ_BUSY_CYCLES",4733984.000000,26879395261090,26879395262055
523,523,"Agent 2",1,82892,82892,3072,30,"__amd_rocclr_fillBufferAligned",256,0,0,8,0,128,"SQ_CYCLES",4734496.000000,26879395261090,26879395262055
523,523,"Agent 2",1,82892,82892,3072,30,"__amd_rocclr_fillBufferAligned",256,0,0,8,0,128,"SQ_WAVES",96.000000,26879395261090,26879395262055
524,524,"Agent 2",1,82892,82892,65536,2,"mix_e1v3",256,0,0,56,0,128,"GRBM_COUNT",23294361.000000,26879395610957,26879397251004
524,524,"Agent 2",1,82892,82892,65536,2,"mix_e1v3",256,0,0,56,0,128,"GRBM_GUI_ACTIVE",23294361.000000,26879395610957,26879397251004
524,524,"Agent 2",1,82892,82892,65536,2,"mix_e1v3",256,0,0,56,0,128,"SQ_BUSY_CYCLES",745419552.000000,26879395610957,26879397251004
524,524,"Agent 2",1,82892,82892,65536,2,"mix_e1v3",256,0,0,56,0,128,"SQ_CYCLES",745420064.000000,26879395610957,26879397251004
524,524,"Agent 2",1,82892,82892,65536,2,"mix_e1v3",256,0,0,56,0,128,"SQ_WAVES",2048.000000,26879395610957,26879397251004
525,525,"Agent 2",1,82892,82892,3072,30,"__amd_rocclr_fillBufferAligned",256,0,0,8,0,128,"GRBM_COUNT",143157.000000,26879397796928,26879397797291
525,525,"Agent 2",1,82892,82892,3072,30,"__amd_rocclr_fillBufferAligned",256,0,0,8,0,128,"GRBM_GUI_ACTIVE",143157.000000,26879397796928,26879397797291
525,525,"Agent 2",1,82892,82892,3072,30,"__amd_rocclr_fillBufferAligned",256,0,0,8,0,128,"SQ_BUSY_CYCLES",4581024.000000,26879397796928,26879397797291
525,525,"Agent 2",1,82892,82892,3072,30,"__amd_rocclr_fillBufferAligned",256,0,0,8,0,128,"SQ_CYCLES",4581536.000000,26879397796928,26879397797291
525,525,"Agent 2",1,82892,82892,3072,30,"__amd_rocclr_fillBufferAligned",256,0,0,8,0,128,"SQ_WAVES",96.000000,26879397796928,26879397797291
526,526,"Agent 2",1,82892,82892,65536,2,"mix_e1v3",256,0,0,56,0,128,"GRBM_COUNT",23207412.000000,26879398128364,26879399775789
526,526,"Agent 2",1,82892,82892,65536,2,"mix_e1v3",256,0,0,56,0,128,"GRBM_GUI_ACTIVE",23207412.000000,26879398128364,26879399775789
526,526,"Agent 2",1,82892,82892,65536,2,"mix_e1v3",256,0,0,56,0,128,"SQ_BUSY_CYCLES",742637184.000000,26879398128364,26879399775789
526,526,"Agent 2",1,82892,82892,65536,2,"mix_e1v3",256,0,0,56,0,128,"SQ_CYCLES",742637696.000000,26879398128364,26879399775789
526,526,"Agent 2",1,82892,82892,65536,2,"mix_e1v3",256,0,0,56,0,128,"SQ_WAVES",2048.000000,26879398128364,26879399775789
527,527,"Agent 2",1,82892,82892,3072,30,"__amd_rocclr_fillBufferAligned",256,0,0,8,0,128,"GRBM_COUNT",146233.000000,26879400303862,26879400304867
527,527,"Agent 2",1,82892,82892,3072,30,"__amd_rocclr_fillBufferAligned",256,0,0,8,0,128,"GRBM_GUI_ACTIVE",146233.000000,26879400303862,26879400304867
527,527,"Agent 2",1,82892,82892,3072,30,"__amd_rocclr_fillBufferAligned",256,0,0,8,0,128,"SQ_BUSY_CYCLES",4679456.000000,26879400303862,26879400304867
527,527,"Agent 2",1,82892,82892,3072,30,"__amd_rocclr_fillBufferAligned",256,0,0,8,0,128,"SQ_CYCLES",4679968.000000,26879400303862,26879400304867
527,527,"Agent 2",1,82892,82892,3072,30,"__amd_rocclr_fillBufferAligned",256,0,0,8,0,128,"SQ_WAVES",96.000000,26879400303862,26879400304867
528,528,"Agent 2",1,82892,82892,65536,2,"mix_e1v3",256,0,0,56,0,128,"GRBM_COUNT",23238976.000000,26879400652985,26879402297316
528,528,"Agent 2",1,82892,82892,65536,2,"mix_e1v3",256,0,0,56,0,128,"GRBM_GUI_ACTIVE",23238976.000000,26879400652985,26879402297316
528,528,"Agent 2",1,82892,82892,65536,2,"mix_e1v3",256,0,0,56,0,128,"SQ_BUSY_CYCLES",743647232.000000,26879400652985,26879402297316
528,528,"Agent 2",1,82892,82892,65536,2,"mix_e1v3",256,0,0,56,0,128,"SQ_CYCLES",743647744.000000,26879400652985,26879402297316
528,528,"Agent 2",1,82892,82892,65536,2,"mix_e1v3",256,0,0,56,0,128,"SQ_WAVES",2048.000000,26879400652985,26879402297316
529,529,"Agent 2",1,82892,82892,3072,30,"__amd_rocclr_fillBufferAligned",256,0,0,8,0,128,"GRBM_COUNT",146608.000000,26879402818657,26879402820373
529,529,"Agent 2",1,82892,82892,3072,30,"__amd_rocclr_fillBufferAligned",256,0,0,8,0,128,"GRBM_GUI_ACTIVE",146608.000000,26879402818657,26879402820373
529,529,"Agent 2",1,82892,82892,3072,30,"__amd_rocclr_fillBufferAligned",256,0,0,8,0,128,"SQ_BUSY_CYCLES",4691456.000000,26879402818657,26879402820373
529,529,"Agent 2",1,82892,82892,3072,30,"__amd_rocclr_fillBufferAligned",256,0,0,8,0,128,"SQ_CYCLES",4691968.000000,26879402818657,26879402820373
529,529,"Agent 2",1,82892,82892,3072,30,"__amd_rocclr_fillBufferAligned",256,0,0,8,0,128,"SQ_WAVES",96.000000,26879402818657,26879402820373
530,530,"Agent 2",1,82892,82892,65536,2,"mix_e1v3",256,0,0,56,0,128,"GRBM_COUNT",23456344.000000,26879403151719,26879404828902
530,530,"Agent 2",1,82892,82892,65536,2,"mix_e1v3",256,0,0,56,0,128,"GRBM_GUI_ACTIVE",23456344.000000,26879403151719,26879404828902
530,530,"Agent 2",1,82892,82892,65536,2,"mix_e1v3",256,0,0,56,0,128,"SQ_BUSY_CYCLES",750603008.000000,26879403151719,26879404828902
530,530,"Agent 2",1,82892,82892,65536,2,"mix_e1v3",256,0,0,56,0,128,"SQ_CYCLES",750603520.000000,26879403151719,26879404828902
530,530,"Agent 2",1,82892,82892,65536,2,"mix_e1v3",256,0,0,56,0,128,"SQ_WAVES",2048.000000,26879403151719,26879404828902
531,531,"Agent 2",1,82892,82892,3072,30,"__amd_rocclr_fillBufferAligned",256,0,0,8,0,128,"GRBM_COUNT",145684.000000,26879405391713,26879405393880
531,531,"Agent 2",1,82892,82892,3072,30,"__amd_rocclr_fillBufferAligned",256,0,0,8,0,128,"GRBM_GUI_ACTIVE",145684.000000,26879405391713,26879405393880
531,531,"Agent 2",1,82892,82892,3072,30,"__amd_rocclr_fillBufferAligned",256,0,0,8,0,128,"SQ_BUSY_CYCLES",4661888.000000,26879405391713,26879405393880
531,531,"Agent 2",1,82892,82892,3072,30,"__amd_rocclr_fillBufferAligned",256,0,0,8,0,128,"SQ_CYCLES",4662400.000000,26879405391713,26879405393880
531,531,"Agent 2",1,82892,82892,3072,30,"__amd_rocclr_fillBufferAligned",256,0,0,8,0,128,"SQ_WAVES",96.000000,26879405391713,26879405393880
532,532,"Agent 2",1,82892,82892,65536,2,"mix_e1v3",256,0,0,56,0,128,"GRBM_COUNT",23284150.000000,26879405734695,26879407367338
532,532,"Agent 2",1,82892,82892,65536,2,"mix_e1v3",256,0,0,56,0,128,"GRBM_GUI_ACTIVE",23284150.000000,26879405734695,26879407367338
532,532,"Agent 2",1,82892,82892,65536,2,"mix_e1v3",256,0,0,56,0,128,"SQ_BUSY_CYCLES",745092800.000000,26879405734695,26879407367338
532,532,"Agent 2",1,82892,82892,65536,2,"mix_e1v3",256,0,0,56,0,128,"SQ_CYCLES",745093312.000000,26879405734695,26879407367338
532,532,"Agent 2",1,82892,82892,65536,2,"mix_e1v3",256,0,0,56,0,128,"SQ_WAVES",2048.000000,26879405734695,26879407367338
533,533,"Agent 2",1,82892,82892,1536,30,"__amd_rocclr_fillBufferAligned",256,0,0,8,0,128,"GRBM_COUNT",152916.000000,26879407971909,26879407973867
533,533,"Agent 2",1,82892,82892,1536,30,"__amd_rocclr_fillBufferAligned",256,0,0,8,0,128,"GRBM_GUI_ACTIVE",152916.000000,26879407971909,26879407973867
533,533,"Agent 2",1,82892,82892,1536,30,"__amd_rocclr_fillBufferAligned",256,0,0,8,0,128,"SQ_BUSY_CYCLES",4893312.000000,26879407971909,26879407973867
533,533,"Agent 2",1,82892,82892,1536,30,"__amd_rocclr_fillBufferAligned",256,0,0,8,0,128,"SQ_CYCLES",4893824.000000,26879407971909,26879407973867
533,533,"Agent 2",1,82892,82892,1536,30,"__amd_rocclr_fillBufferAligned",256,0,0,8,0,128,"SQ_WAVES",48.000000,26879407971909,26879407973867
534,534,"Agent 2",1,82892,82892,32768,1,"mix_e1v6",128,0,0,56,0,128,"GRBM_COUNT",39241447.000000,26879408302710,26879410811957
534,534,"Agent 2",1,82892,82892,32768,1,"mix_e1v6",128,0,0,56,0,128,"GRBM_GUI_ACTIVE",39241447.000000,26879408302710,26879410811957
534,534,"Agent 2",1,82892,82892,32768,1,"mix_e1v6",128,0,0,56,0,128,"SQ_BUSY_CYCLES",1255726304.000000,26879408302710,26879410811957
534,534,"Agent 2",1,82892,82892,32768,1,"mix_e1v6",128,0,0,56,0,128,"SQ_CYCLES",1255726816.000000,26879408302710,26879410811957
534,534,"Agent 2",1,82892,82892,32768,1,"mix_e1v6",128,0,0,56,0,128,"SQ_WAVES",1024.000000,26879408302710,26879410811957
535,535,"Agent 2",1,82892,82892,1536,30,"__amd_rocclr_fillBufferAligned",256,0,0,8,0,128,"GRBM_COUNT",141174.000000,26879411201077,26879411202013
535,535,"Agent 2",1,82892,82892,1536,30,"__amd_rocclr_fillBufferAligned",256,0,0,8,0,128,"GRBM_GUI_ACTIVE",141174.000000,26879411201077,26879411202013
535,535,"Agent 2",1,82892,82892,1536,30,"__amd_rocclr_fillBufferAligned",256,0,0,8,0,128,"SQ_BUSY_CYCLES",4517568.000000,26879411201077,26879411202013
535,535,"Agent 2",1,82892,82892,1536,30,"__amd_rocclr_fillBufferAligned",256,0,0,8,0,128,"SQ_CYCLES",4518080.000000,26879411201077,26879411202013
535,535,"Agent 2",1,82892,82892,1536,30,"__amd_rocclr_fillBufferAligned",256,0,0,8,0,128,"SQ_WAVES",48.000000,26879411201077,26879411202013
536,536,"Agent 2",1,82892,82892,32768,1,"mix_e1v6",128,0,0,56,0,128,"GRBM_COUNT",39232123.000000,26879411541876,26879414015653
536,536,"Agent 2",1,82892,82892,32768,1,"mix_e1v6",128,0,0,56,0,128,"GRBM_GUI_ACTIVE",39232123.000000,26879411541876,26879414015653
536,536,"Agent 2",1,82892,82892,32768,1,"mix_e1v6",128,0,0,56,0,128,"SQ_BUSY_CYCLES",1255427936.000000,26879411541876,26879414015653
536,536,"Agent 2",1,82892,82892,32768,1,"mix_e1v6",128,0,0,56,0,128,"SQ_CYCLES",1255428448.000000,26879411541876,26879414015653
536,536,"Agent 2",1,82892,82892,32768,1,"mix_e1v6",128,0,0,56,0,128,"SQ_WAVES",1024.000000,26879411541876,26879414015653
537,537,"Agent 2",1,82892,82892,1536,30,"__amd_rocclr_fillBufferAligned",256,0,0,8,0,128,"GRBM_COUNT",139413.000000,26879414412177,26879414413698
537,537,"Agent 2",1,82892,82892,1536,30,"__amd_rocclr_fillBufferAligned",256,0,0,8,0,128,"GRBM_GUI_ACTIVE",139413.000000,26879414412177,26879414413698
537,537,"Agent 2",1,82892,82892,1536,30,"__amd_rocclr_fillBufferAligned",256,0,0,8,0,128,"SQ_BUSY_CYCLES",4461216.000000,26879414412177,26879414413698
537,537,"Agent 2",1,82892,82892,1536,30,"__amd_rocclr_fillBufferAligned",256,0,0,8,0,128,"SQ_CYCLES",4461728.000000,26879414412177,26879414413698
537,537,"Agent 2",1,82892,82892,1536,30,"__amd_rocclr_fillBufferAligned",256,0,0,8,0,128,"SQ_WAVES",48.000000,26879414412177,26879414413698
538,538,"Agent 2",1,82892,82892,32768,1,"mix_e1v6",128,0,0,56,0,128,"GRBM_COUNT",39273052.000000,26879414745303,26879417219279
538,538,"Agent 2",1,82892,82892,32768,1,"mix_e1v6",128,0,0,56,0,128,"GRBM_GUI_ACTIVE",39273052.000000,26879414745303,26879417219279
538,538,"Agent 2",1,82892,82892,32768,1,"mix_e1v6",128,0,0,56,0,128,"SQ_BUSY_CYCLES",1256737664.000000,26879414745303,26879417219279
538,538,"Agent 2",1,82892,82892,32768,1,"mix_e1v6",128,0,0,56,0,128,"SQ_CYCLES",1256738176.000000,26879414745303,26879417219279
538,538,"Agent 2",1,82892,82892,32768,1,"mix_e1v6",128,0,0,56,0,128,"SQ_WAVES",1024.000000,26879414745303,26879417219279
539,539,"Agent 2",1,82892,82892,1536,30,"__amd_rocclr_fillBufferAligned",256,0,0,8,0,128,"GRBM_COUNT",146370.000000,26879417666097,26879417667745
539,539,"Agent 2",1,82892,82892,1536,30,"__amd_rocclr_fillBufferAligned",256,0,0,8,0,128,"GRBM_GUI_ACTIVE",146370.000000,26879417666097,26879417667745
539,539,"Agent 2",1,82892,82892,1536,30,"__amd_rocclr_fillBufferAligned",256,0,0,8,0,128,"SQ_BUSY_CYCLES",4683840.000000,26879417666097,26879417667745
539,539,"Agent 2",1,82892,82892,1536,30,"__amd_rocclr_fillBufferAligned",256,0,0,8,0,128,"SQ_CYCLES",4684352.000000,26879417666097,26879417667745
539,539,"Agent 2",1,82892,82892,1536,30,"__amd_rocclr_fillBufferAligned",256,0,0,8,0,128,"SQ_WAVES",48.000000,26879417666097,26879417667745
540,540,"Agent 2",1,82892,82892,32768,1,"mix_e1v6",128,0,0,56,0,128,"GRBM_COUNT",39202946.000000,26879418006143,26879420433984
540,540,"Agent 2",1,82892,82892,32768,1,"mix_e1v6",128,0,0,56,0,128,"GRBM_GUI_ACTIVE",39202946.000000,26879418006143,26879420433984
540,540,"Agent 2",1,82892,82892,32768,1,"mix_e1v6",128,0,0,56,0,128,"SQ_BUSY_CYCLES",1254494272.000000,26879418006143,26879420433984
540,540,"Agent 2",1,82892,82892,32768,1,"mix_e1v6",128,0,0,56,0,128,"SQ_CYCLES",1254494784.000000,26879418006143,26879420433984
540,540,"Agent 2",1,82892,82892,32768,1,"mix_e1v6",128,0,0,56,0,128,"SQ_WAVES",1024.000000,26879418006143,26879420433984
541,541,"Agent 2",1,82892,82892,1536,30,"__amd_rocclr_fillBufferAligned",256,0,0,8,0,128,"GRBM_COUNT",154234.000000,26879420877591,26879420880161
541,541,"Agent 2",1,82892,82892,1536,30,"__amd_rocclr_fillBufferAligned",256,0,0,8,0,128,"GRBM_GUI_ACTIVE",154234.000000,26879420877591,26879420880161
541,541,"Agent 2",1,82892,82892,1536,30,"__amd_rocclr_fillBufferAligned",256,0,0,8,0,128,"SQ_BUSY_CYCLES",4935488.000000,26879420877591,26879420880161
541,541,"Agent 2",1,82892,82892,1536,30,"__amd_rocclr_fillBufferAligned",256,0,0,8,0,128,"SQ_CYCLES",4936000.000000,26879420877591,26879420880161
541,541,"Agent 2",1,82892,82892,1536,30,"__amd_rocclr_fillBufferAligned",256,0,0,8,0,128,"SQ_WAVES",48.000000,26879420877591,26879420880161
542,542,"Agent 2",1,82892,82892,32768,1,"mix_e1v6",128,0,0,56,0,128,"GRBM_COUNT",39210397.000000,26879421211275,26879423648330
542,542,"Agent 2",1,82892,82892,32768,1,"mix_e1v6",128,0,0,56,0,128,"GRBM_GUI_ACTIVE",39210397.000000,26879421211275,26879423648330
542,542,"Agent 2",1,82892,82892,32768,1,"mix_e1v6",128,0,0,56,0,128,"SQ_BUSY_CYCLES",1252737045.000000,26879421211275,26879423648330
542,542,"Agent 2",1,82892,82892,32768,1,"mix_e1v6",128,0,0,56,0,128,"SQ_CYCLES",1254733216.000000,26879421211275,26879423648330
542,542,"Agent 2",1,82892,82892,32768,1,"mix_e1v6",128,0,0,56,0,128,"SQ_WAVES",1024.000000,26879421211275,26879423648330
543,543,"Agent 2",1,82892,82892,1536,30,"__amd_rocclr_fillBufferAligned",256,0,0,8,0,128,"GRBM_COUNT",150171.000000,26879424087361,26879424090547
543,543,"Agent 2",1,82892,82892,1536,30,"__amd_rocclr_fillBufferAligned",256,0,0,8,0,128,"GRBM_GUI_ACTIVE",150171.000000,26879424087361,26879424090547
543,543,"Agent 2",1,82892,82892,1536,30,"__amd_rocclr_fillBufferAligned",256,0,0,8,0,128,"SQ_BUSY_CYCLES",4162915.000000,26879424087361,26879424090547
543,543,"Agent 2",1,82892,82892,1536,30,"__amd_rocclr_fillBufferAligned",256,0,0,8,0,128,"SQ_CYCLES",4805984.000000,26879424087361,26879424090547
543,543,"Agent 2",1,82892,82892,1536,30,"__amd_rocclr_fillBufferAligned",256,0,0,8,0,128,"SQ_WAVES",48.000000,26879424087361,26879424090547
544,544,"Agent 2",1,82892,82892,32768,1,"mix_e1v6",128,0,0,56,0,128,"GRBM_COUNT",39217535.000000,26879424426848,26879426917447
544,544,"Agent 2",1,82892,82892,32768,1,"mix_e1v6",128,0,0,56,0,128,"GRBM_GUI_ACTIVE",39217535.000000,26879424426848,26879426917447
544,544,"Agent 2",1,82892,82892,32768,1,"mix_e1v6",128,0,0,56,0,128,"SQ_BUSY_CYCLES",1080588299.000000,26879424426848,26879426917447
544,544,"Agent 2",1,82892,82892,32768,1,"mix_e1v6",128,0,0,56,0,128,"SQ_CYCLES",1254961632.000000,26879424426848,26879426917447
544,544,"Agent 2",1,82892,82892,32768,1,"mix_e1v6",128,0,0,56,0,128,"SQ_WAVES",1024.000000,26879424426848,26879426917447
545,545,"Agent 2",1,82892,82892,1536,30,"__amd_rocclr_fillBufferAligned",256,0,0,8,0,128,"GRBM_COUNT",155570.000000,26879427365533,26879427370333
545,545,"Agent 2",1,82892,82892,1536,30,"__amd_rocclr_fillBufferAligned",256,0,0,8,0,128,"GRBM_GUI_ACTIVE",155570.000000,26879427365533,26879427370333
545,545,"Agent 2",1,82892,82892,1536,30,"__amd_rocclr_fillBufferAligned",256,0,0,8,0,128,"SQ_BUSY_CYCLES",4978223.000000,26879427365533,26879427370333
545,545,"Agent 2",1,82892,82892,1536,30,"__amd_rocclr_fillBufferAligned",256,0,0,8,0,128,"SQ_CYCLES",4978752.000000,26879427365533,26879427370333
545,545,"Agent 2",1,82892,82892,1536,30,"__amd_rocclr_fillBufferAligned",256,0,0,8,0,128,"SQ_WAVES",48.000000,26879427365533,26879427370333
546,546,"Agent 2",1,82892,82892,32768,1,"mix_e1v6",128,0,0,56,0,128,"GRBM_COUNT",39210803.000000,26879427704834,26879430173043
546,546,"Agent 2",1,82892,82892,32768,1,"mix_e1v6",128,0,0,56,0,128,"GRBM_GUI_ACTIVE",39210803.000000,26879427704834,26879430173043
546,546,"Agent 2",1,82892,82892,32768,1,"mix_e1v6",128,0,0,56,0,128,"SQ_BUSY_CYCLES",1249335636.000000,26879427704834,26879430173043
546,546,"Agent 2",1,82892,82892,32768,1,"mix_e1v6",128,0,0,56,0,128,"SQ_CYCLES",1254746208.000000,26879427704834,26879430173043
546,546,"Agent 2",1,82892,82892,32768,1,"mix_e1v6",128,0,0,56,0,128,"SQ_WAVES",1024.000000,26879427704834,26879430173043
547,547,"Agent 2",1,82892,82892,3072,30,"__amd_rocclr_fillBufferAligned",256,0,0,8,0,128,"GRBM_COUNT",145019.000000,26879430651041,26879430653210
547,547,"Agent 2",1,82892,82892,3072,30,"__amd_rocclr_fillBufferAligned",256,0,0,8,0,128,"GRBM_GUI_ACTIVE",145019.000000,26879430651041,26879430653210
547,547,"Agent 2",1,82892,82892,3072,30,"__amd_rocclr_fillBufferAligned",256,0,0,8,0,128,"SQ_BUSY_CYCLES",3104080.000000,26879430651041,26879430653210
547,547,"Agent 2",1,82892,82892,3072,30,"__amd_rocclr_fillBufferAligned",256,0,0,8,0,128,"SQ_CYCLES",4641120.000000,26879430651041,26879430653210
547,547,"Agent 2",1,82892,82892,3072,30,"__amd_rocclr_fillBufferAligned",256,0,0,8,0,128,"SQ_WAVES",96.000000,26879430651041,26879430653210
548,548,"Agent 2",1,82892,82892,65536,1,"mix_e1v6",256,0,0,56,0,128,"GRBM_COUNT",30150514.000000,26879430989872,26879432980983
548,548,"Agent 2",1,82892,82892,65536,1,"mix_e1v6",256,0,0,56,0,128,"GRBM_GUI_ACTIVE",30150514.000000,26879430989872,26879432980983
548,548,"Agent 2",1,82892,82892,65536,1,"mix_e1v6",256,0,0,56,0,128,"SQ_BUSY_CYCLES",732901860.000000,26879430989872,26879432980983
548,548,"Agent 2",1,82892,82892,65536,1,"mix_e1v6",256,0,0,56,0,128,"SQ_CYCLES",964816960.000000,26879430989872,26879432980983
548,548,"Agent 2",1,82892,82892,65536,1,"mix_e1v6",256,0,0,56,0,128,"SQ_WAVES",2048.000000,26879430989872,26879432980983
549,549,"Agent 2",1,82892,82892,3072,30,"__amd_rocclr_fillBufferAligned",256,0,0,8,0,128,"GRBM_COUNT",136105.000000,26879433381093,26879433381499
549,549,"Agent 2",1,82892,82892,3072,30,"__amd_rocclr_fillBufferAligned",256,0,0,8,0,128,"GRBM_GUI_ACTIVE",136105.000000,26879433381093,26879433381499
549,549,"Agent 2",1,82892,82892,3072,30,"__amd_rocclr_fillBufferAligned",256,0,0,8,0,128,"SQ_BUSY_CYCLES",4355360.000000,26879433381093,26879433381499
549,549,"Agent 2",1,82892,82892,3072,30,"__amd_rocclr_fillBufferAligned",256,0,0,8,0,128,"SQ_CYCLES",4355872.000000,26879433381093,26879433381499
549,549,"Agent 2",1,82892,82892,3072,30,"__amd_rocclr_fillBufferAligned",256,0,0,8,0,128,"SQ_WAVES",96.000000,26879433381093,26879433381499
550,550,"Agent 2",1,82892,82892,65536,1,"mix_e1v6",256,0,0,56,0,128,"GRBM_COUNT",30352313.000000,26879433724049,26879435802094
550,550,"Agent 2",1,82892,82892,65536,1,"mix_e1v6",256,0,0,56,0,128,"GRBM_GUI_ACTIVE",30352313.000000,26879433724049,26879435802094
550,550,"Agent 2",1,82892,82892,65536,1,"mix_e1v6",256,0,0,56,0,128,"SQ_BUSY_CYCLES",970824082.000000,26879433724049,26879435802094
550,550,"Agent 2",1,82892,82892,65536,1,"mix_e1v6",256,0,0,56,0,128,"SQ_CYCLES",971274528.000000,26879433724049,26879435802094
550,550,"Agent 2",1,82892,82892,65536,1,"mix_e1v6",256,0,0,56,0,128,"SQ_WAVES",2048.000000,26879433724049,26879435802094
551,551,"Agent 2",1,82892,82892,3072,30,"__amd_rocclr_fillBufferAligned",256,0,0,8,0,128,"GRBM_COUNT",140110.000000,26879436197148,26879436198060
551,551,"Agent 2",1,82892,82892,3072,30,"__amd_rocclr_fillBufferAligned",256,0,0,8,0,128,"GRBM_GUI_ACTIVE",140110.000000,26879436197148,26879436198060
551,551,"Agent 2",1,82892,82892,3072,30,"__amd_rocclr_fillBufferAligned",256,0,0,8,0,128,"SQ_BUSY_CYCLES",4357308.000000,26879436197148,26879436198060
551,551,"Agent 2",1,82892,82892,3072,30,"__amd_rocclr_fillBufferAligned",256,0,0,8,0,128,"SQ_CYCLES",4484032.000000,26879436197148,26879436198060
551,551,"Agent 2",1,82892,82892,3072,30,"__amd_rocclr_fillBufferAligned",256,0,0,8,0,128,"SQ_WAVES",96.000000,26879436197148,26879436198060
552,552,"Agent 2",1,82892,82892,65536,1,"mix_e1v6",256,0,0,56,0,128,"GRBM_COUNT",30273570.000000,26879436541012,26879438647374
552,552,"Agent 2",1,82892,82892,65536,1,"mix_e1v6",256,0,0,56,0,128,"GRBM_GUI_ACTIVE",30273570.000000,26879436541012,26879438647374
552,552,"Agent 2",1,82892,82892,65536,1,"mix_e1v6",256,0,0,56,0,128,"SQ_BUSY_CYCLES",941964160.000000,26879436541012,26879438647374
552,552,"Agent 2",1,82892,82892,65536,1,"mix_e1v6",256,0,0,56,0,128,"SQ_CYCLES",968754752.000000,26879436541012,26879438647374
552,552,"Agent 2",1,82892,82892,65536,1,"mix_e1v6",256,0,0,56,0,128,"SQ_WAVES",2048.000000,26879436541012,26879438647374
553,553,"Agent 2",1,82892,82892,3072,30,"__amd_rocclr_fillBufferAligned",256,0,0,8,0,128,"GRBM_COUNT",142185.000000,26879439157572,26879439158492
553,553,"Agent 2",1,82892,82892,3072,30,"__amd_rocclr_fillBufferAligned",256,0,0,8,0,128,"GRBM_GUI_ACTIVE",142185.000000,26879439157572,26879439158492
553,553,"Agent 2",1,82892,82892,3072,30,"__amd_rocclr_fillBufferAligned",256,0,0,8,0,128,"SQ_BUSY_CYCLES",3545826.000000,26879439157572,26879439158492
553,553,"Agent 2",1,82892,82892,3072,30,"__amd_rocclr_fillBufferAligned",256,0,0,8,0,128,"SQ_CYCLES",4550432.000000,26879439157572,26879439158492
553,553,"Agent 2",1,82892,82892,3072,30,"__amd_rocclr_fillBufferAligned",256,0,0,8,0,128,"SQ_WAVES",96.000000,26879439157572,26879439158492
554,554,"Agent 2",1,82892,82892,65536,1,"mix_e1v6",256,0,0,56,0,128,"GRBM_COUNT",30178025.000000,26879439497745,26879441552296
554,554,"Agent 2",1,82892,82892,65536,1,"mix_e1v6",256,0,0,56,0,128,"GRBM_GUI_ACTIVE",30178025.000000,26879439497745,26879441552296
554,554,"Agent 2",1,82892,82892,65536,1,"mix_e1v6",256,0,0,56,0,128,"SQ_BUSY_CYCLES",809172954.000000,26879439497745,26879441552296
554,554,"Agent 2",1,82892,82892,65536,1,"mix_e1v6",256,0,0,56,0,128,"SQ_CYCLES",965697312.000000,26879439497745,26879441552296
554,554,"Agent 2",1,82892,82892,65536,1,"mix_e1v6",256,0,0,56,0,128,"SQ_WAVES",2048.000000,26879439497745,26879441552296
555,555,"Agent 2",1,82892,82892,3072,30,"__amd_rocclr_fillBufferAligned",256,0,0,8,0,128,"GRBM_COUNT",144404.000000,26879442043911,26879442046043
555,555,"Agent 2",1,82892,82892,3072,30,"__amd_rocclr_fillBufferAligned",256,0,0,8,0,128,"GRBM_GUI_ACTIVE",144404.000000,26879442043911,26879442046043
555,555,"Agent 2",1,82892,82892,3072,30,"__amd_rocclr_fillBufferAligned",256,0,0,8,0,128,"SQ_BUSY_CYCLES",4620928.000000,26879442043911,26879442046043
555,555,"Agent 2",1,82892,82892,3072,30,"__amd_rocclr_fillBufferAligned",256,0,0,8,0,128,"SQ_CYCLES",4621440.000000,26879442043911,26879442046043
555,555,"Agent 2",1,82892,82892,3072,30,"__amd_rocclr_fillBufferAligned",256,0,0,8,0,128,"SQ_WAVES",96.000000,26879442043911,26879442046043
556,556,"Agent 2",1,82892,82892,65536,1,"mix_e1v6",256,0,0,56,0,128,"GRBM_COUNT",30075368.000000,26879442387954,26879444437637
556,556,"Agent 2",1,82892,82892,65536,1,"mix_e1v6",256,0,0,56,0,128,"GRBM_GUI_ACTIVE",30075368.000000,26879442387954,26879444437637
556,556,"Agent 2",1,82892,82892,65536,1,"mix_e1v6",256,0,0,56,0,128,"SQ_BUSY_CYCLES",962411776.000000,26879442387954,26879444437637
556,556,"Agent 2",1,82892,82892,65536,1,"mix_e1v6",256,0,0,56,0,128,"SQ_CYCLES",962412288.000000,26879442387954,26879444437637
556,556,"Agent 2",1,82892,82892,65536,1,"mix_e1v6",256,0,0,56,0,128,"SQ_WAVES",2048.000000,26879442387954,26879444437637
557,557,"Agent 2",1,82892,82892,3072,30,"__amd_rocclr_fillBufferAligned",256,0,0,8,0,128,"GRBM_COUNT",144117.000000,26879444944568,26879444946254
557,557,"Agent 2",1,82892,82892,3072,30,"__amd_rocclr_fillBufferAligned",256,0,0,8,0,128,"GRBM_GUI_ACTIVE",144117.000000,26879444944568,26879444946254
557,557,"Agent 2",1,82892,82892,3072,30,"__amd_rocclr_fillBufferAligned",256,0,0,8,0,128,"SQ_BUSY_CYCLES",4611744.000000,26879444944568,26879444946254
557,557,"Agent 2",1,82892,82892,3072,30,"__amd_rocclr_fillBufferAligned",256,0,0,8,0,128,"SQ_CYCLES",4612256.000000,26879444944568,26879444946254
557,557,"Agent 2",1,82892,82892,3072,30,"__amd_rocclr_fillBufferAligned",256,0,0,8,0,128,"SQ_WAVES",96.000000,26879444944568,26879444946254
558,558,"Agent 2",1,82892,82892,65536,1,"mix_e1v6",256,0,0,56,0,128,"GRBM_COUNT",30191356.000000,26879445287665,26879447320628
558,558,"Agent 2",1,82892,82892,65536,1,"mix_e1v6",256,0,0,56,0,128,"GRBM_GUI_ACTIVE",30191356.000000,26879445287665,26879447320628
558,558,"Agent 2",1,82892,82892,65536,1,"mix_e1v6",256,0,0,56,0,128,"SQ_BUSY_CYCLES",963050418.000000,26879445287665,26879447320628
558,558,"Agent 2",1,82892,82892,65536,1,"mix_e1v6",256,0,0,56,0,128,"SQ_CYCLES",966123904.000000,26879445287665,26879447320628
558,558,"Agent 2",1,82892,82892,65536,1,"mix_e1v6",256,0,0,56,0,128,"SQ_WAVES",2048.000000,26879445287665,26879447320628
559,559,"Agent 2",1,82892,82892,3072,30,"__amd_rocclr_fillBufferAligned",256,0,0,8,0,128,"GRBM_COUNT",134797.000000,26879447817933,26879447818315
559,559,"Agent 2",1,82892,82892,3072,30,"__amd_rocclr_fillBufferAligned",256,0,0,8,0,128,"GRBM_GUI_ACTIVE",134797.000000,26879447817933,26879447818315
559,559,"Agent 2",1,82892,82892,3072,30,"__amd_rocclr_fillBufferAligned",256,0,0,8,0,128,"SQ_BUSY_CYCLES",3510799.000000,26879447817933,26879447818315
559,559,"Agent 2",1,82892,82892,3072,30,"__amd_rocclr_fillBufferAligned",256,0,0,8,0,128,"SQ_CYCLES",4314016.000000,26879447817933,26879447818315
559,559,"Agent 2",1,82892,82892,3072,30,"__amd_rocclr_fillBufferAligned",256,0,0,8,0,128,"SQ_WAVES",96.000000,26879447817933,26879447818315
560,560,"Agent 2",1,82892,82892,65536,1,"mix_e1v6",256,0,0,56,0,128,"GRBM_COUNT",30118820.000000,26879448163603,26879450176829
560,560,"Agent 2",1,82892,82892,65536,1,"mix_e1v6",256,0,0,56,0,128,"GRBM_GUI_ACTIVE",30118820.000000,26879448163603,26879450176829
560,560,"Agent 2",1,82892,82892,65536,1,"mix_e1v6",256,0,0,56,0,128,"SQ_BUSY_CYCLES",823614188.000000,26879448163603,26879450176829
560,560,"Agent 2",1,82892,82892,65536,1,"mix_e1v6",256,0,0,56,0,128,"SQ_CYCLES",963802752.000000,26879448163603,26879450176829
560,560,"Agent 2",1,82892,82892,65536,1,"mix_e1v6",256,0,0,56,0,128,"SQ_WAVES",2048.000000,26879448163603,26879450176829
561,561,"Agent 2",1,82892,82892,3072,30,"__amd_rocclr_fillBufferAligned",256,0,0,8,0,128,"GRBM_COUNT",132597.000000,26879450782157,26879450782598
561,561,"Agent 2",1,82892,82892,3072,30,"__amd_rocclr_fillBufferAligned",256,0,0,8,0,128,"GRBM_GUI_ACTIVE",132597.000000,26879450782157,26879450782598
561,561,"Agent 2",1,82892,82892,3072,30,"__amd_rocclr_fillBufferAligned",256,0,0,8,0,128,"SQ_BUSY_CYCLES",3998764.000000,26879450782157,26879450782598
561,561,"Agent 2",1,82892,82892,3072,30,"__amd_rocclr_fillBufferAligned",256,0,0,8,0,128,"SQ_CYCLES",4243616.000000,26879450782157,26879450782598
561,561,"Agent 2",1,82892,82892,3072,30,"__amd_rocclr_fillBufferAligned",256,0,0,8,0,128,"SQ_WAVES",96.000000,26879450782157,26879450782598
562,562,"Agent 2",1,82892,82892,65536,6,"roles(float*, std::bfloat16_t __vector(16) const*, int, Rec*)",256,0,0,48,0,128,"GRBM_COUNT",9144602.000000,26879451107447,26879451751102
562,562,"Agent 2",1,82892,82892,65536,6,"roles(float*, std::bfloat16_t __vector(16) const*, int, Rec*)",256,0,0,48,0,128,"GRBM_GUI_ACTIVE",9144602.000000,26879451107447,26879451751102
562,562,"Agent 2",1,82892,82892,65536,6,"roles(float*, std::bfloat16_t __vector(16) const*, int, Rec*)",256,0,0,48,0,128,"SQ_BUSY_CYCLES",281246106.000000,26879451107447,26879451751102
562,562,"Agent 2",1,82892,82892,65536,6,"roles(float*, std::bfloat16_t __vector(16) const*, int, Rec*)",256,0,0,48,0,128,"SQ_CYCLES",292627776.000000,26879451107447,26879451751102
562,562,"Agent 2",1,82892,82892,65536,6,"roles(float*, std::bfloat16_t __vector(16) const*, int, Rec*)",256,0,0,48,0,128,"SQ_WAVES",2048.000000,26879451107447,26879451751102
563,563,"Agent 2",1,82892,82892,3072,30,"__amd_rocclr_fillBufferAligned",256,0,0,8,0,128,"GRBM_COUNT",151947.000000,26879452141052,26879452142547
563,563,"Agent 2",1,82892,82892,3072,30,"__amd_rocclr_fillBufferAligned",256,0,0,8,0,128,"GRBM_GUI_ACTIVE",151947.000000,26879452141052,26879452142547
563,563,"Agent 2",1,82892,82892,3072,30,"__amd_rocclr_fillBufferAligned",256,0,0,8,0,128,"SQ_BUSY_CYCLES",4862304.000000,26879452141052,26879452142547
563,563,"Agent 2",1,82892,82892,3072,30,"__amd_rocclr_fillBufferAligned",256,0,0,8,0,128,"SQ_CYCLES",4862816.000000,26879452141052,26879452142547
563,563,"Agent 2",1,82892,82892,3072,30,"__amd_rocclr_fillBufferAligned",256,0,0,8,0,128,"SQ_WAVES",96.000000,26879452141052,26879452142547
564,564,"Agent 2",1,82892,82892,65536,6,"roles(float*, std::bfloat16_t __vector(16) const*, int, Rec*)",256,0,0,48,0,128,"GRBM_COUNT",8940473.000000,26879452477927,26879453082941
564,564,"Agent 2",1,82892,82892,65536,6,"roles(float*, std::bfloat16_t __vector(16) const*, int, Rec*)",256,0,0,48,0,128,"GRBM_GUI_ACTIVE",8940473.000000,26879452477927,26879453082941
564,564,"Agent 2",1,82892,82892,65536,6,"roles(float*, std::bfloat16_t __vector(16) const*, int, Rec*)",256,0,0,48,0,128,"SQ_BUSY_CYCLES",286095136.000000,26879452477927,26879453082941
564,564,"Agent 2",1,82892,82892,65536,6,"roles(float*, std::bfloat16_t __vector(16) const*, int, Rec*)",256,0,0,48,0,128,"SQ_CYCLES",286095648.000000,26879452477927,26879453082941
564,564,"Agent 2",1,82892,82892,65536,6,"roles(float*, std::bfloat16_t __vector(16) const*, int, Rec*)",256,0,0,48,0,128,"SQ_WAVES",2048.000000,26879452477927,26879453082941
565,565,"Agent 2",1,82892,82892,3072,30,"__amd_rocclr_fillBufferAligned",256,0,0,8,0,128,"GRBM_COUNT",150545.000000,26879453466868,26879453468406
565,565,"Agent 2",1,82892,82892,3072,30,"__amd_rocclr_fillBufferAligned",256,0,0,8,0,128,"GRBM_GUI_ACTIVE",150545.000000,26879453466868,26879453468406
565,565,"Agent 2",1,82892,82892,3072,30,"__amd_rocclr_fillBufferAligned",256,0,0,8,0,128,"SQ_BUSY_CYCLES",4817440.000000,26879453466868,26879453468406
565,565,"Agent 2",1,82892,82892,3072,30,"__amd_rocclr_fillBufferAligned",256,0,0,8,0,128,"SQ_CYCLES",4817952.000000,26879453466868,26879453468406
565,565,"Agent 2",1,82892,82892,3072,30,"__amd_rocclr_fillBufferAligned",256,0,0,8,0,128,"SQ_WAVES",96.000000,26879453466868,26879453468406
566,566,"Agent 2",1,82892,82892,65536,6,"roles(float*, std::bfloat16_t __vector(16) const*, int, Rec*)",256,0,0,48,0,128,"GRBM_COUNT",8942188.000000,26879453800346,26879454405359
566,566,"Agent 2",1,82892,82892,65536,6,"roles(float*, std::bfloat16_t __vector(16) const*, int, Rec*)",256,0,0,48,0,128,"GRBM_GUI_ACTIVE",8942188.000000,26879453800346,26879454405359
566,566,"Agent 2",1,82892,82892,65536,6,"roles(float*, std::bfloat16_t __vector(16) const*, int, Rec*)",256,0,0,48,0,128,"SQ_BUSY_CYCLES",286150016.000000,26879453800346,26879454405359
566,566,"Agent 2",1,82892,82892,65536,6,"roles(float*, std::bfloat16_t __vector(16) const*, int, Rec*)",256,0,0,48,0,128,"SQ_CYCLES",286150528.000000,26879453800346,26879454405359
566,566,"Agent 2",1,82892,82892,65536,6,"roles(float*, std::bfloat16_t __vector(16) const*, int, Rec*)",256,0,0,48,0,128,"SQ_WAVES",2048.000000,26879453800346,26879454405359
567,567,"Agent 2",1,82892,82892,3072,30,"__amd_rocclr_fillBufferAligned",256,0,0,8,0,128,"GRBM_COUNT",155811.000000,26879454883108,26879454887426
567,567,"Agent 2",1,82892,82892,3072,30,"__amd_rocclr_fillBufferAligned",256,0,0,8,0,128,"GRBM_GUI_ACTIVE",155811.000000,26879454883108,26879454887426
567,567,"Agent 2",1,82892,82892,3072,30,"__amd_rocclr_fillBufferAligned",256,0,0,8,0,128,"SQ_BUSY_CYCLES",4985952.000000,26879454883108,26879454887426
567,567,"Agent 2",1,82892,82892,3072,30,"__amd_rocclr_fillBufferAligned",256,0,0,8,0,128,"SQ_CYCLES",4986464.000000,26879454883108,26879454887426
567,567,"Agent 2",1,82892,82892,3072,30,"__amd_rocclr_fillBufferAligned",256,0,0,8,0,128,"SQ_WAVES",96.000000,26879454883108,26879454887426
568,568,"Agent 2",1,82892,82892,65536,6,"roles(float*, std::bfloat16_t __vector(16) const*, int, Rec*)",256,0,0,48,0,128,"GRBM_COUNT",8961585.000000,26879455225193,26879455838200
568,568,"Agent 2",1,82892,82892,65536,6,"roles(float*, std::bfloat16_t __vector(16) const*, int, Rec*)",256,0,0,48,0,128,"GRBM_GUI_ACTIVE",8961585.000000,26879455225193,26879455838200
568,568,"Agent 2",1,82892,82892,65536,6,"roles(float*, std::bfloat16_t __vector(16) const*, int, Rec*)",256,0,0,48,0,128,"SQ_BUSY_CYCLES",286770720.000000,26879455225193,26879455838200
568,568,"Agent 2",1,82892,82892,65536,6,"roles(float*, std::bfloat16_t __vector(16) const*, int, Rec*)",256,0,0,48,0,128,"SQ_CYCLES",286771232.000000,26879455225193,26879455838200
568,568,"Agent 2",1,82892,82892,65536,6,"roles(float*, std::bfloat16_t __vector(16) const*, int, Rec*)",256,0,0,48,0,128,"SQ_WAVES",2048.000000,26879455225193,26879455838200
569,569,"Agent 2",1,82892,82892,3072,30,"__amd_rocclr_fillBufferAligned",256,0,0,8,0,128,"GRBM_COUNT",148337.000000,26879456333746,26879456334637
569,569,"Agent 2",1,82892,82892,3072,30,"__amd_rocclr_fillBufferAligned",256,0,0,8,0,128,"GRBM_GUI_ACTIVE",148337.000000,26879456333746,26879456334637
569,569,"Agent 2",1,82892,82892,3072,30,"__amd_rocclr_fillBufferAligned",256,0,0,8,0,128,"SQ_BUSY_CYCLES",4746784.000000,26879456333746,26879456334637
569,569,"Agent 2",1,82892,82892,3072,30,"__amd_rocclr_fillBufferAligned",256,0,0,8,0,128,"SQ_CYCLES",4747296.000000,26879456333746,26879456334637
569,569,"Agent 2",1,82892,82892,3072,30,"__amd_rocclr_fillBufferAligned",256,0,0,8,0,128,"SQ_WAVES",96.000000,26879456333746,26879456334637
570,570,"Agent 2",1,82892,82892,65536,6,"roles(float*, std::bfloat16_t __vector(16) const*, int, Rec*)",256,0,0,48,0,128,"GRBM_COUNT",8941323.000000,26879456665753,26879457282780
570,570,"Agent 2",1,82892,82892,65536,6,"roles(float*, std::bfloat16_t __vector(16) const*, int, Rec*)",256,0,0,48,0,128,"GRBM_GUI_ACTIVE",8941323.000000,26879456665753,26879457282780
570,570,"Agent 2",1,82892,82892,65536,6,"roles(float*, std::bfloat16_t __vector(16) const*, int, Rec*)",256,0,0,48,0,128,"SQ_BUSY_CYCLES",286122336.000000,26879456665753,26879457282780
570,570,"Agent 2",1,82892,82892,65536,6,"roles(float*, std::bfloat16_t __vector(16) const*, int, Rec*)",256,0,0,48,0,128,"SQ_CYCLES",286122848.000000,26879456665753,26879457282780
570,570,"Agent 2",1,82892,82892,65536,6,"roles(float*, std::bfloat16_t __vector(16) const*, int, Rec*)",256,0,0,48,0,128,"SQ_WAVES",2048.000000,26879456665753,26879457282780
571,571,"Agent 2",1,82892,82892,3072,30,"__amd_rocclr_fillBufferAligned",256,0,0,8,0,128,"GRBM_COUNT",155817.000000,26879457758155,26879457759077
571,571,"Agent 2",1,82892,82892,3072,30,"__amd_rocclr_fillBufferAligned",256,0,0,8,0,128,"GRBM_GUI_ACTIVE",155817.000000,26879457758155,26879457759077
571,571,"Agent 2",1,82892,82892,3072,30,"__amd_rocclr_fillBufferAligned",256,0,0,8,0,128,"SQ_BUSY_CYCLES",4986144.000000,26879457758155,26879457759077
571,571,"Agent 2",1,82892,82892,3072,30,"__amd_rocclr_fillBufferAligned",256,0,0,8,0,128,"SQ_CYCLES",4986656.000000,26879457758155,26879457759077
571,571,"Agent 2",1,82892,82892,3072,30,"__amd_rocclr_fillBufferAligned",256,0,0,8,0,128,"SQ_WAVES",96.000000,26879457758155,26879457759077
572,572,"Agent 2",1,82892,82892,65536,6,"roles(float*, std::bfloat16_t __vector(16) const*, int, Rec*)",256,0,0,48,0,128,"GRBM_COUNT",8928627.000000,26879458097156,26879458702441
572,572,"Agent 2",1,82892,82892,65536,6,"roles(float*, std::bfloat16_t __vector(16) const*, int, Rec*)",256,0,0,48,0,128,"GRBM_GUI_ACTIVE",8928627.000000,26879458097156,26879458702441
572,572,"Agent 2",1,82892,82892,65536,6,"roles(float*, std::bfloat16_t __vector(16) const*, int, Rec*)",256,0,0,48,0,128,"SQ_BUSY_CYCLES",285716064.000000,26879458097156,26879458702441
572,572,"Agent 2",1,82892,82892,65536,6,"roles(float*, std::bfloat16_t __vector(16) const*, int, Rec*)",256,0,0,48,0,128,"SQ_CYCLES",285716576.000000,26879458097156,26879458702441
572,572,"Agent 2",1,82892,82892,65536,6,"roles(float*, std::bfloat16_t __vector(16) const*, int, Rec*)",256,0,0,48,0,128,"SQ_WAVES",2048.000000,26879458097156,26879458702441
573,573,"Agent 2",1,82892,82892,3072,30,"__amd_rocclr_fillBufferAligned",256,0,0,8,0,128,"GRBM_COUNT",147432.000000,26879459188685,26879459190168
573,573,"Agent 2",1,82892,82892,3072,30,"__amd_rocclr_fillBufferAligned",256,0,0,8,0,128,"GRBM_GUI_ACTIVE",147432.000000,26879459188685,26879459190168
573,573,"Agent 2",1,82892,82892,3072,30,"__amd_rocclr_fillBufferAligned",256,0,0,8,0,128,"SQ_BUSY_CYCLES",4717824.000000,26879459188685,26879459190168
573,573,"Agent 2",1,82892,82892,3072,30,"__amd_rocclr_fillBufferAligned",256,0,0,8,0,128,"SQ_CYCLES",4718336.000000,26879459188685,26879459190168
573,573,"Agent 2",1,82892,82892,3072,30,"__amd_rocclr_fillBufferAligned",256,0,0,8,0,128,"SQ_WAVES",96.000000,26879459188685,26879459190168
574,574,"Agent 2",1,82892,82892,65536,6,"roles(float*, std::bfloat16_t __vector(16) const*, int, Rec*)",256,0,0,48,0,128,"GRBM_COUNT",8994366.000000,26879459522433,26879460152081
574,574,"Agent 2",1,82892,82892,65536,6,"roles(float*, std::bfloat16_t __vector(16) const*, int, Rec*)",256,0,0,48,0,128,"GRBM_GUI_ACTIVE",8994366.000000,26879459522433,26879460152081
574,574,"Agent 2",1,82892,82892,65536,6,"roles(float*, std::bfloat16_t __vector(16) const*, int, Rec*)",256,0,0,48,0,128,"SQ_BUSY_CYCLES",287819712.000000,26879459522433,26879460152081
574,574,"Agent 2",1,82892,82892,65536,6,"roles(float*, std::bfloat16_t __vector(16) const*, int, Rec*)",256,0,0,48,0,128,"SQ_CYCLES",287820224.000000,26879459522433,26879460152081
574,574,"Agent 2",1,82892,82892,65536,6,"roles(float*, std::bfloat16_t __vector(16) const*, int, Rec*)",256,0,0,48,0,128,"SQ_WAVES",2048.000000,26879459522433,26879460152081
