step,arm,layer,kernel,start_ms,dur_ms,gap_prev_us,prev_kernel,gap_next_us,next_kernel,overlap_us,sclk_mhz,power_w
10,fly,0,kn_fmha_fwd_prefill_a16w16_m32x8_bshd_0,7.289,1.3268,0.8,ew:vectorized_elementwise_kernel/bfloat16_copy_kernel_cuda/bfloat16_copy_kernel_cuda,1.0,ew:vectorized_elementwise_kernel/bfloat16_copy_kernel_cuda/bfloat16_copy_kernel_cuda,0,1687,2125
10,fly,1,kn_fmha_fwd_prefill_a16w16_m32x8_bshd_0,19.857,1.6298,1.0,ew:vectorized_elementwise_kernel/bfloat16_copy_kernel_cuda/bfloat16_copy_kernel_cuda,1.0,ew:vectorized_elementwise_kernel/bfloat16_copy_kernel_cuda/bfloat16_copy_kernel_cuda,0,1667,2125
10,fly,2,kn_fmha_fwd_prefill_a16w16_m32x8_bshd_0,33.377,1.5777,0.9,ew:vectorized_elementwise_kernel/bfloat16_copy_kernel_cuda/bfloat16_copy_kernel_cuda,0.9,ew:vectorized_elementwise_kernel/bfloat16_copy_kernel_cuda/bfloat16_copy_kernel_cuda,0,1627,2125
10,fly,3,kn_fmha_fwd_prefill_a16w16_m32x8_bshd_0,46.792,1.6268,1.0,ew:vectorized_elementwise_kernel/bfloat16_copy_kernel_cuda/bfloat16_copy_kernel_cuda,1.0,ew:vectorized_elementwise_kernel/bfloat16_copy_kernel_cuda/bfloat16_copy_kernel_cuda,0,1590,2125
10,fly,4,kn_fmha_fwd_prefill_a16w16_m32x8_bshd_0,60.289,1.6103,1.0,ew:vectorized_elementwise_kernel/bfloat16_copy_kernel_cuda/bfloat16_copy_kernel_cuda,1.0,ew:vectorized_elementwise_kernel/bfloat16_copy_kernel_cuda/bfloat16_copy_kernel_cuda,0,1543,2125
10,fly,5,kn_fmha_fwd_prefill_a16w16_m32x8_bshd_0,73.734,1.6556,0.9,ew:vectorized_elementwise_kernel/bfloat16_copy_kernel_cuda/bfloat16_copy_kernel_cuda,1.4,ew:vectorized_elementwise_kernel/bfloat16_copy_kernel_cuda/bfloat16_copy_kernel_cuda,0,1502,2125
10,fly,6,kn_fmha_fwd_prefill_a16w16_m32x8_bshd_0,87.263,1.6337,1.4,ew:vectorized_elementwise_kernel/bfloat16_copy_kernel_cuda/bfloat16_copy_kernel_cuda,1.0,ew:vectorized_elementwise_kernel/bfloat16_copy_kernel_cuda/bfloat16_copy_kernel_cuda,0,1481,2125
10,fly,7,kn_fmha_fwd_prefill_a16w16_m32x8_bshd_0,100.633,1.5812,1.0,ew:vectorized_elementwise_kernel/bfloat16_copy_kernel_cuda/bfloat16_copy_kernel_cuda,0.9,ew:vectorized_elementwise_kernel/bfloat16_copy_kernel_cuda/bfloat16_copy_kernel_cuda,0,1461,2125
10,fly,8,kn_fmha_fwd_prefill_a16w16_m32x8_bshd_0,114.023,1.6382,1.0,ew:vectorized_elementwise_kernel/bfloat16_copy_kernel_cuda/bfloat16_copy_kernel_cuda,1.0,ew:vectorized_elementwise_kernel/bfloat16_copy_kernel_cuda/bfloat16_copy_kernel_cuda,0,1443,2125
10,fly,9,kn_fmha_fwd_prefill_a16w16_m32x8_bshd_0,127.480,1.6216,1.0,ew:vectorized_elementwise_kernel/bfloat16_copy_kernel_cuda/bfloat16_copy_kernel_cuda,0.9,ew:vectorized_elementwise_kernel/bfloat16_copy_kernel_cuda/bfloat16_copy_kernel_cuda,0,1418,2125
10,fly,10,kn_fmha_fwd_prefill_a16w16_m32x8_bshd_0,140.947,1.6726,1.0,ew:vectorized_elementwise_kernel/bfloat16_copy_kernel_cuda/bfloat16_copy_kernel_cuda,1.0,ew:vectorized_elementwise_kernel/bfloat16_copy_kernel_cuda/bfloat16_copy_kernel_cuda,0,1399,2125
10,fly,11,kn_fmha_fwd_prefill_a16w16_m32x8_bshd_0,154.485,1.5333,1.0,ew:vectorized_elementwise_kernel/bfloat16_copy_kernel_cuda/bfloat16_copy_kernel_cuda,1.0,ew:vectorized_elementwise_kernel/bfloat16_copy_kernel_cuda/bfloat16_copy_kernel_cuda,0,1387,2125
10,fly,12,kn_fmha_fwd_prefill_a16w16_m32x8_bshd_0,167.733,1.5699,1.4,ew:vectorized_elementwise_kernel/bfloat16_copy_kernel_cuda/bfloat16_copy_kernel_cuda,0.9,ew:vectorized_elementwise_kernel/bfloat16_copy_kernel_cuda/bfloat16_copy_kernel_cuda,0,1378,2125
10,fly,13,kn_fmha_fwd_prefill_a16w16_m32x8_bshd_0,181.031,1.4761,1.0,ew:vectorized_elementwise_kernel/bfloat16_copy_kernel_cuda/bfloat16_copy_kernel_cuda,0.9,ew:vectorized_elementwise_kernel/bfloat16_copy_kernel_cuda/bfloat16_copy_kernel_cuda,0,1368,2125
10,fly,14,kn_fmha_fwd_prefill_a16w16_m32x8_bshd_0,194.065,1.4344,1.0,ew:vectorized_elementwise_kernel/bfloat16_copy_kernel_cuda/bfloat16_copy_kernel_cuda,1.0,ew:vectorized_elementwise_kernel/bfloat16_copy_kernel_cuda/bfloat16_copy_kernel_cuda,0,1355,2125
10,fly,15,kn_fmha_fwd_prefill_a16w16_m32x8_bshd_0,207.178,1.4694,1.0,ew:vectorized_elementwise_kernel/bfloat16_copy_kernel_cuda/bfloat16_copy_kernel_cuda,1.0,ew:vectorized_elementwise_kernel/bfloat16_copy_kernel_cuda/bfloat16_copy_kernel_cuda,0,1350,2125
10,fly,16,kn_fmha_fwd_prefill_a16w16_m32x8_bshd_0,220.534,1.5563,1.0,ew:vectorized_elementwise_kernel/bfloat16_copy_kernel_cuda/bfloat16_copy_kernel_cuda,1.1,ew:vectorized_elementwise_kernel/bfloat16_copy_kernel_cuda/bfloat16_copy_kernel_cuda,0,1343,2125
10,fly,17,kn_fmha_fwd_prefill_a16w16_m32x8_bshd_0,233.850,1.5399,1.0,ew:vectorized_elementwise_kernel/bfloat16_copy_kernel_cuda/bfloat16_copy_kernel_cuda,1.2,ew:vectorized_elementwise_kernel/bfloat16_copy_kernel_cuda/bfloat16_copy_kernel_cuda,0,1336,2125
10,fly,18,kn_fmha_fwd_prefill_a16w16_m32x8_bshd_0,247.183,1.5689,1.0,ew:vectorized_elementwise_kernel/bfloat16_copy_kernel_cuda/bfloat16_copy_kernel_cuda,1.0,ew:vectorized_elementwise_kernel/bfloat16_copy_kernel_cuda/bfloat16_copy_kernel_cuda,0,1328,2125
10,fly,19,kn_fmha_fwd_prefill_a16w16_m32x8_bshd_0,260.588,1.4981,1.0,ew:vectorized_elementwise_kernel/bfloat16_copy_kernel_cuda/bfloat16_copy_kernel_cuda,1.4,ew:vectorized_elementwise_kernel/bfloat16_copy_kernel_cuda/bfloat16_copy_kernel_cuda,0,1322,2125
10,fly,20,kn_fmha_fwd_prefill_a16w16_m32x8_bshd_0,273.933,1.4783,1.4,ew:vectorized_elementwise_kernel/bfloat16_copy_kernel_cuda/bfloat16_copy_kernel_cuda,1.0,ew:vectorized_elementwise_kernel/bfloat16_copy_kernel_cuda/bfloat16_copy_kernel_cuda,0,1318,2125
10,fly,21,kn_fmha_fwd_prefill_a16w16_m32x8_bshd_0,287.270,1.5030,1.0,ew:vectorized_elementwise_kernel/bfloat16_copy_kernel_cuda/bfloat16_copy_kernel_cuda,1.0,ew:vectorized_elementwise_kernel/bfloat16_copy_kernel_cuda/bfloat16_copy_kernel_cuda,0,1314,2125
10,fly,22,kn_fmha_fwd_prefill_a16w16_m32x8_bshd_0,300.541,1.5526,1.0,ew:vectorized_elementwise_kernel/bfloat16_copy_kernel_cuda/bfloat16_copy_kernel_cuda,0.9,ew:vectorized_elementwise_kernel/bfloat16_copy_kernel_cuda/bfloat16_copy_kernel_cuda,0,1312,2125
10,fly,23,kn_fmha_fwd_prefill_a16w16_m32x8_bshd_0,313.815,1.5395,0.9,ew:vectorized_elementwise_kernel/bfloat16_copy_kernel_cuda/bfloat16_copy_kernel_cuda,1.0,ew:vectorized_elementwise_kernel/bfloat16_copy_kernel_cuda/bfloat16_copy_kernel_cuda,0,1307,2125
10,fly,24,kn_fmha_fwd_prefill_a16w16_m32x8_bshd_0,327.203,1.5598,1.0,ew:vectorized_elementwise_kernel/bfloat16_copy_kernel_cuda/bfloat16_copy_kernel_cuda,0.9,ew:vectorized_elementwise_kernel/bfloat16_copy_kernel_cuda/bfloat16_copy_kernel_cuda,0,1304,2125
10,fly,25,kn_fmha_fwd_prefill_a16w16_m32x8_bshd_0,340.580,1.5597,1.0,ew:vectorized_elementwise_kernel/bfloat16_copy_kernel_cuda/bfloat16_copy_kernel_cuda,1.0,ew:vectorized_elementwise_kernel/bfloat16_copy_kernel_cuda/bfloat16_copy_kernel_cuda,0,1303,2125
10,fly,26,kn_fmha_fwd_prefill_a16w16_m32x8_bshd_0,354.072,1.5722,0.9,ew:vectorized_elementwise_kernel/bfloat16_copy_kernel_cuda/bfloat16_copy_kernel_cuda,1.3,ew:vectorized_elementwise_kernel/bfloat16_copy_kernel_cuda/bfloat16_copy_kernel_cuda,0,1301,2125
10,fly,27,kn_fmha_fwd_prefill_a16w16_m32x8_bshd_0,367.381,1.6414,1.8,ew:vectorized_elementwise_kernel/bfloat16_copy_kernel_cuda/bfloat16_copy_kernel_cuda,1.0,ew:vectorized_elementwise_kernel/bfloat16_copy_kernel_cuda/bfloat16_copy_kernel_cuda,0,1298,2125
10,fly,28,kn_fmha_fwd_prefill_a16w16_m32x8_bshd_0,380.853,1.6136,1.0,ew:vectorized_elementwise_kernel/bfloat16_copy_kernel_cuda/bfloat16_copy_kernel_cuda,0.9,ew:vectorized_elementwise_kernel/bfloat16_copy_kernel_cuda/bfloat16_copy_kernel_cuda,0,1294,2125
10,fly,29,kn_fmha_fwd_prefill_a16w16_m32x8_bshd_0,394.321,1.6851,1.0,ew:vectorized_elementwise_kernel/bfloat16_copy_kernel_cuda/bfloat16_copy_kernel_cuda,1.0,ew:vectorized_elementwise_kernel/bfloat16_copy_kernel_cuda/bfloat16_copy_kernel_cuda,0,1294,2125
10,fly,30,kn_fmha_fwd_prefill_a16w16_m32x8_bshd_0,407.794,1.6294,1.0,ew:vectorized_elementwise_kernel/bfloat16_copy_kernel_cuda/bfloat16_copy_kernel_cuda,1.0,ew:vectorized_elementwise_kernel/bfloat16_copy_kernel_cuda/bfloat16_copy_kernel_cuda,0,1293,2125
10,fly,31,kn_fmha_fwd_prefill_a16w16_m32x8_bshd_0,421.190,1.6167,1.0,ew:vectorized_elementwise_kernel/bfloat16_copy_kernel_cuda/bfloat16_copy_kernel_cuda,1.0,ew:vectorized_elementwise_kernel/bfloat16_copy_kernel_cuda/bfloat16_copy_kernel_cuda,0,1292,2125
10,fly,0,k_delta_bshd_0,534.505,0.1178,0.9,ew:vectorized_elementwise_kernel/bfloat16tofloat32_copy_kernel_cuda/bfloat16tofloat32_copy_kernel_cuda,1.0,k_dkdv_0,0,1267,2125
10,fly,0,k_dkdv_0,534.624,5.9919,1.0,k_delta_bshd_0,0.9,k_dq_0,0,1267,2125
10,fly,0,k_dq_0,540.616,3.3258,0.9,k_dkdv_0,0.8,ew:vectorized_elementwise_kernel/bfloat16tofloat32_copy_kernel_cuda/bfloat16tofloat32_copy_kernel_cuda,0,1267,2125
10,fly,1,k_delta_bshd_0,568.286,0.1223,1.0,ew:vectorized_elementwise_kernel/bfloat16tofloat32_copy_kernel_cuda/bfloat16tofloat32_copy_kernel_cuda,0.9,k_dkdv_0,0,1315,2125
10,fly,1,k_dkdv_0,568.409,5.9752,0.9,k_delta_bshd_0,0.9,k_dq_0,0,1315,2125
10,fly,1,k_dq_0,574.385,3.3151,0.9,k_dkdv_0,0.8,ew:vectorized_elementwise_kernel/bfloat16tofloat32_copy_kernel_cuda/bfloat16tofloat32_copy_kernel_cuda,0,1315,2125
10,fly,2,k_delta_bshd_0,601.834,0.1147,0.9,ew:vectorized_elementwise_kernel/bfloat16tofloat32_copy_kernel_cuda/bfloat16tofloat32_copy_kernel_cuda,0.9,k_dkdv_0,0,1352,2125
10,fly,2,k_dkdv_0,601.950,5.9656,0.9,k_delta_bshd_0,1.4,k_dq_0,0,1352,2125
10,fly,2,k_dq_0,607.917,3.2969,1.4,k_dkdv_0,0.8,ew:vectorized_elementwise_kernel/bfloat16tofloat32_copy_kernel_cuda/bfloat16tofloat32_copy_kernel_cuda,0,1352,2125
10,fly,3,k_delta_bshd_0,635.401,0.1174,0.9,ew:vectorized_elementwise_kernel/bfloat16tofloat32_copy_kernel_cuda/bfloat16tofloat32_copy_kernel_cuda,0.9,k_dkdv_0,0,1380,2125
10,fly,3,k_dkdv_0,635.519,5.9433,0.9,k_delta_bshd_0,0.8,k_dq_0,0,1380,2125
10,fly,3,k_dq_0,641.463,3.3024,0.8,k_dkdv_0,0.9,ew:vectorized_elementwise_kernel/bfloat16tofloat32_copy_kernel_cuda/bfloat16tofloat32_copy_kernel_cuda,0,1390,2125
10,fly,4,k_delta_bshd_0,668.940,0.1151,1.0,ew:vectorized_elementwise_kernel/bfloat16tofloat32_copy_kernel_cuda/bfloat16tofloat32_copy_kernel_cuda,0.9,k_dkdv_0,0,1399,2125
10,fly,4,k_dkdv_0,669.056,5.9779,0.9,k_delta_bshd_0,0.9,k_dq_0,0,1399,2125
10,fly,4,k_dq_0,675.035,3.3232,0.9,k_dkdv_0,1.5,ew:vectorized_elementwise_kernel/bfloat16tofloat32_copy_kernel_cuda/bfloat16tofloat32_copy_kernel_cuda,0,1406,2125
10,fly,5,k_delta_bshd_0,702.441,0.1180,1.6,ew:vectorized_elementwise_kernel/bfloat16tofloat32_copy_kernel_cuda/bfloat16tofloat32_copy_kernel_cuda,1.0,k_dkdv_0,0,1415,2125
10,fly,5,k_dkdv_0,702.560,5.9673,1.0,k_delta_bshd_0,0.9,k_dq_0,0,1415,2125
10,fly,5,k_dq_0,708.529,3.3232,0.9,k_dkdv_0,0.8,ew:vectorized_elementwise_kernel/bfloat16tofloat32_copy_kernel_cuda/bfloat16tofloat32_copy_kernel_cuda,0,1418,2125
10,fly,6,k_delta_bshd_0,736.031,0.1092,0.9,ew:vectorized_elementwise_kernel/bfloat16tofloat32_copy_kernel_cuda/bfloat16tofloat32_copy_kernel_cuda,0.9,k_dkdv_0,0,1423,2125
10,fly,6,k_dkdv_0,736.141,5.9060,0.9,k_delta_bshd_0,0.8,k_dq_0,0,1423,2125
10,fly,6,k_dq_0,742.048,3.3193,0.8,k_dkdv_0,0.8,ew:vectorized_elementwise_kernel/bfloat16tofloat32_copy_kernel_cuda/bfloat16tofloat32_copy_kernel_cuda,0,1428,2125
10,fly,7,k_delta_bshd_0,769.687,0.1183,0.9,ew:vectorized_elementwise_kernel/bfloat16tofloat32_copy_kernel_cuda/bfloat16tofloat32_copy_kernel_cuda,0.9,k_dkdv_0,0,1432,2125
10,fly,7,k_dkdv_0,769.806,5.9140,0.9,k_delta_bshd_0,0.8,k_dq_0,0,1432,2125
10,fly,7,k_dq_0,775.721,3.3293,0.8,k_dkdv_0,0.8,ew:vectorized_elementwise_kernel/bfloat16tofloat32_copy_kernel_cuda/bfloat16tofloat32_copy_kernel_cuda,0,1433,2125
10,fly,8,k_delta_bshd_0,803.371,0.1163,0.9,ew:vectorized_elementwise_kernel/bfloat16tofloat32_copy_kernel_cuda/bfloat16tofloat32_copy_kernel_cuda,0.9,k_dkdv_0,0,1442,2125
10,fly,8,k_dkdv_0,803.488,5.9582,0.9,k_delta_bshd_0,0.9,k_dq_0,0,1442,2125
10,fly,8,k_dq_0,809.447,3.3193,0.9,k_dkdv_0,0.8,ew:vectorized_elementwise_kernel/bfloat16tofloat32_copy_kernel_cuda/bfloat16tofloat32_copy_kernel_cuda,0,1440,2125
10,fly,9,k_delta_bshd_0,836.603,0.1171,1.0,ew:vectorized_elementwise_kernel/bfloat16tofloat32_copy_kernel_cuda/bfloat16tofloat32_copy_kernel_cuda,0.9,k_dkdv_0,0,1448,2125
10,fly,9,k_dkdv_0,836.721,5.9227,0.9,k_delta_bshd_0,0.9,k_dq_0,0,1448,2125
10,fly,9,k_dq_0,842.644,3.3048,0.9,k_dkdv_0,0.8,ew:vectorized_elementwise_kernel/bfloat16tofloat32_copy_kernel_cuda/bfloat16tofloat32_copy_kernel_cuda,0,1446,2125
10,fly,10,k_delta_bshd_0,870.290,0.1134,0.9,ew:vectorized_elementwise_kernel/bfloat16tofloat32_copy_kernel_cuda/bfloat16tofloat32_copy_kernel_cuda,0.9,k_dkdv_0,0,1448,2125
10,fly,10,k_dkdv_0,870.404,5.9735,0.9,k_delta_bshd_0,1.4,k_dq_0,0,1445,2125
10,fly,10,k_dq_0,876.379,3.3155,1.4,k_dkdv_0,0.8,ew:vectorized_elementwise_kernel/bfloat16tofloat32_copy_kernel_cuda/bfloat16tofloat32_copy_kernel_cuda,0,1442,2125
10,fly,11,k_delta_bshd_0,904.117,0.1185,0.9,ew:vectorized_elementwise_kernel/bfloat16tofloat32_copy_kernel_cuda/bfloat16tofloat32_copy_kernel_cuda,0.9,k_dkdv_0,0,1448,2125
10,fly,11,k_dkdv_0,904.236,5.8829,0.9,k_delta_bshd_0,0.8,k_dq_0,0,1443,2125
10,fly,11,k_dq_0,910.120,3.3196,0.8,k_dkdv_0,0.8,ew:vectorized_elementwise_kernel/bfloat16tofloat32_copy_kernel_cuda/bfloat16tofloat32_copy_kernel_cuda,0,1440,2125
10,fly,12,k_delta_bshd_0,937.648,0.1179,0.9,ew:vectorized_elementwise_kernel/bfloat16tofloat32_copy_kernel_cuda/bfloat16tofloat32_copy_kernel_cuda,0.9,k_dkdv_0,0,1450,2125
10,fly,12,k_dkdv_0,937.766,5.8889,0.9,k_delta_bshd_0,0.8,k_dq_0,0,1447,2125
10,fly,12,k_dq_0,943.656,3.3471,0.8,k_dkdv_0,1.3,ew:vectorized_elementwise_kernel/bfloat16tofloat32_copy_kernel_cuda/bfloat16tofloat32_copy_kernel_cuda,0,1442,2125
10,fly,13,k_delta_bshd_0,971.187,0.1149,1.6,ew:vectorized_elementwise_kernel/bfloat16tofloat32_copy_kernel_cuda/bfloat16tofloat32_copy_kernel_cuda,0.9,k_dkdv_0,0,1454,2125
10,fly,13,k_dkdv_0,971.303,5.9519,0.9,k_delta_bshd_0,0.8,k_dq_0,0,1448,2125
10,fly,13,k_dq_0,977.256,3.3143,0.8,k_dkdv_0,0.8,ew:vectorized_elementwise_kernel/bfloat16tofloat32_copy_kernel_cuda/bfloat16tofloat32_copy_kernel_cuda,0,1442,2125
10,fly,14,k_delta_bshd_0,1004.845,0.1220,1.0,ew:vectorized_elementwise_kernel/bfloat16tofloat32_copy_kernel_cuda/bfloat16tofloat32_copy_kernel_cuda,1.0,k_dkdv_0,0,1459,2125
10,fly,14,k_dkdv_0,1004.968,6.0432,1.0,k_delta_bshd_0,1.0,k_dq_0,0,1446,2125
10,fly,14,k_dq_0,1011.012,3.3427,1.0,k_dkdv_0,0.8,ew:vectorized_elementwise_kernel/bfloat16tofloat32_copy_kernel_cuda/bfloat16tofloat32_copy_kernel_cuda,0,1439,2125
10,fly,15,k_delta_bshd_0,1038.624,0.1133,0.8,ew:vectorized_elementwise_kernel/bfloat16tofloat32_copy_kernel_cuda/bfloat16tofloat32_copy_kernel_cuda,0.8,k_dkdv_0,0,1459,2125
10,fly,15,k_dkdv_0,1038.738,6.0083,0.8,k_delta_bshd_0,0.9,k_dq_0,0,1452,2125
10,fly,15,k_dq_0,1044.747,3.3264,0.9,k_dkdv_0,1.3,ew:vectorized_elementwise_kernel/bfloat16tofloat32_copy_kernel_cuda/bfloat16tofloat32_copy_kernel_cuda,0,1437,2125
10,fly,16,k_delta_bshd_0,1072.289,0.1213,0.9,ew:vectorized_elementwise_kernel/bfloat16tofloat32_copy_kernel_cuda/bfloat16tofloat32_copy_kernel_cuda,1.3,k_dkdv_0,0,1458,2125
10,fly,16,k_dkdv_0,1072.411,6.0414,1.3,k_delta_bshd_0,0.8,k_dq_0,0,1447,2125
10,fly,16,k_dq_0,1078.454,3.3556,0.8,k_dkdv_0,0.8,ew:vectorized_elementwise_kernel/bfloat16tofloat32_copy_kernel_cuda/bfloat16tofloat32_copy_kernel_cuda,0,1436,2125
10,fly,17,k_delta_bshd_0,1106.121,0.1207,0.9,ew:vectorized_elementwise_kernel/bfloat16tofloat32_copy_kernel_cuda/bfloat16tofloat32_copy_kernel_cuda,0.9,k_dkdv_0,0,1451,2125
10,fly,17,k_dkdv_0,1106.243,5.9462,0.9,k_delta_bshd_0,0.9,k_dq_0,0,1439,2125
10,fly,17,k_dq_0,1112.190,3.3354,0.9,k_dkdv_0,1.0,ew:vectorized_elementwise_kernel/bfloat16tofloat32_copy_kernel_cuda/bfloat16tofloat32_copy_kernel_cuda,0,1439,2125
10,fly,18,k_delta_bshd_0,1139.604,0.1173,1.0,ew:vectorized_elementwise_kernel/bfloat16tofloat32_copy_kernel_cuda/bfloat16tofloat32_copy_kernel_cuda,1.6,k_dkdv_0,0,1442,2125
10,fly,18,k_dkdv_0,1139.723,5.9657,1.6,k_delta_bshd_0,1.0,k_dq_0,0,1442,2125
10,fly,18,k_dq_0,1145.690,3.3479,1.0,k_dkdv_0,0.9,ew:vectorized_elementwise_kernel/bfloat16tofloat32_copy_kernel_cuda/bfloat16tofloat32_copy_kernel_cuda,0,1442,2125
10,fly,19,k_delta_bshd_0,1173.220,0.1193,1.1,ew:vectorized_elementwise_kernel/bfloat16tofloat32_copy_kernel_cuda/bfloat16tofloat32_copy_kernel_cuda,1.0,k_dkdv_0,0,1442,2125
10,fly,19,k_dkdv_0,1173.340,5.9826,1.0,k_delta_bshd_0,0.8,k_dq_0,0,1442,2125
10,fly,19,k_dq_0,1179.324,3.3173,0.8,k_dkdv_0,0.8,ew:vectorized_elementwise_kernel/bfloat16tofloat32_copy_kernel_cuda/bfloat16tofloat32_copy_kernel_cuda,0,1442,2125
10,fly,20,k_delta_bshd_0,1206.856,0.1120,0.8,ew:vectorized_elementwise_kernel/bfloat16tofloat32_copy_kernel_cuda/bfloat16tofloat32_copy_kernel_cuda,0.8,k_dkdv_0,0,1442,2125
10,fly,20,k_dkdv_0,1206.969,5.8889,0.8,k_delta_bshd_0,0.8,k_dq_0,0,1442,2125
10,fly,20,k_dq_0,1212.859,3.3347,0.8,k_dkdv_0,0.8,ew:vectorized_elementwise_kernel/bfloat16tofloat32_copy_kernel_cuda/bfloat16tofloat32_copy_kernel_cuda,0,1442,2125
10,fly,21,k_delta_bshd_0,1240.507,0.1207,0.9,ew:vectorized_elementwise_kernel/bfloat16tofloat32_copy_kernel_cuda/bfloat16tofloat32_copy_kernel_cuda,0.9,k_dkdv_0,0,1444,2125
10,fly,21,k_dkdv_0,1240.629,6.0107,0.9,k_delta_bshd_0,0.8,k_dq_0,0,1444,2125
10,fly,21,k_dq_0,1246.640,3.3605,0.8,k_dkdv_0,0.8,ew:vectorized_elementwise_kernel/bfloat16tofloat32_copy_kernel_cuda/bfloat16tofloat32_copy_kernel_cuda,0,1450,2125
10,fly,22,k_delta_bshd_0,1274.344,0.1193,1.0,ew:vectorized_elementwise_kernel/bfloat16tofloat32_copy_kernel_cuda/bfloat16tofloat32_copy_kernel_cuda,1.0,k_dkdv_0,0,1442,2125
10,fly,22,k_dkdv_0,1274.464,6.0081,1.0,k_delta_bshd_0,0.9,k_dq_0,0,1442,2125
10,fly,22,k_dq_0,1280.473,3.3810,0.9,k_dkdv_0,0.8,ew:vectorized_elementwise_kernel/bfloat16tofloat32_copy_kernel_cuda/bfloat16tofloat32_copy_kernel_cuda,0,1444,2125
10,fly,23,k_delta_bshd_0,1308.101,0.1163,1.0,ew:vectorized_elementwise_kernel/bfloat16tofloat32_copy_kernel_cuda/bfloat16tofloat32_copy_kernel_cuda,1.0,k_dkdv_0,0,1442,2125
10,fly,23,k_dkdv_0,1308.218,6.0988,1.0,k_delta_bshd_0,0.9,k_dq_0,0,1442,2125
10,fly,23,k_dq_0,1314.318,3.3525,0.9,k_dkdv_0,1.4,ew:vectorized_elementwise_kernel/bfloat16tofloat32_copy_kernel_cuda/bfloat16tofloat32_copy_kernel_cuda,0,1442,2125
10,fly,24,k_delta_bshd_0,1342.061,0.1187,1.2,ew:vectorized_elementwise_kernel/bfloat16tofloat32_copy_kernel_cuda/bfloat16tofloat32_copy_kernel_cuda,0.9,k_dkdv_0,0,1442,2125
10,fly,24,k_dkdv_0,1342.181,6.0155,0.9,k_delta_bshd_0,0.8,k_dq_0,0,1442,2125
10,fly,24,k_dq_0,1348.197,3.3581,0.8,k_dkdv_0,0.8,ew:vectorized_elementwise_kernel/bfloat16tofloat32_copy_kernel_cuda/bfloat16tofloat32_copy_kernel_cuda,0,1439,2125
10,fly,25,k_delta_bshd_0,1376.082,0.1165,0.9,ew:vectorized_elementwise_kernel/bfloat16tofloat32_copy_kernel_cuda/bfloat16tofloat32_copy_kernel_cuda,0.9,k_dkdv_0,0,1440,2125
10,fly,25,k_dkdv_0,1376.200,6.0410,0.9,k_delta_bshd_0,0.9,k_dq_0,0,1437,2125
10,fly,25,k_dq_0,1382.241,3.3766,0.9,k_dkdv_0,0.8,ew:vectorized_elementwise_kernel/bfloat16tofloat32_copy_kernel_cuda/bfloat16tofloat32_copy_kernel_cuda,0,1432,2125
10,fly,26,k_delta_bshd_0,1409.935,0.1177,0.9,ew:vectorized_elementwise_kernel/bfloat16tofloat32_copy_kernel_cuda/bfloat16tofloat32_copy_kernel_cuda,1.2,k_dkdv_0,0,1442,2125
10,fly,26,k_dkdv_0,1410.054,6.0253,1.2,k_delta_bshd_0,0.8,k_dq_0,0,1438,2125
10,fly,26,k_dq_0,1416.080,3.3762,0.8,k_dkdv_0,0.8,ew:vectorized_elementwise_kernel/bfloat16tofloat32_copy_kernel_cuda/bfloat16tofloat32_copy_kernel_cuda,0,1433,2125
10,fly,27,k_delta_bshd_0,1443.825,0.1143,0.9,ew:vectorized_elementwise_kernel/bfloat16tofloat32_copy_kernel_cuda/bfloat16tofloat32_copy_kernel_cuda,0.9,k_dkdv_0,0,1442,2125
10,fly,27,k_dkdv_0,1443.940,5.8960,0.9,k_delta_bshd_0,0.9,k_dq_0,0,1435,2125
10,fly,27,k_dq_0,1449.837,3.3581,0.9,k_dkdv_0,0.8,ew:vectorized_elementwise_kernel/bfloat16tofloat32_copy_kernel_cuda/bfloat16tofloat32_copy_kernel_cuda,0,1431,2125
10,fly,28,k_delta_bshd_0,1477.689,0.1173,0.9,ew:vectorized_elementwise_kernel/bfloat16tofloat32_copy_kernel_cuda/bfloat16tofloat32_copy_kernel_cuda,0.9,k_dkdv_0,0,1443,2125
10,fly,28,k_dkdv_0,1477.807,5.9238,0.9,k_delta_bshd_0,0.8,k_dq_0,0,1438,2125
10,fly,28,k_dq_0,1483.732,3.4066,0.8,k_dkdv_0,0.8,ew:vectorized_elementwise_kernel/bfloat16tofloat32_copy_kernel_cuda/bfloat16tofloat32_copy_kernel_cuda,0,1429,2125
10,fly,29,k_delta_bshd_0,1511.822,0.1204,0.9,ew:vectorized_elementwise_kernel/bfloat16tofloat32_copy_kernel_cuda/bfloat16tofloat32_copy_kernel_cuda,1.0,k_dkdv_0,0,1444,2125
10,fly,29,k_dkdv_0,1511.943,6.1155,1.0,k_delta_bshd_0,1.4,k_dq_0,0,1434,2125
10,fly,29,k_dq_0,1518.060,3.4052,1.4,k_dkdv_0,1.0,ew:vectorized_elementwise_kernel/bfloat16tofloat32_copy_kernel_cuda/bfloat16tofloat32_copy_kernel_cuda,0,1424,2125
10,fly,30,k_delta_bshd_0,1545.977,0.1197,100.7,ew:vectorized_elementwise_kernel/bfloat16tofloat32_copy_kernel_cuda/bfloat16tofloat32_copy_kernel_cuda,0.9,k_dkdv_0,0,1446,2125
10,fly,30,k_dkdv_0,1546.097,5.8943,0.9,k_delta_bshd_0,0.9,k_dq_0,0,1432,2125
10,fly,30,k_dq_0,1551.992,3.3679,0.9,k_dkdv_0,0.8,ew:vectorized_elementwise_kernel/bfloat16tofloat32_copy_kernel_cuda/bfloat16tofloat32_copy_kernel_cuda,0,1425,2125
10,fly,31,k_delta_bshd_0,1579.901,0.1214,1.1,ew:vectorized_elementwise_kernel/bfloat16tofloat32_copy_kernel_cuda/bfloat16tofloat32_copy_kernel_cuda,1.1,k_dkdv_0,0,1424,2125
10,fly,31,k_dkdv_0,1580.023,6.1088,1.1,k_delta_bshd_0,1.4,k_dq_0,0,1424,2125
10,fly,31,k_dq_0,1586.133,3.4112,1.4,k_dkdv_0,0.9,ew:vectorized_elementwise_kernel/bfloat16tofloat32_copy_kernel_cuda/bfloat16tofloat32_copy_kernel_cuda,0,1424,2125
20,asm,0,fmha_bf16_pertokenBf16_hd128_128x256_mask,6.668,1.2787,0.8,ew:vectorized_elementwise_kernel/bfloat16_copy_kernel_cuda/bfloat16_copy_kernel_cuda,0.8,ew:vectorized_elementwise_kernel/bfloat16_copy_kernel_cuda/bfloat16_copy_kernel_cuda,0,1707,2146
20,asm,1,fmha_bf16_pertokenBf16_hd128_128x256_mask,19.641,1.2160,1.0,ew:vectorized_elementwise_kernel/bfloat16_copy_kernel_cuda/bfloat16_copy_kernel_cuda,1.0,ew:vectorized_elementwise_kernel/bfloat16_copy_kernel_cuda/bfloat16_copy_kernel_cuda,0,1670,2146
20,asm,2,fmha_bf16_pertokenBf16_hd128_128x256_mask,33.028,1.2331,0.9,ew:vectorized_elementwise_kernel/bfloat16_copy_kernel_cuda/bfloat16_copy_kernel_cuda,0.9,ew:vectorized_elementwise_kernel/bfloat16_copy_kernel_cuda/bfloat16_copy_kernel_cuda,0,1624,2146
20,asm,3,fmha_bf16_pertokenBf16_hd128_128x256_mask,46.380,1.2267,1.0,ew:vectorized_elementwise_kernel/bfloat16_copy_kernel_cuda/bfloat16_copy_kernel_cuda,1.4,ew:vectorized_elementwise_kernel/bfloat16_copy_kernel_cuda/bfloat16_copy_kernel_cuda,0,1582,2146
20,asm,4,fmha_bf16_pertokenBf16_hd128_128x256_mask,59.903,1.2341,1.4,ew:vectorized_elementwise_kernel/bfloat16_copy_kernel_cuda/bfloat16_copy_kernel_cuda,1.0,ew:vectorized_elementwise_kernel/bfloat16_copy_kernel_cuda/bfloat16_copy_kernel_cuda,0,1547,2146
20,asm,5,fmha_bf16_pertokenBf16_hd128_128x256_mask,73.225,1.2005,1.0,ew:vectorized_elementwise_kernel/bfloat16_copy_kernel_cuda/bfloat16_copy_kernel_cuda,1.0,ew:vectorized_elementwise_kernel/bfloat16_copy_kernel_cuda/bfloat16_copy_kernel_cuda,0,1484,2146
20,asm,6,fmha_bf16_pertokenBf16_hd128_128x256_mask,86.506,1.2064,1.0,ew:vectorized_elementwise_kernel/bfloat16_copy_kernel_cuda/bfloat16_copy_kernel_cuda,1.0,ew:vectorized_elementwise_kernel/bfloat16_copy_kernel_cuda/bfloat16_copy_kernel_cuda,0,1460,2146
20,asm,7,fmha_bf16_pertokenBf16_hd128_128x256_mask,99.870,1.2140,1.0,ew:vectorized_elementwise_kernel/bfloat16_copy_kernel_cuda/bfloat16_copy_kernel_cuda,1.1,ew:vectorized_elementwise_kernel/bfloat16_copy_kernel_cuda/bfloat16_copy_kernel_cuda,0,1436,2146
20,asm,8,fmha_bf16_pertokenBf16_hd128_128x256_mask,113.206,1.2036,1.0,ew:vectorized_elementwise_kernel/bfloat16_copy_kernel_cuda/bfloat16_copy_kernel_cuda,1.0,ew:vectorized_elementwise_kernel/bfloat16_copy_kernel_cuda/bfloat16_copy_kernel_cuda,0,1415,2146
20,asm,9,fmha_bf16_pertokenBf16_hd128_128x256_mask,126.723,1.1788,1.0,ew:vectorized_elementwise_kernel/bfloat16_copy_kernel_cuda/bfloat16_copy_kernel_cuda,1.0,ew:vectorized_elementwise_kernel/bfloat16_copy_kernel_cuda/bfloat16_copy_kernel_cuda,0,1384,2146
20,asm,10,fmha_bf16_pertokenBf16_hd128_128x256_mask,139.930,1.2142,0.9,ew:vectorized_elementwise_kernel/bfloat16_copy_kernel_cuda/bfloat16_copy_kernel_cuda,1.4,ew:vectorized_elementwise_kernel/bfloat16_copy_kernel_cuda/bfloat16_copy_kernel_cuda,0,1366,2146
20,asm,11,fmha_bf16_pertokenBf16_hd128_128x256_mask,153.253,1.2000,1.8,ew:vectorized_elementwise_kernel/bfloat16_copy_kernel_cuda/bfloat16_copy_kernel_cuda,1.0,ew:vectorized_elementwise_kernel/bfloat16_copy_kernel_cuda/bfloat16_copy_kernel_cuda,0,1354,2146
20,asm,12,fmha_bf16_pertokenBf16_hd128_128x256_mask,166.472,1.2013,1.0,ew:vectorized_elementwise_kernel/bfloat16_copy_kernel_cuda/bfloat16_copy_kernel_cuda,1.0,ew:vectorized_elementwise_kernel/bfloat16_copy_kernel_cuda/bfloat16_copy_kernel_cuda,0,1343,2146
20,asm,13,fmha_bf16_pertokenBf16_hd128_128x256_mask,179.924,1.2433,1.0,ew:vectorized_elementwise_kernel/bfloat16_copy_kernel_cuda/bfloat16_copy_kernel_cuda,1.0,ew:vectorized_elementwise_kernel/bfloat16_copy_kernel_cuda/bfloat16_copy_kernel_cuda,0,1332,2146
20,asm,14,fmha_bf16_pertokenBf16_hd128_128x256_mask,193.233,1.2194,1.0,ew:vectorized_elementwise_kernel/bfloat16_copy_kernel_cuda/bfloat16_copy_kernel_cuda,1.1,ew:vectorized_elementwise_kernel/bfloat16_copy_kernel_cuda/bfloat16_copy_kernel_cuda,0,1317,2146
20,asm,15,fmha_bf16_pertokenBf16_hd128_128x256_mask,206.547,1.1934,1.0,ew:vectorized_elementwise_kernel/bfloat16_copy_kernel_cuda/bfloat16_copy_kernel_cuda,1.0,ew:vectorized_elementwise_kernel/bfloat16_copy_kernel_cuda/bfloat16_copy_kernel_cuda,0,1305,2146
20,asm,16,fmha_bf16_pertokenBf16_hd128_128x256_mask,219.764,1.1925,1.0,ew:vectorized_elementwise_kernel/bfloat16_copy_kernel_cuda/bfloat16_copy_kernel_cuda,1.1,ew:vectorized_elementwise_kernel/bfloat16_copy_kernel_cuda/bfloat16_copy_kernel_cuda,0,1301,2146
20,asm,17,fmha_bf16_pertokenBf16_hd128_128x256_mask,233.085,1.2091,1.0,ew:vectorized_elementwise_kernel/bfloat16_copy_kernel_cuda/bfloat16_copy_kernel_cuda,1.7,ew:vectorized_elementwise_kernel/bfloat16_copy_kernel_cuda/bfloat16_copy_kernel_cuda,0,1295,2146
20,asm,18,fmha_bf16_pertokenBf16_hd128_128x256_mask,246.367,1.2056,1.4,ew:vectorized_elementwise_kernel/bfloat16_copy_kernel_cuda/bfloat16_copy_kernel_cuda,1.0,ew:vectorized_elementwise_kernel/bfloat16_copy_kernel_cuda/bfloat16_copy_kernel_cuda,0,1290,2146
20,asm,19,fmha_bf16_pertokenBf16_hd128_128x256_mask,259.760,1.2133,1.1,ew:vectorized_elementwise_kernel/bfloat16_copy_kernel_cuda/bfloat16_copy_kernel_cuda,1.0,ew:vectorized_elementwise_kernel/bfloat16_copy_kernel_cuda/bfloat16_copy_kernel_cuda,0,1280,2146
20,asm,20,fmha_bf16_pertokenBf16_hd128_128x256_mask,273.249,1.1969,1.0,ew:vectorized_elementwise_kernel/bfloat16_copy_kernel_cuda/bfloat16_copy_kernel_cuda,1.0,ew:vectorized_elementwise_kernel/bfloat16_copy_kernel_cuda/bfloat16_copy_kernel_cuda,0,1275,2146
20,asm,21,fmha_bf16_pertokenBf16_hd128_128x256_mask,286.563,1.2103,1.0,ew:vectorized_elementwise_kernel/bfloat16_copy_kernel_cuda/bfloat16_copy_kernel_cuda,0.9,ew:vectorized_elementwise_kernel/bfloat16_copy_kernel_cuda/bfloat16_copy_kernel_cuda,0,1271,2146
20,asm,22,fmha_bf16_pertokenBf16_hd128_128x256_mask,299.804,1.2030,1.0,ew:vectorized_elementwise_kernel/bfloat16_copy_kernel_cuda/bfloat16_copy_kernel_cuda,1.0,ew:vectorized_elementwise_kernel/bfloat16_copy_kernel_cuda/bfloat16_copy_kernel_cuda,0,1268,2146
20,asm,23,fmha_bf16_pertokenBf16_hd128_128x256_mask,313.094,1.2190,1.0,ew:vectorized_elementwise_kernel/bfloat16_copy_kernel_cuda/bfloat16_copy_kernel_cuda,1.0,ew:vectorized_elementwise_kernel/bfloat16_copy_kernel_cuda/bfloat16_copy_kernel_cuda,0,1266,2146
20,asm,24,fmha_bf16_pertokenBf16_hd128_128x256_mask,326.465,1.2084,0.9,ew:vectorized_elementwise_kernel/bfloat16_copy_kernel_cuda/bfloat16_copy_kernel_cuda,0.9,ew:vectorized_elementwise_kernel/bfloat16_copy_kernel_cuda/bfloat16_copy_kernel_cuda,0,1262,2146
20,asm,25,fmha_bf16_pertokenBf16_hd128_128x256_mask,339.758,1.1927,0.9,ew:vectorized_elementwise_kernel/bfloat16_copy_kernel_cuda/bfloat16_copy_kernel_cuda,1.3,ew:vectorized_elementwise_kernel/bfloat16_copy_kernel_cuda/bfloat16_copy_kernel_cuda,0,1260,2146
20,asm,26,fmha_bf16_pertokenBf16_hd128_128x256_mask,353.063,1.1947,1.4,ew:vectorized_elementwise_kernel/bfloat16_copy_kernel_cuda/bfloat16_copy_kernel_cuda,0.9,ew:vectorized_elementwise_kernel/bfloat16_copy_kernel_cuda/bfloat16_copy_kernel_cuda,0,1258,2146
20,asm,27,fmha_bf16_pertokenBf16_hd128_128x256_mask,366.307,1.2098,1.0,ew:vectorized_elementwise_kernel/bfloat16_copy_kernel_cuda/bfloat16_copy_kernel_cuda,0.9,ew:vectorized_elementwise_kernel/bfloat16_copy_kernel_cuda/bfloat16_copy_kernel_cuda,0,1257,2146
20,asm,28,fmha_bf16_pertokenBf16_hd128_128x256_mask,379.598,1.1982,0.9,ew:vectorized_elementwise_kernel/bfloat16_copy_kernel_cuda/bfloat16_copy_kernel_cuda,1.0,ew:vectorized_elementwise_kernel/bfloat16_copy_kernel_cuda/bfloat16_copy_kernel_cuda,0,1254,2146
20,asm,29,fmha_bf16_pertokenBf16_hd128_128x256_mask,392.853,1.2171,1.0,ew:vectorized_elementwise_kernel/bfloat16_copy_kernel_cuda/bfloat16_copy_kernel_cuda,1.0,ew:vectorized_elementwise_kernel/bfloat16_copy_kernel_cuda/bfloat16_copy_kernel_cuda,0,1253,2146
20,asm,30,fmha_bf16_pertokenBf16_hd128_128x256_mask,406.221,1.2215,1.0,ew:vectorized_elementwise_kernel/bfloat16_copy_kernel_cuda/bfloat16_copy_kernel_cuda,1.0,ew:vectorized_elementwise_kernel/bfloat16_copy_kernel_cuda/bfloat16_copy_kernel_cuda,0,1251,2146
20,asm,31,fmha_bf16_pertokenBf16_hd128_128x256_mask,419.625,1.2167,1.0,ew:vectorized_elementwise_kernel/bfloat16_copy_kernel_cuda/bfloat16_copy_kernel_cuda,1.0,ew:vectorized_elementwise_kernel/bfloat16_copy_kernel_cuda/bfloat16_copy_kernel_cuda,0,1249,2146
20,asm,0,fmha_bwd_hd128_odo_bf16,532.989,0.0487,0.9,ew:vectorized_elementwise_kernel/FillFunctor/FillFunctor,0.9,fmha_bwd_hd128_bf16_causal_br_a32_pssk,0,1255,2146
20,asm,0,fmha_bwd_hd128_bf16_causal_br_a32_pssk,533.038,7.0180,0.9,fmha_bwd_hd128_odo_bf16,0.9,fmha_bwd_hd128_dq_convert_bf16,0,1254,2146
20,asm,0,fmha_bwd_hd128_dq_convert_bf16,540.057,0.0731,0.9,fmha_bwd_hd128_bf16_causal_br_a32_pssk,0.9,ew:reduce_kernel/ReduceOp/func_wrapper_t,0,1254,2146
20,asm,1,fmha_bwd_hd128_odo_bf16,564.744,0.0477,1.0,ew:vectorized_elementwise_kernel/FillFunctor/FillFunctor,0.9,fmha_bwd_hd128_bf16_causal_br_a32_pssk,0,1298,2146
20,asm,1,fmha_bwd_hd128_bf16_causal_br_a32_pssk,564.793,6.8195,0.9,fmha_bwd_hd128_odo_bf16,0.9,fmha_bwd_hd128_dq_convert_bf16,0,1298,2146
20,asm,1,fmha_bwd_hd128_dq_convert_bf16,571.613,0.0719,0.9,fmha_bwd_hd128_bf16_causal_br_a32_pssk,0.8,ew:reduce_kernel/ReduceOp/func_wrapper_t,0,1298,2146
20,asm,2,fmha_bwd_hd128_odo_bf16,596.144,0.0498,1.3,ew:vectorized_elementwise_kernel/FillFunctor/FillFunctor,0.9,fmha_bwd_hd128_bf16_causal_br_a32_pssk,0,1339,2146
20,asm,2,fmha_bwd_hd128_bf16_causal_br_a32_pssk,596.195,6.9888,0.9,fmha_bwd_hd128_odo_bf16,0.9,fmha_bwd_hd128_dq_convert_bf16,0,1339,2146
20,asm,2,fmha_bwd_hd128_dq_convert_bf16,603.184,0.0704,0.9,fmha_bwd_hd128_bf16_causal_br_a32_pssk,0.8,ew:reduce_kernel/ReduceOp/func_wrapper_t,0,1340,2146
20,asm,3,fmha_bwd_hd128_odo_bf16,627.778,0.0484,0.9,ew:vectorized_elementwise_kernel/FillFunctor/FillFunctor,1.6,fmha_bwd_hd128_bf16_causal_br_a32_pssk,0,1359,2146
20,asm,3,fmha_bwd_hd128_bf16_causal_br_a32_pssk,627.828,7.0184,1.6,fmha_bwd_hd128_odo_bf16,0.9,fmha_bwd_hd128_dq_convert_bf16,0,1362,2146
20,asm,3,fmha_bwd_hd128_dq_convert_bf16,634.847,0.0714,0.9,fmha_bwd_hd128_bf16_causal_br_a32_pssk,0.9,ew:reduce_kernel/ReduceOp/func_wrapper_t,0,1364,2146
20,asm,4,fmha_bwd_hd128_odo_bf16,659.524,0.0514,0.9,ew:vectorized_elementwise_kernel/FillFunctor/FillFunctor,0.9,fmha_bwd_hd128_bf16_causal_br_a32_pssk,0,1373,2146
20,asm,4,fmha_bwd_hd128_bf16_causal_br_a32_pssk,659.576,7.0106,0.9,fmha_bwd_hd128_odo_bf16,0.9,fmha_bwd_hd128_dq_convert_bf16,0,1377,2146
20,asm,4,fmha_bwd_hd128_dq_convert_bf16,666.588,0.0694,0.9,fmha_bwd_hd128_bf16_causal_br_a32_pssk,0.8,ew:reduce_kernel/ReduceOp/func_wrapper_t,0,1381,2146
20,asm,5,fmha_bwd_hd128_odo_bf16,691.234,0.0488,0.9,ew:vectorized_elementwise_kernel/FillFunctor/FillFunctor,0.9,fmha_bwd_hd128_bf16_causal_br_a32_pssk,0,1381,2146
20,asm,5,fmha_bwd_hd128_bf16_causal_br_a32_pssk,691.283,7.0577,0.9,fmha_bwd_hd128_odo_bf16,0.8,fmha_bwd_hd128_dq_convert_bf16,0,1381,2146
20,asm,5,fmha_bwd_hd128_dq_convert_bf16,698.342,0.0691,0.8,fmha_bwd_hd128_bf16_causal_br_a32_pssk,0.9,ew:reduce_kernel/ReduceOp/func_wrapper_t,0,1381,2146
20,asm,6,fmha_bwd_hd128_odo_bf16,723.095,0.0478,0.9,ew:vectorized_elementwise_kernel/FillFunctor/FillFunctor,0.9,fmha_bwd_hd128_bf16_causal_br_a32_pssk,0,1388,2146
20,asm,6,fmha_bwd_hd128_bf16_causal_br_a32_pssk,723.144,6.9938,0.9,fmha_bwd_hd128_odo_bf16,0.8,fmha_bwd_hd128_dq_convert_bf16,0,1388,2146
20,asm,6,fmha_bwd_hd128_dq_convert_bf16,730.138,0.0720,0.8,fmha_bwd_hd128_bf16_causal_br_a32_pssk,0.8,ew:reduce_kernel/ReduceOp/func_wrapper_t,0,1388,2146
20,asm,7,fmha_bwd_hd128_odo_bf16,754.786,0.0483,0.9,ew:vectorized_elementwise_kernel/FillFunctor/FillFunctor,1.6,fmha_bwd_hd128_bf16_causal_br_a32_pssk,0,1393,2146
20,asm,7,fmha_bwd_hd128_bf16_causal_br_a32_pssk,754.836,7.1013,1.6,fmha_bwd_hd128_odo_bf16,0.8,fmha_bwd_hd128_dq_convert_bf16,0,1393,2146
20,asm,7,fmha_bwd_hd128_dq_convert_bf16,761.938,0.0708,0.8,fmha_bwd_hd128_bf16_causal_br_a32_pssk,0.9,ew:reduce_kernel/ReduceOp/func_wrapper_t,0,1393,2146
20,asm,8,fmha_bwd_hd128_odo_bf16,786.544,0.0493,1.0,ew:vectorized_elementwise_kernel/FillFunctor/FillFunctor,0.9,fmha_bwd_hd128_bf16_causal_br_a32_pssk,0,1412,2146
20,asm,8,fmha_bwd_hd128_bf16_causal_br_a32_pssk,786.594,7.0660,0.9,fmha_bwd_hd128_odo_bf16,0.9,fmha_bwd_hd128_dq_convert_bf16,0,1401,2146
20,asm,8,fmha_bwd_hd128_dq_convert_bf16,793.661,0.0746,0.9,fmha_bwd_hd128_bf16_causal_br_a32_pssk,0.9,ew:reduce_kernel/ReduceOp/func_wrapper_t,0,1395,2146
20,asm,9,fmha_bwd_hd128_odo_bf16,818.248,0.0493,0.9,ew:vectorized_elementwise_kernel/FillFunctor/FillFunctor,1.0,fmha_bwd_hd128_bf16_causal_br_a32_pssk,0,1413,2146
20,asm,9,fmha_bwd_hd128_bf16_causal_br_a32_pssk,818.298,7.1253,1.0,fmha_bwd_hd128_odo_bf16,0.9,fmha_bwd_hd128_dq_convert_bf16,0,1406,2146
20,asm,9,fmha_bwd_hd128_dq_convert_bf16,825.424,0.0723,0.9,fmha_bwd_hd128_bf16_causal_br_a32_pssk,0.8,ew:reduce_kernel/ReduceOp/func_wrapper_t,0,1399,2146
20,asm,10,fmha_bwd_hd128_odo_bf16,850.034,0.0503,1.0,ew:vectorized_elementwise_kernel/FillFunctor/FillFunctor,1.6,fmha_bwd_hd128_bf16_causal_br_a32_pssk,0,1410,2146
20,asm,10,fmha_bwd_hd128_bf16_causal_br_a32_pssk,850.086,6.9805,1.6,fmha_bwd_hd128_odo_bf16,0.8,fmha_bwd_hd128_dq_convert_bf16,0,1406,2146
20,asm,10,fmha_bwd_hd128_dq_convert_bf16,857.067,0.0701,0.8,fmha_bwd_hd128_bf16_causal_br_a32_pssk,0.9,ew:reduce_kernel/ReduceOp/func_wrapper_t,0,1403,2146
20,asm,11,fmha_bwd_hd128_odo_bf16,881.920,0.0471,1.0,ew:vectorized_elementwise_kernel/FillFunctor/FillFunctor,1.0,fmha_bwd_hd128_bf16_causal_br_a32_pssk,0,1419,2146
20,asm,11,fmha_bwd_hd128_bf16_causal_br_a32_pssk,881.968,7.0249,1.0,fmha_bwd_hd128_odo_bf16,1.4,fmha_bwd_hd128_dq_convert_bf16,0,1417,2146
20,asm,11,fmha_bwd_hd128_dq_convert_bf16,888.994,0.0705,1.4,fmha_bwd_hd128_bf16_causal_br_a32_pssk,0.8,ew:reduce_kernel/ReduceOp/func_wrapper_t,0,1416,2146
20,asm,12,fmha_bwd_hd128_odo_bf16,913.546,0.0486,0.9,ew:vectorized_elementwise_kernel/FillFunctor/FillFunctor,0.9,fmha_bwd_hd128_bf16_causal_br_a32_pssk,0,1418,2146
20,asm,12,fmha_bwd_hd128_bf16_causal_br_a32_pssk,913.596,7.0258,0.9,fmha_bwd_hd128_odo_bf16,1.0,fmha_bwd_hd128_dq_convert_bf16,0,1418,2146
20,asm,12,fmha_bwd_hd128_dq_convert_bf16,920.623,0.0695,1.0,fmha_bwd_hd128_bf16_causal_br_a32_pssk,1.4,ew:reduce_kernel/ReduceOp/func_wrapper_t,0,1419,2146
20,asm,13,fmha_bwd_hd128_odo_bf16,945.125,0.0473,1.0,ew:vectorized_elementwise_kernel/FillFunctor/FillFunctor,1.0,fmha_bwd_hd128_bf16_causal_br_a32_pssk,0,1417,2146
20,asm,13,fmha_bwd_hd128_bf16_causal_br_a32_pssk,945.173,7.0593,1.0,fmha_bwd_hd128_odo_bf16,1.0,fmha_bwd_hd128_dq_convert_bf16,0,1418,2146
20,asm,13,fmha_bwd_hd128_dq_convert_bf16,952.233,0.0709,1.0,fmha_bwd_hd128_bf16_causal_br_a32_pssk,0.9,ew:reduce_kernel/ReduceOp/func_wrapper_t,0,1420,2146
20,asm,14,fmha_bwd_hd128_odo_bf16,976.767,0.0528,1.0,ew:vectorized_elementwise_kernel/FillFunctor/FillFunctor,1.3,fmha_bwd_hd128_bf16_causal_br_a32_pssk,0,1414,2146
20,asm,14,fmha_bwd_hd128_bf16_causal_br_a32_pssk,976.821,7.0288,1.3,fmha_bwd_hd128_odo_bf16,0.9,fmha_bwd_hd128_dq_convert_bf16,0,1414,2146
20,asm,14,fmha_bwd_hd128_dq_convert_bf16,983.851,0.0723,0.9,fmha_bwd_hd128_bf16_causal_br_a32_pssk,0.9,ew:reduce_kernel/ReduceOp/func_wrapper_t,0,1414,2146
20,asm,15,fmha_bwd_hd128_odo_bf16,1008.677,0.0489,0.9,ew:vectorized_elementwise_kernel/FillFunctor/FillFunctor,1.3,fmha_bwd_hd128_bf16_causal_br_a32_pssk,0,1411,2146
20,asm,15,fmha_bwd_hd128_bf16_causal_br_a32_pssk,1008.728,7.0703,1.3,fmha_bwd_hd128_odo_bf16,0.9,fmha_bwd_hd128_dq_convert_bf16,0,1411,2146
20,asm,15,fmha_bwd_hd128_dq_convert_bf16,1015.799,0.0696,0.9,fmha_bwd_hd128_bf16_causal_br_a32_pssk,0.9,ew:reduce_kernel/ReduceOp/func_wrapper_t,0,1411,2146
20,asm,16,fmha_bwd_hd128_odo_bf16,1040.425,0.0494,0.9,ew:vectorized_elementwise_kernel/FillFunctor/FillFunctor,0.9,fmha_bwd_hd128_bf16_causal_br_a32_pssk,0,1408,2146
20,asm,16,fmha_bwd_hd128_bf16_causal_br_a32_pssk,1040.475,6.9353,0.9,fmha_bwd_hd128_odo_bf16,0.8,fmha_bwd_hd128_dq_convert_bf16,0,1408,2146
20,asm,16,fmha_bwd_hd128_dq_convert_bf16,1047.411,0.0700,0.8,fmha_bwd_hd128_bf16_causal_br_a32_pssk,1.4,ew:reduce_kernel/ReduceOp/func_wrapper_t,0,1408,2146
20,asm,17,fmha_bwd_hd128_odo_bf16,1071.883,0.0486,0.9,ew:vectorized_elementwise_kernel/FillFunctor/FillFunctor,0.9,fmha_bwd_hd128_bf16_causal_br_a32_pssk,0,1428,2146
20,asm,17,fmha_bwd_hd128_bf16_causal_br_a32_pssk,1071.933,7.0151,0.9,fmha_bwd_hd128_odo_bf16,0.8,fmha_bwd_hd128_dq_convert_bf16,0,1416,2146
20,asm,17,fmha_bwd_hd128_dq_convert_bf16,1078.948,0.0717,0.8,fmha_bwd_hd128_bf16_causal_br_a32_pssk,0.8,ew:reduce_kernel/ReduceOp/func_wrapper_t,0,1410,2146
20,asm,18,fmha_bwd_hd128_odo_bf16,1103.659,0.0546,1.6,ew:vectorized_elementwise_kernel/FillFunctor/FillFunctor,0.9,fmha_bwd_hd128_bf16_causal_br_a32_pssk,0,1424,2146
20,asm,18,fmha_bwd_hd128_bf16_causal_br_a32_pssk,1103.715,7.0667,0.9,fmha_bwd_hd128_odo_bf16,0.8,fmha_bwd_hd128_dq_convert_bf16,0,1414,2146
20,asm,18,fmha_bwd_hd128_dq_convert_bf16,1110.782,0.0693,0.8,fmha_bwd_hd128_bf16_causal_br_a32_pssk,0.8,ew:reduce_kernel/ReduceOp/func_wrapper_t,0,1409,2146
20,asm,19,fmha_bwd_hd128_odo_bf16,1135.533,0.0524,1.0,ew:vectorized_elementwise_kernel/FillFunctor/FillFunctor,0.9,fmha_bwd_hd128_bf16_causal_br_a32_pssk,0,1418,2146
20,asm,19,fmha_bwd_hd128_bf16_causal_br_a32_pssk,1135.587,7.1514,0.9,fmha_bwd_hd128_odo_bf16,0.9,fmha_bwd_hd128_dq_convert_bf16,0,1415,2146
20,asm,19,fmha_bwd_hd128_dq_convert_bf16,1142.739,0.0716,0.9,fmha_bwd_hd128_bf16_causal_br_a32_pssk,1.4,ew:reduce_kernel/ReduceOp/func_wrapper_t,0,1408,2146
20,asm,20,fmha_bwd_hd128_odo_bf16,1167.370,0.0484,0.9,ew:vectorized_elementwise_kernel/FillFunctor/FillFunctor,0.9,fmha_bwd_hd128_bf16_causal_br_a32_pssk,0,1416,2146
20,asm,20,fmha_bwd_hd128_bf16_causal_br_a32_pssk,1167.419,7.1579,0.9,fmha_bwd_hd128_odo_bf16,0.9,fmha_bwd_hd128_dq_convert_bf16,0,1413,2146
20,asm,20,fmha_bwd_hd128_dq_convert_bf16,1174.578,0.0719,0.9,fmha_bwd_hd128_bf16_causal_br_a32_pssk,1.4,ew:reduce_kernel/ReduceOp/func_wrapper_t,0,1410,2146
20,asm,21,fmha_bwd_hd128_odo_bf16,1199.185,0.0485,0.9,ew:vectorized_elementwise_kernel/FillFunctor/FillFunctor,1.0,fmha_bwd_hd128_bf16_causal_br_a32_pssk,0,1413,2146
20,asm,21,fmha_bwd_hd128_bf16_causal_br_a32_pssk,1199.234,6.9613,1.0,fmha_bwd_hd128_odo_bf16,0.9,fmha_bwd_hd128_dq_convert_bf16,0,1414,2146
20,asm,21,fmha_bwd_hd128_dq_convert_bf16,1206.196,0.0692,0.9,fmha_bwd_hd128_bf16_causal_br_a32_pssk,0.9,ew:reduce_kernel/ReduceOp/func_wrapper_t,0,1414,2146
20,asm,22,fmha_bwd_hd128_odo_bf16,1230.739,0.0513,1.6,ew:vectorized_elementwise_kernel/FillFunctor/FillFunctor,1.0,fmha_bwd_hd128_bf16_causal_br_a32_pssk,0,1411,2146
20,asm,22,fmha_bwd_hd128_bf16_causal_br_a32_pssk,1230.791,6.9618,1.0,fmha_bwd_hd128_odo_bf16,0.9,fmha_bwd_hd128_dq_convert_bf16,0,1411,2146
20,asm,22,fmha_bwd_hd128_dq_convert_bf16,1237.754,0.0701,0.9,fmha_bwd_hd128_bf16_causal_br_a32_pssk,0.8,ew:reduce_kernel/ReduceOp/func_wrapper_t,0,1415,2146
20,asm,23,fmha_bwd_hd128_odo_bf16,1262.427,0.0493,1.0,ew:vectorized_elementwise_kernel/FillFunctor/FillFunctor,0.9,fmha_bwd_hd128_bf16_causal_br_a32_pssk,0,1408,2146
20,asm,23,fmha_bwd_hd128_bf16_causal_br_a32_pssk,1262.477,6.9712,0.9,fmha_bwd_hd128_odo_bf16,0.8,fmha_bwd_hd128_dq_convert_bf16,0,1408,2146
20,asm,23,fmha_bwd_hd128_dq_convert_bf16,1269.449,0.0705,0.8,fmha_bwd_hd128_bf16_causal_br_a32_pssk,1.4,ew:reduce_kernel/ReduceOp/func_wrapper_t,0,1408,2146
20,asm,24,fmha_bwd_hd128_odo_bf16,1294.672,0.0518,56.6,ew:vectorized_elementwise_kernel/FillFunctor/FillFunctor,0.9,fmha_bwd_hd128_bf16_causal_br_a32_pssk,0,1407,2146
20,asm,24,fmha_bwd_hd128_bf16_causal_br_a32_pssk,1294.725,6.5212,0.9,fmha_bwd_hd128_odo_bf16,1.4,fmha_bwd_hd128_dq_convert_bf16,0,1407,2146
20,asm,24,fmha_bwd_hd128_dq_convert_bf16,1301.248,0.0698,1.4,fmha_bwd_hd128_bf16_causal_br_a32_pssk,0.8,ew:reduce_kernel/ReduceOp/func_wrapper_t,0,1407,2146
20,asm,25,fmha_bwd_hd128_odo_bf16,1325.845,0.0481,0.9,ew:vectorized_elementwise_kernel/FillFunctor/FillFunctor,0.9,fmha_bwd_hd128_bf16_causal_br_a32_pssk,0,1433,2146
20,asm,25,fmha_bwd_hd128_bf16_causal_br_a32_pssk,1325.894,6.8866,0.9,fmha_bwd_hd128_odo_bf16,0.8,fmha_bwd_hd128_dq_convert_bf16,0,1419,2146
20,asm,25,fmha_bwd_hd128_dq_convert_bf16,1332.781,0.0701,0.8,fmha_bwd_hd128_bf16_causal_br_a32_pssk,0.8,ew:reduce_kernel/ReduceOp/func_wrapper_t,0,1412,2146
20,asm,26,fmha_bwd_hd128_odo_bf16,1357.259,0.0520,1.2,ew:vectorized_elementwise_kernel/FillFunctor/FillFunctor,0.9,fmha_bwd_hd128_bf16_causal_br_a32_pssk,0,1430,2146
20,asm,26,fmha_bwd_hd128_bf16_causal_br_a32_pssk,1357.312,6.8580,0.9,fmha_bwd_hd128_odo_bf16,0.8,fmha_bwd_hd128_dq_convert_bf16,0,1422,2146
20,asm,26,fmha_bwd_hd128_dq_convert_bf16,1364.170,0.0709,0.8,fmha_bwd_hd128_bf16_causal_br_a32_pssk,0.8,ew:reduce_kernel/ReduceOp/func_wrapper_t,0,1415,2146
20,asm,27,fmha_bwd_hd128_odo_bf16,1389.054,0.0495,0.9,ew:vectorized_elementwise_kernel/FillFunctor/FillFunctor,0.9,fmha_bwd_hd128_bf16_causal_br_a32_pssk,0,1424,2146
20,asm,27,fmha_bwd_hd128_bf16_causal_br_a32_pssk,1389.105,7.1191,0.9,fmha_bwd_hd128_odo_bf16,1.4,fmha_bwd_hd128_dq_convert_bf16,0,1418,2146
20,asm,27,fmha_bwd_hd128_dq_convert_bf16,1396.225,0.0696,1.4,fmha_bwd_hd128_bf16_causal_br_a32_pssk,0.8,ew:reduce_kernel/ReduceOp/func_wrapper_t,0,1413,2146
20,asm,28,fmha_bwd_hd128_odo_bf16,1420.822,0.0485,1.0,ew:vectorized_elementwise_kernel/FillFunctor/FillFunctor,0.9,fmha_bwd_hd128_bf16_causal_br_a32_pssk,0,1419,2146
20,asm,28,fmha_bwd_hd128_bf16_causal_br_a32_pssk,1420.872,7.1393,0.9,fmha_bwd_hd128_odo_bf16,0.8,fmha_bwd_hd128_dq_convert_bf16,0,1415,2146
20,asm,28,fmha_bwd_hd128_dq_convert_bf16,1428.012,0.0733,0.8,fmha_bwd_hd128_bf16_causal_br_a32_pssk,0.8,ew:reduce_kernel/ReduceOp/func_wrapper_t,0,1413,2146
20,asm,29,fmha_bwd_hd128_odo_bf16,1452.875,0.0485,0.9,ew:vectorized_elementwise_kernel/FillFunctor/FillFunctor,0.9,fmha_bwd_hd128_bf16_causal_br_a32_pssk,0,1416,2146
20,asm,29,fmha_bwd_hd128_bf16_causal_br_a32_pssk,1452.924,7.1180,0.9,fmha_bwd_hd128_odo_bf16,0.8,fmha_bwd_hd128_dq_convert_bf16,0,1415,2146
20,asm,29,fmha_bwd_hd128_dq_convert_bf16,1460.043,0.0714,0.8,fmha_bwd_hd128_bf16_causal_br_a32_pssk,0.9,ew:reduce_kernel/ReduceOp/func_wrapper_t,0,1414,2146
20,asm,30,fmha_bwd_hd128_odo_bf16,1484.738,0.0467,1.0,ew:vectorized_elementwise_kernel/FillFunctor/FillFunctor,1.0,fmha_bwd_hd128_bf16_causal_br_a32_pssk,0,1410,2146
20,asm,30,fmha_bwd_hd128_bf16_causal_br_a32_pssk,1484.785,7.0350,1.0,fmha_bwd_hd128_odo_bf16,0.9,fmha_bwd_hd128_dq_convert_bf16,0,1412,2146
20,asm,30,fmha_bwd_hd128_dq_convert_bf16,1491.821,0.0707,0.9,fmha_bwd_hd128_bf16_causal_br_a32_pssk,0.9,ew:reduce_kernel/ReduceOp/func_wrapper_t,0,1416,2146
20,asm,31,fmha_bwd_hd128_odo_bf16,1516.661,0.0521,1.0,ew:vectorized_elementwise_kernel/FillFunctor/FillFunctor,1.0,fmha_bwd_hd128_bf16_causal_br_a32_pssk,0,1406,2146
20,asm,31,fmha_bwd_hd128_bf16_causal_br_a32_pssk,1516.714,7.0806,1.0,fmha_bwd_hd128_odo_bf16,1.4,fmha_bwd_hd128_dq_convert_bf16,0,1406,2146
20,asm,31,fmha_bwd_hd128_dq_convert_bf16,1523.796,0.0698,1.4,fmha_bwd_hd128_bf16_causal_br_a32_pssk,0.9,ew:reduce_kernel/ReduceOp/func_wrapper_t,0,1406,2146
30,fly,0,kn_fmha_fwd_prefill_a16w16_m32x8_bshd_0,6.629,1.4397,0.8,ew:vectorized_elementwise_kernel/bfloat16_copy_kernel_cuda/bfloat16_copy_kernel_cuda,0.8,ew:vectorized_elementwise_kernel/bfloat16_copy_kernel_cuda/bfloat16_copy_kernel_cuda,0,1657,2134
30,fly,1,kn_fmha_fwd_prefill_a16w16_m32x8_bshd_0,19.653,1.8726,1.4,ew:vectorized_elementwise_kernel/bfloat16_copy_kernel_cuda/bfloat16_copy_kernel_cuda,1.0,ew:vectorized_elementwise_kernel/bfloat16_copy_kernel_cuda/bfloat16_copy_kernel_cuda,0,1651,2134
30,fly,2,kn_fmha_fwd_prefill_a16w16_m32x8_bshd_0,33.272,1.8079,1.0,ew:vectorized_elementwise_kernel/bfloat16_copy_kernel_cuda/bfloat16_copy_kernel_cuda,1.1,ew:vectorized_elementwise_kernel/bfloat16_copy_kernel_cuda/bfloat16_copy_kernel_cuda,0,1616,2134
30,fly,3,kn_fmha_fwd_prefill_a16w16_m32x8_bshd_0,46.749,1.8217,1.0,ew:vectorized_elementwise_kernel/bfloat16_copy_kernel_cuda/bfloat16_copy_kernel_cuda,1.0,ew:vectorized_elementwise_kernel/bfloat16_copy_kernel_cuda/bfloat16_copy_kernel_cuda,0,1582,2134
30,fly,4,kn_fmha_fwd_prefill_a16w16_m32x8_bshd_0,60.552,1.7751,1.0,ew:vectorized_elementwise_kernel/bfloat16_copy_kernel_cuda/bfloat16_copy_kernel_cuda,1.0,ew:vectorized_elementwise_kernel/bfloat16_copy_kernel_cuda/bfloat16_copy_kernel_cuda,0,1536,2134
30,fly,5,kn_fmha_fwd_prefill_a16w16_m32x8_bshd_0,74.148,1.8809,1.0,ew:vectorized_elementwise_kernel/bfloat16_copy_kernel_cuda/bfloat16_copy_kernel_cuda,1.0,ew:vectorized_elementwise_kernel/bfloat16_copy_kernel_cuda/bfloat16_copy_kernel_cuda,0,1496,2134
30,fly,6,kn_fmha_fwd_prefill_a16w16_m32x8_bshd_0,87.760,1.8126,1.0,ew:vectorized_elementwise_kernel/bfloat16_copy_kernel_cuda/bfloat16_copy_kernel_cuda,1.0,ew:vectorized_elementwise_kernel/bfloat16_copy_kernel_cuda/bfloat16_copy_kernel_cuda,0,1479,2134
30,fly,7,kn_fmha_fwd_prefill_a16w16_m32x8_bshd_0,101.416,1.9328,1.0,ew:vectorized_elementwise_kernel/bfloat16_copy_kernel_cuda/bfloat16_copy_kernel_cuda,1.3,ew:vectorized_elementwise_kernel/bfloat16_copy_kernel_cuda/bfloat16_copy_kernel_cuda,0,1459,2134
30,fly,8,kn_fmha_fwd_prefill_a16w16_m32x8_bshd_0,115.108,1.9071,1.4,ew:vectorized_elementwise_kernel/bfloat16_copy_kernel_cuda/bfloat16_copy_kernel_cuda,1.0,ew:vectorized_elementwise_kernel/bfloat16_copy_kernel_cuda/bfloat16_copy_kernel_cuda,0,1439,2134
30,fly,9,kn_fmha_fwd_prefill_a16w16_m32x8_bshd_0,128.736,1.8146,1.0,ew:vectorized_elementwise_kernel/bfloat16_copy_kernel_cuda/bfloat16_copy_kernel_cuda,1.0,ew:vectorized_elementwise_kernel/bfloat16_copy_kernel_cuda/bfloat16_copy_kernel_cuda,0,1409,2134
30,fly,10,kn_fmha_fwd_prefill_a16w16_m32x8_bshd_0,142.270,1.7564,1.0,ew:vectorized_elementwise_kernel/bfloat16_copy_kernel_cuda/bfloat16_copy_kernel_cuda,1.0,ew:vectorized_elementwise_kernel/bfloat16_copy_kernel_cuda/bfloat16_copy_kernel_cuda,0,1398,2134
30,fly,11,kn_fmha_fwd_prefill_a16w16_m32x8_bshd_0,155.919,1.7373,1.0,ew:vectorized_elementwise_kernel/bfloat16_copy_kernel_cuda/bfloat16_copy_kernel_cuda,1.0,ew:vectorized_elementwise_kernel/bfloat16_copy_kernel_cuda/bfloat16_copy_kernel_cuda,0,1387,2134
30,fly,12,kn_fmha_fwd_prefill_a16w16_m32x8_bshd_0,169.533,1.6677,1.0,ew:vectorized_elementwise_kernel/bfloat16_copy_kernel_cuda/bfloat16_copy_kernel_cuda,1.0,ew:vectorized_elementwise_kernel/bfloat16_copy_kernel_cuda/bfloat16_copy_kernel_cuda,0,1376,2134
30,fly,13,kn_fmha_fwd_prefill_a16w16_m32x8_bshd_0,183.091,1.6859,1.0,ew:vectorized_elementwise_kernel/bfloat16_copy_kernel_cuda/bfloat16_copy_kernel_cuda,1.0,ew:vectorized_elementwise_kernel/bfloat16_copy_kernel_cuda/bfloat16_copy_kernel_cuda,0,1360,2134
30,fly,14,kn_fmha_fwd_prefill_a16w16_m32x8_bshd_0,196.515,1.6257,1.0,ew:vectorized_elementwise_kernel/bfloat16_copy_kernel_cuda/bfloat16_copy_kernel_cuda,1.0,ew:vectorized_elementwise_kernel/bfloat16_copy_kernel_cuda/bfloat16_copy_kernel_cuda,0,1350,2134
30,fly,15,kn_fmha_fwd_prefill_a16w16_m32x8_bshd_0,210.030,1.6707,1.0,ew:vectorized_elementwise_kernel/bfloat16_copy_kernel_cuda/bfloat16_copy_kernel_cuda,1.4,ew:vectorized_elementwise_kernel/bfloat16_copy_kernel_cuda/bfloat16_copy_kernel_cuda,0,1343,2134
30,fly,16,kn_fmha_fwd_prefill_a16w16_m32x8_bshd_0,223.643,1.6467,1.4,ew:vectorized_elementwise_kernel/bfloat16_copy_kernel_cuda/bfloat16_copy_kernel_cuda,1.0,ew:vectorized_elementwise_kernel/bfloat16_copy_kernel_cuda/bfloat16_copy_kernel_cuda,0,1335,2134
30,fly,17,kn_fmha_fwd_prefill_a16w16_m32x8_bshd_0,237.256,1.6705,1.0,ew:vectorized_elementwise_kernel/bfloat16_copy_kernel_cuda/bfloat16_copy_kernel_cuda,1.0,ew:vectorized_elementwise_kernel/bfloat16_copy_kernel_cuda/bfloat16_copy_kernel_cuda,0,1323,2134
30,fly,18,kn_fmha_fwd_prefill_a16w16_m32x8_bshd_0,250.931,1.6767,1.0,ew:vectorized_elementwise_kernel/bfloat16_copy_kernel_cuda/bfloat16_copy_kernel_cuda,1.0,ew:vectorized_elementwise_kernel/bfloat16_copy_kernel_cuda/bfloat16_copy_kernel_cuda,0,1314,2134
30,fly,19,kn_fmha_fwd_prefill_a16w16_m32x8_bshd_0,264.456,1.6323,0.9,ew:vectorized_elementwise_kernel/bfloat16_copy_kernel_cuda/bfloat16_copy_kernel_cuda,1.0,ew:vectorized_elementwise_kernel/bfloat16_copy_kernel_cuda/bfloat16_copy_kernel_cuda,0,1311,2134
30,fly,20,kn_fmha_fwd_prefill_a16w16_m32x8_bshd_0,277.884,1.5981,1.0,ew:vectorized_elementwise_kernel/bfloat16_copy_kernel_cuda/bfloat16_copy_kernel_cuda,1.0,ew:vectorized_elementwise_kernel/bfloat16_copy_kernel_cuda/bfloat16_copy_kernel_cuda,0,1310,2134
30,fly,21,kn_fmha_fwd_prefill_a16w16_m32x8_bshd_0,291.297,1.6423,1.0,ew:vectorized_elementwise_kernel/bfloat16_copy_kernel_cuda/bfloat16_copy_kernel_cuda,0.9,ew:vectorized_elementwise_kernel/bfloat16_copy_kernel_cuda/bfloat16_copy_kernel_cuda,0,1307,2134
30,fly,22,kn_fmha_fwd_prefill_a16w16_m32x8_bshd_0,304.699,1.6634,1.0,ew:vectorized_elementwise_kernel/bfloat16_copy_kernel_cuda/bfloat16_copy_kernel_cuda,1.4,ew:vectorized_elementwise_kernel/bfloat16_copy_kernel_cuda/bfloat16_copy_kernel_cuda,0,1302,2134
30,fly,23,kn_fmha_fwd_prefill_a16w16_m32x8_bshd_0,318.146,1.6938,1.4,ew:vectorized_elementwise_kernel/bfloat16_copy_kernel_cuda/bfloat16_copy_kernel_cuda,1.1,ew:vectorized_elementwise_kernel/bfloat16_copy_kernel_cuda/bfloat16_copy_kernel_cuda,0,1302,2134
30,fly,24,kn_fmha_fwd_prefill_a16w16_m32x8_bshd_0,331.794,1.6871,1.0,ew:vectorized_elementwise_kernel/bfloat16_copy_kernel_cuda/bfloat16_copy_kernel_cuda,1.0,ew:vectorized_elementwise_kernel/bfloat16_copy_kernel_cuda/bfloat16_copy_kernel_cuda,0,1299,2134
30,fly,25,kn_fmha_fwd_prefill_a16w16_m32x8_bshd_0,345.408,1.6915,0.9,ew:vectorized_elementwise_kernel/bfloat16_copy_kernel_cuda/bfloat16_copy_kernel_cuda,0.9,ew:vectorized_elementwise_kernel/bfloat16_copy_kernel_cuda/bfloat16_copy_kernel_cuda,0,1296,2134
30,fly,26,kn_fmha_fwd_prefill_a16w16_m32x8_bshd_0,358.957,1.7246,0.9,ew:vectorized_elementwise_kernel/bfloat16_copy_kernel_cuda/bfloat16_copy_kernel_cuda,0.9,ew:vectorized_elementwise_kernel/bfloat16_copy_kernel_cuda/bfloat16_copy_kernel_cuda,0,1290,2134
30,fly,27,kn_fmha_fwd_prefill_a16w16_m32x8_bshd_0,372.549,1.8230,1.0,ew:vectorized_elementwise_kernel/bfloat16_copy_kernel_cuda/bfloat16_copy_kernel_cuda,0.9,ew:vectorized_elementwise_kernel/bfloat16_copy_kernel_cuda/bfloat16_copy_kernel_cuda,0,1290,2134
30,fly,28,kn_fmha_fwd_prefill_a16w16_m32x8_bshd_0,386.106,1.7446,1.0,ew:vectorized_elementwise_kernel/bfloat16_copy_kernel_cuda/bfloat16_copy_kernel_cuda,0.9,ew:vectorized_elementwise_kernel/bfloat16_copy_kernel_cuda/bfloat16_copy_kernel_cuda,0,1291,2134
30,fly,29,kn_fmha_fwd_prefill_a16w16_m32x8_bshd_0,399.585,1.7046,1.0,ew:vectorized_elementwise_kernel/bfloat16_copy_kernel_cuda/bfloat16_copy_kernel_cuda,1.6,ew:vectorized_elementwise_kernel/bfloat16_copy_kernel_cuda/bfloat16_copy_kernel_cuda,0,1289,2134
30,fly,30,kn_fmha_fwd_prefill_a16w16_m32x8_bshd_0,413.203,1.7594,1.4,ew:vectorized_elementwise_kernel/bfloat16_copy_kernel_cuda/bfloat16_copy_kernel_cuda,1.0,ew:vectorized_elementwise_kernel/bfloat16_copy_kernel_cuda/bfloat16_copy_kernel_cuda,0,1286,2134
30,fly,31,kn_fmha_fwd_prefill_a16w16_m32x8_bshd_0,426.757,1.7533,1.0,ew:vectorized_elementwise_kernel/bfloat16_copy_kernel_cuda/bfloat16_copy_kernel_cuda,1.0,ew:vectorized_elementwise_kernel/bfloat16_copy_kernel_cuda/bfloat16_copy_kernel_cuda,0,1286,2134
30,fly,0,k_delta_bshd_0,541.066,0.1177,1.7,ew:vectorized_elementwise_kernel/bfloat16tofloat32_copy_kernel_cuda/bfloat16tofloat32_copy_kernel_cuda,0.9,k_dkdv_0,0,1263,2134
30,fly,0,k_dkdv_0,541.184,6.0006,0.9,k_delta_bshd_0,0.8,k_dq_0,0,1268,2134
30,fly,0,k_dq_0,547.186,3.3340,0.8,k_dkdv_0,0.8,ew:vectorized_elementwise_kernel/bfloat16tofloat32_copy_kernel_cuda/bfloat16tofloat32_copy_kernel_cuda,0,1272,2134
30,fly,1,k_delta_bshd_0,574.758,0.1205,1.0,ew:vectorized_elementwise_kernel/bfloat16tofloat32_copy_kernel_cuda/bfloat16tofloat32_copy_kernel_cuda,0.9,k_dkdv_0,0,1317,2134
30,fly,1,k_dkdv_0,574.880,5.8287,0.9,k_delta_bshd_0,0.8,k_dq_0,0,1319,2134
30,fly,1,k_dq_0,580.709,3.2587,0.8,k_dkdv_0,0.8,ew:vectorized_elementwise_kernel/bfloat16tofloat32_copy_kernel_cuda/bfloat16tofloat32_copy_kernel_cuda,0,1320,2134
30,fly,2,k_delta_bshd_0,608.272,0.1149,0.9,ew:vectorized_elementwise_kernel/bfloat16tofloat32_copy_kernel_cuda/bfloat16tofloat32_copy_kernel_cuda,0.9,k_dkdv_0,0,1359,2134
30,fly,2,k_dkdv_0,608.388,5.8635,0.9,k_delta_bshd_0,0.8,k_dq_0,0,1357,2134
30,fly,2,k_dq_0,614.252,3.2622,0.8,k_dkdv_0,0.9,ew:vectorized_elementwise_kernel/bfloat16tofloat32_copy_kernel_cuda/bfloat16tofloat32_copy_kernel_cuda,0,1354,2134
30,fly,3,k_delta_bshd_0,641.884,0.1187,0.9,ew:vectorized_elementwise_kernel/bfloat16tofloat32_copy_kernel_cuda/bfloat16tofloat32_copy_kernel_cuda,1.6,k_dkdv_0,0,1387,2134
30,fly,3,k_dkdv_0,642.004,5.9668,1.6,k_delta_bshd_0,0.9,k_dq_0,0,1382,2134
30,fly,3,k_dq_0,647.972,3.2668,0.9,k_dkdv_0,0.8,ew:vectorized_elementwise_kernel/bfloat16tofloat32_copy_kernel_cuda/bfloat16tofloat32_copy_kernel_cuda,0,1378,2134
30,fly,4,k_delta_bshd_0,675.475,0.1103,0.9,ew:vectorized_elementwise_kernel/bfloat16tofloat32_copy_kernel_cuda/bfloat16tofloat32_copy_kernel_cuda,0.9,k_dkdv_0,0,1408,2134
30,fly,4,k_dkdv_0,675.586,5.8039,0.9,k_delta_bshd_0,0.9,k_dq_0,0,1401,2134
30,fly,4,k_dq_0,681.391,3.3034,0.9,k_dkdv_0,0.8,ew:vectorized_elementwise_kernel/bfloat16tofloat32_copy_kernel_cuda/bfloat16tofloat32_copy_kernel_cuda,0,1397,2134
30,fly,5,k_delta_bshd_0,709.216,0.1199,0.9,ew:vectorized_elementwise_kernel/bfloat16tofloat32_copy_kernel_cuda/bfloat16tofloat32_copy_kernel_cuda,0.9,k_dkdv_0,0,1432,2134
30,fly,5,k_dkdv_0,709.336,6.0021,0.9,k_delta_bshd_0,1.4,k_dq_0,0,1426,2134
30,fly,5,k_dq_0,715.340,3.3231,1.4,k_dkdv_0,0.8,ew:vectorized_elementwise_kernel/bfloat16tofloat32_copy_kernel_cuda/bfloat16tofloat32_copy_kernel_cuda,0,1415,2134
30,fly,6,k_delta_bshd_0,742.716,0.1138,1.2,ew:vectorized_elementwise_kernel/bfloat16tofloat32_copy_kernel_cuda/bfloat16tofloat32_copy_kernel_cuda,0.9,k_dkdv_0,0,1441,2134
30,fly,6,k_dkdv_0,742.831,5.9348,0.9,k_delta_bshd_0,0.8,k_dq_0,0,1432,2134
30,fly,6,k_dq_0,748.767,3.3150,0.8,k_dkdv_0,0.9,ew:vectorized_elementwise_kernel/bfloat16tofloat32_copy_kernel_cuda/bfloat16tofloat32_copy_kernel_cuda,0,1424,2134
30,fly,7,k_delta_bshd_0,776.279,0.1196,1.0,ew:vectorized_elementwise_kernel/bfloat16tofloat32_copy_kernel_cuda/bfloat16tofloat32_copy_kernel_cuda,0.9,k_dkdv_0,0,1450,2134
30,fly,7,k_dkdv_0,776.400,5.9741,0.9,k_delta_bshd_0,0.9,k_dq_0,0,1435,2134
30,fly,7,k_dq_0,782.375,3.3376,0.9,k_dkdv_0,0.8,ew:vectorized_elementwise_kernel/bfloat16tofloat32_copy_kernel_cuda/bfloat16tofloat32_copy_kernel_cuda,0,1428,2134
30,fly,8,k_delta_bshd_0,809.963,0.1175,0.9,ew:vectorized_elementwise_kernel/bfloat16tofloat32_copy_kernel_cuda/bfloat16tofloat32_copy_kernel_cuda,0.9,k_dkdv_0,0,1453,2134
30,fly,8,k_dkdv_0,810.081,5.9986,0.9,k_delta_bshd_0,1.4,k_dq_0,0,1438,2134
30,fly,8,k_dq_0,816.081,3.3403,1.4,k_dkdv_0,0.8,ew:vectorized_elementwise_kernel/bfloat16tofloat32_copy_kernel_cuda/bfloat16tofloat32_copy_kernel_cuda,0,1431,2134
30,fly,9,k_delta_bshd_0,844.016,0.1165,0.9,ew:vectorized_elementwise_kernel/bfloat16tofloat32_copy_kernel_cuda/bfloat16tofloat32_copy_kernel_cuda,1.0,k_dkdv_0,0,1432,2134
30,fly,9,k_dkdv_0,844.133,5.9894,1.0,k_delta_bshd_0,0.9,k_dq_0,0,1432,2134
30,fly,9,k_dq_0,850.124,3.3286,0.9,k_dkdv_0,0.8,ew:vectorized_elementwise_kernel/bfloat16tofloat32_copy_kernel_cuda/bfloat16tofloat32_copy_kernel_cuda,0,1432,2134
30,fly,10,k_delta_bshd_0,877.876,0.1171,0.9,ew:vectorized_elementwise_kernel/bfloat16tofloat32_copy_kernel_cuda/bfloat16tofloat32_copy_kernel_cuda,1.0,k_dkdv_0,0,1431,2134
30,fly,10,k_dkdv_0,877.994,5.9634,1.0,k_delta_bshd_0,0.9,k_dq_0,0,1431,2134
30,fly,10,k_dq_0,883.958,3.3622,0.9,k_dkdv_0,1.3,ew:vectorized_elementwise_kernel/bfloat16tofloat32_copy_kernel_cuda/bfloat16tofloat32_copy_kernel_cuda,0,1431,2134
30,fly,11,k_delta_bshd_0,911.542,0.1193,1.3,ew:vectorized_elementwise_kernel/bfloat16tofloat32_copy_kernel_cuda/bfloat16tofloat32_copy_kernel_cuda,0.9,k_dkdv_0,0,1434,2134
30,fly,11,k_dkdv_0,911.662,5.9974,0.9,k_delta_bshd_0,0.9,k_dq_0,0,1434,2134
30,fly,11,k_dq_0,917.660,3.3289,0.9,k_dkdv_0,0.8,ew:vectorized_elementwise_kernel/bfloat16tofloat32_copy_kernel_cuda/bfloat16tofloat32_copy_kernel_cuda,0,1440,2134
30,fly,12,k_delta_bshd_0,945.520,0.1181,1.1,ew:vectorized_elementwise_kernel/bfloat16tofloat32_copy_kernel_cuda/bfloat16tofloat32_copy_kernel_cuda,1.0,k_dkdv_0,0,1434,2134
30,fly,12,k_dkdv_0,945.639,5.8668,1.0,k_delta_bshd_0,0.8,k_dq_0,0,1434,2134
30,fly,12,k_dq_0,951.507,3.3622,0.8,k_dkdv_0,0.8,ew:vectorized_elementwise_kernel/bfloat16tofloat32_copy_kernel_cuda/bfloat16tofloat32_copy_kernel_cuda,0,1438,2134
30,fly,13,k_delta_bshd_0,979.236,0.1174,1.0,ew:vectorized_elementwise_kernel/bfloat16tofloat32_copy_kernel_cuda/bfloat16tofloat32_copy_kernel_cuda,1.0,k_dkdv_0,0,1436,2134
30,fly,13,k_dkdv_0,979.355,6.0150,1.0,k_delta_bshd_0,0.9,k_dq_0,0,1436,2134
30,fly,13,k_dq_0,985.371,3.3547,0.9,k_dkdv_0,1.4,ew:vectorized_elementwise_kernel/bfloat16tofloat32_copy_kernel_cuda/bfloat16tofloat32_copy_kernel_cuda,0,1436,2134
30,fly,14,k_delta_bshd_0,1013.460,0.1167,0.9,ew:vectorized_elementwise_kernel/bfloat16tofloat32_copy_kernel_cuda/bfloat16tofloat32_copy_kernel_cuda,0.9,k_dkdv_0,0,1442,2134
30,fly,14,k_dkdv_0,1013.577,5.9236,0.9,k_delta_bshd_0,0.8,k_dq_0,0,1442,2134
30,fly,14,k_dq_0,1019.502,3.3429,0.8,k_dkdv_0,0.8,ew:vectorized_elementwise_kernel/bfloat16tofloat32_copy_kernel_cuda/bfloat16tofloat32_copy_kernel_cuda,0,1440,2134
30,fly,15,k_delta_bshd_0,1046.733,0.1157,0.9,ew:vectorized_elementwise_kernel/bfloat16tofloat32_copy_kernel_cuda/bfloat16tofloat32_copy_kernel_cuda,0.9,k_dkdv_0,0,1451,2134
30,fly,15,k_dkdv_0,1046.849,5.9682,0.9,k_delta_bshd_0,1.0,k_dq_0,0,1448,2134
30,fly,15,k_dq_0,1052.818,3.3641,1.0,k_dkdv_0,0.8,ew:vectorized_elementwise_kernel/bfloat16tofloat32_copy_kernel_cuda/bfloat16tofloat32_copy_kernel_cuda,0,1442,2134
30,fly,16,k_delta_bshd_0,1080.549,0.1152,0.9,ew:vectorized_elementwise_kernel/bfloat16tofloat32_copy_kernel_cuda/bfloat16tofloat32_copy_kernel_cuda,1.2,k_dkdv_0,0,1449,2134
30,fly,16,k_dkdv_0,1080.665,5.9367,1.2,k_delta_bshd_0,0.8,k_dq_0,0,1444,2134
30,fly,16,k_dq_0,1086.603,3.3673,0.8,k_dkdv_0,0.8,ew:vectorized_elementwise_kernel/bfloat16tofloat32_copy_kernel_cuda/bfloat16tofloat32_copy_kernel_cuda,0,1439,2134
30,fly,17,k_delta_bshd_0,1114.238,0.1133,0.9,ew:vectorized_elementwise_kernel/bfloat16tofloat32_copy_kernel_cuda/bfloat16tofloat32_copy_kernel_cuda,0.9,k_dkdv_0,0,1451,2134
30,fly,17,k_dkdv_0,1114.352,5.9731,0.9,k_delta_bshd_0,0.8,k_dq_0,0,1444,2134
30,fly,17,k_dq_0,1120.326,3.3412,0.8,k_dkdv_0,0.9,ew:vectorized_elementwise_kernel/bfloat16tofloat32_copy_kernel_cuda/bfloat16tofloat32_copy_kernel_cuda,0,1437,2134
30,fly,18,k_delta_bshd_0,1148.736,0.1185,326.6,ew:vectorized_elementwise_kernel/bfloat16tofloat32_copy_kernel_cuda/bfloat16tofloat32_copy_kernel_cuda,1.0,k_dkdv_0,0,1450,2134
30,fly,18,k_dkdv_0,1148.855,5.6185,1.0,k_delta_bshd_0,0.8,k_dq_0,0,1445,2134
30,fly,18,k_dq_0,1154.474,3.3442,0.8,k_dkdv_0,1.4,ew:vectorized_elementwise_kernel/bfloat16tofloat32_copy_kernel_cuda/bfloat16tofloat32_copy_kernel_cuda,0,1435,2134
30,fly,19,k_delta_bshd_0,1182.145,0.1153,0.9,ew:vectorized_elementwise_kernel/bfloat16tofloat32_copy_kernel_cuda/bfloat16tofloat32_copy_kernel_cuda,1.6,k_dkdv_0,0,1459,2134
30,fly,19,k_dkdv_0,1182.262,5.9425,1.6,k_delta_bshd_0,0.9,k_dq_0,0,1448,2134
30,fly,19,k_dq_0,1188.206,3.3481,0.9,k_dkdv_0,0.8,ew:vectorized_elementwise_kernel/bfloat16tofloat32_copy_kernel_cuda/bfloat16tofloat32_copy_kernel_cuda,0,1438,2134
30,fly,20,k_delta_bshd_0,1215.719,0.1162,0.9,ew:vectorized_elementwise_kernel/bfloat16tofloat32_copy_kernel_cuda/bfloat16tofloat32_copy_kernel_cuda,0.9,k_dkdv_0,0,1461,2134
30,fly,20,k_dkdv_0,1215.836,5.9572,0.9,k_delta_bshd_0,0.8,k_dq_0,0,1446,2134
30,fly,20,k_dq_0,1221.794,3.3048,0.8,k_dkdv_0,0.8,ew:vectorized_elementwise_kernel/bfloat16tofloat32_copy_kernel_cuda/bfloat16tofloat32_copy_kernel_cuda,0,1439,2134
30,fly,21,k_delta_bshd_0,1249.490,0.1153,0.9,ew:vectorized_elementwise_kernel/bfloat16tofloat32_copy_kernel_cuda/bfloat16tofloat32_copy_kernel_cuda,1.0,k_dkdv_0,0,1461,2134
30,fly,21,k_dkdv_0,1249.606,5.9447,1.0,k_delta_bshd_0,1.0,k_dq_0,0,1445,2134
30,fly,21,k_dq_0,1255.552,3.2558,1.0,k_dkdv_0,1.3,ew:vectorized_elementwise_kernel/bfloat16tofloat32_copy_kernel_cuda/bfloat16tofloat32_copy_kernel_cuda,0,1437,2134
30,fly,22,k_delta_bshd_0,1283.264,0.1162,1.0,ew:vectorized_elementwise_kernel/bfloat16tofloat32_copy_kernel_cuda/bfloat16tofloat32_copy_kernel_cuda,1.6,k_dkdv_0,0,1436,2134
30,fly,22,k_dkdv_0,1283.381,5.9082,1.6,k_delta_bshd_0,0.9,k_dq_0,0,1436,2134
30,fly,22,k_dq_0,1289.291,3.2626,0.9,k_dkdv_0,0.8,ew:vectorized_elementwise_kernel/bfloat16tofloat32_copy_kernel_cuda/bfloat16tofloat32_copy_kernel_cuda,0,1436,2134
30,fly,23,k_delta_bshd_0,1316.811,0.1200,0.9,ew:vectorized_elementwise_kernel/bfloat16tofloat32_copy_kernel_cuda/bfloat16tofloat32_copy_kernel_cuda,0.9,k_dkdv_0,0,1442,2134
30,fly,23,k_dkdv_0,1316.932,5.8926,0.9,k_delta_bshd_0,0.8,k_dq_0,0,1442,2134
30,fly,23,k_dq_0,1322.825,3.2233,0.8,k_dkdv_0,0.8,ew:vectorized_elementwise_kernel/bfloat16tofloat32_copy_kernel_cuda/bfloat16tofloat32_copy_kernel_cuda,0,1442,2134
30,fly,24,k_delta_bshd_0,1350.346,0.1149,0.9,ew:vectorized_elementwise_kernel/bfloat16tofloat32_copy_kernel_cuda/bfloat16tofloat32_copy_kernel_cuda,1.2,k_dkdv_0,0,1444,2134
30,fly,24,k_dkdv_0,1350.463,5.7409,1.2,k_delta_bshd_0,0.9,k_dq_0,0,1444,2134
30,fly,24,k_dq_0,1356.204,3.2479,0.9,k_dkdv_0,0.8,ew:vectorized_elementwise_kernel/bfloat16tofloat32_copy_kernel_cuda/bfloat16tofloat32_copy_kernel_cuda,0,1444,2134
30,fly,25,k_delta_bshd_0,1383.950,0.1228,1.0,ew:vectorized_elementwise_kernel/bfloat16tofloat32_copy_kernel_cuda/bfloat16tofloat32_copy_kernel_cuda,0.9,k_dkdv_0,0,1443,2134
30,fly,25,k_dkdv_0,1384.074,5.9795,0.9,k_delta_bshd_0,0.9,k_dq_0,0,1443,2134
30,fly,25,k_dq_0,1390.054,3.3168,0.9,k_dkdv_0,0.8,ew:vectorized_elementwise_kernel/bfloat16tofloat32_copy_kernel_cuda/bfloat16tofloat32_copy_kernel_cuda,0,1447,2134
30,fly,26,k_delta_bshd_0,1417.719,0.1151,0.9,ew:vectorized_elementwise_kernel/bfloat16tofloat32_copy_kernel_cuda/bfloat16tofloat32_copy_kernel_cuda,0.9,k_dkdv_0,0,1441,2134
30,fly,26,k_dkdv_0,1417.835,5.8689,0.9,k_delta_bshd_0,0.8,k_dq_0,0,1441,2134
30,fly,26,k_dq_0,1423.705,3.2957,0.8,k_dkdv_0,0.8,ew:vectorized_elementwise_kernel/bfloat16tofloat32_copy_kernel_cuda/bfloat16tofloat32_copy_kernel_cuda,0,1446,2134
30,fly,27,k_delta_bshd_0,1451.276,0.1182,1.0,ew:vectorized_elementwise_kernel/bfloat16tofloat32_copy_kernel_cuda/bfloat16tofloat32_copy_kernel_cuda,0.9,k_dkdv_0,0,1444,2134
30,fly,27,k_dkdv_0,1451.395,5.8918,0.9,k_delta_bshd_0,1.4,k_dq_0,0,1444,2134
30,fly,27,k_dq_0,1457.288,3.2963,1.4,k_dkdv_0,0.8,ew:vectorized_elementwise_kernel/bfloat16tofloat32_copy_kernel_cuda/bfloat16tofloat32_copy_kernel_cuda,0,1449,2134
30,fly,28,k_delta_bshd_0,1485.373,0.1229,0.9,ew:vectorized_elementwise_kernel/bfloat16tofloat32_copy_kernel_cuda/bfloat16tofloat32_copy_kernel_cuda,0.9,k_dkdv_0,0,1453,2134
30,fly,28,k_dkdv_0,1485.497,5.9950,0.9,k_delta_bshd_0,0.8,k_dq_0,0,1453,2134
30,fly,28,k_dq_0,1491.493,3.3853,0.8,k_dkdv_0,0.8,ew:vectorized_elementwise_kernel/bfloat16tofloat32_copy_kernel_cuda/bfloat16tofloat32_copy_kernel_cuda,0,1452,2134
30,fly,29,k_delta_bshd_0,1519.470,0.1183,0.9,ew:vectorized_elementwise_kernel/bfloat16tofloat32_copy_kernel_cuda/bfloat16tofloat32_copy_kernel_cuda,0.9,k_dkdv_0,0,1445,2134
30,fly,29,k_dkdv_0,1519.590,5.9965,0.9,k_delta_bshd_0,1.5,k_dq_0,0,1443,2134
30,fly,29,k_dq_0,1525.588,3.4009,1.5,k_dkdv_0,1.0,ew:vectorized_elementwise_kernel/bfloat16tofloat32_copy_kernel_cuda/bfloat16tofloat32_copy_kernel_cuda,0,1440,2134
30,fly,30,k_delta_bshd_0,1553.563,0.1184,1.6,ew:vectorized_elementwise_kernel/bfloat16tofloat32_copy_kernel_cuda/bfloat16tofloat32_copy_kernel_cuda,1.0,k_dkdv_0,0,1442,2134
30,fly,30,k_dkdv_0,1553.682,6.0409,1.0,k_delta_bshd_0,0.9,k_dq_0,0,1437,2134
30,fly,30,k_dq_0,1559.724,3.3820,0.9,k_dkdv_0,0.8,ew:vectorized_elementwise_kernel/bfloat16tofloat32_copy_kernel_cuda/bfloat16tofloat32_copy_kernel_cuda,0,1432,2134
30,fly,31,k_delta_bshd_0,1587.725,0.1187,1.0,ew:vectorized_elementwise_kernel/bfloat16tofloat32_copy_kernel_cuda/bfloat16tofloat32_copy_kernel_cuda,0.9,k_dkdv_0,0,1441,2134
30,fly,31,k_dkdv_0,1587.845,6.0263,0.9,k_delta_bshd_0,0.8,k_dq_0,0,1436,2134
30,fly,31,k_dq_0,1593.872,3.4587,0.8,k_dkdv_0,0.8,ew:vectorized_elementwise_kernel/bfloat16tofloat32_copy_kernel_cuda/bfloat16tofloat32_copy_kernel_cuda,0,1426,2134
40,asm,0,fmha_bf16_pertokenBf16_hd128_128x256_mask,6.845,1.2268,0.8,ew:vectorized_elementwise_kernel/bfloat16_copy_kernel_cuda/bfloat16_copy_kernel_cuda,0.9,ew:vectorized_elementwise_kernel/bfloat16_copy_kernel_cuda/bfloat16_copy_kernel_cuda,0,1661,2126
40,asm,1,fmha_bf16_pertokenBf16_hd128_128x256_mask,19.739,1.2250,1.0,ew:vectorized_elementwise_kernel/bfloat16_copy_kernel_cuda/bfloat16_copy_kernel_cuda,1.0,ew:vectorized_elementwise_kernel/bfloat16_copy_kernel_cuda/bfloat16_copy_kernel_cuda,0,1678,2126
40,asm,2,fmha_bf16_pertokenBf16_hd128_128x256_mask,33.190,1.2393,0.9,ew:vectorized_elementwise_kernel/bfloat16_copy_kernel_cuda/bfloat16_copy_kernel_cuda,0.9,ew:vectorized_elementwise_kernel/bfloat16_copy_kernel_cuda/bfloat16_copy_kernel_cuda,0,1612,2126
40,asm,3,fmha_bf16_pertokenBf16_hd128_128x256_mask,46.539,1.2171,1.0,ew:vectorized_elementwise_kernel/bfloat16_copy_kernel_cuda/bfloat16_copy_kernel_cuda,1.0,ew:vectorized_elementwise_kernel/bfloat16_copy_kernel_cuda/bfloat16_copy_kernel_cuda,0,1573,2126
40,asm,4,fmha_bf16_pertokenBf16_hd128_128x256_mask,59.922,1.2241,1.0,ew:vectorized_elementwise_kernel/bfloat16_copy_kernel_cuda/bfloat16_copy_kernel_cuda,1.3,ew:vectorized_elementwise_kernel/bfloat16_copy_kernel_cuda/bfloat16_copy_kernel_cuda,0,1538,2126
40,asm,5,fmha_bf16_pertokenBf16_hd128_128x256_mask,73.483,1.2481,1.4,ew:vectorized_elementwise_kernel/bfloat16_copy_kernel_cuda/bfloat16_copy_kernel_cuda,1.0,ew:vectorized_elementwise_kernel/bfloat16_copy_kernel_cuda/bfloat16_copy_kernel_cuda,0,1506,2126
40,asm,6,fmha_bf16_pertokenBf16_hd128_128x256_mask,86.868,1.2218,0.9,ew:vectorized_elementwise_kernel/bfloat16_copy_kernel_cuda/bfloat16_copy_kernel_cuda,1.0,ew:vectorized_elementwise_kernel/bfloat16_copy_kernel_cuda/bfloat16_copy_kernel_cuda,0,1451,2126
40,asm,7,fmha_bf16_pertokenBf16_hd128_128x256_mask,100.338,1.2100,1.0,ew:vectorized_elementwise_kernel/bfloat16_copy_kernel_cuda/bfloat16_copy_kernel_cuda,1.1,ew:vectorized_elementwise_kernel/bfloat16_copy_kernel_cuda/bfloat16_copy_kernel_cuda,0,1429,2126
40,asm,8,fmha_bf16_pertokenBf16_hd128_128x256_mask,113.733,1.2358,1.0,ew:vectorized_elementwise_kernel/bfloat16_copy_kernel_cuda/bfloat16_copy_kernel_cuda,1.0,ew:vectorized_elementwise_kernel/bfloat16_copy_kernel_cuda/bfloat16_copy_kernel_cuda,0,1407,2126
40,asm,9,fmha_bf16_pertokenBf16_hd128_128x256_mask,127.101,1.2279,1.0,ew:vectorized_elementwise_kernel/bfloat16_copy_kernel_cuda/bfloat16_copy_kernel_cuda,1.0,ew:vectorized_elementwise_kernel/bfloat16_copy_kernel_cuda/bfloat16_copy_kernel_cuda,0,1389,2126
40,asm,10,fmha_bf16_pertokenBf16_hd128_128x256_mask,140.496,1.1955,1.0,ew:vectorized_elementwise_kernel/bfloat16_copy_kernel_cuda/bfloat16_copy_kernel_cuda,1.0,ew:vectorized_elementwise_kernel/bfloat16_copy_kernel_cuda/bfloat16_copy_kernel_cuda,0,1366,2126
40,asm,11,fmha_bf16_pertokenBf16_hd128_128x256_mask,153.774,1.2312,1.0,ew:vectorized_elementwise_kernel/bfloat16_copy_kernel_cuda/bfloat16_copy_kernel_cuda,1.4,ew:vectorized_elementwise_kernel/bfloat16_copy_kernel_cuda/bfloat16_copy_kernel_cuda,0,1347,2126
40,asm,12,fmha_bf16_pertokenBf16_hd128_128x256_mask,167.172,1.2084,1.4,ew:vectorized_elementwise_kernel/bfloat16_copy_kernel_cuda/bfloat16_copy_kernel_cuda,0.9,ew:vectorized_elementwise_kernel/bfloat16_copy_kernel_cuda/bfloat16_copy_kernel_cuda,0,1336,2126
40,asm,13,fmha_bf16_pertokenBf16_hd128_128x256_mask,180.579,1.2208,1.1,ew:vectorized_elementwise_kernel/bfloat16_copy_kernel_cuda/bfloat16_copy_kernel_cuda,1.0,ew:vectorized_elementwise_kernel/bfloat16_copy_kernel_cuda/bfloat16_copy_kernel_cuda,0,1324,2126
40,asm,14,fmha_bf16_pertokenBf16_hd128_128x256_mask,193.999,1.2346,1.0,ew:vectorized_elementwise_kernel/bfloat16_copy_kernel_cuda/bfloat16_copy_kernel_cuda,0.9,ew:vectorized_elementwise_kernel/bfloat16_copy_kernel_cuda/bfloat16_copy_kernel_cuda,0,1315,2126
40,asm,15,fmha_bf16_pertokenBf16_hd128_128x256_mask,207.375,1.2244,1.0,ew:vectorized_elementwise_kernel/bfloat16_copy_kernel_cuda/bfloat16_copy_kernel_cuda,1.0,ew:vectorized_elementwise_kernel/bfloat16_copy_kernel_cuda/bfloat16_copy_kernel_cuda,0,1300,2126
40,asm,16,fmha_bf16_pertokenBf16_hd128_128x256_mask,220.775,1.2381,1.0,ew:vectorized_elementwise_kernel/bfloat16_copy_kernel_cuda/bfloat16_copy_kernel_cuda,1.0,ew:vectorized_elementwise_kernel/bfloat16_copy_kernel_cuda/bfloat16_copy_kernel_cuda,0,1293,2126
40,asm,17,fmha_bf16_pertokenBf16_hd128_128x256_mask,234.171,1.2273,1.0,ew:vectorized_elementwise_kernel/bfloat16_copy_kernel_cuda/bfloat16_copy_kernel_cuda,1.0,ew:vectorized_elementwise_kernel/bfloat16_copy_kernel_cuda/bfloat16_copy_kernel_cuda,0,1286,2126
40,asm,18,fmha_bf16_pertokenBf16_hd128_128x256_mask,247.694,1.2236,1.0,ew:vectorized_elementwise_kernel/bfloat16_copy_kernel_cuda/bfloat16_copy_kernel_cuda,1.0,ew:vectorized_elementwise_kernel/bfloat16_copy_kernel_cuda/bfloat16_copy_kernel_cuda,0,1280,2126
40,asm,19,fmha_bf16_pertokenBf16_hd128_128x256_mask,261.075,1.2215,1.0,ew:vectorized_elementwise_kernel/bfloat16_copy_kernel_cuda/bfloat16_copy_kernel_cuda,1.4,ew:vectorized_elementwise_kernel/bfloat16_copy_kernel_cuda/bfloat16_copy_kernel_cuda,0,1272,2126
40,asm,20,fmha_bf16_pertokenBf16_hd128_128x256_mask,274.459,1.2004,1.4,ew:vectorized_elementwise_kernel/bfloat16_copy_kernel_cuda/bfloat16_copy_kernel_cuda,1.0,ew:vectorized_elementwise_kernel/bfloat16_copy_kernel_cuda/bfloat16_copy_kernel_cuda,0,1268,2126
40,asm,21,fmha_bf16_pertokenBf16_hd128_128x256_mask,287.790,1.2169,1.0,ew:vectorized_elementwise_kernel/bfloat16_copy_kernel_cuda/bfloat16_copy_kernel_cuda,1.0,ew:vectorized_elementwise_kernel/bfloat16_copy_kernel_cuda/bfloat16_copy_kernel_cuda,0,1266,2126
40,asm,22,fmha_bf16_pertokenBf16_hd128_128x256_mask,301.169,1.2025,1.0,ew:vectorized_elementwise_kernel/bfloat16_copy_kernel_cuda/bfloat16_copy_kernel_cuda,1.0,ew:vectorized_elementwise_kernel/bfloat16_copy_kernel_cuda/bfloat16_copy_kernel_cuda,0,1262,2126
40,asm,23,fmha_bf16_pertokenBf16_hd128_128x256_mask,314.427,1.2212,1.0,ew:vectorized_elementwise_kernel/bfloat16_copy_kernel_cuda/bfloat16_copy_kernel_cuda,1.0,ew:vectorized_elementwise_kernel/bfloat16_copy_kernel_cuda/bfloat16_copy_kernel_cuda,0,1261,2126
40,asm,24,fmha_bf16_pertokenBf16_hd128_128x256_mask,327.983,1.2065,1.0,ew:vectorized_elementwise_kernel/bfloat16_copy_kernel_cuda/bfloat16_copy_kernel_cuda,1.0,ew:vectorized_elementwise_kernel/bfloat16_copy_kernel_cuda/bfloat16_copy_kernel_cuda,0,1255,2126
40,asm,25,fmha_bf16_pertokenBf16_hd128_128x256_mask,341.323,1.2223,1.0,ew:vectorized_elementwise_kernel/bfloat16_copy_kernel_cuda/bfloat16_copy_kernel_cuda,0.9,ew:vectorized_elementwise_kernel/bfloat16_copy_kernel_cuda/bfloat16_copy_kernel_cuda,0,1254,2126
40,asm,26,fmha_bf16_pertokenBf16_hd128_128x256_mask,354.711,1.2084,0.9,ew:vectorized_elementwise_kernel/bfloat16_copy_kernel_cuda/bfloat16_copy_kernel_cuda,1.4,ew:vectorized_elementwise_kernel/bfloat16_copy_kernel_cuda/bfloat16_copy_kernel_cuda,0,1252,2126
40,asm,27,fmha_bf16_pertokenBf16_hd128_128x256_mask,368.119,1.2101,1.3,ew:vectorized_elementwise_kernel/bfloat16_copy_kernel_cuda/bfloat16_copy_kernel_cuda,1.0,ew:vectorized_elementwise_kernel/bfloat16_copy_kernel_cuda/bfloat16_copy_kernel_cuda,0,1249,2126
40,asm,28,fmha_bf16_pertokenBf16_hd128_128x256_mask,381.550,1.2177,1.0,ew:vectorized_elementwise_kernel/bfloat16_copy_kernel_cuda/bfloat16_copy_kernel_cuda,0.9,ew:vectorized_elementwise_kernel/bfloat16_copy_kernel_cuda/bfloat16_copy_kernel_cuda,0,1247,2126
40,asm,29,fmha_bf16_pertokenBf16_hd128_128x256_mask,394.901,1.2121,1.0,ew:vectorized_elementwise_kernel/bfloat16_copy_kernel_cuda/bfloat16_copy_kernel_cuda,0.9,ew:vectorized_elementwise_kernel/bfloat16_copy_kernel_cuda/bfloat16_copy_kernel_cuda,0,1245,2126
40,asm,30,fmha_bf16_pertokenBf16_hd128_128x256_mask,408.144,1.2021,1.0,ew:vectorized_elementwise_kernel/bfloat16_copy_kernel_cuda/bfloat16_copy_kernel_cuda,0.9,ew:vectorized_elementwise_kernel/bfloat16_copy_kernel_cuda/bfloat16_copy_kernel_cuda,0,1246,2126
40,asm,31,fmha_bf16_pertokenBf16_hd128_128x256_mask,421.507,1.2291,1.0,ew:vectorized_elementwise_kernel/bfloat16_copy_kernel_cuda/bfloat16_copy_kernel_cuda,1.0,ew:vectorized_elementwise_kernel/bfloat16_copy_kernel_cuda/bfloat16_copy_kernel_cuda,0,1247,2126
40,asm,0,fmha_bwd_hd128_odo_bf16,536.143,0.0484,0.9,ew:vectorized_elementwise_kernel/FillFunctor/FillFunctor,0.9,fmha_bwd_hd128_bf16_causal_br_a32_pssk,0,1243,2126
40,asm,0,fmha_bwd_hd128_bf16_causal_br_a32_pssk,536.192,7.0609,0.9,fmha_bwd_hd128_odo_bf16,0.8,fmha_bwd_hd128_dq_convert_bf16,0,1242,2126
40,asm,0,fmha_bwd_hd128_dq_convert_bf16,543.254,0.0697,0.8,fmha_bwd_hd128_bf16_causal_br_a32_pssk,0.8,ew:reduce_kernel/ReduceOp/func_wrapper_t,0,1242,2126
40,asm,1,fmha_bwd_hd128_odo_bf16,568.000,0.0481,1.2,ew:vectorized_elementwise_kernel/FillFunctor/FillFunctor,1.0,fmha_bwd_hd128_bf16_causal_br_a32_pssk,0,1289,2126
40,asm,1,fmha_bwd_hd128_bf16_causal_br_a32_pssk,568.049,6.7356,1.0,fmha_bwd_hd128_odo_bf16,0.8,fmha_bwd_hd128_dq_convert_bf16,0,1288,2126
40,asm,1,fmha_bwd_hd128_dq_convert_bf16,574.785,0.0731,0.8,fmha_bwd_hd128_bf16_causal_br_a32_pssk,0.8,ew:reduce_kernel/ReduceOp/func_wrapper_t,0,1287,2126
40,asm,2,fmha_bwd_hd128_odo_bf16,599.705,0.0495,1.0,ew:vectorized_elementwise_kernel/FillFunctor/FillFunctor,0.9,fmha_bwd_hd128_bf16_causal_br_a32_pssk,0,1324,2126
40,asm,2,fmha_bwd_hd128_bf16_causal_br_a32_pssk,599.756,6.8229,0.9,fmha_bwd_hd128_odo_bf16,0.8,fmha_bwd_hd128_dq_convert_bf16,0,1323,2126
40,asm,2,fmha_bwd_hd128_dq_convert_bf16,606.579,0.0677,0.8,fmha_bwd_hd128_bf16_causal_br_a32_pssk,1.4,ew:reduce_kernel/ReduceOp/func_wrapper_t,0,1321,2126
40,asm,3,fmha_bwd_hd128_odo_bf16,631.651,0.0490,0.9,ew:vectorized_elementwise_kernel/FillFunctor/FillFunctor,0.9,fmha_bwd_hd128_bf16_causal_br_a32_pssk,0,1345,2126
40,asm,3,fmha_bwd_hd128_bf16_causal_br_a32_pssk,631.701,6.8167,0.9,fmha_bwd_hd128_odo_bf16,0.8,fmha_bwd_hd128_dq_convert_bf16,0,1347,2126
40,asm,3,fmha_bwd_hd128_dq_convert_bf16,638.518,0.0706,0.8,fmha_bwd_hd128_bf16_causal_br_a32_pssk,1.4,ew:reduce_kernel/ReduceOp/func_wrapper_t,0,1350,2126
40,asm,4,fmha_bwd_hd128_odo_bf16,663.393,0.0483,0.9,ew:vectorized_elementwise_kernel/FillFunctor/FillFunctor,1.0,fmha_bwd_hd128_bf16_causal_br_a32_pssk,0,1364,2126
40,asm,4,fmha_bwd_hd128_bf16_causal_br_a32_pssk,663.443,6.8439,1.0,fmha_bwd_hd128_odo_bf16,0.8,fmha_bwd_hd128_dq_convert_bf16,0,1366,2126
40,asm,4,fmha_bwd_hd128_dq_convert_bf16,670.288,0.0685,0.8,fmha_bwd_hd128_bf16_causal_br_a32_pssk,0.8,ew:reduce_kernel/ReduceOp/func_wrapper_t,0,1368,2126
40,asm,5,fmha_bwd_hd128_odo_bf16,695.305,0.0482,1.6,ew:vectorized_elementwise_kernel/FillFunctor/FillFunctor,0.9,fmha_bwd_hd128_bf16_causal_br_a32_pssk,0,1373,2126
40,asm,5,fmha_bwd_hd128_bf16_causal_br_a32_pssk,695.355,6.9981,0.9,fmha_bwd_hd128_odo_bf16,0.9,fmha_bwd_hd128_dq_convert_bf16,0,1377,2126
40,asm,5,fmha_bwd_hd128_dq_convert_bf16,702.354,0.0713,0.9,fmha_bwd_hd128_bf16_causal_br_a32_pssk,0.9,ew:reduce_kernel/ReduceOp/func_wrapper_t,0,1379,2126
40,asm,6,fmha_bwd_hd128_odo_bf16,727.391,0.0498,1.0,ew:vectorized_elementwise_kernel/FillFunctor/FillFunctor,1.0,fmha_bwd_hd128_bf16_causal_br_a32_pssk,0,1376,2126
40,asm,6,fmha_bwd_hd128_bf16_causal_br_a32_pssk,727.442,6.9557,1.0,fmha_bwd_hd128_odo_bf16,0.9,fmha_bwd_hd128_dq_convert_bf16,0,1376,2126
40,asm,6,fmha_bwd_hd128_dq_convert_bf16,734.398,0.0700,0.9,fmha_bwd_hd128_bf16_causal_br_a32_pssk,1.4,ew:reduce_kernel/ReduceOp/func_wrapper_t,0,1376,2126
40,asm,7,fmha_bwd_hd128_odo_bf16,759.393,0.0478,0.9,ew:vectorized_elementwise_kernel/FillFunctor/FillFunctor,0.9,fmha_bwd_hd128_bf16_causal_br_a32_pssk,0,1378,2126
40,asm,7,fmha_bwd_hd128_bf16_causal_br_a32_pssk,759.442,6.9880,0.9,fmha_bwd_hd128_odo_bf16,0.9,fmha_bwd_hd128_dq_convert_bf16,0,1378,2126
40,asm,7,fmha_bwd_hd128_dq_convert_bf16,766.430,0.0704,0.9,fmha_bwd_hd128_bf16_causal_br_a32_pssk,0.8,ew:reduce_kernel/ReduceOp/func_wrapper_t,0,1378,2126
40,asm,8,fmha_bwd_hd128_odo_bf16,791.593,0.0511,1.1,ew:vectorized_elementwise_kernel/FillFunctor/FillFunctor,1.0,fmha_bwd_hd128_bf16_causal_br_a32_pssk,0,1386,2126
40,asm,8,fmha_bwd_hd128_bf16_causal_br_a32_pssk,791.645,7.0089,1.0,fmha_bwd_hd128_odo_bf16,0.9,fmha_bwd_hd128_dq_convert_bf16,0,1386,2126
40,asm,8,fmha_bwd_hd128_dq_convert_bf16,798.655,0.0702,0.9,fmha_bwd_hd128_bf16_causal_br_a32_pssk,0.8,ew:reduce_kernel/ReduceOp/func_wrapper_t,0,1386,2126
40,asm,9,fmha_bwd_hd128_odo_bf16,823.586,0.0477,1.6,ew:vectorized_elementwise_kernel/FillFunctor/FillFunctor,1.0,fmha_bwd_hd128_bf16_causal_br_a32_pssk,0,1387,2126
40,asm,9,fmha_bwd_hd128_bf16_causal_br_a32_pssk,823.635,7.0014,1.0,fmha_bwd_hd128_odo_bf16,0.8,fmha_bwd_hd128_dq_convert_bf16,0,1387,2126
40,asm,9,fmha_bwd_hd128_dq_convert_bf16,830.637,0.0704,0.8,fmha_bwd_hd128_bf16_causal_br_a32_pssk,0.9,ew:reduce_kernel/ReduceOp/func_wrapper_t,0,1387,2126
40,asm,10,fmha_bwd_hd128_odo_bf16,855.434,0.0478,0.9,ew:vectorized_elementwise_kernel/FillFunctor/FillFunctor,0.9,fmha_bwd_hd128_bf16_causal_br_a32_pssk,0,1408,2126
40,asm,10,fmha_bwd_hd128_bf16_causal_br_a32_pssk,855.482,6.9893,0.9,fmha_bwd_hd128_odo_bf16,1.4,fmha_bwd_hd128_dq_convert_bf16,0,1395,2126
40,asm,10,fmha_bwd_hd128_dq_convert_bf16,862.473,0.0721,1.4,fmha_bwd_hd128_bf16_causal_br_a32_pssk,0.8,ew:reduce_kernel/ReduceOp/func_wrapper_t,0,1389,2126
40,asm,11,fmha_bwd_hd128_odo_bf16,887.423,0.0529,0.9,ew:vectorized_elementwise_kernel/FillFunctor/FillFunctor,1.0,fmha_bwd_hd128_bf16_causal_br_a32_pssk,0,1405,2126
40,asm,11,fmha_bwd_hd128_bf16_causal_br_a32_pssk,887.477,7.0249,1.0,fmha_bwd_hd128_odo_bf16,0.8,fmha_bwd_hd128_dq_convert_bf16,0,1394,2126
40,asm,11,fmha_bwd_hd128_dq_convert_bf16,894.503,0.0698,0.8,fmha_bwd_hd128_bf16_causal_br_a32_pssk,0.8,ew:reduce_kernel/ReduceOp/func_wrapper_t,0,1389,2126
40,asm,12,fmha_bwd_hd128_odo_bf16,919.783,0.0494,49.4,ew:vectorized_elementwise_kernel/FillFunctor/FillFunctor,214.2,fmha_bwd_hd128_bf16_causal_br_a32_pssk,0,1406,2126
40,asm,12,fmha_bwd_hd128_bf16_causal_br_a32_pssk,920.047,6.6645,214.2,fmha_bwd_hd128_odo_bf16,0.9,fmha_bwd_hd128_dq_convert_bf16,0,1397,2126
40,asm,12,fmha_bwd_hd128_dq_convert_bf16,926.712,0.0697,0.9,fmha_bwd_hd128_bf16_causal_br_a32_pssk,0.8,ew:reduce_kernel/ReduceOp/func_wrapper_t,0,1393,2126
40,asm,13,fmha_bwd_hd128_odo_bf16,951.446,0.0469,1.2,ew:vectorized_elementwise_kernel/FillFunctor/FillFunctor,0.9,fmha_bwd_hd128_bf16_causal_br_a32_pssk,0,1412,2126
40,asm,13,fmha_bwd_hd128_bf16_causal_br_a32_pssk,951.494,7.0404,0.9,fmha_bwd_hd128_odo_bf16,0.9,fmha_bwd_hd128_dq_convert_bf16,0,1408,2126
40,asm,13,fmha_bwd_hd128_dq_convert_bf16,958.535,0.0700,0.9,fmha_bwd_hd128_bf16_causal_br_a32_pssk,0.8,ew:reduce_kernel/ReduceOp/func_wrapper_t,0,1401,2126
40,asm,14,fmha_bwd_hd128_odo_bf16,983.607,0.0485,1.0,ew:vectorized_elementwise_kernel/FillFunctor/FillFunctor,1.0,fmha_bwd_hd128_bf16_causal_br_a32_pssk,0,1407,2126
40,asm,14,fmha_bwd_hd128_bf16_causal_br_a32_pssk,983.657,7.1480,1.0,fmha_bwd_hd128_odo_bf16,1.4,fmha_bwd_hd128_dq_convert_bf16,0,1402,2126
40,asm,14,fmha_bwd_hd128_dq_convert_bf16,990.806,0.0716,1.4,fmha_bwd_hd128_bf16_causal_br_a32_pssk,0.9,ew:reduce_kernel/ReduceOp/func_wrapper_t,0,1396,2126
40,asm,15,fmha_bwd_hd128_odo_bf16,1015.585,0.0479,0.9,ew:vectorized_elementwise_kernel/FillFunctor/FillFunctor,1.0,fmha_bwd_hd128_bf16_causal_br_a32_pssk,0,1401,2126
40,asm,15,fmha_bwd_hd128_bf16_causal_br_a32_pssk,1015.634,7.0624,1.0,fmha_bwd_hd128_odo_bf16,0.9,fmha_bwd_hd128_dq_convert_bf16,0,1400,2126
40,asm,15,fmha_bwd_hd128_dq_convert_bf16,1022.698,0.0701,0.9,fmha_bwd_hd128_bf16_causal_br_a32_pssk,0.9,ew:reduce_kernel/ReduceOp/func_wrapper_t,0,1399,2126
40,asm,16,fmha_bwd_hd128_odo_bf16,1047.675,0.0482,0.9,ew:vectorized_elementwise_kernel/FillFunctor/FillFunctor,0.9,fmha_bwd_hd128_bf16_causal_br_a32_pssk,0,1399,2126
40,asm,16,fmha_bwd_hd128_bf16_causal_br_a32_pssk,1047.724,7.1333,0.9,fmha_bwd_hd128_odo_bf16,0.8,fmha_bwd_hd128_dq_convert_bf16,0,1399,2126
40,asm,16,fmha_bwd_hd128_dq_convert_bf16,1054.858,0.0711,0.8,fmha_bwd_hd128_bf16_causal_br_a32_pssk,0.9,ew:reduce_kernel/ReduceOp/func_wrapper_t,0,1399,2126
40,asm,17,fmha_bwd_hd128_odo_bf16,1080.209,0.0484,0.9,ew:vectorized_elementwise_kernel/FillFunctor/FillFunctor,0.9,fmha_bwd_hd128_bf16_causal_br_a32_pssk,0,1395,2126
40,asm,17,fmha_bwd_hd128_bf16_causal_br_a32_pssk,1080.258,7.1133,0.9,fmha_bwd_hd128_odo_bf16,0.9,fmha_bwd_hd128_dq_convert_bf16,0,1396,2126
40,asm,17,fmha_bwd_hd128_dq_convert_bf16,1087.372,0.0737,0.9,fmha_bwd_hd128_bf16_causal_br_a32_pssk,0.9,ew:reduce_kernel/ReduceOp/func_wrapper_t,0,1398,2126
40,asm,18,fmha_bwd_hd128_odo_bf16,1112.291,0.0509,1.0,ew:vectorized_elementwise_kernel/FillFunctor/FillFunctor,1.0,fmha_bwd_hd128_bf16_causal_br_a32_pssk,0,1394,2126
40,asm,18,fmha_bwd_hd128_bf16_causal_br_a32_pssk,1112.343,7.1504,1.0,fmha_bwd_hd128_odo_bf16,1.4,fmha_bwd_hd128_dq_convert_bf16,0,1397,2126
40,asm,18,fmha_bwd_hd128_dq_convert_bf16,1119.495,0.0722,1.4,fmha_bwd_hd128_bf16_causal_br_a32_pssk,0.8,ew:reduce_kernel/ReduceOp/func_wrapper_t,0,1400,2126
40,asm,19,fmha_bwd_hd128_odo_bf16,1144.598,0.0488,1.0,ew:vectorized_elementwise_kernel/FillFunctor/FillFunctor,0.9,fmha_bwd_hd128_bf16_causal_br_a32_pssk,0,1389,2126
40,asm,19,fmha_bwd_hd128_bf16_causal_br_a32_pssk,1144.648,7.1509,0.9,fmha_bwd_hd128_odo_bf16,0.9,fmha_bwd_hd128_dq_convert_bf16,0,1389,2126
40,asm,19,fmha_bwd_hd128_dq_convert_bf16,1151.800,0.0713,0.9,fmha_bwd_hd128_bf16_causal_br_a32_pssk,0.9,ew:reduce_kernel/ReduceOp/func_wrapper_t,0,1389,2126
40,asm,20,fmha_bwd_hd128_odo_bf16,1176.767,0.0490,1.0,ew:vectorized_elementwise_kernel/FillFunctor/FillFunctor,0.9,fmha_bwd_hd128_bf16_causal_br_a32_pssk,0,1387,2126
40,asm,20,fmha_bwd_hd128_bf16_causal_br_a32_pssk,1176.817,6.9987,0.9,fmha_bwd_hd128_odo_bf16,0.8,fmha_bwd_hd128_dq_convert_bf16,0,1387,2126
40,asm,20,fmha_bwd_hd128_dq_convert_bf16,1183.816,0.0696,0.8,fmha_bwd_hd128_bf16_causal_br_a32_pssk,0.8,ew:reduce_kernel/ReduceOp/func_wrapper_t,0,1387,2126
40,asm,21,fmha_bwd_hd128_odo_bf16,1208.808,0.0472,0.9,ew:vectorized_elementwise_kernel/FillFunctor/FillFunctor,1.5,fmha_bwd_hd128_bf16_causal_br_a32_pssk,0,1385,2126
40,asm,21,fmha_bwd_hd128_bf16_causal_br_a32_pssk,1208.857,6.9240,1.5,fmha_bwd_hd128_odo_bf16,0.9,fmha_bwd_hd128_dq_convert_bf16,0,1385,2126
40,asm,21,fmha_bwd_hd128_dq_convert_bf16,1215.782,0.0744,0.9,fmha_bwd_hd128_bf16_causal_br_a32_pssk,0.8,ew:reduce_kernel/ReduceOp/func_wrapper_t,0,1385,2126
40,asm,22,fmha_bwd_hd128_odo_bf16,1241.100,0.0508,0.9,ew:vectorized_elementwise_kernel/FillFunctor/FillFunctor,1.0,fmha_bwd_hd128_bf16_causal_br_a32_pssk,0,1394,2126
40,asm,22,fmha_bwd_hd128_bf16_causal_br_a32_pssk,1241.151,6.9634,1.0,fmha_bwd_hd128_odo_bf16,1.4,fmha_bwd_hd128_dq_convert_bf16,0,1394,2126
40,asm,22,fmha_bwd_hd128_dq_convert_bf16,1248.116,0.0695,1.4,fmha_bwd_hd128_bf16_causal_br_a32_pssk,0.8,ew:reduce_kernel/ReduceOp/func_wrapper_t,0,1394,2126
40,asm,23,fmha_bwd_hd128_odo_bf16,1272.827,0.0500,1.0,ew:vectorized_elementwise_kernel/FillFunctor/FillFunctor,1.0,fmha_bwd_hd128_bf16_causal_br_a32_pssk,0,1415,2126
40,asm,23,fmha_bwd_hd128_bf16_causal_br_a32_pssk,1272.878,7.1311,1.0,fmha_bwd_hd128_odo_bf16,0.9,fmha_bwd_hd128_dq_convert_bf16,0,1406,2126
40,asm,23,fmha_bwd_hd128_dq_convert_bf16,1280.010,0.0729,0.9,fmha_bwd_hd128_bf16_causal_br_a32_pssk,0.9,ew:reduce_kernel/ReduceOp/func_wrapper_t,0,1397,2126
40,asm,24,fmha_bwd_hd128_odo_bf16,1304.719,0.0514,1.0,ew:vectorized_elementwise_kernel/FillFunctor/FillFunctor,1.1,fmha_bwd_hd128_bf16_causal_br_a32_pssk,0,1412,2126
40,asm,24,fmha_bwd_hd128_bf16_causal_br_a32_pssk,1304.772,7.0811,1.1,fmha_bwd_hd128_odo_bf16,0.9,fmha_bwd_hd128_dq_convert_bf16,0,1402,2126
40,asm,24,fmha_bwd_hd128_dq_convert_bf16,1311.854,0.0729,0.9,fmha_bwd_hd128_bf16_causal_br_a32_pssk,0.9,ew:reduce_kernel/ReduceOp/func_wrapper_t,0,1397,2126
40,asm,25,fmha_bwd_hd128_odo_bf16,1336.627,0.0488,0.9,ew:vectorized_elementwise_kernel/FillFunctor/FillFunctor,1.2,fmha_bwd_hd128_bf16_causal_br_a32_pssk,0,1409,2126
40,asm,25,fmha_bwd_hd128_bf16_causal_br_a32_pssk,1336.677,6.9809,1.2,fmha_bwd_hd128_odo_bf16,0.8,fmha_bwd_hd128_dq_convert_bf16,0,1402,2126
40,asm,25,fmha_bwd_hd128_dq_convert_bf16,1343.659,0.0700,0.8,fmha_bwd_hd128_bf16_causal_br_a32_pssk,0.8,ew:reduce_kernel/ReduceOp/func_wrapper_t,0,1399,2126
40,asm,26,fmha_bwd_hd128_odo_bf16,1368.884,0.0509,0.9,ew:vectorized_elementwise_kernel/FillFunctor/FillFunctor,1.3,fmha_bwd_hd128_bf16_causal_br_a32_pssk,0,1405,2126
40,asm,26,fmha_bwd_hd128_bf16_causal_br_a32_pssk,1368.936,7.0723,1.3,fmha_bwd_hd128_odo_bf16,0.9,fmha_bwd_hd128_dq_convert_bf16,0,1403,2126
40,asm,26,fmha_bwd_hd128_dq_convert_bf16,1376.009,0.0693,0.9,fmha_bwd_hd128_bf16_causal_br_a32_pssk,0.9,ew:reduce_kernel/ReduceOp/func_wrapper_t,0,1400,2126
40,asm,27,fmha_bwd_hd128_odo_bf16,1400.974,0.0491,1.0,ew:vectorized_elementwise_kernel/FillFunctor/FillFunctor,0.9,fmha_bwd_hd128_bf16_causal_br_a32_pssk,0,1403,2126
40,asm,27,fmha_bwd_hd128_bf16_causal_br_a32_pssk,1401.024,6.9740,0.9,fmha_bwd_hd128_odo_bf16,0.8,fmha_bwd_hd128_dq_convert_bf16,0,1402,2126
40,asm,27,fmha_bwd_hd128_dq_convert_bf16,1407.999,0.0703,0.8,fmha_bwd_hd128_bf16_causal_br_a32_pssk,0.8,ew:reduce_kernel/ReduceOp/func_wrapper_t,0,1401,2126
40,asm,28,fmha_bwd_hd128_odo_bf16,1432.900,0.0490,1.0,ew:vectorized_elementwise_kernel/FillFunctor/FillFunctor,1.0,fmha_bwd_hd128_bf16_causal_br_a32_pssk,0,1401,2126
40,asm,28,fmha_bwd_hd128_bf16_causal_br_a32_pssk,1432.950,7.0905,1.0,fmha_bwd_hd128_odo_bf16,0.9,fmha_bwd_hd128_dq_convert_bf16,0,1402,2126
40,asm,28,fmha_bwd_hd128_dq_convert_bf16,1440.041,0.0722,0.9,fmha_bwd_hd128_bf16_causal_br_a32_pssk,0.9,ew:reduce_kernel/ReduceOp/func_wrapper_t,0,1402,2126
40,asm,29,fmha_bwd_hd128_odo_bf16,1464.889,0.0496,1.6,ew:vectorized_elementwise_kernel/FillFunctor/FillFunctor,1.0,fmha_bwd_hd128_bf16_causal_br_a32_pssk,0,1398,2126
40,asm,29,fmha_bwd_hd128_bf16_causal_br_a32_pssk,1464.940,7.1431,1.0,fmha_bwd_hd128_odo_bf16,0.9,fmha_bwd_hd128_dq_convert_bf16,0,1402,2126
40,asm,29,fmha_bwd_hd128_dq_convert_bf16,1472.084,0.0719,0.9,fmha_bwd_hd128_bf16_causal_br_a32_pssk,0.9,ew:reduce_kernel/ReduceOp/func_wrapper_t,0,1404,2126
40,asm,30,fmha_bwd_hd128_odo_bf16,1497.213,0.0479,1.0,ew:vectorized_elementwise_kernel/FillFunctor/FillFunctor,0.9,fmha_bwd_hd128_bf16_causal_br_a32_pssk,0,1392,2126
40,asm,30,fmha_bwd_hd128_bf16_causal_br_a32_pssk,1497.261,6.9328,0.9,fmha_bwd_hd128_odo_bf16,0.9,fmha_bwd_hd128_dq_convert_bf16,0,1392,2126
40,asm,30,fmha_bwd_hd128_dq_convert_bf16,1504.195,0.0698,0.9,fmha_bwd_hd128_bf16_causal_br_a32_pssk,1.4,ew:reduce_kernel/ReduceOp/func_wrapper_t,0,1392,2126
40,asm,31,fmha_bwd_hd128_odo_bf16,1529.049,0.0514,0.9,ew:vectorized_elementwise_kernel/FillFunctor/FillFunctor,0.9,fmha_bwd_hd128_bf16_causal_br_a32_pssk,0,1402,2126
40,asm,31,fmha_bwd_hd128_bf16_causal_br_a32_pssk,1529.102,7.0301,0.9,fmha_bwd_hd128_odo_bf16,0.9,fmha_bwd_hd128_dq_convert_bf16,0,1402,2126
40,asm,31,fmha_bwd_hd128_dq_convert_bf16,1536.133,0.0706,0.9,fmha_bwd_hd128_bf16_causal_br_a32_pssk,0.8,ew:reduce_kernel/ReduceOp/func_wrapper_t,0,1402,2126
50,fly,0,kn_fmha_fwd_prefill_a16w16_m32x8_bshd_0,6.815,1.5041,0.8,ew:vectorized_elementwise_kernel/bfloat16_copy_kernel_cuda/bfloat16_copy_kernel_cuda,0.8,ew:vectorized_elementwise_kernel/bfloat16_copy_kernel_cuda/bfloat16_copy_kernel_cuda,0,1661,2121
50,fly,1,kn_fmha_fwd_prefill_a16w16_m32x8_bshd_0,19.868,1.8731,1.0,ew:vectorized_elementwise_kernel/bfloat16_copy_kernel_cuda/bfloat16_copy_kernel_cuda,1.0,ew:vectorized_elementwise_kernel/bfloat16_copy_kernel_cuda/bfloat16_copy_kernel_cuda,0,1680,2121
50,fly,2,kn_fmha_fwd_prefill_a16w16_m32x8_bshd_0,33.468,1.8416,1.0,ew:vectorized_elementwise_kernel/bfloat16_copy_kernel_cuda/bfloat16_copy_kernel_cuda,1.0,ew:vectorized_elementwise_kernel/bfloat16_copy_kernel_cuda/bfloat16_copy_kernel_cuda,0,1619,2121
50,fly,3,kn_fmha_fwd_prefill_a16w16_m32x8_bshd_0,47.073,1.9589,1.0,ew:vectorized_elementwise_kernel/bfloat16_copy_kernel_cuda/bfloat16_copy_kernel_cuda,1.0,ew:vectorized_elementwise_kernel/bfloat16_copy_kernel_cuda/bfloat16_copy_kernel_cuda,0,1569,2121
50,fly,4,kn_fmha_fwd_prefill_a16w16_m32x8_bshd_0,60.907,1.8972,1.1,ew:vectorized_elementwise_kernel/bfloat16_copy_kernel_cuda/bfloat16_copy_kernel_cuda,0.9,ew:vectorized_elementwise_kernel/bfloat16_copy_kernel_cuda/bfloat16_copy_kernel_cuda,0,1541,2121
50,fly,5,kn_fmha_fwd_prefill_a16w16_m32x8_bshd_0,74.622,1.9812,1.0,ew:vectorized_elementwise_kernel/bfloat16_copy_kernel_cuda/bfloat16_copy_kernel_cuda,1.6,ew:vectorized_elementwise_kernel/bfloat16_copy_kernel_cuda/bfloat16_copy_kernel_cuda,0,1515,2121
50,fly,6,kn_fmha_fwd_prefill_a16w16_m32x8_bshd_0,88.503,1.9653,1.8,ew:vectorized_elementwise_kernel/bfloat16_copy_kernel_cuda/bfloat16_copy_kernel_cuda,1.0,ew:vectorized_elementwise_kernel/bfloat16_copy_kernel_cuda/bfloat16_copy_kernel_cuda,0,1478,2121
50,fly,7,kn_fmha_fwd_prefill_a16w16_m32x8_bshd_0,102.301,2.0581,1.0,ew:vectorized_elementwise_kernel/bfloat16_copy_kernel_cuda/bfloat16_copy_kernel_cuda,1.0,ew:vectorized_elementwise_kernel/bfloat16_copy_kernel_cuda/bfloat16_copy_kernel_cuda,0,1449,2121
50,fly,8,kn_fmha_fwd_prefill_a16w16_m32x8_bshd_0,116.225,2.0188,1.1,ew:vectorized_elementwise_kernel/bfloat16_copy_kernel_cuda/bfloat16_copy_kernel_cuda,1.0,ew:vectorized_elementwise_kernel/bfloat16_copy_kernel_cuda/bfloat16_copy_kernel_cuda,0,1433,2121
50,fly,9,kn_fmha_fwd_prefill_a16w16_m32x8_bshd_0,130.016,1.9907,1.0,ew:vectorized_elementwise_kernel/bfloat16_copy_kernel_cuda/bfloat16_copy_kernel_cuda,1.0,ew:vectorized_elementwise_kernel/bfloat16_copy_kernel_cuda/bfloat16_copy_kernel_cuda,0,1419,2121
50,fly,10,kn_fmha_fwd_prefill_a16w16_m32x8_bshd_0,143.896,1.9489,1.0,ew:vectorized_elementwise_kernel/bfloat16_copy_kernel_cuda/bfloat16_copy_kernel_cuda,1.0,ew:vectorized_elementwise_kernel/bfloat16_copy_kernel_cuda/bfloat16_copy_kernel_cuda,0,1396,2121
50,fly,11,kn_fmha_fwd_prefill_a16w16_m32x8_bshd_0,157.702,1.9615,1.0,ew:vectorized_elementwise_kernel/bfloat16_copy_kernel_cuda/bfloat16_copy_kernel_cuda,1.0,ew:vectorized_elementwise_kernel/bfloat16_copy_kernel_cuda/bfloat16_copy_kernel_cuda,0,1379,2121
50,fly,12,kn_fmha_fwd_prefill_a16w16_m32x8_bshd_0,171.405,1.9054,1.0,ew:vectorized_elementwise_kernel/bfloat16_copy_kernel_cuda/bfloat16_copy_kernel_cuda,1.3,ew:vectorized_elementwise_kernel/bfloat16_copy_kernel_cuda/bfloat16_copy_kernel_cuda,0,1372,2121
50,fly,13,kn_fmha_fwd_prefill_a16w16_m32x8_bshd_0,185.146,1.9101,1.4,ew:vectorized_elementwise_kernel/bfloat16_copy_kernel_cuda/bfloat16_copy_kernel_cuda,0.9,ew:vectorized_elementwise_kernel/bfloat16_copy_kernel_cuda/bfloat16_copy_kernel_cuda,0,1364,2121
50,fly,14,kn_fmha_fwd_prefill_a16w16_m32x8_bshd_0,198.791,1.8048,1.1,ew:vectorized_elementwise_kernel/bfloat16_copy_kernel_cuda/bfloat16_copy_kernel_cuda,0.9,ew:vectorized_elementwise_kernel/bfloat16_copy_kernel_cuda/bfloat16_copy_kernel_cuda,0,1349,2121
50,fly,15,kn_fmha_fwd_prefill_a16w16_m32x8_bshd_0,212.456,1.7328,1.0,ew:vectorized_elementwise_kernel/bfloat16_copy_kernel_cuda/bfloat16_copy_kernel_cuda,0.9,ew:vectorized_elementwise_kernel/bfloat16_copy_kernel_cuda/bfloat16_copy_kernel_cuda,0,1337,2121
50,fly,16,kn_fmha_fwd_prefill_a16w16_m32x8_bshd_0,226.093,1.7961,1.0,ew:vectorized_elementwise_kernel/bfloat16_copy_kernel_cuda/bfloat16_copy_kernel_cuda,1.0,ew:vectorized_elementwise_kernel/bfloat16_copy_kernel_cuda/bfloat16_copy_kernel_cuda,0,1333,2121
50,fly,17,kn_fmha_fwd_prefill_a16w16_m32x8_bshd_0,239.729,1.7774,1.0,ew:vectorized_elementwise_kernel/bfloat16_copy_kernel_cuda/bfloat16_copy_kernel_cuda,1.0,ew:vectorized_elementwise_kernel/bfloat16_copy_kernel_cuda/bfloat16_copy_kernel_cuda,0,1328,2121
50,fly,18,kn_fmha_fwd_prefill_a16w16_m32x8_bshd_0,253.299,1.8202,0.9,ew:vectorized_elementwise_kernel/bfloat16_copy_kernel_cuda/bfloat16_copy_kernel_cuda,1.0,ew:vectorized_elementwise_kernel/bfloat16_copy_kernel_cuda/bfloat16_copy_kernel_cuda,0,1320,2121
50,fly,19,kn_fmha_fwd_prefill_a16w16_m32x8_bshd_0,266.975,1.7976,1.0,ew:vectorized_elementwise_kernel/bfloat16_copy_kernel_cuda/bfloat16_copy_kernel_cuda,1.0,ew:vectorized_elementwise_kernel/bfloat16_copy_kernel_cuda/bfloat16_copy_kernel_cuda,0,1314,2121
50,fly,20,kn_fmha_fwd_prefill_a16w16_m32x8_bshd_0,280.721,1.7164,1.0,ew:vectorized_elementwise_kernel/bfloat16_copy_kernel_cuda/bfloat16_copy_kernel_cuda,1.3,ew:vectorized_elementwise_kernel/bfloat16_copy_kernel_cuda/bfloat16_copy_kernel_cuda,0,1310,2121
50,fly,21,kn_fmha_fwd_prefill_a16w16_m32x8_bshd_0,294.160,1.7839,1.4,ew:vectorized_elementwise_kernel/bfloat16_copy_kernel_cuda/bfloat16_copy_kernel_cuda,1.0,ew:vectorized_elementwise_kernel/bfloat16_copy_kernel_cuda/bfloat16_copy_kernel_cuda,0,1310,2121
50,fly,22,kn_fmha_fwd_prefill_a16w16_m32x8_bshd_0,307.869,1.7690,0.9,ew:vectorized_elementwise_kernel/bfloat16_copy_kernel_cuda/bfloat16_copy_kernel_cuda,0.9,ew:vectorized_elementwise_kernel/bfloat16_copy_kernel_cuda/bfloat16_copy_kernel_cuda,0,1306,2121
50,fly,23,kn_fmha_fwd_prefill_a16w16_m32x8_bshd_0,321.426,1.7437,1.0,ew:vectorized_elementwise_kernel/bfloat16_copy_kernel_cuda/bfloat16_copy_kernel_cuda,1.0,ew:vectorized_elementwise_kernel/bfloat16_copy_kernel_cuda/bfloat16_copy_kernel_cuda,0,1299,2121
50,fly,24,kn_fmha_fwd_prefill_a16w16_m32x8_bshd_0,335.046,1.7521,1.0,ew:vectorized_elementwise_kernel/bfloat16_copy_kernel_cuda/bfloat16_copy_kernel_cuda,1.0,ew:vectorized_elementwise_kernel/bfloat16_copy_kernel_cuda/bfloat16_copy_kernel_cuda,0,1299,2121
50,fly,25,kn_fmha_fwd_prefill_a16w16_m32x8_bshd_0,348.682,1.7104,1.0,ew:vectorized_elementwise_kernel/bfloat16_copy_kernel_cuda/bfloat16_copy_kernel_cuda,0.9,ew:vectorized_elementwise_kernel/bfloat16_copy_kernel_cuda/bfloat16_copy_kernel_cuda,0,1300,2121
50,fly,26,kn_fmha_fwd_prefill_a16w16_m32x8_bshd_0,362.179,1.8036,1.0,ew:vectorized_elementwise_kernel/bfloat16_copy_kernel_cuda/bfloat16_copy_kernel_cuda,1.0,ew:vectorized_elementwise_kernel/bfloat16_copy_kernel_cuda/bfloat16_copy_kernel_cuda,0,1298,2121
50,fly,27,kn_fmha_fwd_prefill_a16w16_m32x8_bshd_0,375.789,1.8575,1.0,ew:vectorized_elementwise_kernel/bfloat16_copy_kernel_cuda/bfloat16_copy_kernel_cuda,1.3,ew:vectorized_elementwise_kernel/bfloat16_copy_kernel_cuda/bfloat16_copy_kernel_cuda,0,1295,2121
50,fly,28,kn_fmha_fwd_prefill_a16w16_m32x8_bshd_0,389.477,1.8438,1.0,ew:vectorized_elementwise_kernel/bfloat16_copy_kernel_cuda/bfloat16_copy_kernel_cuda,1.0,ew:vectorized_elementwise_kernel/bfloat16_copy_kernel_cuda/bfloat16_copy_kernel_cuda,0,1295,2121
50,fly,29,kn_fmha_fwd_prefill_a16w16_m32x8_bshd_0,403.204,1.8434,1.0,ew:vectorized_elementwise_kernel/bfloat16_copy_kernel_cuda/bfloat16_copy_kernel_cuda,1.1,ew:vectorized_elementwise_kernel/bfloat16_copy_kernel_cuda/bfloat16_copy_kernel_cuda,0,1294,2121
50,fly,30,kn_fmha_fwd_prefill_a16w16_m32x8_bshd_0,416.741,1.9181,1.0,ew:vectorized_elementwise_kernel/bfloat16_copy_kernel_cuda/bfloat16_copy_kernel_cuda,1.1,ew:vectorized_elementwise_kernel/bfloat16_copy_kernel_cuda/bfloat16_copy_kernel_cuda,0,1293,2121
50,fly,31,kn_fmha_fwd_prefill_a16w16_m32x8_bshd_0,430.455,1.8988,1.0,ew:vectorized_elementwise_kernel/bfloat16_copy_kernel_cuda/bfloat16_copy_kernel_cuda,1.0,ew:vectorized_elementwise_kernel/bfloat16_copy_kernel_cuda/bfloat16_copy_kernel_cuda,0,1292,2121
50,fly,0,k_delta_bshd_0,545.424,0.1203,1.6,ew:vectorized_elementwise_kernel/bfloat16tofloat32_copy_kernel_cuda/bfloat16tofloat32_copy_kernel_cuda,1.1,k_dkdv_0,0,1257,2121
50,fly,0,k_dkdv_0,545.545,6.0513,1.1,k_delta_bshd_0,0.8,k_dq_0,0,1257,2121
50,fly,0,k_dq_0,551.597,3.3436,0.8,k_dkdv_0,0.8,ew:vectorized_elementwise_kernel/bfloat16tofloat32_copy_kernel_cuda/bfloat16tofloat32_copy_kernel_cuda,0,1264,2121
50,fly,1,k_delta_bshd_0,579.667,0.1234,1.0,ew:vectorized_elementwise_kernel/bfloat16tofloat32_copy_kernel_cuda/bfloat16tofloat32_copy_kernel_cuda,0.9,k_dkdv_0,0,1306,2121
50,fly,1,k_dkdv_0,579.791,5.9253,0.9,k_delta_bshd_0,0.8,k_dq_0,0,1308,2121
50,fly,1,k_dq_0,585.717,3.2723,0.8,k_dkdv_0,0.8,ew:vectorized_elementwise_kernel/bfloat16tofloat32_copy_kernel_cuda/bfloat16tofloat32_copy_kernel_cuda,0,1311,2121
50,fly,2,k_delta_bshd_0,613.464,0.1199,1.0,ew:vectorized_elementwise_kernel/bfloat16tofloat32_copy_kernel_cuda/bfloat16tofloat32_copy_kernel_cuda,1.3,k_dkdv_0,0,1347,2121
50,fly,2,k_dkdv_0,613.585,5.9663,1.3,k_delta_bshd_0,0.8,k_dq_0,0,1347,2121
50,fly,2,k_dq_0,619.552,3.3177,0.8,k_dkdv_0,0.9,ew:vectorized_elementwise_kernel/bfloat16tofloat32_copy_kernel_cuda/bfloat16tofloat32_copy_kernel_cuda,0,1346,2121
50,fly,3,k_delta_bshd_0,647.466,0.1191,0.9,ew:vectorized_elementwise_kernel/bfloat16tofloat32_copy_kernel_cuda/bfloat16tofloat32_copy_kernel_cuda,0.9,k_dkdv_0,0,1374,2121
50,fly,3,k_dkdv_0,647.586,5.9502,0.9,k_delta_bshd_0,0.8,k_dq_0,0,1370,2121
50,fly,3,k_dq_0,653.537,3.3029,0.8,k_dkdv_0,0.8,ew:vectorized_elementwise_kernel/bfloat16tofloat32_copy_kernel_cuda/bfloat16tofloat32_copy_kernel_cuda,0,1366,2121
50,fly,4,k_delta_bshd_0,681.142,0.1147,0.9,ew:vectorized_elementwise_kernel/bfloat16tofloat32_copy_kernel_cuda/bfloat16tofloat32_copy_kernel_cuda,0.9,k_dkdv_0,0,1397,2121
50,fly,4,k_dkdv_0,681.257,5.8276,0.9,k_delta_bshd_0,0.9,k_dq_0,0,1391,2121
50,fly,4,k_dq_0,687.086,3.2603,0.9,k_dkdv_0,0.8,ew:vectorized_elementwise_kernel/bfloat16tofloat32_copy_kernel_cuda/bfloat16tofloat32_copy_kernel_cuda,0,1388,2121
50,fly,5,k_delta_bshd_0,714.974,0.1187,1.0,ew:vectorized_elementwise_kernel/bfloat16tofloat32_copy_kernel_cuda/bfloat16tofloat32_copy_kernel_cuda,1.6,k_dkdv_0,0,1414,2121
50,fly,5,k_dkdv_0,715.094,5.9506,1.6,k_delta_bshd_0,0.8,k_dq_0,0,1409,2121
50,fly,5,k_dq_0,721.045,3.3088,0.8,k_dkdv_0,0.8,ew:vectorized_elementwise_kernel/bfloat16tofloat32_copy_kernel_cuda/bfloat16tofloat32_copy_kernel_cuda,0,1398,2121
50,fly,6,k_delta_bshd_0,749.383,0.1201,103.1,ew:vectorized_elementwise_kernel/bfloat16tofloat32_copy_kernel_cuda/bfloat16tofloat32_copy_kernel_cuda,0.9,k_dkdv_0,0,1424,2121
50,fly,6,k_dkdv_0,749.504,5.6903,0.9,k_delta_bshd_0,0.8,k_dq_0,0,1414,2121
50,fly,6,k_dq_0,755.196,3.2909,0.8,k_dkdv_0,0.8,ew:vectorized_elementwise_kernel/bfloat16tofloat32_copy_kernel_cuda/bfloat16tofloat32_copy_kernel_cuda,0,1403,2121
50,fly,7,k_delta_bshd_0,783.053,0.1188,1.0,ew:vectorized_elementwise_kernel/bfloat16tofloat32_copy_kernel_cuda/bfloat16tofloat32_copy_kernel_cuda,1.0,k_dkdv_0,0,1412,2121
50,fly,7,k_dkdv_0,783.173,5.9893,1.0,k_delta_bshd_0,1.4,k_dq_0,0,1412,2121
50,fly,7,k_dq_0,789.163,3.3444,1.4,k_dkdv_0,1.0,ew:vectorized_elementwise_kernel/bfloat16tofloat32_copy_kernel_cuda/bfloat16tofloat32_copy_kernel_cuda,0,1412,2121
50,fly,8,k_delta_bshd_0,817.081,0.1243,1.0,ew:vectorized_elementwise_kernel/bfloat16tofloat32_copy_kernel_cuda/bfloat16tofloat32_copy_kernel_cuda,1.0,k_dkdv_0,0,1415,2121
50,fly,8,k_dkdv_0,817.206,6.0181,1.0,k_delta_bshd_0,0.8,k_dq_0,0,1415,2121
50,fly,8,k_dq_0,823.225,3.3378,0.8,k_dkdv_0,0.8,ew:vectorized_elementwise_kernel/bfloat16tofloat32_copy_kernel_cuda/bfloat16tofloat32_copy_kernel_cuda,0,1415,2121
50,fly,9,k_delta_bshd_0,851.030,0.1208,0.9,ew:vectorized_elementwise_kernel/bfloat16tofloat32_copy_kernel_cuda/bfloat16tofloat32_copy_kernel_cuda,0.9,k_dkdv_0,0,1419,2121
50,fly,9,k_dkdv_0,851.152,5.9899,0.9,k_delta_bshd_0,0.8,k_dq_0,0,1419,2121
50,fly,9,k_dq_0,857.143,3.3338,0.8,k_dkdv_0,0.8,ew:vectorized_elementwise_kernel/bfloat16tofloat32_copy_kernel_cuda/bfloat16tofloat32_copy_kernel_cuda,0,1426,2121
50,fly,10,k_delta_bshd_0,885.119,0.1210,1.0,ew:vectorized_elementwise_kernel/bfloat16tofloat32_copy_kernel_cuda/bfloat16tofloat32_copy_kernel_cuda,1.1,k_dkdv_0,0,1420,2121
50,fly,10,k_dkdv_0,885.241,6.0195,1.1,k_delta_bshd_0,0.9,k_dq_0,0,1420,2121
50,fly,10,k_dq_0,891.261,3.3602,0.9,k_dkdv_0,1.5,ew:vectorized_elementwise_kernel/bfloat16tofloat32_copy_kernel_cuda/bfloat16tofloat32_copy_kernel_cuda,0,1424,2121
50,fly,11,k_delta_bshd_0,919.269,0.1191,0.9,ew:vectorized_elementwise_kernel/bfloat16tofloat32_copy_kernel_cuda/bfloat16tofloat32_copy_kernel_cuda,0.9,k_dkdv_0,0,1423,2121
50,fly,11,k_dkdv_0,919.389,5.9677,0.9,k_delta_bshd_0,0.8,k_dq_0,0,1423,2121
50,fly,11,k_dq_0,925.358,3.3378,0.8,k_dkdv_0,0.8,ew:vectorized_elementwise_kernel/bfloat16tofloat32_copy_kernel_cuda/bfloat16tofloat32_copy_kernel_cuda,0,1424,2121
50,fly,12,k_delta_bshd_0,953.171,0.1206,0.9,ew:vectorized_elementwise_kernel/bfloat16tofloat32_copy_kernel_cuda/bfloat16tofloat32_copy_kernel_cuda,0.9,k_dkdv_0,0,1427,2121
50,fly,12,k_dkdv_0,953.292,6.0282,0.9,k_delta_bshd_0,1.0,k_dq_0,0,1426,2121
50,fly,12,k_dq_0,959.321,3.3618,1.0,k_dkdv_0,1.3,ew:vectorized_elementwise_kernel/bfloat16tofloat32_copy_kernel_cuda/bfloat16tofloat32_copy_kernel_cuda,0,1423,2121
50,fly,13,k_delta_bshd_0,987.362,0.1204,0.9,ew:vectorized_elementwise_kernel/bfloat16tofloat32_copy_kernel_cuda/bfloat16tofloat32_copy_kernel_cuda,1.3,k_dkdv_0,0,1430,2121
50,fly,13,k_dkdv_0,987.484,5.9822,1.3,k_delta_bshd_0,0.9,k_dq_0,0,1424,2121
50,fly,13,k_dq_0,993.467,3.3565,0.9,k_dkdv_0,0.8,ew:vectorized_elementwise_kernel/bfloat16tofloat32_copy_kernel_cuda/bfloat16tofloat32_copy_kernel_cuda,0,1419,2121
50,fly,14,k_delta_bshd_0,1021.168,0.1173,0.9,ew:vectorized_elementwise_kernel/bfloat16tofloat32_copy_kernel_cuda/bfloat16tofloat32_copy_kernel_cuda,0.9,k_dkdv_0,0,1433,2121
50,fly,14,k_dkdv_0,1021.286,5.9976,0.9,k_delta_bshd_0,0.8,k_dq_0,0,1424,2121
50,fly,14,k_dq_0,1027.284,3.4012,0.8,k_dkdv_0,0.8,ew:vectorized_elementwise_kernel/bfloat16tofloat32_copy_kernel_cuda/bfloat16tofloat32_copy_kernel_cuda,0,1420,2121
50,fly,15,k_delta_bshd_0,1055.101,0.1148,0.9,ew:vectorized_elementwise_kernel/bfloat16tofloat32_copy_kernel_cuda/bfloat16tofloat32_copy_kernel_cuda,0.9,k_dkdv_0,0,1436,2121
50,fly,15,k_dkdv_0,1055.217,6.0057,0.9,k_delta_bshd_0,0.8,k_dq_0,0,1431,2121
50,fly,15,k_dq_0,1061.223,3.4371,0.8,k_dkdv_0,0.8,ew:vectorized_elementwise_kernel/bfloat16tofloat32_copy_kernel_cuda/bfloat16tofloat32_copy_kernel_cuda,0,1420,2121
50,fly,16,k_delta_bshd_0,1089.807,0.1176,0.9,ew:vectorized_elementwise_kernel/bfloat16tofloat32_copy_kernel_cuda/bfloat16tofloat32_copy_kernel_cuda,0.9,k_dkdv_0,0,1448,2121
50,fly,16,k_dkdv_0,1089.926,6.0809,0.9,k_delta_bshd_0,0.9,k_dq_0,0,1433,2121
50,fly,16,k_dq_0,1096.007,3.4012,0.9,k_dkdv_0,0.9,ew:vectorized_elementwise_kernel/bfloat16tofloat32_copy_kernel_cuda/bfloat16tofloat32_copy_kernel_cuda,0,1425,2121
50,fly,17,k_delta_bshd_0,1124.008,0.1145,0.9,ew:vectorized_elementwise_kernel/bfloat16tofloat32_copy_kernel_cuda/bfloat16tofloat32_copy_kernel_cuda,0.9,k_dkdv_0,0,1422,2121
50,fly,17,k_dkdv_0,1124.124,6.0876,0.9,k_delta_bshd_0,0.9,k_dq_0,0,1422,2121
50,fly,17,k_dq_0,1130.212,3.4267,0.9,k_dkdv_0,0.9,ew:vectorized_elementwise_kernel/bfloat16tofloat32_copy_kernel_cuda/bfloat16tofloat32_copy_kernel_cuda,0,1422,2121
50,fly,18,k_delta_bshd_0,1158.164,0.1211,1.0,ew:vectorized_elementwise_kernel/bfloat16tofloat32_copy_kernel_cuda/bfloat16tofloat32_copy_kernel_cuda,0.9,k_dkdv_0,0,1421,2121
50,fly,18,k_dkdv_0,1158.286,6.1694,0.9,k_delta_bshd_0,1.4,k_dq_0,0,1421,2121
50,fly,18,k_dq_0,1164.456,3.3925,1.4,k_dkdv_0,0.8,ew:vectorized_elementwise_kernel/bfloat16tofloat32_copy_kernel_cuda/bfloat16tofloat32_copy_kernel_cuda,0,1425,2121
50,fly,19,k_delta_bshd_0,1192.318,0.1150,1.2,ew:vectorized_elementwise_kernel/bfloat16tofloat32_copy_kernel_cuda/bfloat16tofloat32_copy_kernel_cuda,0.9,k_dkdv_0,0,1420,2121
50,fly,19,k_dkdv_0,1192.434,5.9941,0.9,k_delta_bshd_0,0.8,k_dq_0,0,1420,2121
50,fly,19,k_dq_0,1198.429,3.3751,0.8,k_dkdv_0,0.8,ew:vectorized_elementwise_kernel/bfloat16tofloat32_copy_kernel_cuda/bfloat16tofloat32_copy_kernel_cuda,0,1425,2121
50,fly,20,k_delta_bshd_0,1226.619,0.1218,0.9,ew:vectorized_elementwise_kernel/bfloat16tofloat32_copy_kernel_cuda/bfloat16tofloat32_copy_kernel_cuda,0.9,k_dkdv_0,0,1425,2121
50,fly,20,k_dkdv_0,1226.742,5.9711,0.9,k_delta_bshd_0,0.9,k_dq_0,0,1425,2121
50,fly,20,k_dq_0,1232.714,3.3671,0.9,k_dkdv_0,1.4,ew:vectorized_elementwise_kernel/bfloat16tofloat32_copy_kernel_cuda/bfloat16tofloat32_copy_kernel_cuda,0,1426,2121
50,fly,21,k_delta_bshd_0,1260.689,0.1214,1.3,ew:vectorized_elementwise_kernel/bfloat16tofloat32_copy_kernel_cuda/bfloat16tofloat32_copy_kernel_cuda,0.9,k_dkdv_0,0,1426,2121
50,fly,21,k_dkdv_0,1260.812,5.9914,0.9,k_delta_bshd_0,0.9,k_dq_0,0,1425,2121
50,fly,21,k_dq_0,1266.804,3.3377,0.9,k_dkdv_0,0.8,ew:vectorized_elementwise_kernel/bfloat16tofloat32_copy_kernel_cuda/bfloat16tofloat32_copy_kernel_cuda,0,1422,2121
50,fly,22,k_delta_bshd_0,1294.713,0.1212,1.0,ew:vectorized_elementwise_kernel/bfloat16tofloat32_copy_kernel_cuda/bfloat16tofloat32_copy_kernel_cuda,1.0,k_dkdv_0,0,1427,2121
50,fly,22,k_dkdv_0,1294.835,5.9941,1.0,k_delta_bshd_0,0.8,k_dq_0,0,1425,2121
50,fly,22,k_dq_0,1300.830,3.3541,0.8,k_dkdv_0,0.8,ew:vectorized_elementwise_kernel/bfloat16tofloat32_copy_kernel_cuda/bfloat16tofloat32_copy_kernel_cuda,0,1421,2121
50,fly,23,k_delta_bshd_0,1328.544,0.1199,0.9,ew:vectorized_elementwise_kernel/bfloat16tofloat32_copy_kernel_cuda/bfloat16tofloat32_copy_kernel_cuda,0.9,k_dkdv_0,0,1433,2121
50,fly,23,k_dkdv_0,1328.664,6.0789,0.9,k_delta_bshd_0,0.8,k_dq_0,0,1428,2121
50,fly,23,k_dq_0,1334.744,3.3250,0.8,k_dkdv_0,0.8,ew:vectorized_elementwise_kernel/bfloat16tofloat32_copy_kernel_cuda/bfloat16tofloat32_copy_kernel_cuda,0,1422,2121
50,fly,24,k_delta_bshd_0,1362.544,0.1191,1.2,ew:vectorized_elementwise_kernel/bfloat16tofloat32_copy_kernel_cuda/bfloat16tofloat32_copy_kernel_cuda,0.9,k_dkdv_0,0,1435,2121
50,fly,24,k_dkdv_0,1362.664,5.9758,0.9,k_delta_bshd_0,0.8,k_dq_0,0,1426,2121
50,fly,24,k_dq_0,1368.641,3.3340,0.8,k_dkdv_0,0.8,ew:vectorized_elementwise_kernel/bfloat16tofloat32_copy_kernel_cuda/bfloat16tofloat32_copy_kernel_cuda,0,1422,2121
50,fly,25,k_delta_bshd_0,1396.810,0.1211,1.0,ew:vectorized_elementwise_kernel/bfloat16tofloat32_copy_kernel_cuda/bfloat16tofloat32_copy_kernel_cuda,1.0,k_dkdv_0,0,1443,2121
50,fly,25,k_dkdv_0,1396.932,6.0116,1.0,k_delta_bshd_0,0.9,k_dq_0,0,1434,2121
50,fly,25,k_dq_0,1402.944,3.3602,0.9,k_dkdv_0,0.8,ew:vectorized_elementwise_kernel/bfloat16tofloat32_copy_kernel_cuda/bfloat16tofloat32_copy_kernel_cuda,0,1424,2121
50,fly,26,k_delta_bshd_0,1430.867,0.1173,1.0,ew:vectorized_elementwise_kernel/bfloat16tofloat32_copy_kernel_cuda/bfloat16tofloat32_copy_kernel_cuda,0.9,k_dkdv_0,0,1443,2121
50,fly,26,k_dkdv_0,1430.985,5.9751,0.9,k_delta_bshd_0,1.4,k_dq_0,0,1430,2121
50,fly,26,k_dq_0,1436.962,3.3531,1.4,k_dkdv_0,0.9,ew:vectorized_elementwise_kernel/bfloat16tofloat32_copy_kernel_cuda/bfloat16tofloat32_copy_kernel_cuda,0,1423,2121
50,fly,27,k_delta_bshd_0,1464.895,0.1162,0.9,ew:vectorized_elementwise_kernel/bfloat16tofloat32_copy_kernel_cuda/bfloat16tofloat32_copy_kernel_cuda,0.9,k_dkdv_0,0,1422,2121
50,fly,27,k_dkdv_0,1465.012,5.9715,0.9,k_delta_bshd_0,0.8,k_dq_0,0,1422,2121
50,fly,27,k_dq_0,1470.985,3.3124,0.8,k_dkdv_0,0.8,ew:vectorized_elementwise_kernel/bfloat16tofloat32_copy_kernel_cuda/bfloat16tofloat32_copy_kernel_cuda,0,1422,2121
50,fly,28,k_delta_bshd_0,1498.533,0.1174,0.9,ew:vectorized_elementwise_kernel/bfloat16tofloat32_copy_kernel_cuda/bfloat16tofloat32_copy_kernel_cuda,0.9,k_dkdv_0,0,1428,2121
50,fly,28,k_dkdv_0,1498.651,6.1196,0.9,k_delta_bshd_0,0.8,k_dq_0,0,1428,2121
50,fly,28,k_dq_0,1504.771,3.4255,0.8,k_dkdv_0,0.9,ew:vectorized_elementwise_kernel/bfloat16tofloat32_copy_kernel_cuda/bfloat16tofloat32_copy_kernel_cuda,0,1428,2121
50,fly,29,k_delta_bshd_0,1533.022,0.1114,1.5,ew:vectorized_elementwise_kernel/bfloat16tofloat32_copy_kernel_cuda/bfloat16tofloat32_copy_kernel_cuda,0.9,k_dkdv_0,0,1423,2121
50,fly,29,k_dkdv_0,1533.134,5.9381,0.9,k_delta_bshd_0,0.8,k_dq_0,0,1423,2121
50,fly,29,k_dq_0,1539.073,3.4023,0.8,k_dkdv_0,0.8,ew:vectorized_elementwise_kernel/bfloat16tofloat32_copy_kernel_cuda/bfloat16tofloat32_copy_kernel_cuda,0,1430,2121
50,fly,30,k_delta_bshd_0,1566.944,0.1175,0.9,ew:vectorized_elementwise_kernel/bfloat16tofloat32_copy_kernel_cuda/bfloat16tofloat32_copy_kernel_cuda,0.9,k_dkdv_0,0,1425,2121
50,fly,30,k_dkdv_0,1567.062,5.9103,0.9,k_delta_bshd_0,0.9,k_dq_0,0,1425,2121
50,fly,30,k_dq_0,1572.973,3.3440,0.9,k_dkdv_0,0.9,ew:vectorized_elementwise_kernel/bfloat16tofloat32_copy_kernel_cuda/bfloat16tofloat32_copy_kernel_cuda,0,1432,2121
50,fly,31,k_delta_bshd_0,1600.764,0.1126,0.9,ew:vectorized_elementwise_kernel/bfloat16tofloat32_copy_kernel_cuda/bfloat16tofloat32_copy_kernel_cuda,0.9,k_dkdv_0,0,1428,2121
50,fly,31,k_dkdv_0,1600.877,6.0366,0.9,k_delta_bshd_0,0.9,k_dq_0,0,1428,2121
50,fly,31,k_dq_0,1606.915,3.4518,0.9,k_dkdv_0,1.4,ew:vectorized_elementwise_kernel/bfloat16tofloat32_copy_kernel_cuda/bfloat16tofloat32_copy_kernel_cuda,0,1430,2121
60,asm,0,fmha_bf16_pertokenBf16_hd128_128x256_mask,6.681,1.2627,0.8,ew:vectorized_elementwise_kernel/bfloat16_copy_kernel_cuda/bfloat16_copy_kernel_cuda,0.8,ew:vectorized_elementwise_kernel/bfloat16_copy_kernel_cuda/bfloat16_copy_kernel_cuda,0,1692,2136
60,asm,1,fmha_bf16_pertokenBf16_hd128_128x256_mask,19.491,1.2112,1.0,ew:vectorized_elementwise_kernel/bfloat16_copy_kernel_cuda/bfloat16_copy_kernel_cuda,0.9,ew:vectorized_elementwise_kernel/bfloat16_copy_kernel_cuda/bfloat16_copy_kernel_cuda,0,1673,2136
60,asm,2,fmha_bf16_pertokenBf16_hd128_128x256_mask,32.822,1.2423,1.0,ew:vectorized_elementwise_kernel/bfloat16_copy_kernel_cuda/bfloat16_copy_kernel_cuda,0.9,ew:vectorized_elementwise_kernel/bfloat16_copy_kernel_cuda/bfloat16_copy_kernel_cuda,0,1627,2136
60,asm,3,fmha_bf16_pertokenBf16_hd128_128x256_mask,46.323,1.2527,1.0,ew:vectorized_elementwise_kernel/bfloat16_copy_kernel_cuda/bfloat16_copy_kernel_cuda,1.4,ew:vectorized_elementwise_kernel/bfloat16_copy_kernel_cuda/bfloat16_copy_kernel_cuda,0,1584,2136
60,asm,4,fmha_bf16_pertokenBf16_hd128_128x256_mask,59.748,1.2465,1.4,ew:vectorized_elementwise_kernel/bfloat16_copy_kernel_cuda/bfloat16_copy_kernel_cuda,1.0,ew:vectorized_elementwise_kernel/bfloat16_copy_kernel_cuda/bfloat16_copy_kernel_cuda,0,1515,2136
60,asm,5,fmha_bf16_pertokenBf16_hd128_128x256_mask,73.245,1.2206,1.0,ew:vectorized_elementwise_kernel/bfloat16_copy_kernel_cuda/bfloat16_copy_kernel_cuda,1.0,ew:vectorized_elementwise_kernel/bfloat16_copy_kernel_cuda/bfloat16_copy_kernel_cuda,0,1484,2136
60,asm,6,fmha_bf16_pertokenBf16_hd128_128x256_mask,86.694,1.2242,0.9,ew:vectorized_elementwise_kernel/bfloat16_copy_kernel_cuda/bfloat16_copy_kernel_cuda,0.9,ew:vectorized_elementwise_kernel/bfloat16_copy_kernel_cuda/bfloat16_copy_kernel_cuda,0,1457,2136
60,asm,7,fmha_bf16_pertokenBf16_hd128_128x256_mask,100.005,1.1941,0.9,ew:vectorized_elementwise_kernel/bfloat16_copy_kernel_cuda/bfloat16_copy_kernel_cuda,0.9,ew:vectorized_elementwise_kernel/bfloat16_copy_kernel_cuda/bfloat16_copy_kernel_cuda,0,1434,2136
60,asm,8,fmha_bf16_pertokenBf16_hd128_128x256_mask,113.164,1.2208,1.1,ew:vectorized_elementwise_kernel/bfloat16_copy_kernel_cuda/bfloat16_copy_kernel_cuda,1.0,ew:vectorized_elementwise_kernel/bfloat16_copy_kernel_cuda/bfloat16_copy_kernel_cuda,0,1407,2136
60,asm,9,fmha_bf16_pertokenBf16_hd128_128x256_mask,126.630,1.2407,1.0,ew:vectorized_elementwise_kernel/bfloat16_copy_kernel_cuda/bfloat16_copy_kernel_cuda,1.0,ew:vectorized_elementwise_kernel/bfloat16_copy_kernel_cuda/bfloat16_copy_kernel_cuda,0,1381,2136
60,asm,10,fmha_bf16_pertokenBf16_hd128_128x256_mask,140.131,1.2211,1.0,ew:vectorized_elementwise_kernel/bfloat16_copy_kernel_cuda/bfloat16_copy_kernel_cuda,1.7,ew:vectorized_elementwise_kernel/bfloat16_copy_kernel_cuda/bfloat16_copy_kernel_cuda,0,1364,2136
60,asm,11,fmha_bf16_pertokenBf16_hd128_128x256_mask,153.577,1.2312,1.4,ew:vectorized_elementwise_kernel/bfloat16_copy_kernel_cuda/bfloat16_copy_kernel_cuda,1.0,ew:vectorized_elementwise_kernel/bfloat16_copy_kernel_cuda/bfloat16_copy_kernel_cuda,0,1351,2136
60,asm,12,fmha_bf16_pertokenBf16_hd128_128x256_mask,166.950,1.2301,1.0,ew:vectorized_elementwise_kernel/bfloat16_copy_kernel_cuda/bfloat16_copy_kernel_cuda,1.0,ew:vectorized_elementwise_kernel/bfloat16_copy_kernel_cuda/bfloat16_copy_kernel_cuda,0,1337,2136
60,asm,13,fmha_bf16_pertokenBf16_hd128_128x256_mask,180.481,1.2421,1.0,ew:vectorized_elementwise_kernel/bfloat16_copy_kernel_cuda/bfloat16_copy_kernel_cuda,1.0,ew:vectorized_elementwise_kernel/bfloat16_copy_kernel_cuda/bfloat16_copy_kernel_cuda,0,1316,2136
60,asm,14,fmha_bf16_pertokenBf16_hd128_128x256_mask,194.054,1.2395,1.0,ew:vectorized_elementwise_kernel/bfloat16_copy_kernel_cuda/bfloat16_copy_kernel_cuda,0.9,ew:vectorized_elementwise_kernel/bfloat16_copy_kernel_cuda/bfloat16_copy_kernel_cuda,0,1306,2136
60,asm,15,fmha_bf16_pertokenBf16_hd128_128x256_mask,207.474,1.2382,1.0,ew:vectorized_elementwise_kernel/bfloat16_copy_kernel_cuda/bfloat16_copy_kernel_cuda,1.0,ew:vectorized_elementwise_kernel/bfloat16_copy_kernel_cuda/bfloat16_copy_kernel_cuda,0,1297,2136
60,asm,16,fmha_bf16_pertokenBf16_hd128_128x256_mask,220.952,1.2337,1.0,ew:vectorized_elementwise_kernel/bfloat16_copy_kernel_cuda/bfloat16_copy_kernel_cuda,1.0,ew:vectorized_elementwise_kernel/bfloat16_copy_kernel_cuda/bfloat16_copy_kernel_cuda,0,1289,2136
60,asm,17,fmha_bf16_pertokenBf16_hd128_128x256_mask,234.368,1.2236,0.9,ew:vectorized_elementwise_kernel/bfloat16_copy_kernel_cuda/bfloat16_copy_kernel_cuda,1.3,ew:vectorized_elementwise_kernel/bfloat16_copy_kernel_cuda/bfloat16_copy_kernel_cuda,0,1281,2136
60,asm,18,fmha_bf16_pertokenBf16_hd128_128x256_mask,247.658,1.2359,1.4,ew:vectorized_elementwise_kernel/bfloat16_copy_kernel_cuda/bfloat16_copy_kernel_cuda,1.0,ew:vectorized_elementwise_kernel/bfloat16_copy_kernel_cuda/bfloat16_copy_kernel_cuda,0,1276,2136
60,asm,19,fmha_bf16_pertokenBf16_hd128_128x256_mask,261.079,1.2263,0.9,ew:vectorized_elementwise_kernel/bfloat16_copy_kernel_cuda/bfloat16_copy_kernel_cuda,0.9,ew:vectorized_elementwise_kernel/bfloat16_copy_kernel_cuda/bfloat16_copy_kernel_cuda,0,1271,2136
60,asm,20,fmha_bf16_pertokenBf16_hd128_128x256_mask,274.559,1.2633,1.0,ew:vectorized_elementwise_kernel/bfloat16_copy_kernel_cuda/bfloat16_copy_kernel_cuda,1.0,ew:vectorized_elementwise_kernel/bfloat16_copy_kernel_cuda/bfloat16_copy_kernel_cuda,0,1266,2136
60,asm,21,fmha_bf16_pertokenBf16_hd128_128x256_mask,288.133,1.2278,1.0,ew:vectorized_elementwise_kernel/bfloat16_copy_kernel_cuda/bfloat16_copy_kernel_cuda,1.0,ew:vectorized_elementwise_kernel/bfloat16_copy_kernel_cuda/bfloat16_copy_kernel_cuda,0,1261,2136
60,asm,22,fmha_bf16_pertokenBf16_hd128_128x256_mask,301.602,1.2156,1.0,ew:vectorized_elementwise_kernel/bfloat16_copy_kernel_cuda/bfloat16_copy_kernel_cuda,1.0,ew:vectorized_elementwise_kernel/bfloat16_copy_kernel_cuda/bfloat16_copy_kernel_cuda,0,1254,2136
60,asm,23,fmha_bf16_pertokenBf16_hd128_128x256_mask,315.007,1.2071,1.0,ew:vectorized_elementwise_kernel/bfloat16_copy_kernel_cuda/bfloat16_copy_kernel_cuda,1.0,ew:vectorized_elementwise_kernel/bfloat16_copy_kernel_cuda/bfloat16_copy_kernel_cuda,0,1252,2136
60,asm,24,fmha_bf16_pertokenBf16_hd128_128x256_mask,328.265,1.2313,1.2,ew:vectorized_elementwise_kernel/bfloat16_copy_kernel_cuda/bfloat16_copy_kernel_cuda,1.0,ew:vectorized_elementwise_kernel/bfloat16_copy_kernel_cuda/bfloat16_copy_kernel_cuda,0,1251,2136
60,asm,25,fmha_bf16_pertokenBf16_hd128_128x256_mask,341.607,1.1806,1.0,ew:vectorized_elementwise_kernel/bfloat16_copy_kernel_cuda/bfloat16_copy_kernel_cuda,1.7,ew:vectorized_elementwise_kernel/bfloat16_copy_kernel_cuda/bfloat16_copy_kernel_cuda,0,1250,2136
60,asm,26,fmha_bf16_pertokenBf16_hd128_128x256_mask,354.862,1.2496,1.4,ew:vectorized_elementwise_kernel/bfloat16_copy_kernel_cuda/bfloat16_copy_kernel_cuda,1.0,ew:vectorized_elementwise_kernel/bfloat16_copy_kernel_cuda/bfloat16_copy_kernel_cuda,0,1250,2136
60,asm,27,fmha_bf16_pertokenBf16_hd128_128x256_mask,368.309,1.2113,1.0,ew:vectorized_elementwise_kernel/bfloat16_copy_kernel_cuda/bfloat16_copy_kernel_cuda,1.0,ew:vectorized_elementwise_kernel/bfloat16_copy_kernel_cuda/bfloat16_copy_kernel_cuda,0,1246,2136
60,asm,28,fmha_bf16_pertokenBf16_hd128_128x256_mask,381.680,1.2273,1.0,ew:vectorized_elementwise_kernel/bfloat16_copy_kernel_cuda/bfloat16_copy_kernel_cuda,1.0,ew:vectorized_elementwise_kernel/bfloat16_copy_kernel_cuda/bfloat16_copy_kernel_cuda,0,1246,2136
60,asm,29,fmha_bf16_pertokenBf16_hd128_128x256_mask,394.977,1.2500,1.0,ew:vectorized_elementwise_kernel/bfloat16_copy_kernel_cuda/bfloat16_copy_kernel_cuda,1.0,ew:vectorized_elementwise_kernel/bfloat16_copy_kernel_cuda/bfloat16_copy_kernel_cuda,0,1244,2136
60,asm,30,fmha_bf16_pertokenBf16_hd128_128x256_mask,408.380,1.2135,1.0,ew:vectorized_elementwise_kernel/bfloat16_copy_kernel_cuda/bfloat16_copy_kernel_cuda,1.0,ew:vectorized_elementwise_kernel/bfloat16_copy_kernel_cuda/bfloat16_copy_kernel_cuda,0,1242,2136
60,asm,31,fmha_bf16_pertokenBf16_hd128_128x256_mask,421.759,1.2155,1.0,ew:vectorized_elementwise_kernel/bfloat16_copy_kernel_cuda/bfloat16_copy_kernel_cuda,1.0,ew:vectorized_elementwise_kernel/bfloat16_copy_kernel_cuda/bfloat16_copy_kernel_cuda,0,1241,2136
60,asm,0,fmha_bwd_hd128_odo_bf16,536.844,0.0504,82.5,ew:vectorized_elementwise_kernel/FillFunctor/FillFunctor,12.3,fmha_bwd_hd128_bf16_causal_br_a32_pssk,0,1236,2136
60,asm,0,fmha_bwd_hd128_bf16_causal_br_a32_pssk,536.907,6.7102,12.3,fmha_bwd_hd128_odo_bf16,1.4,fmha_bwd_hd128_dq_convert_bf16,0,1245,2136
60,asm,0,fmha_bwd_hd128_dq_convert_bf16,543.618,0.0701,1.4,fmha_bwd_hd128_bf16_causal_br_a32_pssk,0.9,ew:reduce_kernel/ReduceOp/func_wrapper_t,0,1263,2136
60,asm,1,fmha_bwd_hd128_odo_bf16,568.542,0.0497,1.0,ew:vectorized_elementwise_kernel/FillFunctor/FillFunctor,0.9,fmha_bwd_hd128_bf16_causal_br_a32_pssk,0,1283,2136
60,asm,1,fmha_bwd_hd128_bf16_causal_br_a32_pssk,568.593,6.8622,0.9,fmha_bwd_hd128_odo_bf16,0.8,fmha_bwd_hd128_dq_convert_bf16,0,1283,2136
60,asm,1,fmha_bwd_hd128_dq_convert_bf16,575.456,0.0683,0.8,fmha_bwd_hd128_bf16_causal_br_a32_pssk,0.8,ew:reduce_kernel/ReduceOp/func_wrapper_t,0,1283,2136
60,asm,2,fmha_bwd_hd128_odo_bf16,600.384,0.0496,1.3,ew:vectorized_elementwise_kernel/FillFunctor/FillFunctor,0.9,fmha_bwd_hd128_bf16_causal_br_a32_pssk,0,1314,2136
60,asm,2,fmha_bwd_hd128_bf16_causal_br_a32_pssk,600.434,6.9091,0.9,fmha_bwd_hd128_odo_bf16,0.8,fmha_bwd_hd128_dq_convert_bf16,0,1314,2136
60,asm,2,fmha_bwd_hd128_dq_convert_bf16,607.344,0.0700,0.8,fmha_bwd_hd128_bf16_causal_br_a32_pssk,0.8,ew:reduce_kernel/ReduceOp/func_wrapper_t,0,1314,2136
60,asm,3,fmha_bwd_hd128_odo_bf16,632.197,0.0504,0.9,ew:vectorized_elementwise_kernel/FillFunctor/FillFunctor,1.3,fmha_bwd_hd128_bf16_causal_br_a32_pssk,0,1337,2136
60,asm,3,fmha_bwd_hd128_bf16_causal_br_a32_pssk,632.248,7.0820,1.3,fmha_bwd_hd128_odo_bf16,0.8,fmha_bwd_hd128_dq_convert_bf16,0,1337,2136
60,asm,3,fmha_bwd_hd128_dq_convert_bf16,639.331,0.0691,0.8,fmha_bwd_hd128_bf16_causal_br_a32_pssk,0.8,ew:reduce_kernel/ReduceOp/func_wrapper_t,0,1337,2136
60,asm,4,fmha_bwd_hd128_odo_bf16,664.189,0.0488,1.0,ew:vectorized_elementwise_kernel/FillFunctor/FillFunctor,0.9,fmha_bwd_hd128_bf16_causal_br_a32_pssk,0,1366,2136
60,asm,4,fmha_bwd_hd128_bf16_causal_br_a32_pssk,664.239,6.8545,0.9,fmha_bwd_hd128_odo_bf16,0.9,fmha_bwd_hd128_dq_convert_bf16,0,1358,2136
60,asm,4,fmha_bwd_hd128_dq_convert_bf16,671.094,0.0717,0.9,fmha_bwd_hd128_bf16_causal_br_a32_pssk,0.9,ew:reduce_kernel/ReduceOp/func_wrapper_t,0,1351,2136
60,asm,5,fmha_bwd_hd128_odo_bf16,696.252,0.0478,0.9,ew:vectorized_elementwise_kernel/FillFunctor/FillFunctor,0.9,fmha_bwd_hd128_bf16_causal_br_a32_pssk,0,1382,2136
60,asm,5,fmha_bwd_hd128_bf16_causal_br_a32_pssk,696.301,6.8333,0.9,fmha_bwd_hd128_odo_bf16,0.9,fmha_bwd_hd128_dq_convert_bf16,0,1374,2136
60,asm,5,fmha_bwd_hd128_dq_convert_bf16,703.135,0.0731,0.9,fmha_bwd_hd128_bf16_causal_br_a32_pssk,0.9,ew:reduce_kernel/ReduceOp/func_wrapper_t,0,1370,2136
60,asm,6,fmha_bwd_hd128_odo_bf16,728.029,0.0487,0.9,ew:vectorized_elementwise_kernel/FillFunctor/FillFunctor,0.9,fmha_bwd_hd128_bf16_causal_br_a32_pssk,0,1390,2136
60,asm,6,fmha_bwd_hd128_bf16_causal_br_a32_pssk,728.078,7.0807,0.9,fmha_bwd_hd128_odo_bf16,0.8,fmha_bwd_hd128_dq_convert_bf16,0,1383,2136
60,asm,6,fmha_bwd_hd128_dq_convert_bf16,735.160,0.0727,0.8,fmha_bwd_hd128_bf16_causal_br_a32_pssk,0.9,ew:reduce_kernel/ReduceOp/func_wrapper_t,0,1379,2136
60,asm,7,fmha_bwd_hd128_odo_bf16,760.123,0.0505,1.0,ew:vectorized_elementwise_kernel/FillFunctor/FillFunctor,1.3,fmha_bwd_hd128_bf16_causal_br_a32_pssk,0,1391,2136
60,asm,7,fmha_bwd_hd128_bf16_causal_br_a32_pssk,760.175,7.1710,1.3,fmha_bwd_hd128_odo_bf16,1.0,fmha_bwd_hd128_dq_convert_bf16,0,1388,2136
60,asm,7,fmha_bwd_hd128_dq_convert_bf16,767.347,0.0744,1.0,fmha_bwd_hd128_bf16_causal_br_a32_pssk,0.9,ew:reduce_kernel/ReduceOp/func_wrapper_t,0,1382,2136
60,asm,8,fmha_bwd_hd128_odo_bf16,792.147,0.0486,0.9,ew:vectorized_elementwise_kernel/FillFunctor/FillFunctor,1.0,fmha_bwd_hd128_bf16_causal_br_a32_pssk,0,1393,2136
60,asm,8,fmha_bwd_hd128_bf16_causal_br_a32_pssk,792.197,7.1254,1.0,fmha_bwd_hd128_odo_bf16,0.9,fmha_bwd_hd128_dq_convert_bf16,0,1390,2136
60,asm,8,fmha_bwd_hd128_dq_convert_bf16,799.323,0.0731,0.9,fmha_bwd_hd128_bf16_causal_br_a32_pssk,0.8,ew:reduce_kernel/ReduceOp/func_wrapper_t,0,1386,2136
60,asm,9,fmha_bwd_hd128_odo_bf16,824.178,0.0482,1.0,ew:vectorized_elementwise_kernel/FillFunctor/FillFunctor,0.9,fmha_bwd_hd128_bf16_causal_br_a32_pssk,0,1393,2136
60,asm,9,fmha_bwd_hd128_bf16_causal_br_a32_pssk,824.227,7.0041,0.9,fmha_bwd_hd128_odo_bf16,0.9,fmha_bwd_hd128_dq_convert_bf16,0,1392,2136
60,asm,9,fmha_bwd_hd128_dq_convert_bf16,831.232,0.0701,0.9,fmha_bwd_hd128_bf16_causal_br_a32_pssk,0.9,ew:reduce_kernel/ReduceOp/func_wrapper_t,0,1391,2136
60,asm,10,fmha_bwd_hd128_odo_bf16,856.693,0.0490,1.0,ew:vectorized_elementwise_kernel/FillFunctor/FillFunctor,1.0,fmha_bwd_hd128_bf16_causal_br_a32_pssk,0,1400,2136
60,asm,10,fmha_bwd_hd128_bf16_causal_br_a32_pssk,856.743,7.1126,1.0,fmha_bwd_hd128_odo_bf16,0.9,fmha_bwd_hd128_dq_convert_bf16,0,1399,2136
60,asm,10,fmha_bwd_hd128_dq_convert_bf16,863.856,0.0699,0.9,fmha_bwd_hd128_bf16_causal_br_a32_pssk,0.9,ew:reduce_kernel/ReduceOp/func_wrapper_t,0,1397,2136
60,asm,11,fmha_bwd_hd128_odo_bf16,888.669,0.0482,0.9,ew:vectorized_elementwise_kernel/FillFunctor/FillFunctor,0.9,fmha_bwd_hd128_bf16_causal_br_a32_pssk,0,1397,2136
60,asm,11,fmha_bwd_hd128_bf16_causal_br_a32_pssk,888.718,6.9804,0.9,fmha_bwd_hd128_odo_bf16,1.4,fmha_bwd_hd128_dq_convert_bf16,0,1399,2136
60,asm,11,fmha_bwd_hd128_dq_convert_bf16,895.700,0.0722,1.4,fmha_bwd_hd128_bf16_causal_br_a32_pssk,0.9,ew:reduce_kernel/ReduceOp/func_wrapper_t,0,1402,2136
60,asm,12,fmha_bwd_hd128_odo_bf16,920.603,0.0488,1.0,ew:vectorized_elementwise_kernel/FillFunctor/FillFunctor,0.9,fmha_bwd_hd128_bf16_causal_br_a32_pssk,0,1396,2136
60,asm,12,fmha_bwd_hd128_bf16_causal_br_a32_pssk,920.653,7.1496,0.9,fmha_bwd_hd128_odo_bf16,1.0,fmha_bwd_hd128_dq_convert_bf16,0,1396,2136
60,asm,12,fmha_bwd_hd128_dq_convert_bf16,927.803,0.0738,1.0,fmha_bwd_hd128_bf16_causal_br_a32_pssk,1.4,ew:reduce_kernel/ReduceOp/func_wrapper_t,0,1396,2136
60,asm,13,fmha_bwd_hd128_odo_bf16,952.607,0.0487,0.9,ew:vectorized_elementwise_kernel/FillFunctor/FillFunctor,0.9,fmha_bwd_hd128_bf16_causal_br_a32_pssk,0,1394,2136
60,asm,13,fmha_bwd_hd128_bf16_causal_br_a32_pssk,952.657,7.2263,0.9,fmha_bwd_hd128_odo_bf16,0.9,fmha_bwd_hd128_dq_convert_bf16,0,1394,2136
60,asm,13,fmha_bwd_hd128_dq_convert_bf16,959.884,0.0713,0.9,fmha_bwd_hd128_bf16_causal_br_a32_pssk,0.9,ew:reduce_kernel/ReduceOp/func_wrapper_t,0,1394,2136
60,asm,14,fmha_bwd_hd128_odo_bf16,985.250,0.0490,0.9,ew:vectorized_elementwise_kernel/FillFunctor/FillFunctor,1.0,fmha_bwd_hd128_bf16_causal_br_a32_pssk,0,1388,2136
60,asm,14,fmha_bwd_hd128_bf16_causal_br_a32_pssk,985.300,6.9984,1.0,fmha_bwd_hd128_odo_bf16,0.8,fmha_bwd_hd128_dq_convert_bf16,0,1388,2136
60,asm,14,fmha_bwd_hd128_dq_convert_bf16,992.300,0.0683,0.8,fmha_bwd_hd128_bf16_causal_br_a32_pssk,1.0,ew:reduce_kernel/ReduceOp/func_wrapper_t,0,1388,2136
60,asm,15,fmha_bwd_hd128_odo_bf16,1017.438,0.0496,0.9,ew:vectorized_elementwise_kernel/FillFunctor/FillFunctor,1.6,fmha_bwd_hd128_bf16_causal_br_a32_pssk,0,1385,2136
60,asm,15,fmha_bwd_hd128_bf16_causal_br_a32_pssk,1017.489,7.1637,1.6,fmha_bwd_hd128_odo_bf16,0.9,fmha_bwd_hd128_dq_convert_bf16,0,1385,2136
60,asm,15,fmha_bwd_hd128_dq_convert_bf16,1024.654,0.0700,0.9,fmha_bwd_hd128_bf16_causal_br_a32_pssk,0.8,ew:reduce_kernel/ReduceOp/func_wrapper_t,0,1385,2136
60,asm,16,fmha_bwd_hd128_odo_bf16,1049.591,0.0520,0.9,ew:vectorized_elementwise_kernel/FillFunctor/FillFunctor,0.9,fmha_bwd_hd128_bf16_causal_br_a32_pssk,0,1384,2136
60,asm,16,fmha_bwd_hd128_bf16_causal_br_a32_pssk,1049.644,7.1830,0.9,fmha_bwd_hd128_odo_bf16,0.9,fmha_bwd_hd128_dq_convert_bf16,0,1384,2136
60,asm,16,fmha_bwd_hd128_dq_convert_bf16,1056.828,0.0701,0.9,fmha_bwd_hd128_bf16_causal_br_a32_pssk,1.4,ew:reduce_kernel/ReduceOp/func_wrapper_t,0,1384,2136
60,asm,17,fmha_bwd_hd128_odo_bf16,1081.914,0.0500,0.9,ew:vectorized_elementwise_kernel/FillFunctor/FillFunctor,1.0,fmha_bwd_hd128_bf16_causal_br_a32_pssk,0,1401,2136
60,asm,17,fmha_bwd_hd128_bf16_causal_br_a32_pssk,1081.965,7.1947,1.0,fmha_bwd_hd128_odo_bf16,0.9,fmha_bwd_hd128_dq_convert_bf16,0,1391,2136
60,asm,17,fmha_bwd_hd128_dq_convert_bf16,1089.160,0.0709,0.9,fmha_bwd_hd128_bf16_causal_br_a32_pssk,1.0,ew:reduce_kernel/ReduceOp/func_wrapper_t,0,1381,2136
60,asm,18,fmha_bwd_hd128_odo_bf16,1114.100,0.0490,1.6,ew:vectorized_elementwise_kernel/FillFunctor/FillFunctor,1.0,fmha_bwd_hd128_bf16_causal_br_a32_pssk,0,1398,2136
60,asm,18,fmha_bwd_hd128_bf16_causal_br_a32_pssk,1114.150,7.1035,1.0,fmha_bwd_hd128_odo_bf16,0.9,fmha_bwd_hd128_dq_convert_bf16,0,1390,2136
60,asm,18,fmha_bwd_hd128_dq_convert_bf16,1121.254,0.0705,0.9,fmha_bwd_hd128_bf16_causal_br_a32_pssk,0.9,ew:reduce_kernel/ReduceOp/func_wrapper_t,0,1382,2136
60,asm,19,fmha_bwd_hd128_odo_bf16,1146.642,0.0472,1.0,ew:vectorized_elementwise_kernel/FillFunctor/FillFunctor,1.6,fmha_bwd_hd128_bf16_causal_br_a32_pssk,0,1405,2136
60,asm,19,fmha_bwd_hd128_bf16_causal_br_a32_pssk,1146.691,7.0058,1.6,fmha_bwd_hd128_odo_bf16,0.8,fmha_bwd_hd128_dq_convert_bf16,0,1394,2136
60,asm,19,fmha_bwd_hd128_dq_convert_bf16,1153.697,0.0704,0.8,fmha_bwd_hd128_bf16_causal_br_a32_pssk,0.9,ew:reduce_kernel/ReduceOp/func_wrapper_t,0,1389,2136
60,asm,20,fmha_bwd_hd128_odo_bf16,1178.776,0.0473,0.9,ew:vectorized_elementwise_kernel/FillFunctor/FillFunctor,0.9,fmha_bwd_hd128_bf16_causal_br_a32_pssk,0,1398,2136
60,asm,20,fmha_bwd_hd128_bf16_causal_br_a32_pssk,1178.825,7.0670,0.9,fmha_bwd_hd128_odo_bf16,1.0,fmha_bwd_hd128_dq_convert_bf16,0,1391,2136
60,asm,20,fmha_bwd_hd128_dq_convert_bf16,1185.893,0.0703,1.0,fmha_bwd_hd128_bf16_causal_br_a32_pssk,1.4,ew:reduce_kernel/ReduceOp/func_wrapper_t,0,1388,2136
60,asm,21,fmha_bwd_hd128_odo_bf16,1210.852,0.0484,1.0,ew:vectorized_elementwise_kernel/FillFunctor/FillFunctor,0.9,fmha_bwd_hd128_bf16_causal_br_a32_pssk,0,1398,2136
60,asm,21,fmha_bwd_hd128_bf16_causal_br_a32_pssk,1210.901,7.0315,0.9,fmha_bwd_hd128_odo_bf16,0.8,fmha_bwd_hd128_dq_convert_bf16,0,1395,2136
60,asm,21,fmha_bwd_hd128_dq_convert_bf16,1217.933,0.0723,0.8,fmha_bwd_hd128_bf16_causal_br_a32_pssk,0.8,ew:reduce_kernel/ReduceOp/func_wrapper_t,0,1389,2136
60,asm,22,fmha_bwd_hd128_odo_bf16,1242.770,0.0506,1.3,ew:vectorized_elementwise_kernel/FillFunctor/FillFunctor,1.0,fmha_bwd_hd128_bf16_causal_br_a32_pssk,0,1397,2136
60,asm,22,fmha_bwd_hd128_bf16_causal_br_a32_pssk,1242.822,7.1644,1.0,fmha_bwd_hd128_odo_bf16,0.9,fmha_bwd_hd128_dq_convert_bf16,0,1394,2136
60,asm,22,fmha_bwd_hd128_dq_convert_bf16,1249.987,0.0769,0.9,fmha_bwd_hd128_bf16_causal_br_a32_pssk,0.8,ew:reduce_kernel/ReduceOp/func_wrapper_t,0,1392,2136
60,asm,23,fmha_bwd_hd128_odo_bf16,1274.994,0.0474,0.8,ew:vectorized_elementwise_kernel/FillFunctor/FillFunctor,1.5,fmha_bwd_hd128_bf16_causal_br_a32_pssk,0,1396,2136
60,asm,23,fmha_bwd_hd128_bf16_causal_br_a32_pssk,1275.043,6.9676,1.5,fmha_bwd_hd128_odo_bf16,0.9,fmha_bwd_hd128_dq_convert_bf16,0,1397,2136
60,asm,23,fmha_bwd_hd128_dq_convert_bf16,1282.011,0.0709,0.9,fmha_bwd_hd128_bf16_causal_br_a32_pssk,0.8,ew:reduce_kernel/ReduceOp/func_wrapper_t,0,1398,2136
60,asm,24,fmha_bwd_hd128_odo_bf16,1306.861,0.0522,1.0,ew:vectorized_elementwise_kernel/FillFunctor/FillFunctor,1.0,fmha_bwd_hd128_bf16_causal_br_a32_pssk,0,1397,2136
60,asm,24,fmha_bwd_hd128_bf16_causal_br_a32_pssk,1306.914,7.0408,1.0,fmha_bwd_hd128_odo_bf16,0.8,fmha_bwd_hd128_dq_convert_bf16,0,1399,2136
60,asm,24,fmha_bwd_hd128_dq_convert_bf16,1313.955,0.0696,0.8,fmha_bwd_hd128_bf16_causal_br_a32_pssk,1.4,ew:reduce_kernel/ReduceOp/func_wrapper_t,0,1402,2136
60,asm,25,fmha_bwd_hd128_odo_bf16,1339.071,0.0480,1.0,ew:vectorized_elementwise_kernel/FillFunctor/FillFunctor,1.0,fmha_bwd_hd128_bf16_causal_br_a32_pssk,0,1392,2136
60,asm,25,fmha_bwd_hd128_bf16_causal_br_a32_pssk,1339.120,7.0949,1.0,fmha_bwd_hd128_odo_bf16,0.9,fmha_bwd_hd128_dq_convert_bf16,0,1392,2136
60,asm,25,fmha_bwd_hd128_dq_convert_bf16,1346.216,0.0714,0.9,fmha_bwd_hd128_bf16_causal_br_a32_pssk,0.8,ew:reduce_kernel/ReduceOp/func_wrapper_t,0,1392,2136
60,asm,26,fmha_bwd_hd128_odo_bf16,1371.153,0.0487,1.2,ew:vectorized_elementwise_kernel/FillFunctor/FillFunctor,1.0,fmha_bwd_hd128_bf16_causal_br_a32_pssk,0,1389,2136
60,asm,26,fmha_bwd_hd128_bf16_causal_br_a32_pssk,1371.203,7.1216,1.0,fmha_bwd_hd128_odo_bf16,0.9,fmha_bwd_hd128_dq_convert_bf16,0,1389,2136
60,asm,26,fmha_bwd_hd128_dq_convert_bf16,1378.325,0.0696,0.9,fmha_bwd_hd128_bf16_causal_br_a32_pssk,0.9,ew:reduce_kernel/ReduceOp/func_wrapper_t,0,1389,2136
60,asm,27,fmha_bwd_hd128_odo_bf16,1403.314,0.0488,0.9,ew:vectorized_elementwise_kernel/FillFunctor/FillFunctor,1.0,fmha_bwd_hd128_bf16_causal_br_a32_pssk,0,1387,2136
60,asm,27,fmha_bwd_hd128_bf16_causal_br_a32_pssk,1403.364,7.1116,1.0,fmha_bwd_hd128_odo_bf16,0.9,fmha_bwd_hd128_dq_convert_bf16,0,1387,2136
60,asm,27,fmha_bwd_hd128_dq_convert_bf16,1410.477,0.0749,0.9,fmha_bwd_hd128_bf16_causal_br_a32_pssk,1.4,ew:reduce_kernel/ReduceOp/func_wrapper_t,0,1387,2136
60,asm,28,fmha_bwd_hd128_odo_bf16,1435.705,0.0486,1.0,ew:vectorized_elementwise_kernel/FillFunctor/FillFunctor,1.0,fmha_bwd_hd128_bf16_causal_br_a32_pssk,0,1392,2136
60,asm,28,fmha_bwd_hd128_bf16_causal_br_a32_pssk,1435.754,7.1338,1.0,fmha_bwd_hd128_odo_bf16,1.5,fmha_bwd_hd128_dq_convert_bf16,0,1392,2136
60,asm,28,fmha_bwd_hd128_dq_convert_bf16,1442.890,0.0720,1.5,fmha_bwd_hd128_bf16_causal_br_a32_pssk,0.9,ew:reduce_kernel/ReduceOp/func_wrapper_t,0,1392,2136
60,asm,29,fmha_bwd_hd128_odo_bf16,1468.056,0.0513,0.9,ew:vectorized_elementwise_kernel/FillFunctor/FillFunctor,1.1,fmha_bwd_hd128_bf16_causal_br_a32_pssk,0,1387,2136
60,asm,29,fmha_bwd_hd128_bf16_causal_br_a32_pssk,1468.109,7.2269,1.1,fmha_bwd_hd128_odo_bf16,0.9,fmha_bwd_hd128_dq_convert_bf16,0,1387,2136
60,asm,29,fmha_bwd_hd128_dq_convert_bf16,1475.336,0.0726,0.9,fmha_bwd_hd128_bf16_causal_br_a32_pssk,1.0,ew:reduce_kernel/ReduceOp/func_wrapper_t,0,1387,2136
60,asm,30,fmha_bwd_hd128_odo_bf16,1500.420,0.0478,1.2,ew:vectorized_elementwise_kernel/FillFunctor/FillFunctor,1.0,fmha_bwd_hd128_bf16_causal_br_a32_pssk,0,1383,2136
60,asm,30,fmha_bwd_hd128_bf16_causal_br_a32_pssk,1500.469,6.9928,1.0,fmha_bwd_hd128_odo_bf16,0.9,fmha_bwd_hd128_dq_convert_bf16,0,1383,2136
60,asm,30,fmha_bwd_hd128_dq_convert_bf16,1507.463,0.0700,0.9,fmha_bwd_hd128_bf16_causal_br_a32_pssk,0.8,ew:reduce_kernel/ReduceOp/func_wrapper_t,0,1383,2136
60,asm,31,fmha_bwd_hd128_odo_bf16,1532.292,0.0503,1.0,ew:vectorized_elementwise_kernel/FillFunctor/FillFunctor,0.9,fmha_bwd_hd128_bf16_causal_br_a32_pssk,0,1405,2136
60,asm,31,fmha_bwd_hd128_bf16_causal_br_a32_pssk,1532.343,7.1127,0.9,fmha_bwd_hd128_odo_bf16,1.4,fmha_bwd_hd128_dq_convert_bf16,0,1396,2136
60,asm,31,fmha_bwd_hd128_dq_convert_bf16,1539.457,0.0692,1.4,fmha_bwd_hd128_bf16_causal_br_a32_pssk,0.9,ew:reduce_kernel/ReduceOp/func_wrapper_t,0,1386,2136
