"seq","date","direction","round","job_or_campaign","machine","ms","tflops","pct_of_asm","e2e","accepted","ruler","content","platform_note","source","stage","machine_short","improved","kind","gain"
"1","2026-09-10/11","fwd+bwd","优化前基线：upstream main turbo:TRITON（c1325c7e #481）","Primus 0910__fa_opt bench","A0 heliosr-1b114-c07-1（VR 限频 1100 MHz，负载约 0.94-1.07 GHz）","58.424（同次 flex 31.508，sdpa FLASH 96.581）","131.7（bench 自报，fwd+bwd 7.697e12）","—","","baseline","Primus bench_attention.py","main 原样：Triton 后端需显式指定（默认派发落到 CK，bwd 报 invalid argument）","测时已在 VR 限频下（最早限频记录 09-10 22:38，09-11 写成报告）；09-13 同法复测 turbo 60.209 ms","Primus 仓库 output/0910__fa_opt/attn_bench_gfx1250.log（目录名 0910，文件时间 2026-09-11 06:29 UTC）; output/0913__opt_plan__claude/phase1/RESULTS.md §1; phase0/PLATFORM-ESCALATION.md","阶段 1 · Triton 基线与调优","A0-T","0","baseline",""
"2","2026-09-11","fwd+bwd","op-evolve Phase1 E2 seed：aiter Triton MHA + 2 knobs","op-evolve phase1","A0 heliosr-1b114-c07-1（VR 限频 1100 MHz，负载约 0.94-1.07 GHz）","34.111 → 24.347","合计：225.6 → 316.1","—","","已撤回","E2_bench.py（镜像 extended-v2，aiter 0.1.14.post1）","fwd num_stages 1→2 + bwd num_warps 4→2","09-13 用当前 aiter main 复测为 31.207 ms（上游 aiter 改过 bwd 配置），24.347 作废","op-evolve 仓库 output/0911__fa_gfx1250_phase1/E2.md:143,239（文件时间 2026-09-11 08:25 UTC）; output/0913__opt_plan__claude/phase0/PHASE0-STATUS.md:148; phase1/BAKEOFF.md §4","阶段 1 · Triton 基线与调优","A0-T","0","retracted",""
"3","2026-09-13","fwd+bwd","R0 turbo 出厂","0913 手工（A0）","A0 heliosr-1b114-c07-1（VR 限频 1100 MHz，负载约 0.94-1.07 GHz）","10.673 / 48.969 / 59.642","合计：129.0","—","","baseline","tools/gfx1250/tune_attention.py：CUDA event 中位数，iters 20，每 rep 冲刷 256 MiB L2，四张量 SQNR 门；TF/s=fwd+bwd 7.697e12/total","树内 Triton 出厂配置（CDNA 照搬单一 config num_stages=1,num_warps=4）；同会话 flex 31.337 ms","镜像 amdprimus/amdprimus:gfx1250-20260910；torch 2.11.0+rocm7.14","output/0913__opt_plan__claude/phase1/BAKEOFF.md:21","阶段 1 · Triton 基线与调优","A0-T","0","baseline",""
"4","2026-09-13","fwd","R1 fwd num_stages 1→2","0913 手工（A0）","A0 heliosr-1b114-c07-1（VR 限频 1100 MHz，负载约 0.94-1.07 GHz）","fwd 10.781 → 4.227（total 约 52.8）","合计：约 146","—","","accepted","tools/gfx1250/tune_attention.py：CUDA event 中位数，iters 20，每 rep 冲刷 256 MiB L2，四张量 SQNR 门；TF/s=fwd+bwd 7.697e12/total","前向软件流水，fwd 2.42-2.55×，SQNR 逐位不变","","output/0913__opt_plan__claude/phase1/RESULTS.md §3","阶段 1 · Triton 基线与调优","A0-T","1","new-default","fwd 10.781 → 4.227 ms（2.55×）；合计 59.642 → 约 52.8 ms，129.0 → 约 146 TF/s（合计），对 R0"
"5","2026-09-13","bwd","R2 bwd num_warps 4→2（f8c45dee）","0913 手工（A0）","A0 heliosr-1b114-c07-1（VR 限频 1100 MHz，负载约 0.94-1.07 GHz）","4.227 / 31.477 / 35.704（bake-off 复测 36.405）","合计：215.6（211.4）","—","","accepted","tools/gfx1250/tune_attention.py：CUDA event 中位数，iters 20，每 rep 冲刷 256 MiB L2，四张量 SQNR 门；TF/s=fwd+bwd 7.697e12/total","bwd 1.54×；waves_per_eu 2/4 悬崖（54.9/104.4 ms）；bwd num_stages>1 更差","config-only，1000 reps 逐位确定","output/0913__opt_plan__claude/phase1/RESULTS.md §3; commit f8c45dee","阶段 1 · Triton 基线与调优","A0-T","1","new-default","bwd 48.537 → 31.5 ms（1.54×，f8c45dee）；合计 约 52.8 → 35.704 ms，约 146 → 215.6 TF/s（合计），对 R1"
"6","2026-09-13","bwd","R3 dkdv 源码编辑 ×3","0913 手工（A0）","A0 heliosr-1b114-c07-1（VR 限频 1100 MHz，负载约 0.94-1.07 GHz）","mask-skip bwd 31.5 → 34.4","","—","","rejected","tools/gfx1250/tune_attention.py：CUDA event 中位数，iters 20，每 rep 冲刷 256 MiB L2，四张量 SQNR 门；TF/s=fwd+bwd 7.697e12/total","跳过非对角块 causal mask / 收紧 lo / 折叠 log_p_scale；寄存器压力假说被证伪（nw2/4/8 spill=0）","","output/0913__opt_plan__claude/phase1/RESULTS.md §7","阶段 1 · Triton 基线与调优","A0-T","0","rejected",""
"7","2026-09-13","fwd+bwd","R4 Round-0 bake-off","0913 手工（A0）","A0 heliosr-1b114-c07-1（VR 限频 1100 MHz，负载约 0.94-1.07 GHz）","aiter+2 knobs 31.207 / flex 31.337 / aiter 出厂 34.565 / turbo 冠军 36.405 / turbo 出厂 59.642","合计：246.6 / 245.6 / 222.7 / 211.4 / 129.0","—","","结论：转向 aiter 融合 bwd 结构","tools/gfx1250/tune_attention.py：CUDA event 中位数，iters 20，每 rep 冲刷 256 MiB L2，四张量 SQNR 门；TF/s=fwd+bwd 7.697e12/total","同会话同参考同门；树内输在 bwd（32.252 vs 27.888）","","output/0913__opt_plan__claude/phase1/BAKEOFF.md §1","阶段 1 · Triton 基线与调优","A0-T","0","info",""
"8","2026-09-13","bwd","R5 LSE-ABI 解耦（5eba2cf4）+ 非对称 tile sweep","0913 手工（A0）","A0 heliosr-1b114-c07-1（VR 限频 1100 MHz，负载约 0.94-1.07 GHz）","bwd 64×64 32.447（32×128 51.563，16×256 237.886）","","—","","解耦保留；非对称 tile 证伪","tools/gfx1250/tune_attention.py：CUDA event 中位数，iters 20，每 rep 冲刷 256 MiB L2，四张量 SQNR 门；TF/s=fwd+bwd 7.697e12/total","dkdv 按行索引 LSE_ABI_BLOCK，四张量逐位相同","","output/0913__opt_plan__claude/phase2/DECISIONS.md D1-D2","阶段 1 · Triton 基线与调优","A0-T","0","null",""
"9","2026-09-13","bwd","R6 纯 aiter 融合 bwd：N1/M2 128→256","0913 手工（A0）","A0 heliosr-1b114-c07-1（VR 限频 1100 MHz，负载约 0.94-1.07 GHz）","total 25.283（bwd 22.031）","合计：304.4","—","","中间步（参考上界）","tools/gfx1250/tune_attention.py：CUDA event 中位数，iters 20，每 rep 冲刷 256 MiB L2，四张量 SQNR 门；TF/s=fwd+bwd 7.697e12/total","首轮 sweep 因 wrapper 模块级 import 绑定 override 未生效而作废；修正后 N1/M2=256 bwd 1.26×","","output/0913__opt_plan__claude/phase2/DECISIONS.md D3,D7,D8","阶段 1 · Triton 基线与调优","A0-T","0","info",""
"10","2026-09-13","bwd","R7 纯 aiter：BLK_SLICE_FACTOR 2→1","0913 手工（A0）","A0 heliosr-1b114-c07-1（VR 限频 1100 MHz，负载约 0.94-1.07 GHz）","bwd 18.416 / total 21.672","合计：355.1","—","","参考上界（未入树）","tools/gfx1250/tune_attention.py：CUDA event 中位数，iters 20，每 rep 冲刷 256 MiB L2，四张量 SQNR 门；TF/s=fwd+bwd 7.697e12/total","BSF 2→1 再 1.20×；邻域 N1=512/BSF=4/nw2/nw8/wpe2 均更差","","output/0913__opt_plan__claude/phase2/DECISIONS.md D9","阶段 1 · Triton 基线与调优","A0-T","0","info",""
"11","2026-09-13","bwd","R8 vendor aiter 融合 bwd 入树（1cb2e183）","0913 手工（A0）","A0 heliosr-1b114-c07-1（VR 限频 1100 MHz，负载约 0.94-1.07 GHz）","4.148 / 20.201 / 24.349","合计：316.1","—","","accepted","tools/gfx1250/tune_attention.py：CUDA event 中位数，iters 20，每 rep 冲刷 256 MiB L2，四张量 SQNR 门；TF/s=fwd+bwd 7.697e12/total","vendor aiter mha_onekernel_bwd（pin ffa945f9），配置硬编码，由 turbo 自己的 fwd 驱动","","commit 1cb2e183; session 541e7bc3","阶段 1 · Triton 基线与调优","A0-T","1","accepted","合计 36.405 → 24.349 ms，211.4 → 316.1 TF/s（1.50×，derived），对 R2（bake-off 复测）"
"12","2026-09-13","bwd","R9 shape gate（03a76f61 → 8dd2fd32）= Day-1 终点","0913 手工（A0）","A0 heliosr-1b114-c07-1（VR 限频 1100 MHz，负载约 0.94-1.07 GHz）","24.435","合计：315.0","—","","accepted","tools/gfx1250/tune_attention.py：CUDA event 中位数，iters 20，每 rep 冲刷 256 MiB L2，四张量 SQNR 门；TF/s=fwd+bwd 7.697e12/total","按并行工作量门控融合 bwd + 按 seqlen 选 tile；51 个 gfx1250 测试通过（main 上 0 个运行）；2.44× 出厂、1.28× flex","","output/0913__opt_plan__claude/PROGRESS.md 成绩表; commit 8dd2fd32","阶段 1 · Triton 基线与调优","A0-T","1","new-default","prod 持平（24.349 → 24.435 ms，315.0 TF/s）；融合 bwd 改为默认路径，b4 s1024 hq32 相对双 kernel 路径 1.87×（8dd2fd32）"
"13","2026-09-13","fwd","T3 前向 0.9 ms 差距核查","0913 手工（A0）","A0 heliosr-1b114-c07-1（VR 限频 1100 MHz，负载约 0.94-1.07 GHz）","冷测 turbo 4.164 vs aiter 3.262；热流水 4.219 vs 4.035","","—","","closed（两种测法不一致，差距未确立）","tools/gfx1250/tune_attention.py：CUDA event 中位数，iters 20，每 rep 冲刷 256 MiB L2，四张量 SQNR 门；TF/s=fwd+bwd 7.697e12/total","不 vendor aiter 前向","","output/0913__opt_plan__claude/PROGRESS.md:174","阶段 1 · Triton 基线与调优","A0-T","0","info",""
"14","2026-09-13","bwd","T4 vendored vs 纯 aiter 1.85 ms 差距","0913 手工（A0）","A0 heliosr-1b114-c07-1（VR 限频 1100 MHz，负载约 0.94-1.07 GHz）","19.727 vs 18.063（bwd）","","—","","open → 09-14 B0 证实 waves_per_eu","tools/gfx1250/tune_attention.py：CUDA event 中位数，iters 20，每 rep 冲刷 256 MiB L2，四张量 SQNR 门；TF/s=fwd+bwd 7.697e12/total","排除 gather/配置/布局/sliding_window，候选 waves_per_eu","","output/0913__opt_plan__claude/PROGRESS.md:132-135","阶段 1 · Triton 基线与调优","A0-T","0","info",""
"15","2026-09-13","e2e","首次跑通 e2e（32L）","0913 手工（A0）","A0 heliosr-1b114-c07-1（VR 限频 1100 MHz，负载约 0.94-1.07 GHz）","","","","133.7 s/step，245 tps（flex 244；activation checkpoint full 时 215 tps）","—","e2e Llama-3.1-8B BF16，MBS=GBS=4，seq 8192，单卡，compile 关，AC none；torchtitan v0.2.2（73a0e6979；0914__campaign/RESULTS.md:65 记作 0.1.0，系笔误）；rocBLAS（TORCH_BLAS_PREFER_HIPBLASLT=0）","该节点首次跑完 step；GEMM 走 rocBLAS 27.4 TF/s；converters: [] 使 turbo attention 未进入 e2e（两臂实际很可能都是 flex）；整条 attention 路径 35.7 ms×32 = 1.14 s，不到单步 1%（约 0.85%）","当日误判'缺 gfx1250 Tensile 库'，09-14/09-15 更正；约 13:19 第 5 次 wedge（13:30 发现；自 09-04 累计）","output/0913__opt_plan__claude/phase1/RESULTS.md §10-11; output/0914__campaign/HANDOFF.md §4; output/0913__opt_plan__claude/phase1/RESULTS.md:266; Primus third_party/torchtitan 子模块 reflog（09-10 03:54 checkout 73a0e6979 = v0.2.2）","阶段 1 · Triton 基线与调优","A0-T","0","baseline",""
"16","2026-09-14","fwd+bwd","B0 复现：upstream main @c1325c7e","0914__repro__c07（名为 c07 实测在 B0）","B0 ctheliosp-1b112-a37-1（4 卡，负载 2133-2244 MHz）","5.226 / 25.025 / 30.258","合计：254.4","—","","对照","tools/gfx1250/tune_attention.py：CUDA event 中位数，iters 20，每 rep 冲刷 256 MiB L2，四张量 SQNR 门；TF/s=fwd+bwd 7.697e12/total","A0 Day-1 阶梯在满频机重跑：七行加速 1.88-2.12×、名次一致、SQNR 逐位吻合；这是 A0-VR→B0 的跨卡比（报告按五行 like-for-like 取中位 1.93×），不是 A0 自身的限频代价（A0 自身刷固件前后：op 1.24-1.67×，o1 顺序；e2e 1.44×，不纯，见 seq 198）；09-13 按时钟估的约 1.65× 与它不是同一个量，不作废","GPU0 降级（120 条 MES 超时）只用 GPU1-3","output/0914__repro__c07/FINAL-TABLE.md; output/0914__repro__c07/RESULTS.md:126-130","阶段 2 · ASM 接入","B0-14","0","re-measure",""
"17","2026-09-14","fwd+bwd","B0 复现：turbo 出厂 @1cb2e183（B0 基线）","0914__repro__c07（名为 c07 实测在 B0）","B0 ctheliosp-1b112-a37-1（4 卡，负载 2133-2244 MHz）","5.179 / 22.942 / 28.121","合计：273.7","—","","baseline","tools/gfx1250/tune_attention.py：CUDA event 中位数，iters 20，每 rep 冲刷 256 MiB L2，四张量 SQNR 门；TF/s=fwd+bwd 7.697e12/total","A0 Day-1 阶梯在满频机重跑：七行加速 1.88-2.12×、名次一致、SQNR 逐位吻合；这是 A0-VR→B0 的跨卡比（报告按五行 like-for-like 取中位 1.93×），不是 A0 自身的限频代价（A0 自身刷固件前后：op 1.24-1.67×，o1 顺序；e2e 1.44×，不纯，见 seq 198）；09-13 按时钟估的约 1.65× 与它不是同一个量，不作废","GPU0 降级（120 条 MES 超时）只用 GPU1-3","output/0914__repro__c07/FINAL-TABLE.md; output/0914__repro__c07/RESULTS.md:126-130","阶段 2 · ASM 接入","B0-14","0","baseline",""
"18","2026-09-14","fwd+bwd","B0 复现：Day-1 配置调优","0914__repro__c07（名为 c07 实测在 B0）","B0 ctheliosp-1b112-a37-1（4 卡，负载 2133-2244 MHz）","2.738 / 16.195 / 18.916","合计：406.9","—","","复现","tools/gfx1250/tune_attention.py：CUDA event 中位数，iters 20，每 rep 冲刷 256 MiB L2，四张量 SQNR 门；TF/s=fwd+bwd 7.697e12/total","A0 Day-1 阶梯在满频机重跑：七行加速 1.88-2.12×、名次一致、SQNR 逐位吻合；这是 A0-VR→B0 的跨卡比（报告按五行 like-for-like 取中位 1.93×），不是 A0 自身的限频代价（A0 自身刷固件前后：op 1.24-1.67×，o1 顺序；e2e 1.44×，不纯，见 seq 198）；09-13 按时钟估的约 1.65× 与它不是同一个量，不作废","GPU0 降级（120 条 MES 超时）只用 GPU1-3","output/0914__repro__c07/FINAL-TABLE.md; output/0914__repro__c07/RESULTS.md:126-130","阶段 2 · ASM 接入","B0-14","0","re-measure",""
"19","2026-09-14","fwd+bwd","B0 复现：aiter 出厂","0914__repro__c07（名为 c07 实测在 B0）","B0 ctheliosp-1b112-a37-1（4 卡，负载 2133-2244 MHz）","3.366 / 13.838 / 17.204","合计：447.4","—","","对照（0915 标为待重测）","tools/gfx1250/tune_attention.py：CUDA event 中位数，iters 20，每 rep 冲刷 256 MiB L2，四张量 SQNR 门；TF/s=fwd+bwd 7.697e12/total","A0 Day-1 阶梯在满频机重跑：七行加速 1.88-2.12×、名次一致、SQNR 逐位吻合；这是 A0-VR→B0 的跨卡比（报告按五行 like-for-like 取中位 1.93×），不是 A0 自身的限频代价（A0 自身刷固件前后：op 1.24-1.67×，o1 顺序；e2e 1.44×，不纯，见 seq 198）；09-13 按时钟估的约 1.65× 与它不是同一个量，不作废","GPU0 降级（120 条 MES 超时）只用 GPU1-3","output/0914__repro__c07/FINAL-TABLE.md; output/0914__repro__c07/RESULTS.md:126-130","阶段 2 · ASM 接入","B0-14","0","re-measure",""
"20","2026-09-14","fwd+bwd","B0 复现：torch flex 锚点","0914__repro__c07（名为 c07 实测在 B0）","B0 ctheliosp-1b112-a37-1（4 卡，负载 2133-2244 MHz）","3.771 / 11.536 / 15.307","合计：502.8","—","","对照","tools/gfx1250/tune_attention.py：CUDA event 中位数，iters 20，每 rep 冲刷 256 MiB L2，四张量 SQNR 门；TF/s=fwd+bwd 7.697e12/total","A0 Day-1 阶梯在满频机重跑：七行加速 1.88-2.12×、名次一致、SQNR 逐位吻合；这是 A0-VR→B0 的跨卡比（报告按五行 like-for-like 取中位 1.93×），不是 A0 自身的限频代价（A0 自身刷固件前后：op 1.24-1.67×，o1 顺序；e2e 1.44×，不纯，见 seq 198）；09-13 按时钟估的约 1.65× 与它不是同一个量，不作废","GPU0 降级（120 条 MES 超时）只用 GPU1-3","output/0914__repro__c07/FINAL-TABLE.md; output/0914__repro__c07/RESULTS.md:126-130","阶段 2 · ASM 接入","B0-14","0","re-measure",""
"21","2026-09-14","fwd+bwd","B0 复现：树内 vendored 融合 bwd（Day-1 冠军）","0914__repro__c07（名为 c07 实测在 B0）","B0 ctheliosp-1b112-a37-1（4 卡，负载 2133-2244 MHz）","2.734 / 10.270 / 12.994","合计：592.3（bwd 7-GEMM 实发口径 748.4）","—","","复现","tools/gfx1250/tune_attention.py：CUDA event 中位数，iters 20，每 rep 冲刷 256 MiB L2，四张量 SQNR 门；TF/s=fwd+bwd 7.697e12/total","A0 Day-1 阶梯在满频机重跑：七行加速 1.88-2.12×、名次一致、SQNR 逐位吻合；这是 A0-VR→B0 的跨卡比（报告按五行 like-for-like 取中位 1.93×），不是 A0 自身的限频代价（A0 自身刷固件前后：op 1.24-1.67×，o1 顺序；e2e 1.44×，不纯，见 seq 198）；09-13 按时钟估的约 1.65× 与它不是同一个量，不作废","GPU0 降级（120 条 MES 超时）只用 GPU1-3","output/0914__repro__c07/FINAL-TABLE.md; output/0914__repro__c07/RESULTS.md:126-130","阶段 2 · ASM 接入","B0-14","0","re-measure",""
"22","2026-09-14","fwd+bwd","B0 复现：纯 aiter 调优上界","0914__repro__c07（名为 c07 实测在 B0）","B0 ctheliosp-1b112-a37-1（4 卡，负载 2133-2244 MHz）","2.095 / 9.174 / 11.269","合计：683.0","—","","参考上界","tools/gfx1250/tune_attention.py：CUDA event 中位数，iters 20，每 rep 冲刷 256 MiB L2，四张量 SQNR 门；TF/s=fwd+bwd 7.697e12/total","A0 Day-1 阶梯在满频机重跑：七行加速 1.88-2.12×、名次一致、SQNR 逐位吻合；这是 A0-VR→B0 的跨卡比（报告按五行 like-for-like 取中位 1.93×），不是 A0 自身的限频代价（A0 自身刷固件前后：op 1.24-1.67×，o1 顺序；e2e 1.44×，不纯，见 seq 198）；09-13 按时钟估的约 1.65× 与它不是同一个量，不作废","GPU0 降级（120 条 MES 超时）只用 GPU1-3","output/0914__repro__c07/FINAL-TABLE.md; output/0914__repro__c07/RESULTS.md:126-130","阶段 2 · ASM 接入","B0-14","0","re-measure",""
"23","2026-09-14","fwd+bwd","B0 step1（566e7798）","0914__campaign 手工（B0）","B0 ctheliosp-1b112-a37-1（4 卡，负载 2133-2244 MHz）","2.579 / 9.867 / 12.412","合计：620.5","fwd 54.7%（以 ASM fwd 1.410 为分母，derived）","","accepted（+4.28%）","独占窗口三次取中位","融合 bwd waves_per_eu 不设 + fwd num_warps=2；修 harness _ZERO_MEANS_UNSET","0915 xlsx 按 ledger 中位改为 12.454","output/0914__campaign/RESULTS.md:8-24","阶段 2 · ASM 接入","B0-14","1","new-default","合计 13.000 → 12.412 ms，592.0 → 620.5 TF/s（+4.28%），对上一冠军（B0 独占窗口三次中位数）"
"24","2026-09-14","bwd","B0 否决组（num_warps/num_stages/BLOCK/fwd ns=4 等）","0914__campaign 手工（B0）","B0 ctheliosp-1b112-a37-1（4 卡，负载 2133-2244 MHz）","见内容","","—","","rejected","tune_attention.py 扫描","fused bwd nw2 46.98 / nw8 24.13 / nw16 23.54 ms；ns2 12.55；BLOCK_M1/N2=16 12.86；fwd ns4 SQNR 失败","warps=8 降 VGPR 但 spill 压倒收益","output/0914__campaign/RESULTS.md:26-37","阶段 2 · ASM 接入","B0-14","0","rejected",""
"25","2026-09-14","fwd","B0 step2：T7 aiter ASM fwd 接入（0e5cb743）","0914__campaign 手工（B0）","B0 ctheliosp-1b112-a37-1（4 卡，负载 2133-2244 MHz）","1.410 / 9.786 / 11.198","合计：687.3（fwd 1559.8 derived）","fwd = ASM","","accepted（-10.1%）","GPU0 独占窗口交替 3 次","attention_asm_fwd_impl.py 调 aiter 预编译 fmha_fwd_with_sink_asm（.co），fwd 1.82×；越过纯 aiter 调优上界 11.269","四卡负载；200 次逐位确定","output/0914__campaign/RESULTS.md:101-131; commit 0e5cb743","阶段 2 · ASM 接入","B0-14 GPU0","1","new-default","fwd 2.607 → 1.410 ms（1.82×）；合计 12.406 → 11.147 ms（−10.1%），对 step1 冠军（同窗口交替测）"
"26","2026-09-14","bwd","B0 step3：in-thread transpose（a009599b）= 09-14 冠军","0914__campaign 手工（B0）","B0 ctheliosp-1b112-a37-1（4 卡，负载 2133-2244 MHz）","四卡负载 1.406 / 8.893 / 10.299；GPU1 安静 1.396 / 8.840 / 10.235","合计：747.3 → 752.0（bwd 622.0 derived）","fwd = ASM","","accepted（bwd -9.7%）","itt_shipped.jsonl 交替 ON/OFF；final_champion n=1","TRITON_HIP_USE_IN_THREAD_TRANSPOSE=1（由 op-evolve r1 发现）；对出厂 2.75×、对 flex 1.50×","安静复测与满载差 0.6%","output/0914__campaign/HANDOFF.md §1, §15; commit a009599b","阶段 2 · ASM 接入","B0-14 GPU1","1","new-default","四卡负载下 total 11.198 → 10.299 ms，687.3 → 747.3 TF/s（合计，+8.7%，derived），对 step2；GPU1 安静复测 10.235 ms / 752.0 TF/s；bwd −9.7%（ITT 开/关交替）；对出厂 2.75×"
"27","2026-09-14","bwd","B0 Triton job r0（setup 基线）","gfx1250-attn-llama31-8b-bwd-20260914-015415（B0，Triton bwd）","B0-14 GPU1（ctheliosp-1b112-a37-1，负载 2133-2244 MHz）","10.017","548.9（bwd 5.498e12）","—","","baseline","op-evolve benchmark.py：中位数 51 次，palindromic 逐次交错，ASM beat 同进程；prod 排名；TF/s 按 op_flops.py","树内 vendored 融合 Triton bwd；beat = flex bwd 11.6818 ms（470.7 TF/s），target 1.5× beat","","output/0914__campaign/op-evolve-artifacts/gfx1250-attn-llama31-8b-bwd-20260914-015415/job_context/state.yaml, progress.md","阶段 2 · ASM 接入","B0-14 GPU1","0","baseline",""
"28","2026-09-14","bwd","B0 Triton job r1","gfx1250-attn-llama31-8b-bwd-20260914-015415（B0，Triton bwd）","B0-14 GPU1（ctheliosp-1b112-a37-1，负载 2133-2244 MHz）","8.6832","bwd：633.2","—","","accepted（gain 1.1529）","op-evolve benchmark.py：中位数 51 次，palindromic 逐次交错，ASM beat 同进程；prod 排名；TF/s 按 op_flops.py","waves_per_eu 1→0（-4.2%）+ TRITON_HIP_USE_IN_THREAD_TRANSPOSE（-5.9%），合并 -13.2%","validation 未达 1.5× 目标","output/0914__campaign/op-evolve-artifacts/gfx1250-attn-llama31-8b-bwd-20260914-015415/job_context/state.yaml, progress.md","阶段 2 · ASM 接入","B0-14 GPU1","1","accepted","bwd 10.017 → 8.683 ms，548.9 → 633.2 TF/s（+15.4%，derived；job gain 1.153），对 r0"
"29","2026-09-14","bwd","B0 Triton job r2","gfx1250-attn-llama31-8b-bwd-20260914-015415（B0，Triton bwd）","B0-14 GPU1（ctheliosp-1b112-a37-1，负载 2133-2244 MHz）","9.2938","bwd：591.6","—","","failed（gain 0.9344，FastError；act.yaml vs_champion 0.9345）","op-evolve benchmark.py：中位数 51 次，palindromic 逐次交错，ASM beat 同进程；prod 排名；TF/s 按 op_flops.py","sm_scale 折进 exp2（spill 266→307）、偏移量外提；提出'先读 vgpr_spill_count 再花计时预算'","","output/0914__campaign/op-evolve-artifacts/gfx1250-attn-llama31-8b-bwd-20260914-015415/job_context/state.yaml, progress.md","阶段 2 · ASM 接入","B0-14 GPU1","0","failed",""
"30","2026-09-14","bwd","B0 Triton job r3","gfx1250-attn-llama31-8b-bwd-20260914-015415（B0，Triton bwd）","B0-14 GPU1（ctheliosp-1b112-a37-1，负载 2133-2244 MHz）","","","—","","abandoned（未产出候选）","op-evolve benchmark.py：中位数 51 次，palindromic 逐次交错，ASM beat 同进程；prod 排名；TF/s 按 op_flops.py","launch/tile 面判定关闭（BLOCK_N2 上调 +106%/+180% 等）","","output/0914__campaign/op-evolve-artifacts/gfx1250-attn-llama31-8b-bwd-20260914-015415/job_context/state.yaml, progress.md","阶段 2 · ASM 接入","B0-14 GPU1","0","failed",""
"31","2026-09-14","bwd","B0 Triton job r4","gfx1250-attn-llama31-8b-bwd-20260914-015415（B0，Triton bwd）","B0-14 GPU1（ctheliosp-1b112-a37-1，负载 2133-2244 MHz）","9.3794","bwd：586.2","—","","rejected（0.9252）","op-evolve benchmark.py：中位数 51 次，palindromic 逐次交错，ASM beat 同进程；prod 排名；TF/s 按 op_flops.py","tl.range/tl.assume；loop_unroll_factor=2 spill 266→3678 被 spill 门枪毙","09:44 UTC 用户中断，job 停在 r4；best_round=1","output/0914__campaign/op-evolve-artifacts/gfx1250-attn-llama31-8b-bwd-20260914-015415/job_context/state.yaml, progress.md","阶段 2 · ASM 接入","B0-14 GPU1","0","rejected",""
"32","2026-09-14","e2e","B0 e2e：flex eager 基线","0914__campaign e2e","B0-14 GPU3（ctheliosp-1b112-a37-1，负载 2133-2244 MHz）","","","","13.70 s/step，2,392 tps","baseline","e2e Llama-3.1-8B BF16，MBS=GBS=4，seq 8192，单卡，compile 关，AC none；torchtitan 0.2.2；20 步取后 8 步中位","hipBLASLt 镜像库 113 TF/s（朴素 Triton GEMM 1190 TF/s，慢 10.5×）","","output/0914__campaign/RESULTS.md §10","阶段 2 · ASM 接入","B0-14 GPU3","0","baseline",""
"33","2026-09-14","e2e","B0 e2e：flex + torch.compile（默认 inductor）","0914__campaign e2e","B0-14 GPU3（ctheliosp-1b112-a37-1，负载 2133-2244 MHz）","","","","14.28 s/step，2,294 tps（-4%）","rejected","e2e Llama-3.1-8B BF16，MBS=GBS=4，seq 8192，单卡，compile 关，AC none","inductor 仍走 aten.mm","","output/0914__campaign/RESULTS.md §10","阶段 2 · ASM 接入","B0-14 GPU3","0","rejected",""
"34","2026-09-14","e2e","B0 e2e：compile + 强制 Triton GEMM","0914__campaign e2e","B0-14 GPU3（ctheliosp-1b112-a37-1，负载 2133-2244 MHz）","","","","3.41 s/step，9,602 tps（4.01×）","accepted（平台级建议）","e2e Llama-3.1-8B BF16，MBS=GBS=4，seq 8192，单卡，compile 关，AC none","TORCHINDUCTOR_MAX_AUTOTUNE_GEMM=1 + GEMM_BACKENDS=TRITON 绕开 hipBLASLt","A0 上 compile 会挂卡，未沿用","output/0914__campaign/RESULTS.md:132-146","阶段 2 · ASM 接入","B0-14 GPU3","1","gemm-fix","e2e 2,392 → 9,602 tps（4.01×），对 B0 flex eager 基线"
"35","2026-09-14","e2e","B0 e2e：turbo attention（撤回）","0914__campaign e2e","B0-14（ctheliosp-1b112-a37-1，负载 2133-2244 MHz）","","","","2.48 s/step，13,204 tps；三臂 asm 13,928 / noasm 13,926 / flex 9,543（1.459×）","已撤回","e2e Llama-3.1-8B BF16，MBS=GBS=4，seq 8192，单卡，compile 关，AC none","镜像包遮蔽 checkout + converters: []，attention 实为 flex，ASM fwd 在训练中从未被调用；1.459× 不是 attention 收益","asm/noasm 差 0.01% = e2e 噪声底","output/0914__campaign/RESULTS.md:200-212,277-298; HANDOFF.md §4","阶段 2 · ASM 接入","B0-14","0","retracted",""
"36","2026-09-15","fwd+bwd","A0 复现 B0 冠军（ASM fwd + 融合 bwd）","0915 手工（A0）","A0 heliosr-1b114-c07-1（VR 限频 1100 MHz，负载约 0.94-1.07 GHz）","出厂 10.651/45.134/55.785 → 冠军 1.552/17.735/19.285","合计：138.0 → 399.1","fwd = ASM","","复现（2.893×；B0 2.748×）","tools/gfx1250/tune_attention.py：CUDA event 中位数，iters 20，每 rep 冲刷 256 MiB L2，四张量 SQNR 门；TF/s=fwd+bwd 7.697e12/total","仓库快进到 3742d591；SQNR 与 B0 吻合 9 位有效数字","","output/0915__repro__c07/RESULTS.md:191-213","阶段 2 · ASM 接入","A0-T","0","re-measure",""
"37","2026-09-15","fwd","A0 ASM fwd 开关（PRIMUS_TURBO_ATTN_DISABLE_ASM_FWD）","0915 手工（A0）","A0 heliosr-1b114-c07-1（VR 限频 1100 MHz，负载约 0.94-1.07 GHz）","fwd 4.253（Triton）→ 1.549（ASM）","fwd 1419.8（derived）","fwd = ASM","","accepted（前置条件）","tools/gfx1250/tune_attention.py：CUDA event 中位数，iters 20，每 rep 冲刷 256 MiB L2，四张量 SQNR 门；TF/s=fwd+bwd 7.697e12/total","ASM fwd 单独值 2.74×；SQNR 指纹 53.6197→53.6697 证实换了 kernel","","output/0915__opt/RESULTS.md:28-43","阶段 2 · ASM 接入","A0-T","0","re-measure",""
"38","2026-09-15","fwd+bwd","A0 阶梯：强制 Triton fwd + 融合 bwd","0915 手工（A0）","A0 heliosr-1b114-c07-1（VR 限频 1100 MHz，负载约 0.94-1.07 GHz）","4.166 / 17.835 / 22.001","合计：349.8","—","","对照","tools/gfx1250/tune_attention.py：CUDA event 中位数，iters 20，每 rep 冲刷 256 MiB L2，四张量 SQNR 门；TF/s=fwd+bwd 7.697e12/total","Rank 0 对照（事故前）","","output/0915__opt/RESULTS.md 阶梯","阶段 2 · ASM 接入","A0-T","0","re-measure",""
"39","2026-09-15","bwd","A0 T2：aiter ASM bwd 接入（手写 launcher，opt-in）","0915 手工（A0）","A0 heliosr-1b114-c07-1（VR 限频 1100 MHz，负载约 0.94-1.07 GHz）","1.572 / 10.160 / 11.726","合计：656.4（已撤回）","bwd = ASM","ASM bwd 开相对关：32L 开了反而慢 6.78%（1,858 vs 1,984 tps，n=1；显存压力归因后被撤回，落在 e2e 多模态噪声内）；8L tps -0.28%（n=9，0.15× sem，不显著）","op 级接受，默认关","tools/gfx1250/tune_attention.py：CUDA event 中位数，iters 20，每 rep 冲刷 256 MiB L2，四张量 SQNR 门；TF/s=fwd+bwd 7.697e12/total","发现 aiter gfx1250 ASM bwd 在 GQA 下按 q head 越界写 dk/dv → dkdv_heads=q + host 规约；资格门 seqlen≥2048","10.160 ms/541 TF/s 为 autograd shim 伪数（未传 hip=/scratch=），09-24 撤回；真实 ASM bwd bar 7.6766 ms；当日 modprobe -r 致整机失联 → AC-cycle","output/0915__opt/RESULTS.md:9-24; baselines.md §5; output/0915__opt/E2E-AB.md:101,182,232","阶段 2 · ASM 接入","A0-T","0","retracted",""
"40","2026-09-15","e2e","A0 e2e 打通：TurboAttention 接受 enable_gqa","0915 手工（A0）","A0 heliosr-1b114-c07-1（VR 限频 1100 MHz，负载约 0.94-1.07 GHz）","","","","32L 244 tps（rocBLAS）","accepted","e2e Llama-3.1-8B BF16，MBS=GBS=4，seq 8192，单卡，compile 关，AC none","修 TypeError、打开 converter，首次让 e2e 真正用上 turbo attention","","output/0915__opt/RESULTS.md:143-165","阶段 2 · ASM 接入","A0-T","0","info",""
"41","2026-09-15","e2e","A0 e2e：HIPBLASLT_TENSILE_LIBPATH 路径修正","0915 手工（A0）","A0 heliosr-1b114-c07-1（VR 限频 1100 MHz，负载约 0.94-1.07 GHz）","","","","32L 134 s → 17 s/step，244 → 2,027 tps（8.3×，3 步 n=1）","accepted","e2e Llama-3.1-8B BF16，MBS=GBS=4，seq 8192，单卡，compile 关，AC none","指向镜像 library/gfx1250 子目录；GEMM 27.64 → 68.74 TF/s；同日 32L 20 步基线 1,984 tps（ASM bwd 关）","","output/0915__opt/BLAS-FINDING.md:27-58; E2E-AB.md:38","阶段 2 · ASM 接入","A0-T","1","gemm-fix","e2e 32L 244 → 2,027 tps（8.3×，3 步，n=1），对 rocBLAS 路径；GEMM 27.64 → 68.74 TF/s"
"42","2026-09-15","e2e","A0 nkfix v1（dgrad B→N-major）","0915 手工（A0）","A0 heliosr-1b114-c07-1（VR 限频 1100 MHz，负载约 0.94-1.07 GHz）","","","","8L 5.35 s → 2.82 s/step，6,128 → 11,604 tps（1.894×，n=9）","accepted（运行时 patch）","e2e Llama-3.1-8B BF16，MBS=GBS=4，seq 8192，单卡，compile 关，AC none","定位 hipBLASLt NN/wgrad 布局缺纯 bf16 调优库 → 落 MT32x16x32 GEMV tile；TorchDispatchMode 改写 aten::mm；方差 3.91%→0.42%","nk4 连跑 MES ring full 挂卡","output/0915__opt/GEMM-NN-FINDING.md:268-327","阶段 2 · ASM 接入","A0-T","1","gemm-fix","e2e 8L 6,128 → 11,604 tps（1.894×，n=9），对未加 nkfix 的 hipBLASLt"
"43","2026-09-16","e2e","A0 nkfix v2（rule 2：a.contiguous()）","0916 手工（A0）","A0 heliosr-1b114-c07-1（VR 限频 1100 MHz，负载约 0.94-1.07 GHz）","","","","8L 11,539 tps（0.994× v1）","rejected（命中 0 次）","e2e Llama-3.1-8B BF16，MBS=GBS=4，seq 8192，单卡，compile 关，AC none","wgrad 的 B 连续，被 rule 1 先认领","","output/0915__opt/PROFILE-POST-NKFIX.md:63-85","阶段 2 · ASM 接入","A0-T","0","rejected",""
"44","2026-09-16","e2e","A0 nkfix v3（wgrad A 连续 + B N-major）","0916 手工（A0）","A0 heliosr-1b114-c07-1（VR 限频 1100 MHz，负载约 0.94-1.07 GHz）","","","","8L 867 ms/step，37,746 tps（6.16×，n=5）","accepted","e2e Llama-3.1-8B BF16，MBS=GBS=4，seq 8192，单卡，compile 关，AC none","GEMM 2434 → 306 ms/步","原报 38,043/6.21×（含 NaN 运行）0917 更正","output/0915__opt/GEMM-WGRAD-FINDING.md; output/PROGRESS-REPORT-0917.html","阶段 2 · ASM 接入","A0-T","1","gemm-fix","e2e 8L 11,604 → 37,746 tps（3.25×，derived；对 nkfix 前 6,128 为 6.16×），对 nkfix v1"
"45","2026-09-16","e2e","A0 ASM bwd e2e 重做 A/B（GEMM 修好后）","0916 手工（A0）","A0 heliosr-1b114-c07-1（VR 限频 1100 MHz，负载约 0.94-1.07 GHz）","","","","8L ON 42,534 / OFF 37,734 tps（+12.72%）","效应成立，默认仍关","e2e Llama-3.1-8B BF16，MBS=GBS=4，seq 8192，单卡，compile 关，AC none","attention 占单步 3.3% → 20.8%","原报 +14.40%（43,127/37,697）含 NaN 运行，0917 更正","output/0915__opt/BOTTLENECK-SHIFT.md; output/PROGRESS-REPORT-0917.html","阶段 2 · ASM 接入","A0-T","1","e2e-gain","e2e 8L 37,734 → 42,534 tps（+12.72%），ASM bwd 开对关（opt-in，默认仍关）"
"46","2026-09-16","bwd","A0 Triton 两 kernel bwd 配置扫描（proxy s4096）","0916 手工（A0）","A0 heliosr-1b114-c07-1（VR 限频 1100 MHz，负载约 0.94-1.07 GHz）","bwd 9.10 → 7.47（-17.8%）；ASM 2.740","","36.7%（derived）","","路线关闭","proxy llama31-8b-s4096（1/4 FLOP）","33 点扫描，赢家 num_warps=2,wpe=1,ns=1；仍比 ASM 慢 2.73×","","output/0915__opt/TWOKERNEL-SWEEP.md","阶段 2 · ASM 接入","A0-T","0","info",""
"47","2026-09-16","fwd","A0 Triton fwd 配置扫描（proxy s4096）","0916 手工（A0）","A0 heliosr-1b114-c07-1（VR 限频 1100 MHz，负载约 0.94-1.07 GHz）","fwd 1.424 → 1.371（-3.73%）","","—","","不改默认（e2e 仅值 0.15%）","proxy s4096，bwd 固定 ASM","73 点扫描","候选 num_warps=8,wpe=0,ns=2 挂卡（AC-cycle）","output/0915__opt/FWD-SWEEP.md","阶段 2 · ASM 接入","A0-T","0","rejected",""
"48","2026-09-16","e2e","A0 nkfix 转置缓存","0916 手工（A0）","A0 heliosr-1b114-c07-1（VR 限频 1100 MHz，负载约 0.94-1.07 GHz）","","","","收益上限 1.6%","rejected","e2e Llama-3.1-8B BF16，MBS=GBS=4，seq 8192，单卡，compile 关，AC none","dgrad 权重拷贝 12.5 ms/步可缓存，wgrad 137.2 ms/步不可缓存","","output/0915__opt/BOTTLENECK-SHIFT.md:151-182","阶段 2 · ASM 接入","A0-T","0","rejected",""
"49","2026-09-16","e2e","A0 nkfix rule 3：wgrad 走 FlyDSL WMMA GEMM（8L）","0916 手工（A0）","A0 heliosr-1b114-c07-1（VR 限频 1100 MHz，负载约 0.94-1.07 GHz）","","","","8L 707 ms/step，46,374 vs 42,445 tps（+9.26%；对 6,128 为 7.57×）","效应成立，默认关","e2e Llama-3.1-8B BF16，MBS=GBS=4，seq 8192，单卡，compile 关，AC none","同事 FlyDSL gfx1250 GEMM 直接消费转置视图，离线建表（子进程+硬超时+SQNR 门）","首版训练内 autotune 挂卡；8L 49,878 为 NaN 运行已作废","output/0915__opt/NAN-FINDING.md:34-41; FLYDSL-AB.md","阶段 2 · ASM 接入","A0-T","1","gemm-fix","e2e 8L 42,445 → 46,374 tps（+9.26%），对规则 1+2 臂；对 6,128 为 7.57×（默认关）"
"50","2026-09-16","e2e","A0 nkfix rule 3（32L 生产配置）","0916 手工（A0）","A0 heliosr-1b114-c07-1（VR 限频 1100 MHz，负载约 0.94-1.07 GHz）","","","","32L 约 2.33 s/step，14,050 vs 12,340 tps（+13.9%；对 1,984 为 7.08×，n=1）","效应成立，默认关","e2e Llama-3.1-8B BF16，MBS=GBS=4，seq 8192，单卡，compile 关，AC none","rule1+3+ASM vs 同会话 rule1+2+ASM","nkfix 运行 21% 出现 NaN（p=0.004）未解；32L 11,608/5.85× 为 NaN 运行已作废；AC 断电按 SUMMARY d.1.4 去重：09-15 共 5 次，09-16 共 9 次（DAY-0916-SUMMARY 记的 5 次只是 09-16 08:20 之后那一段）","output/0915__opt/RESULT-32L.md; output/0915__opt/DAY-0916-SUMMARY.md §四; session b596bddb, 11052787; 1007__summary d.1.4","阶段 2 · ASM 接入","A0-T","1","gemm-fix","e2e 32L 12,340 → 14,050 tps（+13.9%，n=1），对同会话规则 1+2+ASM；对 1,984 为 7.08×（默认关）"
"51","2026-09-17","fwd+bwd","后端策略回顾（BACKEND-STRATEGY）","0917 回顾","A0（未用 GPU）","","","","","决策文档","","当时冠军即 aiter ASM fwd+bwd；Triton 结构上界 16.7-18.2 ms；文档建议不移植 FlyDSL，用户同日决定转向 FlyDSL attention","","output/0915__opt/BACKEND-STRATEGY.md; session 11052787","阶段 2 · ASM 接入","A0 (CPU)","0","info",""
"52","2026-09-17","fwd","Stage1：aiter FlyDSL m32x8 fwd vs ASM fwd","0917 FlyDSL 移植（A0）","A0（1100 MHz，窗口 967 MHz）","FlyDSL 2.3732 / ASM 1.5691","fwd：926.7 / 1401.6（derived）","66.1%","","立项理由证伪（降级预期继续）","bin/stage1_fwd_ab.py，ABAB n=20，256 MiB flush","flydsl 0.3.2 零 shim 可跑（0.2.4 不行）","","output/0917__flydsl/STAGE1-FWD.md; commit 530dd77e","阶段 3 · FlyDSL 移植","A0-T","0","baseline",""
"53","2026-09-17","bwd","Stage3 bring-up：odo/dv/dkdv/dq 单 tile kernel","0917 FlyDSL 移植（A0）","A0 heliosr-1b114-c07-1（VR 限频 1100 MHz，负载约 0.94-1.07 GHz）","","","—","","正确性通过","NaN 预填 + SQNR vs torch","6 个探针清未知量（WMMA 布局 150.34 dB、tr16 语义等）；odo/dkdv/dq 首跑 141-159 dB","","output/0917__flydsl/kernels/README.md","阶段 3 · FlyDSL 移植","A0-T","0","info",""
"54","2026-09-17","bwd","dkdv_loop 首次计时","0917 FlyDSL 移植（A0）","A0 heliosr-1b114-c07-1（VR 限频 1100 MHz，负载约 0.94-1.07 GHz）","S=4096 单头 1.475","useful 5.8（自定义口径）","'1/93' 已撤回","","非候选","kernels/dkdv_timing.py","单头 grid 填不满卡；同 kernel prod 形状实为 57.2 TF/s","","output/0917__flydsl/DKDV-FIRST-TIMING.md; HANDOFF-0917.md §2","阶段 3 · FlyDSL 移植","A0-T","0","retracted",""
"55","2026-09-17","bwd","A0 bwd job r0（setup 基线）","gfx1250-flydsl-attn-bwd-20260917-115934（A0 编号）","A0 heliosr-1b114-c07-1（VR 限频 1100 MHz，负载约 0.94-1.07 GHz）","prod 96.053（proxy 9.431，fast 1.7665）","bwd：57.241（proxy 36.442，fast 3.042）","7.9%（setup 同会话 beat 7.6134 ms / 722.2）","","baseline","op-evolve benchmark.py：中位数 51 次，palindromic 逐次交错，ASM beat 同进程；prod 排名；TF/s 按 op_flops.py","k_delta_bshd + k_dkdv + k_dq，单 wave32 WG，GQA 寄存器内规约，无 atomic、确定性","beat_margin 0%","OE artifacts/gfx1250-flydsl-attn-bwd-20260917-115934.a0-stale-0930/job_context/history/review/op_setup_v000.md","阶段 3 · FlyDSL 移植","A0-T","0","baseline",""
"56","2026-09-17","bwd","A0 bwd job r1 首次尝试（中断）","gfx1250-flydsl-attn-bwd-20260917-115934（A0 编号）","A0 heliosr-1b114-c07-1（VR 限频 1100 MHz，负载约 0.94-1.07 GHz）","armA prod 58.272","bwd：armA 94.4（cur 57.4，beat 722.7）","13.1%","","未判（交机中断）","op-evolve benchmark.py：中位数 51 次，palindromic 逐次交错，ASM beat 同进程；prod 排名；TF/s 按 op_flops.py","armA causal tile 跳过；armB 32 深收缩","13:17 交机，kill 作业","OE artifacts/gfx1250-flydsl-attn-bwd-20260917-115934/rounds/001/_scratch/benchAB.json","阶段 3 · FlyDSL 移植","A0-T","0","failed",""
"57","2026-09-21","bwd","A0 bwd job r1（fast）","gfx1250-flydsl-attn-bwd-20260917-115934（A0 编号）","A0 heliosr-1b114-c07-1（VR 限频 1100 MHz，负载约 0.94-1.07 GHz）","59.363（derived）","bwd：prod 92.62（proxy 41.41，fast 3.57）","12.9%（同会话 beat 718.71）","","accepted（gain 1.342）","op-evolve benchmark.py：中位数 51 次，palindromic 逐次交错，ASM beat 同进程；prod 排名；TF/s 按 op_flops.py","g01 causal tile 跳过（与基线逐位相同）","sclk 1055-1100","OE artifacts/gfx1250-flydsl-attn-bwd-20260917-115934/job_context/state.yaml + rounds/001/1-opt/act.yaml","阶段 4 · bwd op-evolve（A0）","A0-T","1","accepted","prod 57.24 → 92.62 TF/s（1.62×，derived；同会话 1.680×），对 r0"
"58","2026-09-21","bwd","A0 bwd job r2（fast）","gfx1250-flydsl-attn-bwd-20260917-115934（A0 编号）","A0 heliosr-1b114-c07-1（VR 限频 1100 MHz，负载约 0.94-1.07 GHz）","38.387（derived）","bwd：prod 143.23（proxy 90.61，fast 7.26）","19.9%（同会话 beat 718.91）","","accepted（gain 1.9208）","op-evolve benchmark.py：中位数 51 次，palindromic 逐次交错，ASM beat 同进程；prod 排名；TF/s 按 op_flops.py","g07 32 深收缩 + buffer descriptor num_records 用真实字节 extent（修越界读）+ g06 BLOCK_KV 16→32","","OE artifacts/gfx1250-flydsl-attn-bwd-20260917-115934/job_context/state.yaml + rounds/002/1-opt/act.yaml","阶段 4 · bwd op-evolve（A0）","A0-T","1","accepted","prod 92.62 → 143.23 TF/s（1.55×，derived；同会话 1.546×），对 r1"
"59","2026-09-21/22","bwd","A0 bwd job r3（fast）","gfx1250-flydsl-attn-bwd-20260917-115934（A0 编号）","A0 heliosr-1b114-c07-1（VR 限频 1100 MHz，负载约 0.94-1.07 GHz）","26.501（derived）","bwd：prod 207.47（proxy 109.53，fast 6.45）","29.4%（同会话 beat 704.69）","","accepted（gain 1.2971）","op-evolve benchmark.py：中位数 51 次，palindromic 逐次交错，ASM beat 同进程；prod 排名；TF/s 按 op_flops.py","g10/g13 k_dq BLOCK_Q 16→32→64 + g11 bf16 直接存（VGPR 457→826，0 spill）","09-21 两次 wedge（约 14:12、16:01:54），09-22 AC 后手工收口","OE artifacts/gfx1250-flydsl-attn-bwd-20260917-115934/job_context/state.yaml + rounds/003/1-opt/act.yaml","阶段 4 · bwd op-evolve（A0）","A0-T","1","accepted","prod 143.23 → 207.47 TF/s（1.45×，derived；同会话 1.459×），对 r2"
"60","2026-09-22","bwd","A0 bwd job r4（fast）","gfx1250-flydsl-attn-bwd-20260917-115934（A0 编号）","A0 heliosr-1b114-c07-1（VR 限频 1100 MHz，负载约 0.94-1.07 GHz）","16.612（derived）","bwd：prod 330.98（proxy 184.87，fast 11.45）","46.3%（同会话 beat 715.53）","","accepted（gain 1.5121）","op-evolve benchmark.py：中位数 51 次，palindromic 逐次交错，ASM beat 同进程；prod 排名；TF/s 按 op_flops.py","g09 删 k_dkdv Q/dO staging 直写 LDS + g16 LDS padding（X_ROW_B 256→272 B，S_ROW_B 64→80 B）消 64 路 bank 冲突","单轮最大 1.51×","OE artifacts/gfx1250-flydsl-attn-bwd-20260917-115934/job_context/state.yaml + rounds/004/1-opt/act.yaml","阶段 4 · bwd op-evolve（A0）","A0-T","1","accepted","prod 207.47 → 330.98 TF/s（1.60×，derived；同会话 1.576×），对 r3"
"61","2026-09-22","bwd","A0 bwd job r5（fast）","gfx1250-flydsl-attn-bwd-20260917-115934（A0 编号）","A0 heliosr-1b114-c07-1（VR 限频 1100 MHz，负载约 0.94-1.07 GHz）","16.392（derived）","bwd：prod 335.42（proxy 199.79，fast 15.41）","46.8%（同会话 beat 716.32）","","accepted（gain 1.1539）","op-evolve benchmark.py：中位数 51 次，palindromic 逐次交错，ASM beat 同进程；prod 排名；TF/s 按 op_flops.py","g12 删 k_dq K staging + g17 flyc.compile() 发射（host 0.2688→0.0313 ms）","gain 主要来自 fast，prod 实约 +1.3%（act vs_champion 1.0132）","OE artifacts/gfx1250-flydsl-attn-bwd-20260917-115934/job_context/state.yaml + rounds/005/1-opt/act.yaml","阶段 4 · bwd op-evolve（A0）","A0-T","1","accepted","prod 331.07 → 335.42 TF/s（+1.3%，同会话 1.0132），对 r4；job gain 1.154 主要来自 fast"
"62","2026-09-22","bwd","A0 bwd job r6（fast）","gfx1250-flydsl-attn-bwd-20260917-115934（A0 编号）","A0 heliosr-1b114-c07-1（VR 限频 1100 MHz，负载约 0.94-1.07 GHz）","15.519（derived）","bwd：prod 354.29（proxy 208.73，fast 15.61）","49.5%（同会话 beat 716.19）","","accepted（gain 1.0489）","op-evolve benchmark.py：中位数 51 次，palindromic 逐次交错，ASM beat 同进程；prod 排名；TF/s 按 op_flops.py","g19/g20 mask-free/masked 段拆分 + g03 grid 轴交换","","OE artifacts/gfx1250-flydsl-attn-bwd-20260917-115934/job_context/state.yaml + rounds/006/1-opt/act.yaml","阶段 4 · bwd op-evolve（A0）","A0-T","1","accepted","prod 335.42 → 354.29 TF/s（同会话 +5.4%，1.0541），对 r5"
"63","2026-09-22","bwd","A0 bwd job r7（fast）","gfx1250-flydsl-attn-bwd-20260917-115934（A0 编号）","A0 heliosr-1b114-c07-1（VR 限频 1100 MHz，负载约 0.94-1.07 GHz）","14.366（derived）","bwd：prod 382.73（proxy 219，fast 17.92）","53.4%（同会话 beat 716.9）","","accepted（gain 1.0928）","op-evolve benchmark.py：中位数 51 次，palindromic 逐次交错，ASM beat 同进程；prod 排名；TF/s 按 op_flops.py","g21 k_dkdv 跨迭代预取 Q/dO（r19 删除它 -17.27%）","","OE artifacts/gfx1250-flydsl-attn-bwd-20260917-115934/job_context/state.yaml + rounds/007/1-opt/act.yaml","阶段 4 · bwd op-evolve（A0）","A0-T","1","accepted","prod 354.29 → 382.73 TF/s（同会话 +8.3%，1.0826），对 r6"
"64","2026-09-22","bwd","A0 bwd job r8（fast）","gfx1250-flydsl-attn-bwd-20260917-115934（A0 编号）","A0 heliosr-1b114-c07-1（VR 限频 1100 MHz，负载约 0.94-1.07 GHz）","12.804（derived）","bwd：prod 429.41（proxy 235.81，fast 15）","60.9%（同会话 beat 704.61）","","accepted（gain 1.0297）","op-evolve benchmark.py：中位数 51 次，palindromic 逐次交错，ASM beat 同进程；prod 排名；TF/s 按 op_flops.py","g23/g24 删单 wave fx.barrier()（去掉后端保守 s_wait_loadcnt_dscnt 0x0）","14:26 wedge + AC 后手工收口；同码 AC 前后 382.73→404.06（+5.6%），跨 session 不可比","OE artifacts/gfx1250-flydsl-attn-bwd-20260917-115934/job_context/state.yaml + rounds/008/1-opt/act.yaml","阶段 4 · bwd op-evolve（A0）","A0-T","1","accepted","prod 404.06（AC 后复测的 r7）→ 429.41 TF/s（同会话 +6.3%，1.0627），对 r7"
"65","2026-09-22/23","bwd","A0 bwd job r9（fast）","gfx1250-flydsl-attn-bwd-20260917-115934（A0 编号）","A0 heliosr-1b114-c07-1（VR 限频 1100 MHz，负载约 0.94-1.07 GHz）","11.432（derived）","bwd：prod 480.96（proxy 284.65，fast 20.09）","66.8%（同会话 beat 720.32）","","accepted（gain 1.1187）","op-evolve benchmark.py：中位数 51 次，palindromic 逐次交错，ASM beat 同进程；prod 排名；TF/s 按 op_flops.py","g25 carried-state 合并（VGPR 956→740）+ g26 k_dq 预取（k_dq 5.17→3.99 ms）","09-22 16:01 d_final wedge；AC 断电截断 255 个 git 对象 → 每轮 push 规则","OE artifacts/gfx1250-flydsl-attn-bwd-20260917-115934/job_context/state.yaml + rounds/009/1-opt/act.yaml","阶段 4 · bwd op-evolve（A0）","A0-T","1","accepted","prod 429.41 → 480.96 TF/s（同会话 +11.3%，1.1128），对 r8"
"66","2026-09-23","bwd","A0 bwd job r10（fast）","gfx1250-flydsl-attn-bwd-20260917-115934（A0 编号）","A0 heliosr-1b114-c07-1（VR 限频 1100 MHz，负载约 0.94-1.07 GHz）","12.769（derived）","bwd：prod 430.61（proxy 250.38，fast 19.32）","59.8%（同会话 beat 719.48）","","rejected（gain 0.9586）","op-evolve benchmark.py：中位数 51 次，palindromic 逐次交错，ASM beat 同进程；prod 排名；TF/s 按 op_flops.py","指令级调度：g27 LSE/delta 入预取、g28 2× unroll、g32 半预取","","OE artifacts/gfx1250-flydsl-attn-bwd-20260917-115934/job_context/state.yaml + rounds/010/1-opt/act.yaml","阶段 4 · bwd op-evolve（A0）","A0-T","0","rejected",""
"67","2026-09-23","bwd","A0 bwd job r11（fast）","gfx1250-flydsl-attn-bwd-20260917-115934（A0 编号）","A0 heliosr-1b114-c07-1（VR 限频 1100 MHz，负载约 0.94-1.07 GHz）","13.084（derived）","bwd：prod 420.23（proxy 248.23，fast 18.07）","58.4%（同会话 beat 719.72）","","rejected（gain 0.9291）","op-evolve benchmark.py：中位数 51 次，palindromic 逐次交错，ASM beat 同进程；prod 排名；TF/s 按 op_flops.py","s_set_vgpr_msb bank 税族（g36/g37）","09-23 09:21 第 4 次 job 内 wedge（B 类）","OE artifacts/gfx1250-flydsl-attn-bwd-20260917-115934/job_context/state.yaml + rounds/011/1-opt/act.yaml","阶段 4 · bwd op-evolve（A0）","A0-T","0","rejected",""
"68","2026-09-23","bwd","A0 bwd job r12（fast）","gfx1250-flydsl-attn-bwd-20260917-115934（A0 编号）","A0 heliosr-1b114-c07-1（VR 限频 1100 MHz，负载约 0.94-1.07 GHz）","11.015（derived）","bwd：prod 499.15（proxy 324.55，fast 19.85）","69.9%（同会话 beat 713.71）","","accepted（gain 1.0907）","op-evolve benchmark.py：中位数 51 次，palindromic 逐次交错，ASM beat 同进程；prod 排名；TF/s 按 op_flops.py","g40 k_dq longest-first 派发（+4.91% prod）+ g39 LDS 段分离（null）","max_rounds 12 用尽，提到 40","OE artifacts/gfx1250-flydsl-attn-bwd-20260917-115934/job_context/state.yaml + rounds/012/1-opt/act.yaml","阶段 4 · bwd op-evolve（A0）","A0-T","1","accepted","prod 480.96 → 499.15 TF/s（同会话 +5.3%，1.0530），对 r9"
"69","2026-09-23","bwd","A0 bwd job r13（fast）","gfx1250-flydsl-attn-bwd-20260917-115934（A0 编号）","A0 heliosr-1b114-c07-1（VR 限频 1100 MHz，负载约 0.94-1.07 GHz）","11.054（derived）","bwd：prod 497.39（proxy 417.15，fast 34.38）","70.0%（同会话 beat 710.78）","","accepted（gain 1.3704）","op-evolve benchmark.py：中位数 51 次，palindromic 逐次交错，ASM beat 同进程；prod 排名；TF/s 按 op_flops.py","g42 k_dkdv q 轴确定性 split-K（fp32 partial + 固定序 sum）+ g43 XCD 重排（null）；prod 走 nsp=1 未动","","OE artifacts/gfx1250-flydsl-attn-bwd-20260917-115934/job_context/state.yaml + rounds/013/1-opt/act.yaml","阶段 4 · bwd op-evolve（A0）","A0-T","1","accepted","prod 持平（同会话 1.0040；499.15 → 497.39 TF/s）；job gain 1.370 来自 fast 1.773× / proxy 1.334×，对 r12"
"70","2026-09-23","bwd","A0 bwd job r14 attempt 1（被 wedge 杀）","gfx1250-flydsl-attn-bwd-20260917-115934（A0 编号）","A0 heliosr-1b114-c07-1（VR 限频 1100 MHz，负载约 0.94-1.07 GHz）","","","","","aborted","op-evolve benchmark.py：中位数 51 次，palindromic 逐次交错，ASM beat 同进程；prod 排名；TF/s 按 op_flops.py","五个变体之一越界读引发 fault storm（IH ring overflow）→ MES 不可恢复","13:35 wedge → AC-cycle","output/0923__flydsl/hint.md h22","阶段 4 · bwd op-evolve（A0）","A0-T","0","failed",""
"71","2026-09-23","bwd","A0 bwd job r14（fast）","gfx1250-flydsl-attn-bwd-20260917-115934（A0 编号）","A0 heliosr-1b114-c07-1（VR 限频 1100 MHz，负载约 0.94-1.07 GHz）","11.015（derived）","bwd：prod 499.14（proxy 440.81，fast 43.15）","69.5%（同会话 beat 718.12）","","accepted（gain 1.111）","op-evolve benchmark.py：中位数 51 次，palindromic 逐次交错，ASM beat 同进程；prod 排名；TF/s 按 op_flops.py","g44 nsp 规则（wgs*nsp≥2048，上限 16）+ g45 k_redsp 固定序归约 kernel","首次尝试 13:35 wedge（C 类 fault storm）；之后 dmesg_restrict 改 0","OE artifacts/gfx1250-flydsl-attn-bwd-20260917-115934/job_context/state.yaml + rounds/014/1-opt/act.yaml","阶段 4 · bwd op-evolve（A0）","A0-T","1","accepted","prod 持平（同会话 1.0019；497.39 → 499.14 TF/s）；job gain 1.111 来自 fast 1.288× / proxy 1.043×，对 r13"
"72","2026-09-24","bwd","A0 bwd job r15（fast）","gfx1250-flydsl-attn-bwd-20260917-115934（A0 编号）","A0 heliosr-1b114-c07-1（VR 限频 1100 MHz，负载约 0.94-1.07 GHz）","11.572（derived）","bwd：prod 475.14（proxy 415.89，fast 41.86）","66.5%（同会话 beat 714.42）","","failed（gain 1.0035；曾被晋升为冠军，20baa45e 回滚）","op-evolve benchmark.py：中位数 51 次，palindromic 逐次交错，ASM beat 同进程；prod 排名；TF/s 按 op_flops.py","g46 手写分级等待（放弃）+ g47 sched_group_barrier（prod 0.9688）","gain 1.0035（三形状算术平均 + min_gain 0）当时已被晋升为冠军；框架另因 FastError 记 failed；20baa45e 手工回滚到 r14（best_round 与三形状 champions 都改回 14）；回滚后的 state.yaml 记 accepted:false / outcome failed","OE artifacts/gfx1250-flydsl-attn-bwd-20260917-115934/job_context/state.yaml + rounds/015/1-opt/act.yaml; commit 20baa45e","阶段 4 · bwd op-evolve（A0）","A0-T","0","rolled-back",""
"73","2026-09-24","bwd","A0 bwd job r16（fast）","gfx1250-flydsl-attn-bwd-20260917-115934（A0 编号）","A0 heliosr-1b114-c07-1（VR 限频 1100 MHz，负载约 0.94-1.07 GHz）","10.952（derived）","bwd：prod 502.03（proxy 434.6，fast 41.6）","69.8%（同会话 beat 719.14）","","accepted（gain 1.005）","op-evolve benchmark.py：中位数 51 次，palindromic 逐次交错，ASM beat 同进程；prod 排名；TF/s 按 op_flops.py","g51 LSE/delta 并入 g21 预取 + sched_barrier(0)","","OE artifacts/gfx1250-flydsl-attn-bwd-20260917-115934/job_context/state.yaml + rounds/016/1-opt/act.yaml","阶段 4 · bwd op-evolve（A0）","A0-T","1","accepted","prod 499.14 → 502.03 TF/s（同会话 +0.66%，1.0066），对 r14"
"74","2026-09-24","bwd","A0 bwd job r17（deep）","gfx1250-flydsl-attn-bwd-20260917-115934（A0 编号）","A0 heliosr-1b114-c07-1（VR 限频 1100 MHz，负载约 0.94-1.07 GHz）","10.828（derived）","bwd：prod 507.79（proxy 448.77，fast 56.45）","70.6%（同会话 beat 719.14）","","accepted（gain 1.159）","op-evolve benchmark.py：中位数 51 次，palindromic 逐次交错，ASM beat 同进程；prod 排名；TF/s 按 op_flops.py","deep：ATT 测量；g52 k_dq nsp_q split-K（只在 grid 欠填时）","PC sampling 在 prod fault（卡存活）→ 禁用","OE artifacts/gfx1250-flydsl-attn-bwd-20260917-115934/job_context/state.yaml + rounds/017/1-opt/act.yaml","阶段 4 · bwd op-evolve（A0）","A0-T","1","accepted","prod 502.03 → 507.79 TF/s（同会话 +0.61%，1.0061）；job gain 1.159 主要来自 fast（1.451×），对 r16"
"75","2026-09-24","bwd","A0 bwd job r18（fast）","gfx1250-flydsl-attn-bwd-20260917-115934（A0 编号）","A0 heliosr-1b114-c07-1（VR 限频 1100 MHz，负载约 0.94-1.07 GHz）","11.709（derived）","bwd：prod 469.56（proxy 404.85，fast 52.22）","65.3%（同会话 beat 719.49）","","rejected（gain 0.9308）","op-evolve benchmark.py：中位数 51 次，palindromic 逐次交错，ASM beat 同进程；prod 排名；TF/s 按 op_flops.py","g56 LSE/delta 改 global_load_async_to_lds_b32（-6.84%）","08:58 validation 多形状单进程 wedge → 一形状一进程","OE artifacts/gfx1250-flydsl-attn-bwd-20260917-115934/job_context/state.yaml + rounds/018/1-opt/act.yaml","阶段 4 · bwd op-evolve（A0）","A0-T","0","rejected",""
"76","2026-09-24","bwd","A0 bwd job r19（fast）","gfx1250-flydsl-attn-bwd-20260917-115934（A0 编号）","A0 heliosr-1b114-c07-1（VR 限频 1100 MHz，负载约 0.94-1.07 GHz）","10.881（derived）","bwd：prod 505.29（proxy 439.83，fast 53.11）","70.2%（同会话 beat 719.5）","","rejected（gain 0.9939）","op-evolve benchmark.py：中位数 51 次，palindromic 逐次交错，ASM beat 同进程；prod 排名；TF/s 按 op_flops.py","g59 WMMA A reuse（null）；g60 删 g21 预取 -17.27%","","OE artifacts/gfx1250-flydsl-attn-bwd-20260917-115934/job_context/state.yaml + rounds/019/1-opt/act.yaml","阶段 4 · bwd op-evolve（A0）","A0-T","0","rejected",""
"77","2026-09-24","bwd","A0 bwd job r20（fast）","gfx1250-flydsl-attn-bwd-20260917-115934（A0 编号）","A0 heliosr-1b114-c07-1（VR 限频 1100 MHz，负载约 0.94-1.07 GHz）","10.751（derived）","bwd：prod 511.42（proxy 435.93，fast 55.07）","71.4%（同会话 beat 715.94）","","accepted（gain 1.0016）","op-evolve benchmark.py：中位数 51 次，palindromic 逐次交错，ASM beat 同进程；prod 排名；TF/s 按 op_flops.py","g62 k_dkdv Q/dO 预取深度 1→2（+1.65%）+ g61 链拆分（null）；VGPR 904","A0 限频期 bwd 冠军；gain 1.0016 靠 min_gain 0 才过；r22 同会话复测 516.87；shape key 改名 fork champions（h35）","OE artifacts/gfx1250-flydsl-attn-bwd-20260917-115934/job_context/state.yaml + rounds/020/1-opt/act.yaml","阶段 4 · bwd op-evolve（A0）","A0-T","1","accepted","prod 507.79 → 511.42 TF/s（同会话 +2.0%，1.0200），对 r17；job gain 仅 1.0016"
"78","2026-09-24","bwd","A0 bwd job r21（fast）","gfx1250-flydsl-attn-bwd-20260917-115934（A0 编号）","A0 heliosr-1b114-c07-1（VR 限频 1100 MHz，负载约 0.94-1.07 GHz）","13.342（derived）","bwd：prod 412.1（proxy 365.71，fast 53.3）","57.8%（同会话 beat 713.09）","","failed（gain 0.8721）","op-evolve benchmark.py：中位数 51 次，palindromic 逐次交错，ASM beat 同进程；prod 排名；TF/s 按 op_flops.py","g63 k_dq 预取 1→2 -19.33%；g66 打散 k_dq 载入 -21.93%","","OE artifacts/gfx1250-flydsl-attn-bwd-20260917-115934/job_context/state.yaml + rounds/021/1-opt/act.yaml","阶段 4 · bwd op-evolve（A0）","A0-T","0","failed",""
"79","2026-09-24","bwd","A0 bwd job r22（fast）","gfx1250-flydsl-attn-bwd-20260917-115934（A0 编号）","A0 heliosr-1b114-c07-1（VR 限频 1100 MHz，负载约 0.94-1.07 GHz）","15.200（derived）","bwd：prod 361.73（proxy 327.77，fast 51.22）","50.3%（同会话 beat 719.14）","","failed（gain 0.7881）","op-evolve benchmark.py：中位数 51 次，palindromic 逐次交错，ASM beat 同进程；prod 排名；TF/s 按 op_flops.py","g68 sched_group_barrier 打散 k_dkdv 预取载入 -30.0%；g67 fence 0.892","","OE artifacts/gfx1250-flydsl-attn-bwd-20260917-115934/job_context/state.yaml + rounds/022/1-opt/act.yaml","阶段 4 · bwd op-evolve（A0）","A0-T","0","failed",""
"80","2026-09-24/25","bwd","A0 bwd job r23（fast）","gfx1250-flydsl-attn-bwd-20260917-115934（A0 编号）","A0 heliosr-1b114-c07-1（VR 限频 1100 MHz，负载约 0.94-1.07 GHz）","10.943（derived）","bwd：prod 502.44（proxy 438.65，fast 48.93）","70.1%（同会话 beat 716.48）","","rejected（gain 0.9515）","op-evolve benchmark.py：中位数 51 次，palindromic 逐次交错，ASM beat 同进程；prod 排名；TF/s 按 op_flops.py","g71 删回 g62 第二级预取 -1.74%（证明 g62 是真机制）","09-25 测量；09-30 在 A0 手工收口为 REJECTED","OE artifacts/gfx1250-flydsl-attn-bwd-20260917-115934/job_context/state.yaml + rounds/023/1-opt/act.yaml","阶段 4 · bwd op-evolve（A0）","A0-T","0","rejected",""
"81","2026-09-24","bwd","ASM bwd bar 普查（撤回 10.160 ms）","0924 bar-census（A0）","A0 heliosr-1b114-c07-1（VR 限频 1100 MHz，负载约 0.94-1.07 GHz）","ASM 7.6766（n=224 raw；7.6769 n=146 dedup）","bwd：约 716","100%","","—","op-evolve beat/impl.py 普查","10.160/541 为 09-15 autograd shim 伪数；FlyDSL 冠军实际 0.70-0.72×；差距 = 7 vs 5 GEMM 结构 1.386× × 调度 1.00-1.01","","output/0924__flydsl/DAY-SUMMARY.md; baselines.md §0,§5","阶段 4 · bwd op-evolve（A0）","A0-T","0","re-measure",""
"82","2026-09-25","bwd","09-25 G0 原子 scope 探针","bwd 手工探索（job 外，A0）","A0 heliosr-1b114-c07-1（VR 限频 1100 MHz，负载约 0.94-1.07 GHz）","","","","","信息","同 session，一进程一 shape","BufferAtomicAdd 为 SCOPE_CU；UniversalAtomicAdd(Agent) 给 SCOPE_DEV","09-25 dq 合同放宽为 run-to-run ≥70 dB（dk/dv 仍 200 次逐位）","output/0925__flydsl/g0-scope","阶段 4 · bwd op-evolve（A0）","A0-T","0","info",""
"83","2026-09-25","bwd","09-25 G1a 1-wave 恢复 barrier","bwd 手工探索（job 外，A0）","A0 heliosr-1b114-c07-1（VR 限频 1100 MHz，负载约 0.94-1.07 GHz）","","","","","信息（免费）","同 session，一进程一 shape","VGPR 904 不变，热体 -5 指令；rocdl.s_waitcnt 在 gfx1250 抛错","09-25 dq 合同放宽为 run-to-run ≥70 dB（dk/dv 仍 200 次逐位）","commit c25f9e8c","阶段 4 · bwd op-evolve（A0）","A0-T","0","info",""
"84","2026-09-25","bwd","09-25 G1b/G2 4-wave BLOCK_KV=128 骨架","bwd 手工探索（job 外，A0）","A0 heliosr-1b114-c07-1（VR 限频 1100 MHz，负载约 0.94-1.07 GHz）","w4 16.3145 / 冠军 10.8373 / beat 7.7007","bwd：337.02 / 507.34 / 713.99","47.2%","","rejected（0.664×，方向搁置）","同 session，一进程一 shape","UT 15/15，SQNR 与冠军相同；s_barrier 0→8","09-25 dq 合同放宽为 run-to-run ≥70 dB（dk/dv 仍 200 次逐位）","output/0925__flydsl/g1b-4wave/meas/prod.out; commit 3c2e9d37","阶段 4 · bwd op-evolve（A0）","A0-T","0","rejected",""
"85","2026-09-25","bwd","09-25 TDM screen","bwd 手工探索（job 外，A0）","A0 heliosr-1b114-c07-1（VR 限频 1100 MHz，负载约 0.94-1.07 GHz）","","","","","rejected（dual-use staging，非候选）","同 session，一进程一 shape","TDM 可 lowering 但删不掉 buffer_load","09-25 dq 合同放宽为 run-to-run ≥70 dB（dk/dv 仍 200 次逐位）","output/0925__flydsl/tdm-plan/PLAN.md","阶段 4 · bwd op-evolve（A0）","A0-T","0","rejected",""
"86","2026-09-25","bwd","09-25 S1 cover 实验","bwd 手工探索（job 外，A0）","A0 heliosr-1b114-c07-1（VR 限频 1100 MHz，负载约 0.94-1.07 GHz）","","bwd：335.96 vs 337.59","","","null（0.995×）","同 session，一进程一 shape","预取移到 barrier-2 之后 cover +36% 无效","09-25 dq 合同放宽为 run-to-run ≥70 dB（dk/dv 仍 200 次逐位）","commit 5cea047c","阶段 4 · bwd op-evolve（A0）","A0-T","0","null",""
"87","2026-09-25","bwd","09-25 barrier-free 探针（timing-only）","bwd 手工探索（job 外，A0）","A0 heliosr-1b114-c07-1（VR 限频 1100 MHz，负载约 0.94-1.07 GHz）","","bwd：495.56 vs 342.10（冠军 521.86）","","","探针","同 session，一进程一 shape","barrier 免费时 4-wave 上限仍只到冠军 0.950×","09-25 dq 合同放宽为 run-to-run ≥70 dB（dk/dv 仍 200 次逐位）","commit 93c6c93d","阶段 4 · bwd op-evolve（A0）","A0-T","0","info",""
"88","2026-09-25","bwd","09-25 S2 split barrier gap","bwd 手工探索（job 外，A0）","A0 heliosr-1b114-c07-1（VR 限频 1100 MHz，负载约 0.94-1.07 GHz）","","bwd：332.74 vs 337.56","","","null（0.986）","同 session，一进程一 shape","gap 1→233 无效，4 个 barrier 机制全被证伪，原因未知","09-25 dq 合同放宽为 run-to-run ≥70 dB（dk/dv 仍 200 次逐位）","commit 56cab2b0","阶段 4 · bwd op-evolve（A0）","A0-T","0","null",""
"89","2026-09-27","bwd","BARRIER-CENSUS + FUSED5 设计（compile-only）","0927 CPU 研究（A0）","A0（CPU）","","","","","设计（未测）","compile-only","dQ fp32 SCOPE_DEV 原子融进 k_dkdv：VGPR 936 0 spill；估 0.970× bar（E_atom=0）","","output/0927__flydsl/bwd/FUSED5.md","阶段 4 · bwd op-evolve（A0）","A0 (CPU)","0","info",""
"90","2026-09-23","fwd","Stage2 sweep-1：n_block 64→128/256","0923 手工（A0）","A0 heliosr-1b114-c07-1（VR 限频 1100 MHz，负载约 0.94-1.07 GHz）","出货 2.400 / 7.741 / 23.753","fwd：930.7 / 288.5 / 94.0（FLOP≈2.233e12 旧口径）","65.7%（出货点）","","rejected（L10 死）","同会话轮转 n=20","VGPR 2×584>1024 溢出","首版 harness 未传 n_block 是空实验，修复后重测","output/0923__flydsl/STAGE2-FWD-SWEEP.md:9-38","阶段 5 · fwd op-evolve（A0）","A0-T","0","rejected",""
"91","2026-09-23","fwd","Stage2 sweep-2：(BLOCK_M, n_block) 联动","0923 手工（A0）","A0 heliosr-1b114-c07-1（VR 限频 1100 MHz，负载约 0.94-1.07 GHz）","出货 2.364（其余 2.666-24.799）","fwd：944.8（旧口径）","","","rejected（L11 关闭）","同会话轮转","出货点是局部最优","","output/0923__flydsl/STAGE2-FWD-SWEEP.md:55-77","阶段 5 · fwd op-evolve（A0）","A0-T","0","rejected",""
"92","2026-09-23","fwd","Stage2 sweep-3：波数 + O_VARIANT","0923 手工（A0）","A0 heliosr-1b114-c07-1（VR 限频 1100 MHz，负载约 0.94-1.07 GHz）","v3 2.356 / v1 2.313（ASM 1.557）","fwd：947.8 / 965.8（旧口径）","66.1%（v3）","","v1 推荐（09-25 未复现，未合入）","n=101 复测","4-wave 在 aiter 代码中是路障（V1 loader 编译失败、V2/V3 manager num_waves!=8 硬抛）","","output/0923__flydsl/STAGE2-FWD-SWEEP.md:86-137","阶段 5 · fwd op-evolve（A0）","A0-T","0","null",""
"93","2026-09-24","fwd","fwd bar 锚定","0924 bar-census（A0）","A0（sclk 1011→989）","FlyDSL 2.4005 / ASM 1.5724","fwd：916.16 / 1398.67","65.5%","","—","n=51","差距 1.5266× 全为效率（block-causal 额外工作 0.78%）","","output/0924__flydsl/bar-census/fwd_anchor.json","阶段 5 · fwd op-evolve（A0）","A0-T","0","re-measure",""
"94","2026-09-25","fwd","flydsl 0.3.2 vs 0.3.4.1 A/B","0925 手工（A0）","A0 heliosr-1b114-c07-1（VR 限频 1100 MHz，负载约 0.94-1.07 GHz）","fly 2.332-2.343 / ASM 1.539-1.553","fwd：938.5-942.9","65.7-66.6%","","采用 0.3.4.1（中性）","fwdab.py 同进程 ABBA×3，n=52","API 审计清理后 fwd kernel / bwd 冠军 ISA 逐字节一致","FlyDSL 0.3.2 → 0.3.4.1（fwd 用），bwd 仍 pin 0.3.2","output/0925__flydsl/fwd341/ab_prod.log; commit 0febef39","阶段 5 · fwd op-evolve（A0）","A0-T","0","null",""
"95","2026-09-25","fwd","A0 fwd job r0（baseline）","gfx1250-flydsl-attn-fwd-20260925-114644（A0）","A0 heliosr-1b114-c07-1（VR 限频 1100 MHz，负载约 0.94-1.07 GHz）","2.352（derived）","fwd：prod 935.04（proxy 549.77，fast 47.32；取 r1 同会话 incumbent）","66.9%（同会话 beat 1397.3）","","baseline","op-evolve benchmark.py：中位数 51 次，palindromic 逐次交错，ASM beat 同进程；prod 排名；TF/s 按 op_flops.py","vendored aiter FlyDSL fwd（op0341，flydsl 0.3.4.1）；setup 未产出速度","","OE artifacts/gfx1250-flydsl-attn-fwd-20260925-114644/job_context/state.yaml","阶段 5 · fwd op-evolve（A0）","A0-T","0","baseline",""
"96","2026-09-25","fwd","A0 fwd job r1（fast）","gfx1250-flydsl-attn-fwd-20260925-114644（A0）","A0 heliosr-1b114-c07-1（VR 限频 1100 MHz，负载约 0.94-1.07 GHz）","2.166（derived）","fwd：prod 1015.37（proxy 813.38，fast 44.2）","72.7%（同会话 beat 1397.3）","","rejected（gain 1.1665）","op-evolve benchmark.py：中位数 51 次，palindromic 逐次交错，ASM beat 同进程；prod 排名；TF/s 按 op_flops.py","g01 longest-first 因果 q-tile 调度（prod +8.6%，proxy 1.48×）；O_VARIANT v1 未复现","只因 50 dB 精度门（基线自身 49.82-49.99）与 fast band 0.993 两个框架 bug 被拒","OE artifacts/gfx1250-flydsl-attn-fwd-20260925-114644/rounds/001/1-opt/act.yaml + state.yaml","阶段 5 · fwd op-evolve（A0）","A0-T","0","rejected",""
"97","2026-09-25","fwd","A0 fwd job r2（fast）","gfx1250-flydsl-attn-fwd-20260925-114644（A0）","A0 heliosr-1b114-c07-1（VR 限频 1100 MHz，负载约 0.94-1.07 GHz）","2.160（derived）","fwd：prod 1017.97（proxy 778.51，fast 44.53）","73.0%（同会话 beat 1395.1）","","accepted（gain 1.1476）","op-evolve benchmark.py：中位数 51 次，palindromic 逐次交错，ASM beat 同进程；prod 排名；TF/s 按 op_flops.py","h20 重新提交 r1 longest-first（字节相同）；B 臂 ENABLE_DEFER_RESCALE=False 输","首个新冠军；commit d64933d4","OE artifacts/gfx1250-flydsl-attn-fwd-20260925-114644/rounds/002/1-opt/act.yaml + state.yaml","阶段 5 · fwd op-evolve（A0）","A0-T","1","accepted","prod 935.04 → 1017.97 TF/s（+8.9%；同会话 1.089），对 r0"
"98","2026-09-25","fwd","A0 fwd job r3（fast）","gfx1250-flydsl-attn-fwd-20260925-114644（A0）","A0 heliosr-1b114-c07-1（VR 限频 1100 MHz，负载约 0.94-1.07 GHz）","2.170（derived）","fwd：prod 1013.6（proxy 778.18，fast 36.33）","72.5%（同会话 beat 1397.6）","","rejected（gain 0.9993）","op-evolve benchmark.py：中位数 51 次，palindromic 逐次交错，ASM beat 同进程；prod 排名；TF/s 按 op_flops.py","g07 s_prefetch_inst（null）+ g08 s_setprio（null）；去 exp2 探针：softmax exp 占 prod 13.4%","palindrome 槽位偏差使 proxy 虚涨 15%，改 3 session 轮转","OE artifacts/gfx1250-flydsl-attn-fwd-20260925-114644/rounds/003/1-opt/act.yaml + state.yaml","阶段 5 · fwd op-evolve（A0）","A0-T","0","rejected",""
"99","2026-09-25/09-27","fwd","A0 fwd job r4（fast）","gfx1250-flydsl-attn-fwd-20260925-114644（A0）","A0 heliosr-1b114-c07-1（VR 限频 1100 MHz，负载约 0.94-1.07 GHz）","2.032（derived）","fwd：prod 1082.09（proxy 862.75，fast 47.32）","77.4%（同会话 beat 1398.93）","","accepted（gain 1.0734）","op-evolve benchmark.py：中位数 51 次，palindromic 逐次交错，ASM beat 同进程；prod 排名；TF/s 按 op_flops.py","g09 exp 参数 v_pk_fma_f32 + g10 row-sum v_pk_add_f32（超加性 +6.3%，VGPR 456，0 spill）","09-25 交机中断，09-27 重跑；commit 53ca89c9","OE artifacts/gfx1250-flydsl-attn-fwd-20260925-114644/rounds/004/1-opt/act.yaml + state.yaml","阶段 5 · fwd op-evolve（A0）","A0-T","1","accepted","prod 1017.97 → 1082.09 TF/s（+6.3%；同会话 1.063），对 r2"
"100","2026-09-27","fwd","A0 fwd job r5（deep）","gfx1250-flydsl-attn-fwd-20260925-114644（A0）","A0 heliosr-1b114-c07-1（VR 限频 1100 MHz，负载约 0.94-1.07 GHz）","2.409（derived）","fwd：prod 912.99（proxy 674.46，fast 30.2）","65.4%（同会话 beat 1396.77）","","rejected（gain 0.8352）","op-evolve benchmark.py：中位数 51 次，palindromic 逐次交错，ASM beat 同进程；prod 排名；TF/s 按 op_flops.py","deep：g13 QK(i+1)/softmax(i) 软件流水（512 VGPR，0 spill）prod -15.2%，cycles +20.3%","静态 ISA 指标再次失效","OE artifacts/gfx1250-flydsl-attn-fwd-20260925-114644/rounds/005/1-opt/act.yaml + state.yaml","阶段 5 · fwd op-evolve（A0）","A0-T","0","rejected",""
"101","2026-09-27","fwd","A0 fwd job r6（fast）","gfx1250-flydsl-attn-fwd-20260925-114644（A0）","A0 heliosr-1b114-c07-1（VR 限频 1100 MHz，负载约 0.94-1.07 GHz）","2.064（derived）","fwd：prod 1065.79（proxy 794.55，fast 38.6）","76.1%（同会话 beat 1400.4）","","rejected（gain 0.9984）","op-evolve benchmark.py：中位数 51 次，palindromic 逐次交错，ASM beat 同进程；prod 排名；TF/s 按 op_flops.py","g14 per-lane 部分 row-sum（permlanex16 16→10）-1.9%；发现 post-ASM I$ 惩罚（I$ miss 0→808）","","OE artifacts/gfx1250-flydsl-attn-fwd-20260925-114644/rounds/006/1-opt/act.yaml + state.yaml","阶段 5 · fwd op-evolve（A0）","A0-T","0","rejected",""
"102","2026-09-27","fwd","A0 fwd job r7（fast）","gfx1250-flydsl-attn-fwd-20260925-114644（A0）","A0 heliosr-1b114-c07-1（VR 限频 1100 MHz，负载约 0.94-1.07 GHz）","2.104（derived）","fwd：prod 1045.27（proxy 794.93，fast 39.23）","74.7%（同会话 beat 1398.49）","","rejected（gain 0.9808）","op-evolve benchmark.py：中位数 51 次，palindromic 逐次交错，ASM beat 同进程；prod 排名；TF/s 按 op_flops.py","h24 barrier 每 2 tile 一次原型 -3.5%/-6%；删 barrier 上限 +4.5-5.2%；L20 无分支 rescale -8.3%","","OE artifacts/gfx1250-flydsl-attn-fwd-20260925-114644/rounds/007/1-opt/act.yaml + state.yaml","阶段 5 · fwd op-evolve（A0）","A0-T","0","rejected",""
"103","2026-09-27","fwd","A0 fwd job r8（fast）","gfx1250-flydsl-attn-fwd-20260925-114644（A0）","A0 heliosr-1b114-c07-1（VR 限频 1100 MHz，负载约 0.94-1.07 GHz）","2.012（derived）","fwd：prod 1093.1（proxy 766.9，fast 35.84）","77.8%（同会话 beat 1405.76）","","rejected（gain 0.9746）","op-evolve benchmark.py：中位数 51 次，palindromic 逐次交错，ASM beat 同进程；prod 排名；TF/s 按 op_flops.py","g20 nodelay（amdgpu-enable-delay-alu=False）prod +0.6-0.7%，含 beat 时 proxy 0.956 被拒","post-beat 测量顺序伪影 → h28/h29","OE artifacts/gfx1250-flydsl-attn-fwd-20260925-114644/rounds/008/1-opt/act.yaml + state.yaml","阶段 5 · fwd op-evolve（A0）","A0-T","0","rejected",""
"104","2026-09-27","fwd","A0 fwd job r9（fast）","gfx1250-flydsl-attn-fwd-20260925-114644（A0）","A0 heliosr-1b114-c07-1（VR 限频 1100 MHz，负载约 0.94-1.07 GHz）","2.072（derived）","fwd：prod 1061.58（proxy 816.36，fast 40.97）","75.2%（同会话 beat 1411.89）","","rejected（gain 0.9779）","op-evolve benchmark.py：中位数 51 次，palindromic 逐次交错，ASM beat 同进程；prod 排名；TF/s 按 op_flops.py；无 beat 尺子（h28）","nodelay+lock_simd 合并提交（lock_simd -3.5%）","首次无 beat 尺子（h28）；r9 起 fast/proxy 绝对值偏高，不可与 r1-r8 比","OE artifacts/gfx1250-flydsl-attn-fwd-20260925-114644/rounds/009/1-opt/act.yaml + state.yaml","阶段 5 · fwd op-evolve（A0）","A0-T","0","rejected",""
"105","2026-09-27","fwd","A0 fwd job r10（deep）","gfx1250-flydsl-attn-fwd-20260925-114644（A0）","A0 heliosr-1b114-c07-1（VR 限频 1100 MHz，负载约 0.94-1.07 GHz）","2.001（derived）","fwd：prod 1099.24（proxy 928.11，fast 54.61）","77.6%（同会话 beat 1416.18）","","rejected（gain 1.0022）","op-evolve benchmark.py：中位数 51 次，palindromic 逐次交错，ASM beat 同进程；prod 排名；TF/s 按 op_flops.py；无 beat 尺子（h28）","deep：nodelay 单独 prod +0.83%（4/4）","三形状平均 1.0022 < 1.007 + GATE_DB=50 硬编码被拒 → gain_weights prod1/proxy0.25/fast0、GATE_DB 49","OE artifacts/gfx1250-flydsl-attn-fwd-20260925-114644/rounds/010/1-opt/act.yaml + state.yaml","阶段 5 · fwd op-evolve（A0）","A0-T","0","rejected",""
"106","2026-09-27","fwd","A0 fwd job r11（fast）","gfx1250-flydsl-attn-fwd-20260925-114644（A0）","A0 heliosr-1b114-c07-1（VR 限频 1100 MHz，负载约 0.94-1.07 GHz）","1.979（derived）","fwd：prod 1111.15（proxy 932.86，fast 65.43）","78.9%（同会话 beat 1407.8；对 09-24 bar 1398.67 为 79.4%）","","accepted（gain 1.0074）","op-evolve benchmark.py：中位数 51 次，palindromic 逐次交错，ASM beat 同进程；prod 排名；TF/s 按 op_flops.py；无 beat 尺子（h28）；gain_weights","h29 nodelay + g30 shape-gated R=1（BLOCK_M=128，grid 欠填时启用；fast 55.2→65.4 > ASM 64.5）","A0 限频期 fwd 冠军；commit e5d57d49","OE artifacts/gfx1250-flydsl-attn-fwd-20260925-114644/rounds/011/1-opt/act.yaml + state.yaml","阶段 5 · fwd op-evolve（A0）","A0-T","1","accepted","prod 1082.09 → 1111.15 TF/s（跨会话 +2.7%，derived；同会话 +0.83%），对 r4；相对 r0 +18.8%"
"107","2026-09-27","fwd","A0 fwd job r12（fast）","gfx1250-flydsl-attn-fwd-20260925-114644（A0）","A0 heliosr-1b114-c07-1（VR 限频 1100 MHz，负载约 0.94-1.07 GHz）","1.979（derived）","fwd：prod 1111.36（proxy 932.52，fast 65.04）","79.0%（同会话 beat 1406.75）","","rejected（gain 1.0002）","op-evolve benchmark.py：中位数 51 次，palindromic 逐次交错，ASM beat 同进程；prod 排名；TF/s 按 op_flops.py；无 beat 尺子（h28）；gain_weights","g31 R=1 路径 2 路 split-KV（fast 0.987）关闭","被否，但 state 中 champions 记 prod=12（1111.36，与 r11 持平），best_round=11","OE artifacts/gfx1250-flydsl-attn-fwd-20260925-114644/rounds/012/1-opt/act.yaml + state.yaml","阶段 5 · fwd op-evolve（A0）","A0-T","0","rejected",""
"108","2026-09-27","fwd","A0 fwd job r13（fast）","gfx1250-flydsl-attn-fwd-20260925-114644（A0）","A0 heliosr-1b114-c07-1（VR 限频 1100 MHz，负载约 0.94-1.07 GHz）","","","","","interrupted","op-evolve benchmark.py：中位数 51 次，palindromic 逐次交错，ASM beat 同进程；prod 排名；TF/s 按 op_flops.py","15:19 开始，15:21 交机中止于 opt 阶段","fwd 迁 B0","OE artifacts/gfx1250-flydsl-attn-fwd-20260925-114644/rounds/013/timing.yaml","阶段 5 · fwd op-evolve（A0）","A0-T","0","failed",""
"109","2026-09-27","fwd","compile-only 原型 h21-h26","0927 CPU 研究（A0）","A0（CPU）","","","","","原型（非轮次）","compile-only","h21 L6 流水 508 VGPR / h22 softmax 算术 / h23 TDM 深度 3 / h24 barrier 减半 / h25 q-tile 配对；上卡后 h21(r5)、h22(r6/r7)、h24(r7/r8) 全部变慢","","output/0927__flydsl/HINT-DRAFT.md","阶段 5 · fwd op-evolve（A0）","A0 (CPU)","0","info",""
"110","2026-09-27","fwd","ASM 结构研究（DESIGN/PROTO P2）","0927 CPU 研究（A0）","A0（CPU）","","","","","设计（未上卡、未评审）","cycle 模型 + compile-only","每 256 WMMA：ASM 3197 vs r11 4020 cycles；P2（4 wave、BLOCK_M=128、split barrier）800 VGPR 0 spill，预测 +8-20%","交机中止","output/0927__flydsl/asm-structure/DESIGN.md","阶段 5 · fwd op-evolve（A0）","A0 (CPU)","0","info",""
"111","2026-09-27","fwd","B0 fwd job r5（deep）","gfx1250-flydsl-attn-fwd-b0-20260927（B0，克隆自 A0 fwd r4）","B0-28 GPU0（ctheliosp-1b112-a37-1，op 级约 2.15 GHz；nkfix 后训练中约 1.34-1.39 GHz）","","","","","failed","op-evolve benchmark.py 逐次交错（旧尺子，FlyDSL/ASM 比偏低约 25%）","planner reviewer 401（B0 无 codex 账号）","reviewer 改 claude","output/0927__b0/fwd/progress.md; OE artifacts/gfx1250-flydsl-attn-fwd-b0-20260927/job_context/state.yaml","阶段 6 · B0 四卡攻关","B0-28 GPU0","0","failed",""
"112","2026-09-27","fwd","B0 fwd job r6（fast）","gfx1250-flydsl-attn-fwd-b0-20260927（B0，克隆自 A0 fwd r4）","B0-28 GPU0（ctheliosp-1b112-a37-1，op 级约 2.15 GHz；nkfix 后训练中约 1.34-1.39 GHz）","1.443","fwd：1524.1（proxy 1583.6，fast 97.4）","84.8%（交错；r4 80.2%）","","accepted（+5.7%；分块复核 +4.6%）","op-evolve benchmark.py 逐次交错（旧尺子，FlyDSL/ASM 比偏低约 25%）","投机 softmax（r5.i2.g14，SPEC_STALE_MAX）：跳过 row-max/rescale，ballot 回退精确 softmax；256 个对抗 case 通过","后在真实数据上判负收益，r16 关闭","output/0927__b0/fwd/progress.md; OE artifacts/gfx1250-flydsl-attn-fwd-b0-20260927/job_context/state.yaml","阶段 6 · B0 四卡攻关","B0-28 GPU0","1","accepted","prod 1441.7 → 1524.1 TF/s（交错 +5.7%；分块复核 +4.6%），对 B0 上的 r4（randn）"
"113","2026-09-27","fwd","B0 fwd job r7（fast）","gfx1250-flydsl-attn-fwd-b0-20260927（B0，克隆自 A0 fwd r4）","B0-28 GPU0（ctheliosp-1b112-a37-1，op 级约 2.15 GHz；nkfix 后训练中约 1.34-1.39 GHz）","1.453","fwd：1513.7","84.7%","","rejected（1.003 < 1.007）","op-evolve benchmark.py 逐次交错（旧尺子，FlyDSL/ASM 比偏低约 25%）","g18 masked tile 不投机 proxy +1.6%，prod 持平；LO/HI 预取顺序是一阶项","","output/0927__b0/fwd/progress.md; OE artifacts/gfx1250-flydsl-attn-fwd-b0-20260927/job_context/state.yaml","阶段 6 · B0 四卡攻关","B0-28 GPU0","0","rejected",""
"114","2026-09-27","fwd","B0 fwd job r8（fast）","gfx1250-flydsl-attn-fwd-b0-20260927（B0，克隆自 A0 fwd r4）","B0-28 GPU0（ctheliosp-1b112-a37-1，op 级约 2.15 GHz；nkfix 后训练中约 1.34-1.39 GHz）","1.457","fwd：1509.8（fast 139.3）","84.3%","","rejected","op-evolve benchmark.py 逐次交错（旧尺子，FlyDSL/ASM 比偏低约 25%）","m16x8 小 grid gate fast +29%，因 proxy 噪声（98.7% < 0.993 band）被拒","band 改 0.98；09-27 15:43 容器被他人删除停机","output/0927__b0/fwd/progress.md; OE artifacts/gfx1250-flydsl-attn-fwd-b0-20260927/job_context/state.yaml","阶段 6 · B0 四卡攻关","B0-28 GPU0","0","rejected",""
"115","2026-09-28","fwd","B0 fwd job r9（fast）","gfx1250-flydsl-attn-fwd-b0-20260927（B0，克隆自 A0 fwd r4）","B0-28 GPU2（ctheliosp-1b112-a37-1，op 级约 2.15 GHz；nkfix 后训练中约 1.34-1.39 GHz）","1.466","fwd：1500.6（proxy 1587.2，fast 139.3）","85.7%","","rejected（0.9984，被未发布 arm 的 best-ever 记录挡住）","op-evolve benchmark.py 逐次交错（旧尺子，FlyDSL/ASM 比偏低约 25%）","BG = m16x8 gate + g18：对 r6 prod +0.42%、fast +27.5%","09-28 GPU1 wedge，fwd 移 GPU2","output/0927__b0/fwd/progress.md; OE artifacts/gfx1250-flydsl-attn-fwd-b0-20260927/job_context/state.yaml","阶段 6 · B0 四卡攻关","B0-28 GPU2","0","rejected",""
"116","2026-09-28","fwd","B0 fwd r10 refactor（h39）","gfx1250-flydsl-attn-fwd-b0-20260927（B0，克隆自 A0 fwd r4）","B0-28 GPU2（ctheliosp-1b112-a37-1，op 级约 2.15 GHz；nkfix 后训练中约 1.34-1.39 GHz）","","","","","promoted（op/current = r9 BG）","—","refactor 清空 champions，采用 BG","","output/0927__b0/fwd/progress.md; OE artifacts/gfx1250-flydsl-attn-fwd-b0-20260927/job_context/state.yaml","阶段 6 · B0 四卡攻关","B0-28 GPU2","1","promoted","r9 BG 对 r6：fast +27.5%，prod +0.42%（持平），交错尺子"
"117","2026-09-28","fwd","B0 fwd 尺子审计（交错→分块）","gfx1250-flydsl-attn-fwd-b0-20260927（B0，克隆自 A0 fwd r4）","B0-28 GPU0（ctheliosp-1b112-a37-1，op 级约 2.15 GHz；nkfix 后训练中约 1.34-1.39 GHz）","","","","","—","分块计时（lead 4 + block 9，palindromic，256 MiB flush），randn","r6 vs r4 真实 +4.6%（非 +5.7%）；L12 occ2 死（-0.4% prod，-7% proxy）；bnegg +0.6%","ruler/REPORT.md 记约 03:40 UTC 装入分块 harness，但 r10 act 在 03:16 UTC 已按 blocked 9 + lead 4 计时（fwd/rounds/010/act.md），以轮次为准；新旧绝对 ms 不可比；审计称 r6/ASM 稳态 1.035（与 job 分块 96.5% 矛盾，未解决）","output/0927__b0/fwd/progress.md; OE artifacts/gfx1250-flydsl-attn-fwd-b0-20260927/job_context/state.yaml","阶段 6 · B0 四卡攻关","B0-28 GPU0","0","info",""
"118","2026-09-28","fwd","B0 fwd job r10（deep）","gfx1250-flydsl-attn-fwd-b0-20260927（B0，克隆自 A0 fwd r4）","B0-28 GPU2（ctheliosp-1b112-a37-1，op 级约 2.15 GHz；nkfix 后训练中约 1.34-1.39 GHz）","1.474","fwd：1491.8（proxy 1618.2，fast 143.8）","95.8%（分块 beat 1557.2）","","rejected（0.9972）","op-evolve benchmark.py 分块计时（h40/h41），randn","g24 = L12 occ2 4-wave prod-gated -0.7%","从此 % ASM 跳到约 96% 是尺子变化，不是 kernel 进步","output/0927__b0/fwd/progress.md; OE artifacts/gfx1250-flydsl-attn-fwd-b0-20260927/job_context/state.yaml","阶段 6 · B0 四卡攻关","B0-28 GPU2","0","rejected",""
"119","2026-09-28","fwd","B0 fwd job r11（fast）","gfx1250-flydsl-attn-fwd-b0-20260927（B0，克隆自 A0 fwd r4）","B0-28 GPU2（ctheliosp-1b112-a37-1，op 级约 2.15 GHz；nkfix 后训练中约 1.34-1.39 GHz）","1.466","fwd：1500.65（proxy 1597.98，fast 155.54）","96.4%（fast 99.7%）","","accepted（geomean 1.0271）","op-evolve benchmark.py 分块计时（h40/h41），randn","r9.i1.g20：欠填 grid 用 2-wave m32x2 kernel（只影响 fast）","","output/0927__b0/fwd/progress.md; OE artifacts/gfx1250-flydsl-attn-fwd-b0-20260927/job_context/state.yaml","阶段 6 · B0 四卡攻关","B0-28 GPU2","1","accepted","fast +8.4%（1.0841），prod 持平于 1500.65 TF/s（0.9992）；geomean 1.0271，对 r10 冠军（r9 BG）"
"120","2026-09-28","fwd","B0 fwd job r12（fast）","gfx1250-flydsl-attn-fwd-b0-20260927（B0，克隆自 A0 fwd r4）","B0-28 GPU2（ctheliosp-1b112-a37-1，op 级约 2.15 GHz；nkfix 后训练中约 1.34-1.39 GHz）","1.464","fwd：1502.6","96.8%","","rejected（0.9925）","op-evolve benchmark.py 分块计时（h40/h41），randn","g47/g48 host 路径延迟节省：分块下 null","","output/0927__b0/fwd/progress.md; OE artifacts/gfx1250-flydsl-attn-fwd-b0-20260927/job_context/state.yaml","阶段 6 · B0 四卡攻关","B0-28 GPU2","0","rejected",""
"121","2026-09-28","fwd","B0 fwd job r13（fast）","gfx1250-flydsl-attn-fwd-b0-20260927（B0，克隆自 A0 fwd r4）","B0-28 GPU2（ctheliosp-1b112-a37-1，op 级约 2.15 GHz；nkfix 后训练中约 1.34-1.39 GHz）","1.463","fwd：1502.81（proxy 1606.33，fast 162.27）","96.5%（fast 105.5%，proxy 101.5%）","","accepted（geomean 1.0181）","op-evolve benchmark.py 分块计时（h40/h41），randn","g51：小 grid kernel 2→4 wave + d 切分，输出逐位相同","randn 最佳；带投机","output/0927__b0/fwd/progress.md; OE artifacts/gfx1250-flydsl-attn-fwd-b0-20260927/job_context/state.yaml","阶段 6 · B0 四卡攻关","B0-28 GPU2","1","accepted","fast +5.6%（1.0564），达到 ASM 的 105.5%；prod 持平于 1502.81 TF/s（1.0003）；geomean 1.0181，对 r11"
"122","2026-09-28","fwd","B0 fwd job r14（fast）","gfx1250-flydsl-attn-fwd-b0-20260927（B0，克隆自 A0 fwd r4）","B0-28 GPU2（ctheliosp-1b112-a37-1，op 级约 2.15 GHz；nkfix 后训练中约 1.34-1.39 GHz）","1.457","fwd：1509.65（proxy 1535.20）","96.7%","","rejected（0.9832）","op-evolve benchmark.py 分块计时（h40/h41），randn","g54：m32x8 上 2-WG cluster TDM multicast K/V，proxy -5.4%","GPU0/GPU3 有他人进程","output/0927__b0/fwd/progress.md; OE artifacts/gfx1250-flydsl-attn-fwd-b0-20260927/job_context/state.yaml","阶段 6 · B0 四卡攻关","B0-28 GPU2","0","rejected",""
"123","2026-09-28","fwd","B0 fwd job r15（deep）","gfx1250-flydsl-attn-fwd-b0-20260927（B0，克隆自 A0 fwd r4）","B0-28 GPU2（ctheliosp-1b112-a37-1，op 级约 2.15 GHz；nkfix 后训练中约 1.34-1.39 GHz）","1.454","fwd：1512.45","96.9%","","rejected（1.0000）","op-evolve benchmark.py 分块计时（h40/h41），randn","g59 每 lane 部分 row-sum + epilogue 一次 peer fold：null","","output/0927__b0/fwd/progress.md; OE artifacts/gfx1250-flydsl-attn-fwd-b0-20260927/job_context/state.yaml","阶段 6 · B0 四卡攻关","B0-28 GPU2","0","rejected",""
"124","2026-09-28","fwd","B0 fwd r16 refactor（h44）：r13ns = B0 fwd 冠军","gfx1250-flydsl-attn-fwd-b0-20260927（B0，克隆自 A0 fwd r4）","B0-28 GPU2（ctheliosp-1b112-a37-1，op 级约 2.15 GHz；nkfix 后训练中约 1.34-1.39 GHz）","randn 约 1.52","fwd：randn 约 1443-1455","randn 约 93%；真实+GEMM 突发 r13ns/ASM 时间比 1.25-1.29","","promoted","op-evolve benchmark.py 分块计时（h40/h41），randn + 真实 dump","采用 r13ns（SPEC_STALE_MAX=False）：randn 慢 4.8%（按设计），真实数据/训练时钟快 12-23%","commit df9aa3e8；r16 起 randn 读数比 r13 低约 4%，前后不可直接比","output/0927__b0/fwd/progress.md; OE artifacts/gfx1250-flydsl-attn-fwd-b0-20260927/job_context/state.yaml","阶段 6 · B0 四卡攻关","B0-28 GPU2","1","promoted","r13 → r13ns：真实 dump 快 8–15%，真实数据 + GEMM 突发快 12–23%（randn 按设计慢 4.8%）；e2e fwd 50–61 → 48–49 ms/步"
"125","2026-09-28","fwd","B0 fwd job r16 opt（fast）","gfx1250-flydsl-attn-fwd-b0-20260927（B0，克隆自 A0 fwd r4）","B0-28 GPU2（ctheliosp-1b112-a37-1，op 级约 2.15 GHz；nkfix 后训练中约 1.34-1.39 GHz）","1.518","fwd：1448.85（randn）","93.1%","","rejected（1.0018）","op-evolve benchmark.py 分块计时（h40/h41），randn","g61 m32x8 每行独立 deferred-rescale：null；发现 JIT 缓存陷阱","","output/0927__b0/fwd/progress.md; OE artifacts/gfx1250-flydsl-attn-fwd-b0-20260927/job_context/state.yaml","阶段 6 · B0 四卡攻关","B0-28 GPU2","0","rejected",""
"126","2026-09-28","fwd","B0 fwd job r17（fast）","gfx1250-flydsl-attn-fwd-b0-20260927（B0，克隆自 A0 fwd r4）","B0-28 GPU2（ctheliosp-1b112-a37-1，op 级约 2.15 GHz；nkfix 后训练中约 1.34-1.39 GHz）","1.510","fwd：1456.90","93.8%","","rejected（1.0032）","op-evolve benchmark.py 分块计时（h40/h41），randn，每进程新 JIT 缓存","g63 row sum 放矩阵管线（ones WMMA）","连续 4 轮无提升 → h47 改用真实数据尺子","output/0927__b0/fwd/progress.md; OE artifacts/gfx1250-flydsl-attn-fwd-b0-20260927/job_context/state.yaml","阶段 6 · B0 四卡攻关","B0-28 GPU2","0","rejected",""
"127","2026-09-28","fwd","B0 fwd job r18（fast）","gfx1250-flydsl-attn-fwd-b0-20260927（B0，克隆自 A0 fwd r4）","B0-28 GPU2（ctheliosp-1b112-a37-1，op 级约 2.15 GHz；nkfix 后训练中约 1.34-1.39 GHz）","1.498","fwd：1467.80","94.8%","","rejected（1.0027）","op-evolve benchmark.py 分块计时（h40/h41），randn + 真实 dump（h47）","g64 row-sum 重构：randn +0.9%，真实 dump +0.2%（A/A 带内）","首轮同时报两把尺子","output/0927__b0/fwd/progress.md; OE artifacts/gfx1250-flydsl-attn-fwd-b0-20260927/job_context/state.yaml","阶段 6 · B0 四卡攻关","B0-28 GPU2","0","rejected",""
"128","2026-09-28","fwd","B0 fwd job r19（fast）","gfx1250-flydsl-attn-fwd-b0-20260927（B0，克隆自 A0 fwd r4）","B0-28 GPU2（ctheliosp-1b112-a37-1，op 级约 2.15 GHz；nkfix 后训练中约 1.34-1.39 GHz）","1.500","fwd：1466.61","94.4%","","rejected（0.9998，被 r18 best-ever 挡住；h48 未执行）","op-evolve benchmark.py 分块计时（h40/h41），randn + 真实 dump + GEMM 突发","g67：g64 + RESCALE_THRESHOLD 8→24；真实+突发 +1.5%（18/18），randn +1.7%","","output/0927__b0/fwd/progress.md; OE artifacts/gfx1250-flydsl-attn-fwd-b0-20260927/job_context/state.yaml","阶段 6 · B0 四卡攻关","B0-28 GPU2","0","rejected",""
"129","2026-09-28","fwd","B0 fwd job r20（deep）","gfx1250-flydsl-attn-fwd-b0-20260927（B0，克隆自 A0 fwd r4）","B0-28 GPU2（ctheliosp-1b112-a37-1，op 级约 2.15 GHz；nkfix 后训练中约 1.34-1.39 GHz）","","","","","interrupted","op-evolve benchmark.py 分块计时（h40/h41），randn","act 的 adv_m32x8.py 在卡上算 fp32 hipBLASLt 参考 GEMM → GPU2 page fault（无 MES hang），operator 硬停","h50：禁止卡上 fp32 参考","output/0927__b0/fwd/progress.md; OE artifacts/gfx1250-flydsl-attn-fwd-b0-20260927/job_context/state.yaml","阶段 6 · B0 四卡攻关","B0-28 GPU2","0","failed",""
"130","2026-09-27/28","fwd","B0 lab2 sweep（L22/L23/L24/L4/L5）","B0 lab","B0-28 GPU2（ctheliosp-1b112-a37-1，op 级约 2.15 GHz；nkfix 后训练中约 1.34-1.39 GHz）","15 arm 对 r4：无 win（itilp -6.6%）","","","","rejected","交错尺子","","","output/0927__b0/lab2/MEASURE.md","阶段 6 · B0 四卡攻关","B0-28 GPU2","0","rejected",""
"131","2026-09-27/28","fwd","B0 lab2-L12（4-wave × 2 WG/CU）","B0 lab","B0-28 GPU2（ctheliosp-1b112-a37-1，op 级约 2.15 GHz；nkfix 后训练中约 1.34-1.39 GHz）","报 prod +6.18-6.42%","","","","已撤回（分块下 -0.4%）","交错 → 分块","","","output/0927__b0/lab2-L12/VERIFY.md; ruler/REPORT.md","阶段 6 · B0 四卡攻关","B0-28 GPU2","0","retracted",""
"132","2026-09-27/28","fwd","B0 lab3-L21（固定 running max，bnegg）","B0 lab","B0-28 GPU3（ctheliosp-1b112-a37-1，op 级约 2.15 GHz；nkfix 后训练中约 1.34-1.39 GHz）","报 +6.3%","","","","已撤回（null，约 +0.3%）","冠军在 r4/r6 两档之间混测","","","output/0927__b0/lab3-L21/VERIFY.md","阶段 6 · B0 四卡攻关","B0-28 GPU3","0","retracted",""
"133","2026-09-27/28","fwd","B0 profile：r6 关投机（nospec）","B0 lab","B0-28 GPU0（ctheliosp-1b112-a37-1，op 级约 2.15 GHz；nkfix 后训练中约 1.34-1.39 GHz）","真实输入训练时钟下 1.59-1.60 vs r6 1.83-2.08 ms（快 13-23%）；randn 慢 5%","","","","线索 → nospec lab","","","","output/0927__b0/profile/REPORT.md","阶段 6 · B0 四卡攻关","B0-28 GPU0","0","info",""
"134","2026-09-27/28","fwd","B0 fwd-nospec lab（r13ns）","B0 lab","B0-28 GPU0（ctheliosp-1b112-a37-1，op 级约 2.15 GHz；nkfix 后训练中约 1.34-1.39 GHz）","r13ns/r13：randn 1.048；真实 dump 0.846-0.919；真实+GEMM 突发 0.774-0.880；e2e fly/asm 1.0454→1.0403","","","","win → h44/h45","三种条件","","","output/0927__b0/fwd-nospec/REPORT.md","阶段 6 · B0 四卡攻关","B0-28 GPU0","0","info",""
"135","2026-09-27","bwd","B0 bwd job r24（fast）","gfx1250-flydsl-attn-bwd-20260917-115934（B0 编号 r24-r32，与 A0 r24-r27 重名）","B0-28 GPU1（ctheliosp-1b112-a37-1，op 级约 2.15 GHz；nkfix 后训练中约 1.34-1.39 GHz）","8.607","bwd：638.8（proxy 578.1，fast 93.5）","75.0%（交错 beat 852.0）","","rejected（0.9665）","op-evolve benchmark.py 逐次交错（旧尺子，FlyDSL/ASM 比偏低约 25%）","h60 unroll -4.5%；X1 4-wave 0.804×、X2 0.872× 死；h33 defects a/b/c 仅在 round 树","B0 起点 r20 约 0.74-0.76× ASM","output/0927__b0/bwd/progress.md; output/0927__b0/bwd/rounds/024/","阶段 6 · B0 四卡攻关","B0-28 GPU1","0","rejected",""
"136","2026-09-27/28","bwd","B0 bwd job r25（deep）","gfx1250-flydsl-attn-bwd-20260917-115934（B0 编号 r24-r32，与 A0 r24-r27 重名）","B0-28 GPU1→GPU3（ctheliosp-1b112-a37-1，op 级约 2.15 GHz；nkfix 后训练中约 1.34-1.39 GHz）","8.931","bwd：615.6","74.4%","","rejected（prod 0.9656）","op-evolve benchmark.py 逐次交错（旧尺子，FlyDSL/ASM 比偏低约 25%）","g77 反向扫描做 L2 phase-align -3.4%（分块复测 -1.9%）","day-1 停机后 act 在 GPU3 重跑","output/0927__b0/bwd/progress.md; output/0927__b0/bwd/rounds/025/","阶段 6 · B0 四卡攻关","B0-28 GPU1→GPU3","0","rejected",""
"137","2026-09-28","bwd","B0 bwd job r26（fast）","gfx1250-flydsl-attn-bwd-20260917-115934（B0 编号 r24-r32，与 A0 r24-r27 重名）","B0-28 GPU3（ctheliosp-1b112-a37-1，op 级约 2.15 GHz；nkfix 后训练中约 1.34-1.39 GHz）","8.591","bwd：640.0","76.5%","","rejected（1.0036）","op-evolve benchmark.py 逐次交错（旧尺子，FlyDSL/ASM 比偏低约 25%）","armA（g62 + h33 clamp）null","","output/0927__b0/bwd/progress.md; output/0927__b0/bwd/rounds/026/","阶段 6 · B0 四卡攻关","B0-28 GPU3","0","rejected",""
"138","2026-09-28","bwd","B0 bwd 尺子审计","gfx1250-flydsl-attn-bwd-20260917-115934（B0 编号 r24-r32，与 A0 r24-r27 重名）","B0-28 GPU0（ctheliosp-1b112-a37-1，op 级约 2.15 GHz；nkfix 后训练中约 1.34-1.39 GHz）","","","分块 beat/current 0.7878","","—","分块计时（lead 4 + block 9，palindromic，256 MiB flush），randn","FlyDSL vs ASM 交错偏差约 3.4%；r19 比 r20 prod 快 1.7%（h67）；r25 慢 1.9% 确认","ruler/bwd/REPORT.md 记约 05:00 UTC 装入分块 harness（h66），但 progress.md 的 r27（约 04:00-05:10）已报分块 beat 817.8，两处不一致","output/0927__b0/bwd/progress.md; output/0927__b0/ruler/bwd/REPORT.md","阶段 6 · B0 四卡攻关","B0-28 GPU0","0","info",""
"139","2026-09-28","bwd","B0 bwd job r27（fast）","gfx1250-flydsl-attn-bwd-20260917-115934（B0 编号 r24-r32，与 A0 r24-r27 重名）","B0-28 GPU3（ctheliosp-1b112-a37-1，op 级约 2.15 GHz；nkfix 后训练中约 1.34-1.39 GHz）","8.573","bwd：641.3","78.4%（分块 beat 817.8）","","rejected（0.9929）","op-evolve benchmark.py 分块计时（h40/h41），randn","geomean 1.007× beat（fast 1.66× 掩盖 prod/proxy 约 0.78×）→ job 误判 target_met 自行结束","h69：validation 改为 proxy 与 prod 各自 ≥ beat","output/0927__b0/bwd/progress.md","阶段 6 · B0 四卡攻关","B0-28 GPU3","0","rejected",""
"140","2026-09-28","bwd","B0 bwd r28 refactor（h68）：r19h","gfx1250-flydsl-attn-bwd-20260917-115934（B0 编号 r24-r32，与 A0 r24-r27 重名）","B0-28 GPU3（ctheliosp-1b112-a37-1，op 级约 2.15 GHz；nkfix 后训练中约 1.34-1.39 GHz）","8.583（r28 同会话）","bwd：640.6","约 78%","","promoted","op-evolve benchmark.py 分块计时（h40/h41），randn","r19 + h33 三处 clamp（越界预取 1,580→0，VGPR 904→724）","min_gain 0→0.007","output/0927__b0/bwd/progress.md","阶段 6 · B0 四卡攻关","B0-28 GPU3","1","promoted","r20 → r19h：prod 时间 −1.7%（lab-bwd-r19，分块）；VGPR 904 → 724；job 读数 640.6 TF/s"
"141","2026-09-28","bwd","B0 bwd job r28 opt（fast）","gfx1250-flydsl-attn-bwd-20260917-115934（B0 编号 r24-r32，与 A0 r24-r27 重名）","B0-28 GPU3（ctheliosp-1b112-a37-1，op 级约 2.15 GHz；nkfix 后训练中约 1.34-1.39 GHz）","8.629","bwd：637.2","78.0%（beat 816.8）","","rejected（0.9967）","op-evolve benchmark.py 分块计时（h40/h41），randn","g88 kv-tile body 成对调用：null","","output/0927__b0/bwd/progress.md; output/0927__b0/bwd/rounds/028/","阶段 6 · B0 四卡攻关","B0-28 GPU3","0","rejected",""
"142","2026-09-28","bwd","B0 bwd job r29（fast）= B0 bwd 冠军","gfx1250-flydsl-attn-bwd-20260917-115934（B0 编号 r24-r32，与 A0 r24-r27 重名）","B0-28 GPU3（ctheliosp-1b112-a37-1，op 级约 2.15 GHz；nkfix 后训练中约 1.34-1.39 GHz）","8.375","bwd：656.5（proxy 603.8，fast 98.6）","80.4%（beat 817.0）","","accepted（prod +2.7%，geomean 1.018）","op-evolve benchmark.py 分块计时（h40/h41），randn","h70 u2n：k_dq full kv 循环展开 ×2，消掉 65 条 v_mov_b64 回边轮转（k_dq 3.185→2.990 ms）+ g86 dK/dV epilogue 经 LDS ring","commit 9aa21d96","output/0927__b0/bwd/progress.md; output/0927__b0/bwd/rounds/029/","阶段 6 · B0 四卡攻关","B0-28 GPU3","1","accepted","prod 639.0 → 656.5 TF/s（同会话 +2.7%），proxy +2.8%，geomean 1.018，对 r19h"
"143","2026-09-28","bwd","B0 bwd job r30（deep）","gfx1250-flydsl-attn-bwd-20260917-115934（B0 编号 r24-r32，与 A0 r24-r27 重名）","B0-28 GPU3（ctheliosp-1b112-a37-1，op 级约 2.15 GHz；nkfix 后训练中约 1.34-1.39 GHz）","8.377","bwd：656.4","80.0%（beat 820.7）","","rejected（1.0033）","op-evolve benchmark.py 分块计时（h40/h41），randn","g89 k_dqg dQ epilogue 经 LDS：null","","output/0927__b0/bwd/progress.md; output/0927__b0/bwd/rounds/030/","阶段 6 · B0 四卡攻关","B0-28 GPU3","0","rejected",""
"144","2026-09-28","bwd","B0 bwd job r31（fast）","gfx1250-flydsl-attn-bwd-20260917-115934（B0 编号 r24-r32，与 A0 r24-r27 重名）","B0-28 GPU3（ctheliosp-1b112-a37-1，op 级约 2.15 GHz；nkfix 后训练中约 1.34-1.39 GHz）","8.419","bwd：653.1","79.8%","","rejected（0.9915）","op-evolve benchmark.py 分块计时（h40/h41），randn","g91 常数外提 -0.6%、g92 -3.3%","","output/0927__b0/bwd/progress.md; output/0927__b0/bwd/rounds/031/","阶段 6 · B0 四卡攻关","B0-28 GPU3","0","rejected",""
"145","2026-09-28","bwd","B0 bwd job r32（fast）","gfx1250-flydsl-attn-bwd-20260917-115934（B0 编号 r24-r32，与 A0 r24-r27 重名）","B0-28 GPU3（ctheliosp-1b112-a37-1，op 级约 2.15 GHz；nkfix 后训练中约 1.34-1.39 GHz）","8.641","bwd：636.3","77.8%","","rejected（0.9861）","op-evolve benchmark.py 分块计时（h40/h41），randn","g95 寄存器承载 dV/dK 流水","12:45 UTC 两 loop 停，交接 A0（5188c9da）","output/0927__b0/bwd/progress.md; output/0927__b0/bwd/rounds/032/","阶段 6 · B0 四卡攻关","B0-28 GPU3","0","rejected",""
"146","2026-09-27/28","bwd","B0 lab-bwd-r19（r19h）","B0 lab","B0-28 GPU3（ctheliosp-1b112-a37-1，op 级约 2.15 GHz；nkfix 后训练中约 1.34-1.39 GHz）","r19h vs r20：prod -1.72%（快），k_dkdv VGPR 904→724","","","","win → h68","分块 / kbench","r19 9 个 UT shape 1,580 次越界预取，r19h 0","","output/0927__b0/lab-bwd-r19/REPORT.md","阶段 6 · B0 四卡攻关","B0-28 GPU3","0","info",""
"147","2026-09-27/28","bwd","B0 lab-kdq round 1（u2n）","B0 lab","B0-28 GPU3→GPU0（ctheliosp-1b112-a37-1，op 级约 2.15 GHz；nkfix 后训练中约 1.34-1.39 GHz）","k_dq 3.185→2.990 ms（-6.1%），整 op 8.580→8.317（-3.06%）","","","","win → h70","分块 / kbench","2 wave/SIMD k_dq 慢 41% 关闭；ku2 +6.5%","","output/0927__b0/lab-kdq/REPORT.md","阶段 6 · B0 四卡攻关","B0-28 GPU3→GPU0","0","info",""
"148","2026-09-27/28","bwd","B0 lab-kdq round 2（训练工作点）","B0 lab","B0-28 GPU0（ctheliosp-1b112-a37-1，op 级约 2.15 GHz；nkfix 后训练中约 1.34-1.39 GHz）","r29 vs r19h 整 op -3.2%（sclk 1272-1352）；9 个后续 arm 全 null/loss","","","","无新冠军","分块 / kbench","h73","","output/0927__b0/lab-kdq/REPORT.md 第二轮","阶段 6 · B0 四卡攻关","B0-28 GPU0","0","null",""
"149","2026-09-27/28","bwd","B0 lab3 FUSED5（dQ fp32 原子融合）","B0 lab","B0-28 GPU3（ctheliosp-1b112-a37-1，op 级约 2.15 GHz；nkfix 后训练中约 1.34-1.39 GHz）","整 op 21.9 ms = 冠军 8.57 ms 的 0.39×","","","","dead（h64）","分块 / kbench","原子吞吐 15.6 TB/s；4-wave +30-33%","","output/0927__b0/bwd-hint.md h64","阶段 6 · B0 四卡攻关","B0-28 GPU3","0","rejected",""
"150","2026-09-28","e2e","B0 e2e 修复前（无 nkfix）","0927__b0 e2e","B0-28 GPU0（ctheliosp-1b112-a37-1，op 级约 2.15 GHz；nkfix 后训练中约 1.34-1.39 GHz）","","","","ASM 17,049 ms，低档中位数 1,922 tps（高档 2,016-2,022）；fly r6+r20 17,120 / 1,914（1.0045）；turbo 17,655 / 1,856","—","e2e Llama-3.1-8B BF16，MBS=GBS=4，seq 8192，单卡，compile 关，AC none，32L，同进程按步交替 ABBA/BAAB，无 nkfix（修复前：反向 GEMM 落 MT32x16x32）","GEMM 占 96%（反向 GEMM 落 MT32x16x32）","","output/0927__b0/e2e/RESULT.md §0","阶段 6 · B0 四卡攻关","B0-28 GPU0","0","baseline",""
"151","2026-09-28","e2e","B0 e2e nkfix_b0（n5/n6/n7）","0927__b0 e2e","B0-28 GPU0（ctheliosp-1b112-a37-1，op 级约 2.15 GHz；nkfix 后训练中约 1.34-1.39 GHz）","","","","ASM 1,582/1,576 ms，20,718/20,792 tps；fly r6+r20 1,658/1,654，19,762/19,809（1.0475/1.0500）；turbo 2,250 / 14,563","accepted（ASM 臂 tps 为修复前高档 2,016-2,022 的 10.3×，对低档中位数 1,922 为 10.8×；GEMM 每步 15.6-16.5 s→0.83-0.86 s，约 18-20×）","e2e Llama-3.1-8B BF16，MBS=GBS=4，seq 8192，单卡，compile 关，AC none，32L，同进程按步交替 ABBA/BAAB，nkfix（NKFIX_CHECK=1）","nkfix 移植重写 + transpose_triton；997 个 GEMM 全走 MT256x256x128","训练 sclk 均值约 1,820→1,390 MHz（整板功耗墙约 2.13 kW），attention kernel 慢 10-16%；8 次运行 0 NaN","output/0927__b0/gemm/REPORT.md §0; output/0927__b0/e2e/RESULT.md §0; output/0927__b0/profile/REPORT.md:11,21","阶段 6 · B0 四卡攻关","B0-28 GPU0","1","gemm-fix","e2e ASM 臂 2,016–2,022 → 20,718 tps（10.3×；对低档中位数 1,922 为 10.8×），对修复前；fly 1,914 → 19,762"
"152","2026-09-28","fwd+bwd","B0 训练中 attention 剖析（e0e42ad7）","0927__b0 profile","B0-28 GPU0（ctheliosp-1b112-a37-1，op 级约 2.15 GHz；nkfix 后训练中约 1.34-1.39 GHz）","训练中每层（nkfix 后）：fly fwd 1.57-1.84 / ASM fwd 1.21-1.23；k_dkdv 5.95-5.99 + k_dq 3.30-3.35 / ASM bwd 主 kernel 7.00-7.09","","","fly（fwd r6 + bwd r20）每步比 ASM 慢 87 ms：fwd +19.9、bwd +71.0、ASM GQA 求和 -3.9 ms","信息 → h44（nospec）/ lab-kdq（u2n）","kineto trace + hwmon 时钟采样（训练中 attention 1250-1690 MHz）；op 级 replay（真实 dump，GEMM 突发）","时钟 × 数据两因子：FlyDSL fwd 2350 MHz 时为 ASM 的 0.84×、约 1300 MHz 时 1.20×，ASM 不随时钟变；真实 score 标准差 21-53，r6 投机在 13-25% tile 步回退（randn 0%）；真实输入 + GEMM 后时钟 op 级 fly/asm 1.45-1.67；bwd 差距主要在 k_dq（3.33 ms/层）","profile 称 k_dq 延迟/访存 bound、对时钟不敏感；lab-kdq 修正为发射 bound，1272-1352 MHz 下约 1.36× 时钟敏感，与训练中 k_dq 只 +2% 未对上","output/0927__b0/profile/REPORT.md §0,§3; output/0927__b0/lab-kdq/REPORT.md; commit e0e42ad7","阶段 6 · B0 四卡攻关","B0-28 GPU0","0","info",""
"153","2026-09-28","e2e","B0 e2e r13（投机）+ r20","0927__b0 e2e","B0-28 GPU0（ctheliosp-1b112-a37-1，op 级约 2.15 GHz；nkfix 后训练中约 1.34-1.39 GHz）","","","","fly 19,822/19,887 vs ASM 20,721/20,794（1.0454/1.0447）","—","e2e Llama-3.1-8B BF16，MBS=GBS=4，seq 8192，单卡，compile 关，AC none，32L，同进程按步交替 ABBA/BAAB，nkfix（NKFIX_CHECK=1）","fly fwd 随步增长 50→61 ms","","output/0927__b0/fwd-nospec/REPORT.md §3","阶段 6 · B0 四卡攻关","B0-28 GPU0","1","e2e-gain","e2e fly/asm 1.0475/1.0500 → 1.0454/1.0447（fwd r6 → r13），同进程比值"
"154","2026-09-28","e2e","B0 e2e r13ns + r20","0927__b0 e2e","B0-28 GPU0（ctheliosp-1b112-a37-1，op 级约 2.15 GHz；nkfix 后训练中约 1.34-1.39 GHz）","","","","fly 1,644/1,642 ms，19,929/19,951 tps vs ASM 1,578，20,761/20,760（1.0403/1.0408）","—","e2e Llama-3.1-8B BF16，MBS=GBS=4，seq 8192，单卡，compile 关，AC none，32L，同进程按步交替 ABBA/BAAB，nkfix（NKFIX_CHECK=1）","fwd 48.4-49.3 vs 38.8-39.3 ms/步","","output/0927__b0/e2e/RESULT-final.md §0","阶段 6 · B0 四卡攻关","B0-28 GPU0","1","e2e-gain","e2e fly/asm 1.0454/1.0447 → 1.0403/1.0408（fwd r13 → r13ns），同进程比值"
"155","2026-09-28","e2e","B0 e2e 终版 fwd r16(r13ns) + bwd r29","0927__b0 e2e","B0-28 GPU0（ctheliosp-1b112-a37-1，op 级约 2.15 GHz；nkfix 后训练中约 1.34-1.39 GHz）","","","","fly 1,631/1,633 ms，20,091/20,070 tps vs ASM 1,579/1,583，20,747/20,697（1.0323/1.0328）","B0 最佳","e2e Llama-3.1-8B BF16，MBS=GBS=4，seq 8192，单卡，compile 关，AC none，32L，同进程按步交替 ABBA/BAAB，nkfix（NKFIX_CHECK=1）","收益全部来自 bwd（-15 ms/步）；剩余差 bwd 约 52 ms、fwd 约 10 ms/步","sclk 1342/1371 MHz；commit 64d59269","output/0927__b0/e2e/RESULT-final.md §0","阶段 6 · B0 四卡攻关","B0-28 GPU0","1","e2e-gain","e2e fly/asm 1.0403/1.0408 → 1.0323/1.0328（bwd r20 → r29，每步 −15 ms）；fly 20,091/20,070 tps"
"156","2026-09-28","fwd","A0 复现 B0 fwd 冠军（作废）","0928__a0_repro","A0 heliosr-1b114-c07-1（VR 限频 1100 MHz，负载约 0.94-1.07 GHz）","r13ns 2.023 / ASM 1.564（base 2.395，r6 1.919）","fwd：r13ns 1087（derived）","77.3%（r13ns/ASM 1.293）","","作废","分块计时（lead 4 + block 9，palindromic，256 MiB flush），randn","r6 相对 base +23-25% 与 B0 一致；r13ns 比 r13 慢 5.4%（randn）","最后一次 1100 MHz 测量；09-30 复测后作废","output/0928__a0_repro/REPORT.md §1","阶段 7 · A0 换固件前后复测","A0-T","0","retracted",""
"157","2026-09-28","bwd","A0 复现 B0 bwd 冠军（作废）","0928__a0_repro","A0 heliosr-1b114-c07-1（VR 限频 1100 MHz，负载约 0.94-1.07 GHz）","r20 10.600 / r19h 10.826 / r29 11.010 / ASM 7.654","bwd：r29 499（derived）","r20 72.2%，r29 69.5%","","作废","分块计时（lead 4 + block 9，palindromic，256 MiB flush），randn","B0 的 bwd 提升在 A0 方向相反（r19h -2.2%、r29 -3.9%）","09-30 复测后此结论消失","output/0928__a0_repro/REPORT.md §1","阶段 7 · A0 换固件前后复测","A0-T","0","retracted",""
"158","2026-09-28","e2e","A0 e2e 3 arm / 2×2 分解（作废）","0928__a0_repro","A0 heliosr-1b114-c07-1（VR 限频 1100 MHz，负载约 0.94-1.07 GHz）","","","","32L asm/old/new 1947 / 2070 / 2071 ms；24L ASM 1483.4 / r16+r20 1569.9 ms","作废","e2e Llama-3.1-8B BF16，MBS=GBS=4，seq 8192，单卡，compile 关，AC none，nkfix","new/old 0.9987；最佳组合 fwd r16 + bwd r20","两次开机共 5 个训练进程：开机 1 p3a 正常、p3b NaN、p4a-32L 11:55 挂卡；开机 2 p4a-24L 正常、p4b-24L 12:32:50 第 1 步挂卡（两次挂卡各一次 AC）；疑 fwd 树 _env.py 改指宿主 hipBLASLt（未证实），后成为 h85 只用镜像 hipBLASLt 的依据之一","output/0928__a0_repro/REPORT.md §2,§5.3; output/1002__oe/incident/WEDGE-1002.md:13","阶段 7 · A0 换固件前后复测","A0-T","0","retracted",""
"159","2026-09-29","—","A0 刷固件 / 换驱动（管理员）","平台事件","A0","","","","","—","","VBIOS 113-M4500001-630A→700E，SMU 125.7.1→125.12.0，amdgpu-dkms 7.1.1-2397345→7.1.0-2411946；sclk DPM 500/1100→500/2356/2400，fclk 1100→1250/1900","09-28 19:39 UTC 另一用户卸 7.1.1-2397345、19:40 装 7.1.0-2410994（21:40-21:42 重装）→ PSP ID_LOAD_TOC failed (0x11)、probe -62，卡无法初始化，09-29 06:40 AC 后依旧；09-29 16:09 换 -2411826，21:28 换 -2411946（21:41、22:13 重装）；VBIOS 09-29 06:25 后刷成 700E；19:08-22:19 重启约 10 次；VR 告警仍打印但 DPM 不再截断","output/0928__a0_repro/REPORT.md §6.3; session 2dafe0d2","阶段 7 · A0 换固件前后复测","A0-R","0","platform",""
"160","2026-09-30","fwd","A0 reflash 后同尺子复测（fwd）","0928__a0_repro §6","A0（09-29 刷固件后：VBIOS 700E / SMU 125.12.0 / dkms 7.1.0-2411946，op 级 1.74-2.03 GHz）","r13ns 1.353/1.356；ASM 1.257/1.253（base 1.414，r6 1.292）","fwd：1626/1622；ASM 1750/1755","92.9%（r13ns/ASM 1.076/1.082）","","新基线","分块计时（lead 4 + block 9，palindromic，256 MiB flush），randn","同代码同尺子：FlyDSL fwd 1.47-1.50×（o1/o2 两种顺序，均值约 1.48×）、ASM fwd 1.23-1.24× 提速","sclk 1757-1928 MHz；commit 9b8f7397","output/0928__a0_repro/REPORT.md §6.1","阶段 7 · A0 换固件前后复测","A0-R","0","platform",""
"161","2026-09-30","bwd","A0 reflash 后同尺子复测（bwd）","0928__a0_repro §6","A0（09-29 刷固件后：VBIOS 700E / SMU 125.12.0 / dkms 7.1.0-2411946，op 级 1.74-2.03 GHz）","r20 6.571 / r19h 6.575 / r29 6.583；ASM 5.503","bwd：r29 835；ASM 999","83.6%（r29）","","新基线","分块计时（lead 4 + block 9，palindromic，256 MiB flush），randn","FlyDSL bwd 1.67×、ASM bwd 1.39× 提速；r20/r19h/r29 相差 <0.3%","sclk 1872-2031 MHz","output/0928__a0_repro/REPORT.md §6.2","阶段 7 · A0 换固件前后复测","A0-R","0","platform",""
"162","2026-09-30","fwd+bwd","roofline 微基准","0930__roofline","A0（09-29 刷固件后：VBIOS 700E / SMU 125.12.0 / dkms 7.1.0-2411946，op 级 1.74-2.03 GHz）","","","","","信息","in-kernel s_get_shader_cycles + PMC","W=8 cycle/WMMA；LDS 256 B/clk/CU/段；WMMA↔DS 切换约 29 cycle；满载 WMMA 约 1.66-1.75 GHz；HBM 约 18.5 TB/s","","output/0930__roofline/REPORT.md","阶段 7 · A0 换固件前后复测","A0-R","0","info",""
"163","2026-09-30","fwd","M8 fwd 消融（r13ns）","0930__roofline","A0（09-29 刷固件后：VBIOS 700E / SMU 125.12.0 / dkms 7.1.0-2411946，op 级 1.74-2.03 GHz）","base 1.377 / ASM 1.264（PMC harness）","","","","信息","光速消融（输出错误只看时间）","骨架开销 28%、softmax 19%（exp 仅 2%）、barrier 5%、causal 不均衡 4%","","output/0930__roofline/REPORT.md:162-206","阶段 7 · A0 换固件前后复测","A0-R","0","info",""
"164","2026-09-30","bwd","P1 profiler 矩阵","0930__bwd","A0（09-29 刷固件后：VBIOS 700E / SMU 125.12.0 / dkms 7.1.0-2411946，op 级 1.74-2.03 GHz）","","","","","信息","rocprofv3 ATT / PMC","新固件下 ATT 对 FlyDSL JIT 与 ASM .co 都可用；kernel-trace 仍 0 行；PC sampling 仍不可用","","output/0930__bwd/probe/P1-RESULTS.md","阶段 7 · A0 换固件前后复测","A0-R","0","info",""
"165","2026-09-30","bwd","base r29","0930 bwd 手工攻关（A0）","A0（09-29 刷固件后：VBIOS 700E / SMU 125.12.0 / dkms 7.1.0-2411946，op 级 1.74-2.03 GHz）","6.579 / ASM 5.502","bwd：835.7","83.6%","","baseline","分块计时（lead 4 + block 9，palindromic，256 MiB flush），randn；同进程 r29 + r29_aa + ASM，阈值 0.5%","起点（B0 冠军代码）","A/A 0.01%","output/0930__bwd/PROGRESS.md","阶段 8 · bwd 手工攻关","A0-R","0","baseline",""
"166","2026-09-30","bwd","a01 dqg_u2off（c1）","0930 bwd 手工攻关（A0）","A0（09-29 刷固件后：VBIOS 700E / SMU 125.12.0 / dkms 7.1.0-2411946，op 级 1.74-2.03 GHz）","6.504 / r29 6.559 / ASM 5.476","bwd：845","84.2%","","accepted（-0.85%，暂定基底 c1）","分块计时（lead 4 + block 9，palindromic，256 MiB flush），randn；同进程 r29 + r29_aa + ASM，阈值 0.5%","DQ_U2=False：A0 新固件上 k_dq 展开 ×2 是负收益","反序复核 -0.80%","output/0930__bwd/PROGRESS.md","阶段 8 · bwd 手工攻关","A0-R","1","hand-champion","bwd 6.559 → 6.504 ms（同进程 −0.85%；反序 −0.80%），835.7 → 845 TF/s，对 r29"
"167","2026-09-30","bwd","a02 dkdv_ku2","0930 bwd 手工攻关（A0）","A0（09-29 刷固件后：VBIOS 700E / SMU 125.12.0 / dkms 7.1.0-2411946，op 级 1.74-2.03 GHz）","7.099 / r29 6.563","","77.3%","","rejected（+8.17%）","分块计时（lead 4 + block 9，palindromic，256 MiB flush），randn；同进程 r29 + r29_aa + ASM，阈值 0.5%","KV_U2=True；ATT：s_wait_loadcnt stall 0.50M→1.73M","","output/0930__bwd/PROGRESS.md","阶段 8 · bwd 手工攻关","A0-R","0","rejected",""
"168","2026-09-30","bwd","a03 消融 A1-A5","0930 bwd 手工攻关（A0）","A0（09-29 刷固件后：VBIOS 700E / SMU 125.12.0 / dkms 7.1.0-2411946，op 级 1.74-2.03 GHz）","A2 5.370","","A2 >100%","","信息","分块计时（lead 4 + block 9，palindromic，256 MiB flush），randn；同进程 r29 + r29_aa + ASM，阈值 0.5%","A2 去 k_dkdv Q/dO 全局加载 -18.5%（快于 ASM）→ 主杠杆；A5 每轮 +16 WMMA +4.0%","输出错误，只看上限","output/0930__bwd/PROGRESS.md","阶段 8 · bwd 手工攻关","A0-R","0","info",""
"169","2026-09-30","bwd","a04 lse_late / divfree / trorder / trorder_b","0930 bwd 手工攻关（A0）","A0（09-29 刷固件后：VBIOS 700E / SMU 125.12.0 / dkms 7.1.0-2411946，op 级 1.74-2.03 GHz）","trorder 6.530 / r29 6.588","","84.3%","","trorder 接受，divfree 待叠加","分块计时（lead 4 + block 9，palindromic，256 MiB flush），randn；同进程 r29 + r29_aa + ASM，阈值 0.5%","最后 DS 段分 4 区交错（-0.89%）；lse_late +4.06%","逐位等价","output/0930__bwd/PROGRESS.md","阶段 8 · bwd 手工攻关","A0-R","0","info",""
"170","2026-09-30","bwd","a05 tailpf / soffset / streams / flip","0930 bwd 手工攻关（A0）","A0（09-29 刷固件后：VBIOS 700E / SMU 125.12.0 / dkms 7.1.0-2411946，op 级 1.74-2.03 GHz）","tailpf 6.382 / r29 6.602","","86.2%","","tailpf、streams、soffset 接受（待叠加）","分块计时（lead 4 + block 9，palindromic，256 MiB flush），randn；同进程 r29 + r29_aa + ASM，阈值 0.5%","tailpf -3.33%、streams -0.89%、soffset -0.65%、flip -0.46%","","output/0930__bwd/PROGRESS.md","阶段 8 · bwd 手工攻关","A0-R","0","info",""
"171","2026-09-30","bwd","a06 dkdv_tdm（TDM 3 级 ring，无寄存器回读）","0930 bwd 手工攻关（A0）","A0（09-29 刷固件后：VBIOS 700E / SMU 125.12.0 / dkms 7.1.0-2411946，op 级 1.74-2.03 GHz）","6.628 / c1 6.517","","82.7%","","rejected（相对 c1 +1.7%）","分块计时（lead 4 + block 9，palindromic，256 MiB flush），randn；同进程 r29 + r29_aa + ASM，阈值 0.5%","loadcnt 等待消失但 ring 回读 ds_load 被 dscnt 卡住","逐位等价","output/0930__bwd/PROGRESS.md","阶段 8 · bwd 手工攻关","A0-R","0","rejected",""
"172","2026-09-30","bwd","a07 TDM_DEPTH=2","0930 bwd 手工攻关（A0）","A0（09-29 刷固件后：VBIOS 700E / SMU 125.12.0 / dkms 7.1.0-2411946，op 级 1.74-2.03 GHz）","tdm2 6.503 / c1 6.493","","","","rejected（持平）","分块计时（lead 4 + block 9，palindromic，256 MiB flush），randn；同进程 r29 + r29_aa + ASM，阈值 0.5%","","","output/0930__bwd/PROGRESS.md","阶段 8 · bwd 手工攻关","A0-R","0","rejected",""
"173","2026-09-30","bwd","a08 abl_l2","0930 bwd 手工攻关（A0）","A0（09-29 刷固件后：VBIOS 700E / SMU 125.12.0 / dkms 7.1.0-2411946，op 级 1.74-2.03 GHz）","6.508 / r29 6.574","","","","信息","分块计时（lead 4 + block 9，palindromic，256 MiB flush），randn；同进程 r29 + r29_aa + ASM，阈值 0.5%","源地址固定 tile 0 只 -1.0%：L2 带宽不是限制，A2 收益来自'B 操作数已在寄存器'","","output/0930__bwd/PROGRESS.md","阶段 8 · bwd 手工攻关","A0-R","0","info",""
"174","2026-09-30","bwd","a09 s1 = tailpf + trorder + streams","0930 bwd 手工攻关（A0）","A0（09-29 刷固件后：VBIOS 700E / SMU 125.12.0 / dkms 7.1.0-2411946，op 级 1.74-2.03 GHz）","6.329（反序 6.323）/ r29 6.575","bwd：869","86.9%","","accepted（-3.74%）","分块计时（lead 4 + block 9，palindromic，256 MiB flush），randn；同进程 r29 + r29_aa + ASM，阈值 0.5%","patch 合并","逐位等价；commit 7f42a5da","output/0930__bwd/PROGRESS.md","阶段 8 · bwd 手工攻关","A0-R","1","hand-champion","bwd 6.504 → 6.329 ms，845 → 869 TF/s；同进程对 r29 −3.74%（复核对 c1 6.526 → 6.323，−3.1%，derived）"
"175","2026-09-30","bwd","a10 s2 = s1 + mem_soffset_q","0930 bwd 手工攻关（A0）","A0（09-29 刷固件后：VBIOS 700E / SMU 125.12.0 / dkms 7.1.0-2411946，op 级 1.74-2.03 GHz）","6.304 / r29 6.586","bwd：872","87.4%","","accepted（-4.28%）","分块计时（lead 4 + block 9，palindromic，256 MiB flush），randn；同进程 r29 + r29_aa + ASM，阈值 0.5%","k_dqg 加载改 voffset+soffset+立即数（VGPR 1016/1024）","","output/0930__bwd/PROGRESS.md","阶段 8 · bwd 手工攻关","A0-R","1","hand-champion","bwd 6.339 → 6.304 ms（同进程对 s1 −0.56%），869 → 872 TF/s；对 r29 −4.28%"
"176","2026-09-30","bwd","a11 dkdv_tdm3","0930 bwd 手工攻关（A0）","A0（09-29 刷固件后：VBIOS 700E / SMU 125.12.0 / dkms 7.1.0-2411946，op 级 1.74-2.03 GHz）","5.856 / c1 6.541 / r29 6.592","bwd：939","94.0%","","accepted（-11.17%）","分块计时（lead 4 + block 9，palindromic，256 MiB flush），randn；同进程 r29 + r29_aa + ASM，阈值 0.5%","TDM 3 级 ring + 下一轮 B 操作数提前读进寄存器（WMMA↔DS 切换 7→2）","commit 12bbd6c9","output/0930__bwd/PROGRESS.md","阶段 8 · bwd 手工攻关","A0-R","0","info",""
"177","2026-09-30","bwd","a12 s3 = tdm3 + dqg_ts + side stream","0930 bwd 手工攻关（A0）","A0（09-29 刷固件后：VBIOS 700E / SMU 125.12.0 / dkms 7.1.0-2411946，op 级 1.74-2.03 GHz）","5.769（复核 5.766）/ r29 6.582","bwd：953","95.4%","","accepted（-12.34%）","分块计时（lead 4 + block 9，palindromic，256 MiB flush），randn；同进程 r29 + r29_aa + ASM，阈值 0.5%","PMC k_dkdv 6.06e6 cyc、k_dqg 3.29e6（并发）","commit 4080e84a","output/0930__bwd/PROGRESS.md","阶段 8 · bwd 手工攻关","A0-R","1","hand-champion","bwd 6.303 → 5.769 ms（同进程对 s2 −8.5%，derived），872 → 953 TF/s；对 r29 −12.34%"
"178","2026-09-30","bwd","a13 w4f（4-wave 融合 dQ，5 GEMM）","0930 bwd 手工攻关（A0）","A0（09-29 刷固件后：VBIOS 700E / SMU 125.12.0 / dkms 7.1.0-2411946，op 级 1.74-2.03 GHz）","15.857 / s3 5.754","bwd：347","34.6%","","rejected（+141.6%）","分块计时（lead 4 + block 9，palindromic，256 MiB flush），randn；同进程 r29 + r29_aa + ASM，阈值 0.5%","split barrier + fp32 SCOPE_DEV dQ 原子；正确（dq 52.56 dB）；signal 前 s_wait_tensorcnt 占 59%","","output/0930__bwd/PROGRESS.md","阶段 8 · bwd 手工攻关","A0-R","0","rejected",""
"179","2026-09-30","bwd","a14 s3_df / s3_trim / s3_dqtrim","0930 bwd 手工攻关（A0）","A0（09-29 刷固件后：VBIOS 700E / SMU 125.12.0 / dkms 7.1.0-2411946，op 级 1.74-2.03 GHz）","s3_trim 5.508 / s3_df 5.598 / s3_dqtrim 5.673","bwd：998（s3_trim）","99.8%（s3_trim）","","s3_trim、s3_df 接受","分块计时（lead 4 + block 9，palindromic，256 MiB flush），randn；同进程 r29 + r29_aa + ASM，阈值 0.5%","DS 段地址 VALU 20→2、v_nop 23→9；热循环 SALU 105→60","逐位等价","output/0930__bwd/PROGRESS.md","阶段 8 · bwd 手工攻关","A0-R","0","info",""
"180","2026-09-30","bwd","a15 w4f 变体（relax / noatom / relax_noatom）","0930 bwd 手工攻关（A0）","A0（09-29 刷固件后：VBIOS 700E / SMU 125.12.0 / dkms 7.1.0-2411946，op 级 1.74-2.03 GHz）","relax 9.529 / noatom 4.341 / relax_noatom 4.241","bwd：relax_noatom 1296","relax_noatom 129.6%（输出错误）","","信息","分块计时（lead 4 + block 9，palindromic，256 MiB flush），randn；同进程 r29 + r29_aa + ASM，阈值 0.5%","5-GEMM 结构潜力约 4.2 ms；dQ 原子写吃掉约 5.3 ms","","output/0930__bwd/PROGRESS.md","阶段 8 · bwd 手工攻关","A0-R","0","info",""
"181","2026-09-30","bwd","a16 s4 = s3_trim + s3_df + s3_dqtrim","0930 bwd 手工攻关（A0）","A0（09-29 刷固件后：VBIOS 700E / SMU 125.12.0 / dkms 7.1.0-2411946，op 级 1.74-2.03 GHz）","5.532（复测 5.494）/ ASM 5.517","bwd：994","99.7%（99.8%）","","accepted（-16.04%）","分块计时（lead 4 + block 9，palindromic，256 MiB flush），randn；同进程 r29 + r29_aa + ASM，阈值 0.5%","三方合并，组合证明通过","commit 552dfb4d","output/0930__bwd/PROGRESS.md","阶段 8 · bwd 手工攻关","A0-R","1","hand-champion","bwd 5.768 → 5.532 ms（同进程对 s3 −4.1%，derived；对 s3_trim −0.5%），953 → 994 TF/s；对 r29 −16.04%"
"182","2026-09-30","bwd","a17 w4f 第 2 轮（r2a/r2b/r2ab）","0930 bwd 手工攻关（A0）","A0（09-29 刷固件后：VBIOS 700E / SMU 125.12.0 / dkms 7.1.0-2411946，op 级 1.74-2.03 GHz）","r2a 9.272 / r2b 9.821 / r2ab 9.397","","","","rejected","分块计时（lead 4 + block 9，palindromic，256 MiB flush），randn；同进程 r29 + r29_aa + ASM，阈值 0.5%","LSE/delta 走 TDM ring -2.6%；XCD 局部化 +3.2%","","output/0930__bwd/PROGRESS.md","阶段 8 · bwd 手工攻关","A0-R","0","rejected",""
"183","2026-09-30","bwd","a18 w4f_r3（ASM fragment 顺序 dq 工作区）","0930 bwd 手工攻关（A0）","A0（09-29 刷固件后：VBIOS 700E / SMU 125.12.0 / dkms 7.1.0-2411946，op 级 1.74-2.03 GHz）","6.630 / r2a 9.269","bwd：829","82.7%","","rejected（相对 r2a -28.5%）","分块计时（lead 4 + block 9，palindromic，256 MiB flush），randn；同进程 r29 + r29_aa + ASM，阈值 0.5%","每条原子写满一条对齐 128 B line","","output/0930__bwd/PROGRESS.md","阶段 8 · bwd 手工攻关","A0-R","0","rejected",""
"184","2026-09-30","bwd","a19 s5 = dqg_tdm","0930 bwd 手工攻关（A0）","A0（09-29 刷固件后：VBIOS 700E / SMU 125.12.0 / dkms 7.1.0-2411946，op 级 1.74-2.03 GHz）","5.338（复核 5.339）/ s4 5.453 / ASM 5.505","bwd：1030","103.1%（proxy 112.8%）","","accepted（-18.85%，新冠军 s5）","分块计时（lead 4 + block 9，palindromic，256 MiB flush），randn；同进程 r29 + r29_aa + ASM，阈值 0.5%","k_dqg 也改 TDM 3 级 ring + 寄存器预取（VGPR 1020→878）；1-wave 路径首次超过 ASM","lab_validate prod 200 次逐位；commit a94ccebe","output/0930__bwd/PROGRESS.md","阶段 8 · bwd 手工攻关","A0-R","1","hand-champion","bwd 5.453 → 5.338 ms（同进程对 s4 −2.1%），994 → 1030 TF/s，占 ASM 103.1%"
"185","2026-09-30","bwd","a20 w4f 第 4 轮（r4a/r4b/r4c/r4ac/r4abc）","0930 bwd 手工攻关（A0）","A0（09-29 刷固件后：VBIOS 700E / SMU 125.12.0 / dkms 7.1.0-2411946，op 级 1.74-2.03 GHz）","r4b 6.509 / s5 5.323 / ASM 5.501","bwd：845","84.5%","","rejected（w4f 暂停）","分块计时（lead 4 + block 9，palindromic，256 MiB flush），randn；同进程 r29 + r29_aa + ASM，阈值 0.5%","r4b signal 前 dscnt 0x12 + LSE TDM 后移 -2.4%；r4a q 反向扫描 +5.4%","commit 7cd15aef","output/0930__bwd/PROGRESS.md","阶段 8 · bwd 手工攻关","A0-R","0","rejected",""
"186","2026-09-30","bwd","a21 s6 = s5_vtrim（当前 bwd 冠军）","0930 bwd 手工攻关（A0）","A0（09-29 刷固件后：VBIOS 700E / SMU 125.12.0 / dkms 7.1.0-2411946，op 级 1.74-2.03 GHz）","5.300（反序复核 5.295）/ ASM 5.500（5.497）","bwd：1037-1038","103.8%","","accepted（-19.5% vs r29）","分块计时（lead 4 + block 9，palindromic，256 MiB flush），randn；同进程 r29 + r29_aa + ASM，阈值 0.5%","dqg_vtrim 的 VALU 精简移植到 TDM k_dqg：热循环 VALU 290→194","dq 与 s5 差 81 dB（packed 顺序），SQNR 52.5 dB 不变；commit 7cd15aef；randn only","output/0930__bwd/PROGRESS.md","阶段 8 · bwd 手工攻关","A0-R","1","hand-champion","bwd 5.347 → 5.300 ms（同进程对 s5 −0.88%；反序 −0.77%），1030 → 1037–1038 TF/s，占 ASM 103.8%；对 r29 −19.5%"
"187","2026-09-30","fwd+bwd","port-1：fwd r16 + bwd r29 移植到 flydsl 0.2.4","产品分支 dev/lhz/llama31_attn_opt（off origin/main 8cda13c7）","A0（09-29 刷固件后：VBIOS 700E / SMU 125.12.0 / dkms 7.1.0-2411946，op 级 1.74-2.03 GHz）","fwd 1.292 / ASM 1.187；bwd 6.618 / ASM 5.360","fwd 1702 / bwd 831（derived）","fwd 91.9%（1.088×）；bwd 81.0%（1.235×）","","已 push，PR 未开","产品 bench，blocked，randn，ASM 同进程","c36cc124 gfx950 gate >=→==；5658a443 新 kernel 包 + 0.2.4 兼容层；e05b67fd FLYDSL 后端路由；5a8446b5 测试；对 Triton 36 形状 geomean：causal fwd 4.13× / bwd 3.37×","0.2.4 的 async LDS→global O store 地址编码错误 → 改 buffer_store，代价 fwd ~1.3%、bwd ~1.8%","output/0930__port/PR_BODY.md; git log dev/lhz/llama31_attn_opt","阶段 9 · A0 e2e 与产品移植","A0-R","1","port","产品分支 Triton → FlyDSL：36 形状几何平均 causal fwd 4.13×、bwd 3.37×；prod fwd 占 ASM 91.9%，bwd 81.0%"
"188","2026-09-30","fwd+bwd","port-2：API 稳定性清理（1f74e662、58d5d798）","产品分支 dev/lhz/llama31_attn_opt（off origin/main 8cda13c7）","A0（09-29 刷固件后：VBIOS 700E / SMU 125.12.0 / dkms 7.1.0-2411946，op 级 1.74-2.03 GHz）","fwd 1.283 / bwd 6.620","","","","已 push","同上","去私有字段写读、删约 1,700 行死代码，保留 raw 边界标 UNSTABLE(gfx1250)；11 个 kernel ISA 不变；60 UT 通过","","output/0930__port/API_AUDIT_SUMMARY.md; session fdc2534d","阶段 9 · A0 e2e 与产品移植","A0-R","0","info",""
"189","2026-10-02","bwd","s6 移植到 flydsl 0.3.4.1（bwd_s6_0341）","10-02 e2e kit","A0（CPU compile-only）","","","","","用于 e2e","compile-only ISA diff","0.3.2 与 0.3.4.1 下 4 个 kernel final ISA / LLVM IR / gpu.binary 逐字节相同","","output/1002__e2e/E2E-PLAN.md:72-88; commit fd6dce02","阶段 9 · A0 e2e 与产品移植","A0 (CPU)","0","info",""
"190","2026-10-02","fwd+bwd","新驱动下 randn 基线复测（base1002）","10-02 手工（A0）","A0（VBIOS 700E，驱动 7.1.0-2412954）","bwd s6 5.295 / r29 6.567 / ASM 5.513；fwd r13ns 1.362 / ASM 1.262","bwd：s6 1038；fwd：r13ns 1615（derived）","bwd s6 104.1%；fwd 92.7%（时间比 1.079）","","—","分块计时（lead 4 + block 9，palindromic，256 MiB flush），randn","驱动换为 7.1.0-2412954 后 randn 结论不变","10-01 换驱动；上次开机 10-01 20:41 以 CPU L3 BERT 致命错误重启结束（09-28 也有两次）；10-02 GPU RAS 07:58:50、08:09:46 各一批 pcie_pl 可纠正错误（57+58 条）","output/1002__e2e/E2E-PLAN.md §1,§7; output/0930__bwd/runs/base1002_{bwd,fwd}_prod.log; output/0928__a0_repro/REPORT.md §5.3","阶段 9 · A0 e2e 与产品移植","A0-D","0","re-measure",""
"191","2026-10-02","fwd+bwd","真实训练数据 op A/B（realab）","10-02 手工（A0）","A0（VBIOS 700E，驱动 7.1.0-2412954）","blk：fwd r16 1.308 / ASM 1.209；bwd s6 5.324 / ASM 5.475。gb：fwd 1.535 / 1.137；bwd 5.743 / 5.530","","blk：fwd 92.5%（时间比 1.081）、bwd 102.9%（0.972）；gb：fwd 74.1%（1.349）、bwd 96.3%（1.038）","","—","B0 step 43 dump 6 层真实 q/k/v；blk = job 尺子；gb = 每次计时前 10 个 bf16 GEMM 突发（训练工作点约 1.28 GHz）","训练工作点下 ASM 几乎不变、FlyDSL 两向变慢；s6/r29 gb 0.774","驱动 7.1.0-2412954（10-01 换）；commit 9108fd7c","output/1002__e2e/RESULT-realab.md","阶段 9 · A0 e2e 与产品移植","A0-D","0","info",""
"192","2026-10-02","e2e","A0 e2e 3 arm：fly(r16+s6) / flyr29 / asm","10-02 手工（A0）","A0（VBIOS 700E，驱动 7.1.0-2412954）","","","bwd 每步快约 4 ms（相邻配对 4.50/4.56，即正文 4.5；两臂中位数相减 3.8-4.4，RESULT-e2e.md 表四舍五入后为 3.9-4.3）、fwd 慢 9.2 ms（vs ASM）","fly 1349.4/1349.9 ms（0.9990/0.9985× ASM，24,283/24,275 tps）；ASM 1350.6 ms / 24,262 tps；flyr29 1389.6/1388.5（1.0269/1.0273）","A0 e2e 最佳","e2e Llama-3.1-8B BF16，MBS=GBS=4，seq 8192，单卡，compile 关，AC none，32L，nkfix（NKFIX_CHECK=1），2 进程 × 92 步 3 arm 交替","s6 相对 r29 每步省 attention bwd 约 53 ms（与 op 级预测一致）","训练 sclk 中位约 1.50 GHz；0 非有限、0 BLAS 改写；commit 5497446d；attention 合计 fly 每步多约 4.3-5.2 ms（相邻配对 +4.89/+4.27；两臂中位数 +4.6/+5.2），单步却快 0.7-2.0 ms（相邻配对 1.4/2.0；两臂中位数 1.2/0.7），两进程 Δ单步-ΔFA 均为 -6.3 ms，超出 E2E-PLAN §4 判定 2 的 5 ms 门限（三对比较都超出；s6 对 r29：attention -53.0 ms，单步只快 37.0-39.1 ms），RESULT-e2e.md 未讨论、未拆解","output/1002__e2e/RESULT-e2e.md; e2e/runs/TABLE.1002_095504.md; e2e/runs/analysis.1002_095504.txt §2; E2E-PLAN.md §4","阶段 9 · A0 e2e 与产品移植","A0-D","1","e2e-gain","e2e fly/asm 1.0269/1.0273（bwd r29）→ 0.9990/0.9985（bwd s6）；fly 24,283/24,275 对 ASM 24,262 tps"
"193","2026-09-30","bwd","A0 bwd job r24（deep，A0 编号）","gfx1250-flydsl-attn-bwd-20260917-115934（A0 编号 r24-r27）","A0（09-29 刷固件后：VBIOS 700E / SMU 125.12.0 / dkms 7.1.0-2411946，op 级 1.74-2.03 GHz）","5.295（derived）","bwd：prod 1038.34（proxy 999.04，fast 85.64）","104.0%（同会话 beat 998.67）","","accepted（gain 1.4263）","op-evolve benchmark.py 分块计时（h40/h41），randn；fast 用 min（r25 起）","refactor h75 采用手工冠军 s6；deep：ATT 首次在 deep 轮跑通、判功耗墙（全零操作数 -34% 时间）；候选 g77 DQT_VT_KEEP（只改寄存器分配）prod/proxy null","被接受为 1.4263× 是 fast 中位数噪声假阳性（prod 0.9986）→ fast 改 min 计分 + gain_weights prod1/proxy0.25/fast0（D7/h83）；commit 4d61867f","OE artifacts/gfx1250-flydsl-attn-bwd-20260917-115934/job_context/state.yaml + rounds/024/","阶段 10 · A0 bwd job r24–r27 与 10-02 挂卡","A0-R","0","null",""
"194","2026-09-30","bwd","A0 bwd job r25（fast，A0 编号）","gfx1250-flydsl-attn-bwd-20260917-115934（A0 编号 r24-r27）","A0（09-29 刷固件后：VBIOS 700E / SMU 125.12.0 / dkms 7.1.0-2411946，op 级 1.74-2.03 GHz）","5.292（derived）","bwd：prod 1039.02（proxy 1002.18，fast 94.41）","103.9%（同会话 beat 1000.26）","","rejected（gain 1.0033）","op-evolve benchmark.py 分块计时（h40/h41），randn；fast 用 min（r25 起）","g75 DQT_DSADDR（prod -0.19%）；g73 packed bf16 dQ 原子在 CPU 数值预筛判死","加权 gain 1.0033 < 1.007；14:34 UTC 停在 r26 前、交机；commit 070c8895；被否但 state 中 champions 记 prod/proxy=25、fast=24，best_round=24","OE artifacts/gfx1250-flydsl-attn-bwd-20260917-115934/job_context/state.yaml + rounds/025/","阶段 10 · A0 bwd job r24–r27 与 10-02 挂卡","A0-R","0","rejected",""
"195","2026-10-02","bwd","A0 bwd job r26（fast，A0 编号）","gfx1250-flydsl-attn-bwd-20260917-115934（A0 编号 r24-r27）","A0（VBIOS 700E，驱动 7.1.0-2412954）","6.486（derived）","bwd：prod 847.73（proxy 730.2，fast 87.58）","84.7%（同会话 beat 1000.45）","","failed（gain 0.7955）","op-evolve benchmark.py 分块计时（h40/h41），randn；fast 用 min（r25 起）","工作区换融合 w4f_r4b（5-GEMM + fp32 SCOPE_DEV dQ 原子）；g79 F=2 加宽编译门判死（VGPR 1024、spill 616）；noatom 上限 4.23 ms，dQ 原子池 2.24 ms（34.7%）","被拒并因 FastError（g80 想法未写入 facts/dead_ends）记 failed；四个 arm 都贴 2500 W 上限","OE artifacts/gfx1250-flydsl-attn-bwd-20260917-115934/job_context/state.yaml + rounds/026/","阶段 10 · A0 bwd job r24–r27 与 10-02 挂卡","A0-D","0","failed",""
"196","2026-10-02","fwd+bwd","gb 尺子设计 + fwd job 从 B0 备份恢复（均未上线）","10-02 CPU 准备（A0）","A0（VBIOS 700E，驱动 7.1.0-2412954；只做 CPU 侧准备，未用卡）","","","","","备好未上线（需用户批准）","gb = 每次计时前 10 个 bf16 32768×4096×14336 GEMM；proxy/prod 按 gb 中位数计分，fast 仍用 blk","同日 A0 时间比 blk/gb/e2e：bwd s6/r29 0.806/0.774/0.754，r29/ASM 1.206/1.341/1.290，s6/ASM 0.972/1.038/0.974，fwd r16/ASM 1.081/1.349/1.263（三项 gb 更接近训练，s6/ASM 例外，gb 偏悲观约 6%）；fwd job 从 0928 备份解出：best_round 16（r13ns），r20 act 待在 A0 重做，h48 在 r21 开头执行","A0 上 fwd yaml 无 gain_weights（验收仍为三形状算术平均）；同时段 bwd job 被另一会话 10:21:42 resume（r26）；commit 5696ae53","output/1002__oe/RULER.md §0,§1; output/1002__oe/FWDJOB.md §0","阶段 10 · A0 bwd job r24–r27 与 10-02 挂卡","A0 (CPU)","0","info",""
"197","2026-10-02","bwd","A0 bwd job r27（fast，A0 编号；未完成）","gfx1250-flydsl-attn-bwd-20260917-115934（A0 编号 r24-r27）","A0（VBIOS 700E，驱动 7.1.0-2412954）","current prod 4.9894（rocprofv3 包装单次读数，不可比）","","","","未完成（挂卡）","op-evolve benchmark.py 分块计时（h40/h41），randn","opt agent 为读 VGPR 在 prod 形状直接跑两个从未上卡的变体 A_g74、B_g82（WEDGE-1002.md 和 1ee0dd59 提交标题记为 w4f，系误记；核对 rounds/027/_scratch/arms 源码，两者都是 s6 原样拷贝后加 cluster multicast：A_g74 在 k_dkdv 让 4 个相邻 KV band 共享 Q/dO tile，B_g82 在 k_dqg 让同一 GQA 组的 4 个 q head 共享 K/V tile），并用宿主 hipBLASLt 库","11:40:59 UTC MES 不可恢复挂卡 → AC 断电；新增 h85（toy→prod、读 VGPR 一律 compile-only、只用镜像 hipBLASLt）；commit 1ee0dd59","output/1002__oe/incident/WEDGE-1002.md; OE artifacts/gfx1250-flydsl-attn-bwd-20260917-115934/rounds/027/_scratch/arms/{A_g74,B_g82}/PROVENANCE.md, kernels.py","阶段 10 · A0 bwd job r24–r27 与 10-02 挂卡","A0-D","0","failed",""
"198","2026-10-05","e2e","产品分支教程 e2e（l8b_branch_1005b）","docs/gfx1250_llama31_8b_e2e（dev/lhz/llama31_attn_opt）","A0（VBIOS 700E，驱动 7.1.0-2412954），sclk max 2.36 GHz","","","","1,361.9 ms/step，24,061 tps（按提交版本复跑 1,360 / 24,099）；缺 transpose_triton.py 时 1,689 / 19,406；三个数都是 NKFIX_CHECK=0，10-02 的 ASM 1,350.6 ms 是 NKFIX_CHECK=1，不能直接比：按 +33 ms/步折算 ASM 约 1,318 ms，分支约慢 3%（推算，未实测）","当前产品配置","e2e Llama-3.1-8B BF16，MBS=GBS=4，seq 8192，单卡，compile 关，AC none，32L，nkfix（NKFIX_CHECK=0），20 步（墙钟 53 s）","分支 fwd r16 + bwd r29（flydsl 0.2.4）+ nkfix + 镜像 hipBLASLt；Dockerfile、启动脚本、Primus hook patch","教程称固件前后同法：ASM attention + nkfix e2e 1,947→1,351 ms（1.44×），但不纯是平台差异：1,947 出自 09-28 已作废的 a0_p3a（同进程 FlyDSL arm 加载后 fwd 树 _env.py 把 HIPBLASLT_TENSILE_LIBPATH 改指宿主库），两次之间驱动也从 7.1.1-2397345 换成 7.1.0-2412954；commits 7e88d891/28e09a01/b8c543a9","wt-llama31/docs/gfx1250_llama31_8b_e2e/README.md §0,§3.2,§7; output/0928__a0_repro/REPORT.md §2,§5.3; output/0927__b0/gemm/REPORT.md:83","阶段 11 · 教程","A0-D","0","info",""
