TestID,GPU,model,kind,backend,B,S,H,D,fwd_ms,fwdbwd_ms,fwd_TFLOPs,total_TFLOPs,snr_dB
1,AMD Instinct MI355X,flash,dense,triton,1,2048,64,512,0.1803188445046544,1.863839104771614,190.5499032138768,64.52224549861882,45.469444274902344
2,AMD Instinct MI355X,flash,hca,triton,1,2048,64,512,0.2592908311635256,2.1876273676753044,149.07856745471204,61.843928185890405,45.04644012451172
3,AMD Instinct MI355X,flash,csa,triton,1,2048,64,512,0.6963634490966797,21.20588393881917,246.70837055399255,28.35512177538979,44.73689651489258
4,AMD Instinct MI355X,flash,csa_gathered,triton,1,2048,64,512,22.824547719210386,694.3991268053651,7.5269264457496705,0.865921914686593,45.09149169921875
5,AMD Instinct MI355X,pro,dense,triton,1,2048,128,512,0.3701273538172245,3.6367299035191536,185.6644099045295,66.13583492776239,45.47539520263672
6,AMD Instinct MI355X,pro,hca,triton,1,2048,128,512,0.5221258429810405,4.276528023183346,148.06662487075417,63.27163955927605,45.07228469848633
7,AMD Instinct MI355X,pro,csa,triton,1,2048,128,512,1.3595488853752613,41.09737277030945,252.7289657445165,29.261988341717174,44.797325134277344
8,AMD Instinct MI355X,pro,csa_gathered,triton,1,2048,128,512,45.557727105915546,1384.1927023604512,7.54202207851991,0.8688030509258088,45.11703872680664
