TestID,GPU,model,kind,backend,B,S,H,D,fwd_ms,fwdbwd_ms,fwd_TFLOPs,total_TFLOPs,snr_dB
1,AMD Instinct MI355X,flash,dense,flydsl,1,2048,64,512,0.1743440143764019,2.9811779968440533,197.0801148000336,40.33945118852654,44.5130615234375
2,AMD Instinct MI355X,flash,csa,flydsl,1,2048,64,512,10.585657320916653,31.553809996694326,16.22938346025387,19.05619072634948,44.9451904296875
3,AMD Instinct MI355X,flash,csa_gathered,flydsl,1,2048,64,512,12.48142123222351,124.78381674736738,13.764353325121677,4.818697144497191,45.08552551269531
4,AMD Instinct MI355X,pro,dense,flydsl,1,2048,128,512,0.38086770102381706,5.648886319249868,180.42873299908075,42.57797997392504,44.501075744628906
5,AMD Instinct MI355X,pro,csa,flydsl,1,2048,128,512,20.842574536800385,61.134408228099346,16.48536187664016,19.67126006017754,44.986358642578125
6,AMD Instinct MI355X,pro,csa_gathered,flydsl,1,2048,128,512,24.34549806639552,247.94299621134996,14.113384854273034,4.850271478751089,45.10736846923828
